﻿<?xml version = "1.0" encoding = "utf-8" ?>

<helpItems schema="maml">

<command:command xmlns:maml="http://schemas.microsoft.com/maml/2004/10" xmlns:command="http://schemas.microsoft.com/maml/dev/command/2004/10" xmlns:dev="http://schemas.microsoft.com/maml/dev/2004/10" xmlns:MSHelp="http://msdn.microsoft.com/mshelp"><command:details><command:name>Get-WindowsFeature</command:name><maml:description><maml:para>Gets information about Windows Server roles, role services, and features that are available for installation and installed on a specified server.</maml:para></maml:description><maml:copyright><maml:para /></maml:copyright><command:verb>Get</command:verb><command:noun>WindowsFeature</command:noun><dev:version /></command:details><maml:description><maml:para>The Get-WindowsFeature cmdlet gets information about roles, role services, and features that are both available for installation and already installed on a computer that is running Windows Server 2012 R2 or an offline virtual hard disk (VHD) that is running Windows Server 2012 R2.</maml:para></maml:description><command:syntax><command:syntaxItem><maml:name>Get-WindowsFeature</maml:name><command:parameter required="false" variableLength="true" globbing="false" pipelineInput="True (ByValue)" position="1" aliases=""><maml:name>Name</maml:name><maml:description><maml:para>Specifies the command IDs of roles, role services, or features about which to return information.</maml:para></maml:description><command:parameterValue required="true" variableLength="true">String[]</command:parameterValue></command:parameter><command:parameter required="false" variableLength="false" globbing="false" pipelineInput="false" position="named" aliases="Cn"><maml:name>ComputerName</maml:name><maml:description><maml:para>Gets the list of available roles, role services, and features from the specified remote computer that is running Windows Server 2012 R2. The parameter accepts only one computer name. If this parameter is not added, or no computer name is specified, the default target is the local computer. Valid values for the parameter include a NetBIOS name, an IP address, or a fully qualified domain name of a remote computer.</maml:para><maml:para>To use a remote computer’s IP address as the value of this parameter, your command must include the Credential parameter. The computer must either be configured for HTTPS transport, or the IP address of the remote computer must be included in the WinRM TrustedHosts list on the local computer. For information about adding a computer name to the WinRM TrustedHosts list, see “How to Add a Computer to the Trusted Host List” in <maml:navigationLink><maml:linkText>about_Remote_Troubleshooting</maml:linkText><maml:uri></maml:uri></maml:navigationLink>.</maml:para></maml:description><command:parameterValue required="true" variableLength="false">String</command:parameterValue></command:parameter><command:parameter required="false" variableLength="false" globbing="false" pipelineInput="false" position="named" aliases=""><maml:name>Credential</maml:name><maml:description><maml:para>Specifies a user account that has access rights to perform this action. If the parameter is not added, or no value is specified, the default value of this parameter is the current user. Enter a user name in one of the following formats. Quotation marks are optional.</maml:para><maml:para> -- "UserName" </maml:para><maml:para> -- "Domain\User" </maml:para><maml:para> -- "User@Domain.com" </maml:para><maml:para> -- A Credential object returned by the <maml:navigationLink><maml:linkText>Get-Credential</maml:linkText><maml:uri></maml:uri></maml:navigationLink> cmdlet.</maml:para><maml:para>If a user name is entered, then a prompt for a password is displayed.</maml:para></maml:description><command:parameterValue required="true" variableLength="false">PSCredential</command:parameterValue></command:parameter><command:parameter required="false" variableLength="false" globbing="false" pipelineInput="false" position="named" aliases=""><maml:name>LogPath</maml:name><maml:description><maml:para>Specifies a name and path to a log file. Add this parameter if the results of this cmdlet must be stored in a log.</maml:para></maml:description><command:parameterValue required="true" variableLength="false">String</command:parameterValue></command:parameter><command:parameter required="false" variableLength="false" globbing="false" pipelineInput="false" position="named" aliases=""><maml:name>Vhd</maml:name><maml:description><maml:para>Specifies the path to an offline VHD. The path can either point to a VHD file, or to a location on which the VHD is already mounted by using Deployment Image Servicing and Management (DISM) tools.</maml:para><maml:para>The VHD can be on a local disk on the target computer, or on a network shared folder. If the VHD is in a network shared folder, then the value of this parameter is a UNC path to the VHD. In this case, the computer account of the computer that you are using to mount the VHD must have read and write permissions (Read/Write permissions in the File Sharing dialog box, or Full Control on the Security tab of the folder Properties dialog box) on the shared folder, or the VHD will not be accessible. Local loopback UNC paths are not supported. Use either of the following formats for the computer account: DOMAIN\SERVERNAME$ or SERVERNAME$.</maml:para><maml:para>Add the ComputerName parameter to specify the target computer you want to use to mount the VHD. If the ComputerName parameter is not specified, then the local computer is used. The computer that you are using to mount the VHD must be running Windows Server 2012 R2. Any local path, such as D:\myFolder, that is specified by using this parameter is always relative to the target computer.</maml:para></maml:description><command:parameterValue required="true" variableLength="false">String</command:parameterValue></command:parameter></command:syntaxItem></command:syntax><command:parameters><command:parameter required="false" variableLength="false" globbing="false" pipelineInput="false" position="named" aliases="Cn"><maml:name>ComputerName</maml:name><maml:description><maml:para>Gets the list of available roles, role services, and features from the specified remote computer that is running Windows Server 2012 R2. The parameter accepts only one computer name. If this parameter is not added, or no computer name is specified, the default target is the local computer. Valid values for the parameter include a NetBIOS name, an IP address, or a fully qualified domain name of a remote computer.</maml:para><maml:para>To use a remote computer’s IP address as the value of this parameter, your command must include the Credential parameter. The computer must either be configured for HTTPS transport, or the IP address of the remote computer must be included in the WinRM TrustedHosts list on the local computer. For information about adding a computer name to the WinRM TrustedHosts list, see “How to Add a Computer to the Trusted Host List” in <maml:navigationLink><maml:linkText>about_Remote_Troubleshooting</maml:linkText><maml:uri></maml:uri></maml:navigationLink>.</maml:para></maml:description><command:parameterValue required="true" variableLength="false">String</command:parameterValue><dev:type><maml:name>String</maml:name><maml:uri /></dev:type><dev:defaultValue></dev:defaultValue></command:parameter><command:parameter required="false" variableLength="false" globbing="false" pipelineInput="false" position="named" aliases=""><maml:name>Credential</maml:name><maml:description><maml:para>Specifies a user account that has access rights to perform this action. If the parameter is not added, or no value is specified, the default value of this parameter is the current user. Enter a user name in one of the following formats. Quotation marks are optional.</maml:para><maml:para> -- "UserName" </maml:para><maml:para> -- "Domain\User" </maml:para><maml:para> -- "User@Domain.com" </maml:para><maml:para> -- A Credential object returned by the <maml:navigationLink><maml:linkText>Get-Credential</maml:linkText><maml:uri></maml:uri></maml:navigationLink> cmdlet.</maml:para><maml:para>If a user name is entered, then a prompt for a password is displayed.</maml:para></maml:description><command:parameterValue required="true" variableLength="false">PSCredential</command:parameterValue><dev:type><maml:name>PSCredential</maml:name><maml:uri /></dev:type><dev:defaultValue></dev:defaultValue></command:parameter><command:parameter required="false" variableLength="false" globbing="false" pipelineInput="false" position="named" aliases=""><maml:name>LogPath</maml:name><maml:description><maml:para>Specifies a name and path to a log file. Add this parameter if the results of this cmdlet must be stored in a log.</maml:para></maml:description><command:parameterValue required="true" variableLength="false">String</command:parameterValue><dev:type><maml:name>String</maml:name><maml:uri /></dev:type><dev:defaultValue></dev:defaultValue></command:parameter><command:parameter required="false" variableLength="true" globbing="false" pipelineInput="True (ByValue)" position="1" aliases=""><maml:name>Name</maml:name><maml:description><maml:para>Specifies the command IDs of roles, role services, or features about which to return information.</maml:para></maml:description><command:parameterValue required="true" variableLength="true">String[]</command:parameterValue><dev:type><maml:name>String[]</maml:name><maml:uri /></dev:type><dev:defaultValue></dev:defaultValue></command:parameter><command:parameter required="false" variableLength="false" globbing="false" pipelineInput="false" position="named" aliases=""><maml:name>Vhd</maml:name><maml:description><maml:para>Specifies the path to an offline VHD. The path can either point to a VHD file, or to a location on which the VHD is already mounted by using Deployment Image Servicing and Management (DISM) tools.</maml:para><maml:para>The VHD can be on a local disk on the target computer, or on a network shared folder. If the VHD is in a network shared folder, then the value of this parameter is a UNC path to the VHD. In this case, the computer account of the computer that you are using to mount the VHD must have read and write permissions (Read/Write permissions in the File Sharing dialog box, or Full Control on the Security tab of the folder Properties dialog box) on the shared folder, or the VHD will not be accessible. Local loopback UNC paths are not supported. Use either of the following formats for the computer account: DOMAIN\SERVERNAME$ or SERVERNAME$.</maml:para><maml:para>Add the ComputerName parameter to specify the target computer you want to use to mount the VHD. If the ComputerName parameter is not specified, then the local computer is used. The computer that you are using to mount the VHD must be running Windows Server 2012 R2. Any local path, such as D:\myFolder, that is specified by using this parameter is always relative to the target computer.</maml:para></maml:description><command:parameterValue required="true" variableLength="false">String</command:parameterValue><dev:type><maml:name>String</maml:name><maml:uri /></dev:type><dev:defaultValue></dev:defaultValue></command:parameter></command:parameters><command:inputTypes><command:inputType><dev:type><maml:name>System.String[]</maml:name><maml:uri></maml:uri><maml:description><maml:para /></maml:description></dev:type><maml:description><maml:para></maml:para></maml:description></command:inputType></command:inputTypes><command:returnValues><command:returnValue><dev:type><maml:name>Microsoft.Windows.ServerManager.Commands.Feature[]</maml:name><maml:uri></maml:uri><maml:description><maml:para /></maml:description></dev:type><maml:description></maml:description></command:returnValue></command:returnValues><command:terminatingErrors /><command:nonTerminatingErrors /><command:examples><command:example><maml:title>EXAMPLE 1</maml:title><maml:introduction><maml:para></maml:para></maml:introduction><dev:code>PS C:\&gt; Get-WindowsFeature -ComputerName Server1 -Credential contoso.com\user1
</dev:code><dev:remarks><maml:para>This example gets a list of features that is available and installed on the target computer named Server1. The credentials for user user1 in the Contoso.com domain, a user who has Administrator rights on Server1, are provided.</maml:para></dev:remarks><command:commandLines><command:commandLine><command:commandText /></command:commandLine></command:commandLines></command:example><command:example><maml:title>EXAMPLE 2</maml:title><maml:introduction><maml:para></maml:para></maml:introduction><dev:code>PS C:\&gt; Get-WindowsFeature -Vhd D:\ps-test\vhd1.vhd
</dev:code><dev:remarks><maml:para>This example returns a list of features that is available and installed on the specified offline VHD located at D:\ps-test\vhd1.vhd.</maml:para></dev:remarks><command:commandLines><command:commandLine><command:commandText /></command:commandLine></command:commandLines></command:example><command:example><maml:title>EXAMPLE 3</maml:title><maml:introduction><maml:para></maml:para></maml:introduction><dev:code>PS C:\&gt; Get-WindowsFeature -Name AD*, Web*
</dev:code><dev:remarks><maml:para>This example returns a list of available and installed features that have a command ID starting with AD or Web.</maml:para></dev:remarks><command:commandLines><command:commandLine><command:commandText /></command:commandLine></command:commandLines></command:example><command:example><maml:title>EXAMPLE 4</maml:title><maml:introduction><maml:para></maml:para></maml:introduction><dev:code>PS C:\&gt; Get-WindowsFeature –ComputerName Server01 | Where Installed
</dev:code><dev:remarks><maml:para>This example returns a list of features that is installed on a specified server, Server01.</maml:para></dev:remarks><command:commandLines><command:commandLine><command:commandText /></command:commandLine></command:commandLines></command:example><command:example><maml:title>EXAMPLE 5</maml:title><maml:introduction><maml:para></maml:para></maml:introduction><dev:code>PS C:\&gt; Get-WindowsFeature –ComputerName Server01 | Where InstallState -Eq Removed
</dev:code><dev:remarks><maml:para>This example returns a list of features on a specified server, Server01, that have installation files removed from the local side-by-side store, and require an external file source for installation.</maml:para></dev:remarks><command:commandLines><command:commandLine><command:commandText /></command:commandLine></command:commandLines></command:example></command:examples><maml:relatedLinks><maml:navigationLink><maml:linkText>Online Version:</maml:linkText><maml:uri>http://go.microsoft.com/fwlink/p/?linkid=287570</maml:uri></maml:navigationLink><maml:navigationLink><maml:linkText>Install-WindowsFeature</maml:linkText><maml:uri /></maml:navigationLink><maml:navigationLink><maml:linkText>Uninstall-WindowsFeature</maml:linkText><maml:uri /></maml:navigationLink><maml:navigationLink><maml:linkText>Enable-ServerManagerStandardUserRemoting</maml:linkText><maml:uri /></maml:navigationLink><maml:navigationLink><maml:linkText>Disable-ServerManagerStandardUserRemoting</maml:linkText><maml:uri /></maml:navigationLink></maml:relatedLinks></command:command>

<command:command xmlns:maml="http://schemas.microsoft.com/maml/2004/10" xmlns:command="http://schemas.microsoft.com/maml/dev/command/2004/10" xmlns:dev="http://schemas.microsoft.com/maml/dev/2004/10" xmlns:MSHelp="http://msdn.microsoft.com/mshelp"><command:details><command:name>Install-WindowsFeature</command:name><maml:description><maml:para>Installs one or more roles, role services, or features on either the local or a specified remote server that is running Windows Server 2012 R2. This cmdlet is equivalent to and replaces Add-WindowsFeature, the cmdlet that was used to install roles, role services, and features in Windows Server 2008 R2.</maml:para></maml:description><maml:copyright><maml:para /></maml:copyright><command:verb>Install</command:verb><command:noun>WindowsFeature</command:noun><dev:version /></command:details><maml:description><maml:para>The Install-WindowsFeature cmdlet installs the specified roles, role services, and features on a computer that is running Windows Server 2012 R2, or on an offline virtual hard disk (VHD) on which Windows Server 2012 R2 is installed. This cmdlet works similarly to the Add Roles and Features Wizard in Server Manager, with an important exception:  the cmdlet does not install management tools for roles, role services, and features by default. To install management tools such as snap-ins on a target server, you must add the IncludeManagementTools parameter to your command.</maml:para><maml:para>This cmdlet requires elevation; you must be running a Windows PowerShell session as an administrator to use this cmdlet.</maml:para></maml:description><command:syntax><command:syntaxItem><maml:name>Install-WindowsFeature</maml:name><command:parameter required="true" variableLength="true" globbing="false" pipelineInput="True (ByValue)" position="1" aliases=""><maml:name>Name</maml:name><maml:description><maml:para>Specifies a list of features to install. This parameter does not support wildcard characters. If this parameter is specified, then the ConfigurationFilePath parameter cannot be used.</maml:para></maml:description><command:parameterValue required="true" variableLength="true">Feature[]</command:parameterValue></command:parameter><command:parameter required="false" variableLength="false" globbing="false" pipelineInput="false" position="named" aliases="Cn"><maml:name>ComputerName</maml:name><maml:description><maml:para>Installs one or more available roles, role services, and features on a specified remote computer. This parameter accepts only one computer name. If this parameter is not added, or no computer name is specified, the default target is the local computer.</maml:para><maml:para>Valid values for the parameter include a NetBIOS name, an IP address, or a fully qualified domain name of a remote computer that is running Windows Server</maml:para><maml:para>To use an IP address of a remote computer as the value of this parameter, your command must include the Credential parameter. The computer must either be configured for HTTPS transport, or the IP address of the remote computer must be included in the WinRM TrustedHosts list on the local computer. For information about adding a computer name to the WinRM TrustedHosts list, see “How to Add a Computer to the Trusted Host List” in <maml:navigationLink><maml:linkText>about_Remote_Troubleshooting</maml:linkText><maml:uri></maml:uri></maml:navigationLink>.</maml:para></maml:description><command:parameterValue required="true" variableLength="false">String</command:parameterValue></command:parameter><command:parameter required="false" variableLength="false" globbing="false" pipelineInput="false" position="named" aliases=""><maml:name>Credential</maml:name><maml:description><maml:para>Specifies a user account that has access rights to perform this action. If the parameter is not added, or no value is specified, the default value of this parameter is the current user. Enter a user name in one of the following formats. Quotation marks are optional.</maml:para><maml:para> ●  "UserName" </maml:para><maml:para> ●  "Domain\User"</maml:para><maml:para> ●  "User@Domain.com" </maml:para><maml:para> ●   A Credential object returned by the <maml:navigationLink><maml:linkText>Get-Credential</maml:linkText><maml:uri></maml:uri></maml:navigationLink> cmdlet.</maml:para><maml:para>If a user name is entered, then a prompt for a password is displayed.</maml:para></maml:description><command:parameterValue required="true" variableLength="false">PSCredential</command:parameterValue></command:parameter><command:parameter required="false" variableLength="false" globbing="false" pipelineInput="false" position="named" aliases=""><maml:name>IncludeAllSubFeature</maml:name><maml:description><maml:para>Specifies that all subordinate role services, and all subfeatures of parent roles, role services, or features specified by the Name parameter should be installed.</maml:para></maml:description></command:parameter><command:parameter required="false" variableLength="false" globbing="false" pipelineInput="false" position="named" aliases=""><maml:name>IncludeManagementTools</maml:name><maml:description><maml:para>Specifies that all applicable management tools of the roles, role services, or features specified by the Name parameter should be installed. Note: Although management tools are installed by default when you are installing features by using the Add Roles and Features Wizard, management tools are not installed by default when you install features by using the Install-WindowsFeature cmdlet; this parameter must be added to install management tools.</maml:para></maml:description></command:parameter><command:parameter required="false" variableLength="false" globbing="false" pipelineInput="false" position="named" aliases=""><maml:name>LogPath</maml:name><maml:description><maml:para>Specifies a name and path to a log file. Add this parameter if the results of your command must be stored in a log.</maml:para></maml:description><command:parameterValue required="true" variableLength="false">String</command:parameterValue></command:parameter><command:parameter required="false" variableLength="false" globbing="false" pipelineInput="false" position="named" aliases=""><maml:name>Restart</maml:name><maml:description><maml:para>Specifies that the target computer is restarted automatically, if a restart is required by the installation process for the specified roles or features. This parameter cannot be used with the Vhd parameter.</maml:para></maml:description></command:parameter><command:parameter required="false" variableLength="true" globbing="false" pipelineInput="false" position="named" aliases=""><maml:name>Source</maml:name><maml:description><maml:para>Specifies the path to feature files, if the files are not available in the local feature store of the target computer or VHD. Valid values for this parameter are either a network path or the path to a Windows image file (WIM). If you are installing roles or features on an offline VHD, you must use a mounted WIM. It is not necessary to mount the WIM file for installing on a running physical computer, because a WIM is mounted internally for deployments to a physical computer. Specify the path by using a local relative path, or by using built-in environment variables that are prefixed with the $env tag as shown in the following examples.</maml:para><maml:para>The path specified in this parameter is only used if the command cannot find feature files in the local side-by-side store of the specified target computer or VHD. The command searches for feature files in the following order:</maml:para><maml:para> 1) On the target computer or offline VHD. </maml:para><maml:para> 2) Path specified as the value of this parameter. If you add a UNC path, verify that the computer account of the target server has Read permissions on the share. The computer account should be in one of the following formats: DOMAIN\SERVERNAME$ or SERVER$</maml:para><maml:para> 3) Repository path specified by the Group Policy Object (GPO), Specify settings for optional component installation and component repair, located in Computer Configuration/Administrative Templates/System in Local Group Policy Editor. This Group Policy setting controls the following Windows Registry setting: HKEY_LOCAL_MACHINE\Software\Microsoft\Windows\CurrentVersion\Policies\Servicing\LocalSourcePath. </maml:para><maml:para> 4) Windows Update.</maml:para><maml:para>This parameter is optional.</maml:para></maml:description><command:parameterValue required="true" variableLength="true">String[]</command:parameterValue></command:parameter><command:parameter required="false" variableLength="true" globbing="false" pipelineInput="false" position="named"><maml:name>Confirm</maml:name><maml:description><maml:para>Prompts you for confirmation before running the cmdlet.</maml:para></maml:description></command:parameter><command:parameter required="false" variableLength="true" globbing="false" pipelineInput="false" position="named"><maml:name>WhatIf</maml:name><maml:description><maml:para>Shows what would happen if the cmdlet runs. The cmdlet is not run.</maml:para></maml:description></command:parameter></command:syntaxItem><command:syntaxItem><maml:name>Install-WindowsFeature</maml:name><command:parameter required="false" variableLength="false" globbing="false" pipelineInput="false" position="named" aliases="Cn"><maml:name>ComputerName</maml:name><maml:description><maml:para>Installs one or more available roles, role services, and features on a specified remote computer. This parameter accepts only one computer name. If this parameter is not added, or no computer name is specified, the default target is the local computer.</maml:para><maml:para>Valid values for the parameter include a NetBIOS name, an IP address, or a fully qualified domain name of a remote computer that is running Windows Server</maml:para><maml:para>To use an IP address of a remote computer as the value of this parameter, your command must include the Credential parameter. The computer must either be configured for HTTPS transport, or the IP address of the remote computer must be included in the WinRM TrustedHosts list on the local computer. For information about adding a computer name to the WinRM TrustedHosts list, see “How to Add a Computer to the Trusted Host List” in <maml:navigationLink><maml:linkText>about_Remote_Troubleshooting</maml:linkText><maml:uri></maml:uri></maml:navigationLink>.</maml:para></maml:description><command:parameterValue required="true" variableLength="false">String</command:parameterValue></command:parameter><command:parameter required="false" variableLength="false" globbing="false" pipelineInput="false" position="named" aliases=""><maml:name>Credential</maml:name><maml:description><maml:para>Specifies a user account that has access rights to perform this action. If the parameter is not added, or no value is specified, the default value of this parameter is the current user. Enter a user name in one of the following formats. Quotation marks are optional.</maml:para><maml:para> ●  "UserName" </maml:para><maml:para> ●  "Domain\User"</maml:para><maml:para> ●  "User@Domain.com" </maml:para><maml:para> ●   A Credential object returned by the <maml:navigationLink><maml:linkText>Get-Credential</maml:linkText><maml:uri></maml:uri></maml:navigationLink> cmdlet.</maml:para><maml:para>If a user name is entered, then a prompt for a password is displayed.</maml:para></maml:description><command:parameterValue required="true" variableLength="false">PSCredential</command:parameterValue></command:parameter><command:parameter required="false" variableLength="false" globbing="false" pipelineInput="false" position="named" aliases=""><maml:name>LogPath</maml:name><maml:description><maml:para>Specifies a name and path to a log file. Add this parameter if the results of your command must be stored in a log.</maml:para></maml:description><command:parameterValue required="true" variableLength="false">String</command:parameterValue></command:parameter><command:parameter required="false" variableLength="false" globbing="false" pipelineInput="false" position="named" aliases=""><maml:name>Restart</maml:name><maml:description><maml:para>Specifies that the target computer is restarted automatically, if a restart is required by the installation process for the specified roles or features. This parameter cannot be used with the Vhd parameter.</maml:para></maml:description></command:parameter><command:parameter required="false" variableLength="true" globbing="false" pipelineInput="false" position="named" aliases=""><maml:name>Source</maml:name><maml:description><maml:para>Specifies the path to feature files, if the files are not available in the local feature store of the target computer or VHD. Valid values for this parameter are either a network path or the path to a Windows image file (WIM). If you are installing roles or features on an offline VHD, you must use a mounted WIM. It is not necessary to mount the WIM file for installing on a running physical computer, because a WIM is mounted internally for deployments to a physical computer. Specify the path by using a local relative path, or by using built-in environment variables that are prefixed with the $env tag as shown in the following examples.</maml:para><maml:para>The path specified in this parameter is only used if the command cannot find feature files in the local side-by-side store of the specified target computer or VHD. The command searches for feature files in the following order:</maml:para><maml:para> 1) On the target computer or offline VHD. </maml:para><maml:para> 2) Path specified as the value of this parameter. If you add a UNC path, verify that the computer account of the target server has Read permissions on the share. The computer account should be in one of the following formats: DOMAIN\SERVERNAME$ or SERVER$</maml:para><maml:para> 3) Repository path specified by the Group Policy Object (GPO), Specify settings for optional component installation and component repair, located in Computer Configuration/Administrative Templates/System in Local Group Policy Editor. This Group Policy setting controls the following Windows Registry setting: HKEY_LOCAL_MACHINE\Software\Microsoft\Windows\CurrentVersion\Policies\Servicing\LocalSourcePath. </maml:para><maml:para> 4) Windows Update.</maml:para><maml:para>This parameter is optional.</maml:para></maml:description><command:parameterValue required="true" variableLength="true">String[]</command:parameterValue></command:parameter><command:parameter required="false" variableLength="false" globbing="false" pipelineInput="false" position="named" aliases=""><maml:name>Vhd</maml:name><maml:description><maml:para>Specifies the path to an offline VHD. The path can either point to a VHD file, or to a location on which the VHD is already mounted by using Deployment Image Servicing and Management (DISM) tools.</maml:para><maml:para>The VHD can be on a local disk on the target computer, or on a network shared folder. If the VHD is in a network shared folder, then the value of this parameter is a UNC path to the VHD. In this case, the computer account of the computer that you are using to mount the VHD must have read and write permissions (Read/Write permissions in the File Sharing dialog box, or Full Control on the Security tab of the folder Properties dialog box) on the shared folder, or the VHD will not be accessible. Local loopback UNC paths are not supported. Use either of the following formats for the computer account: DOMAIN\SERVERNAME$ or SERVERNAME$.</maml:para><maml:para>Add the ComputerName parameter to specify the target computer you want to use to mount the VHD. If the ComputerName parameter is not specified, then the local computer is used. The computer that you are using to mount the VHD must be running Windows Server 2012 R2. Any local path, such as D:\myFolder, that is specified by using this parameter is always relative to the target computer.</maml:para></maml:description><command:parameterValue required="true" variableLength="false">String</command:parameterValue></command:parameter><command:parameter required="true" variableLength="false" globbing="false" pipelineInput="false" position="named" aliases=""><maml:name>ConfigurationFilePath</maml:name><maml:description><maml:para>Provides a single path to a configuration file which specifies roles and features to be installed, and any configuration parameters needed. The path can be specified by using a local relative path (such as D:\myfolder) or by using built-in environment variables prefixed with the $env tag (such as $env:systemdrive\filename). A configuration file can be generated by running the Add Roles and Features Wizard in Server Manager.</maml:para><maml:para>If this parameter is specified, then the Name parameter cannot be used.</maml:para></maml:description><command:parameterValue required="true" variableLength="false">String</command:parameterValue></command:parameter><command:parameter required="false" variableLength="true" globbing="false" pipelineInput="false" position="named"><maml:name>Confirm</maml:name><maml:description><maml:para>Prompts you for confirmation before running the cmdlet.</maml:para></maml:description></command:parameter><command:parameter required="false" variableLength="true" globbing="false" pipelineInput="false" position="named"><maml:name>WhatIf</maml:name><maml:description><maml:para>Shows what would happen if the cmdlet runs. The cmdlet is not run.</maml:para></maml:description></command:parameter></command:syntaxItem><command:syntaxItem><maml:name>Install-WindowsFeature</maml:name><command:parameter required="true" variableLength="true" globbing="false" pipelineInput="True (ByValue)" position="1" aliases=""><maml:name>Name</maml:name><maml:description><maml:para>Specifies a list of features to install. This parameter does not support wildcard characters. If this parameter is specified, then the ConfigurationFilePath parameter cannot be used.</maml:para></maml:description><command:parameterValue required="true" variableLength="true">Feature[]</command:parameterValue></command:parameter><command:parameter required="false" variableLength="false" globbing="false" pipelineInput="false" position="named" aliases="Cn"><maml:name>ComputerName</maml:name><maml:description><maml:para>Installs one or more available roles, role services, and features on a specified remote computer. This parameter accepts only one computer name. If this parameter is not added, or no computer name is specified, the default target is the local computer.</maml:para><maml:para>Valid values for the parameter include a NetBIOS name, an IP address, or a fully qualified domain name of a remote computer that is running Windows Server</maml:para><maml:para>To use an IP address of a remote computer as the value of this parameter, your command must include the Credential parameter. The computer must either be configured for HTTPS transport, or the IP address of the remote computer must be included in the WinRM TrustedHosts list on the local computer. For information about adding a computer name to the WinRM TrustedHosts list, see “How to Add a Computer to the Trusted Host List” in <maml:navigationLink><maml:linkText>about_Remote_Troubleshooting</maml:linkText><maml:uri></maml:uri></maml:navigationLink>.</maml:para></maml:description><command:parameterValue required="true" variableLength="false">String</command:parameterValue></command:parameter><command:parameter required="false" variableLength="false" globbing="false" pipelineInput="false" position="named" aliases=""><maml:name>Credential</maml:name><maml:description><maml:para>Specifies a user account that has access rights to perform this action. If the parameter is not added, or no value is specified, the default value of this parameter is the current user. Enter a user name in one of the following formats. Quotation marks are optional.</maml:para><maml:para> ●  "UserName" </maml:para><maml:para> ●  "Domain\User"</maml:para><maml:para> ●  "User@Domain.com" </maml:para><maml:para> ●   A Credential object returned by the <maml:navigationLink><maml:linkText>Get-Credential</maml:linkText><maml:uri></maml:uri></maml:navigationLink> cmdlet.</maml:para><maml:para>If a user name is entered, then a prompt for a password is displayed.</maml:para></maml:description><command:parameterValue required="true" variableLength="false">PSCredential</command:parameterValue></command:parameter><command:parameter required="false" variableLength="false" globbing="false" pipelineInput="false" position="named" aliases=""><maml:name>IncludeAllSubFeature</maml:name><maml:description><maml:para>Specifies that all subordinate role services, and all subfeatures of parent roles, role services, or features specified by the Name parameter should be installed.</maml:para></maml:description></command:parameter><command:parameter required="false" variableLength="false" globbing="false" pipelineInput="false" position="named" aliases=""><maml:name>IncludeManagementTools</maml:name><maml:description><maml:para>Specifies that all applicable management tools of the roles, role services, or features specified by the Name parameter should be installed. Note: Although management tools are installed by default when you are installing features by using the Add Roles and Features Wizard, management tools are not installed by default when you install features by using the Install-WindowsFeature cmdlet; this parameter must be added to install management tools.</maml:para></maml:description></command:parameter><command:parameter required="false" variableLength="false" globbing="false" pipelineInput="false" position="named" aliases=""><maml:name>LogPath</maml:name><maml:description><maml:para>Specifies a name and path to a log file. Add this parameter if the results of your command must be stored in a log.</maml:para></maml:description><command:parameterValue required="true" variableLength="false">String</command:parameterValue></command:parameter><command:parameter required="false" variableLength="true" globbing="false" pipelineInput="false" position="named" aliases=""><maml:name>Source</maml:name><maml:description><maml:para>Specifies the path to feature files, if the files are not available in the local feature store of the target computer or VHD. Valid values for this parameter are either a network path or the path to a Windows image file (WIM). If you are installing roles or features on an offline VHD, you must use a mounted WIM. It is not necessary to mount the WIM file for installing on a running physical computer, because a WIM is mounted internally for deployments to a physical computer. Specify the path by using a local relative path, or by using built-in environment variables that are prefixed with the $env tag as shown in the following examples.</maml:para><maml:para>The path specified in this parameter is only used if the command cannot find feature files in the local side-by-side store of the specified target computer or VHD. The command searches for feature files in the following order:</maml:para><maml:para> 1) On the target computer or offline VHD. </maml:para><maml:para> 2) Path specified as the value of this parameter. If you add a UNC path, verify that the computer account of the target server has Read permissions on the share. The computer account should be in one of the following formats: DOMAIN\SERVERNAME$ or SERVER$</maml:para><maml:para> 3) Repository path specified by the Group Policy Object (GPO), Specify settings for optional component installation and component repair, located in Computer Configuration/Administrative Templates/System in Local Group Policy Editor. This Group Policy setting controls the following Windows Registry setting: HKEY_LOCAL_MACHINE\Software\Microsoft\Windows\CurrentVersion\Policies\Servicing\LocalSourcePath. </maml:para><maml:para> 4) Windows Update.</maml:para><maml:para>This parameter is optional.</maml:para></maml:description><command:parameterValue required="true" variableLength="true">String[]</command:parameterValue></command:parameter><command:parameter required="true" variableLength="false" globbing="false" pipelineInput="false" position="named" aliases=""><maml:name>Vhd</maml:name><maml:description><maml:para>Specifies the path to an offline VHD. The path can either point to a VHD file, or to a location on which the VHD is already mounted by using Deployment Image Servicing and Management (DISM) tools.</maml:para><maml:para>The VHD can be on a local disk on the target computer, or on a network shared folder. If the VHD is in a network shared folder, then the value of this parameter is a UNC path to the VHD. In this case, the computer account of the computer that you are using to mount the VHD must have read and write permissions (Read/Write permissions in the File Sharing dialog box, or Full Control on the Security tab of the folder Properties dialog box) on the shared folder, or the VHD will not be accessible. Local loopback UNC paths are not supported. Use either of the following formats for the computer account: DOMAIN\SERVERNAME$ or SERVERNAME$.</maml:para><maml:para>Add the ComputerName parameter to specify the target computer you want to use to mount the VHD. If the ComputerName parameter is not specified, then the local computer is used. The computer that you are using to mount the VHD must be running Windows Server 2012 R2. Any local path, such as D:\myFolder, that is specified by using this parameter is always relative to the target computer.</maml:para></maml:description><command:parameterValue required="true" variableLength="false">String</command:parameterValue></command:parameter><command:parameter required="false" variableLength="true" globbing="false" pipelineInput="false" position="named"><maml:name>Confirm</maml:name><maml:description><maml:para>Prompts you for confirmation before running the cmdlet.</maml:para></maml:description></command:parameter><command:parameter required="false" variableLength="true" globbing="false" pipelineInput="false" position="named"><maml:name>WhatIf</maml:name><maml:description><maml:para>Shows what would happen if the cmdlet runs. The cmdlet is not run.</maml:para></maml:description></command:parameter></command:syntaxItem></command:syntax><command:parameters><command:parameter required="false" variableLength="false" globbing="false" pipelineInput="false" position="named" aliases="Cn"><maml:name>ComputerName</maml:name><maml:description><maml:para>Installs one or more available roles, role services, and features on a specified remote computer. This parameter accepts only one computer name. If this parameter is not added, or no computer name is specified, the default target is the local computer.</maml:para><maml:para>Valid values for the parameter include a NetBIOS name, an IP address, or a fully qualified domain name of a remote computer that is running Windows Server</maml:para><maml:para>To use an IP address of a remote computer as the value of this parameter, your command must include the Credential parameter. The computer must either be configured for HTTPS transport, or the IP address of the remote computer must be included in the WinRM TrustedHosts list on the local computer. For information about adding a computer name to the WinRM TrustedHosts list, see “How to Add a Computer to the Trusted Host List” in <maml:navigationLink><maml:linkText>about_Remote_Troubleshooting</maml:linkText><maml:uri></maml:uri></maml:navigationLink>.</maml:para></maml:description><command:parameterValue required="true" variableLength="false">String</command:parameterValue><dev:type><maml:name>String</maml:name><maml:uri /></dev:type><dev:defaultValue></dev:defaultValue></command:parameter><command:parameter required="true" variableLength="false" globbing="false" pipelineInput="false" position="named" aliases=""><maml:name>ConfigurationFilePath</maml:name><maml:description><maml:para>Provides a single path to a configuration file which specifies roles and features to be installed, and any configuration parameters needed. The path can be specified by using a local relative path (such as D:\myfolder) or by using built-in environment variables prefixed with the $env tag (such as $env:systemdrive\filename). A configuration file can be generated by running the Add Roles and Features Wizard in Server Manager.</maml:para><maml:para>If this parameter is specified, then the Name parameter cannot be used.</maml:para></maml:description><command:parameterValue required="true" variableLength="false">String</command:parameterValue><dev:type><maml:name>String</maml:name><maml:uri /></dev:type><dev:defaultValue></dev:defaultValue></command:parameter><command:parameter required="false" variableLength="false" globbing="false" pipelineInput="false" position="named" aliases=""><maml:name>Credential</maml:name><maml:description><maml:para>Specifies a user account that has access rights to perform this action. If the parameter is not added, or no value is specified, the default value of this parameter is the current user. Enter a user name in one of the following formats. Quotation marks are optional.</maml:para><maml:para> ●  "UserName" </maml:para><maml:para> ●  "Domain\User"</maml:para><maml:para> ●  "User@Domain.com" </maml:para><maml:para> ●   A Credential object returned by the <maml:navigationLink><maml:linkText>Get-Credential</maml:linkText><maml:uri></maml:uri></maml:navigationLink> cmdlet.</maml:para><maml:para>If a user name is entered, then a prompt for a password is displayed.</maml:para></maml:description><command:parameterValue required="true" variableLength="false">PSCredential</command:parameterValue><dev:type><maml:name>PSCredential</maml:name><maml:uri /></dev:type><dev:defaultValue></dev:defaultValue></command:parameter><command:parameter required="false" variableLength="false" globbing="false" pipelineInput="false" position="named" aliases=""><maml:name>IncludeAllSubFeature</maml:name><maml:description><maml:para>Specifies that all subordinate role services, and all subfeatures of parent roles, role services, or features specified by the Name parameter should be installed.</maml:para></maml:description><command:parameterValue required="false" variableLength="false">SwitchParameter</command:parameterValue><dev:type><maml:name>SwitchParameter</maml:name><maml:uri /></dev:type><dev:defaultValue></dev:defaultValue></command:parameter><command:parameter required="false" variableLength="false" globbing="false" pipelineInput="false" position="named" aliases=""><maml:name>IncludeManagementTools</maml:name><maml:description><maml:para>Specifies that all applicable management tools of the roles, role services, or features specified by the Name parameter should be installed. Note: Although management tools are installed by default when you are installing features by using the Add Roles and Features Wizard, management tools are not installed by default when you install features by using the Install-WindowsFeature cmdlet; this parameter must be added to install management tools.</maml:para></maml:description><command:parameterValue required="false" variableLength="false">SwitchParameter</command:parameterValue><dev:type><maml:name>SwitchParameter</maml:name><maml:uri /></dev:type><dev:defaultValue></dev:defaultValue></command:parameter><command:parameter required="false" variableLength="false" globbing="false" pipelineInput="false" position="named" aliases=""><maml:name>LogPath</maml:name><maml:description><maml:para>Specifies a name and path to a log file. Add this parameter if the results of your command must be stored in a log.</maml:para></maml:description><command:parameterValue required="true" variableLength="false">String</command:parameterValue><dev:type><maml:name>String</maml:name><maml:uri /></dev:type><dev:defaultValue></dev:defaultValue></command:parameter><command:parameter required="true" variableLength="true" globbing="false" pipelineInput="True (ByValue)" position="1" aliases=""><maml:name>Name</maml:name><maml:description><maml:para>Specifies a list of features to install. This parameter does not support wildcard characters. If this parameter is specified, then the ConfigurationFilePath parameter cannot be used.</maml:para></maml:description><command:parameterValue required="true" variableLength="true">Feature[]</command:parameterValue><dev:type><maml:name>Feature[]</maml:name><maml:uri /></dev:type><dev:defaultValue></dev:defaultValue></command:parameter><command:parameter required="false" variableLength="false" globbing="false" pipelineInput="false" position="named" aliases=""><maml:name>Restart</maml:name><maml:description><maml:para>Specifies that the target computer is restarted automatically, if a restart is required by the installation process for the specified roles or features. This parameter cannot be used with the Vhd parameter.</maml:para></maml:description><command:parameterValue required="false" variableLength="false">SwitchParameter</command:parameterValue><dev:type><maml:name>SwitchParameter</maml:name><maml:uri /></dev:type><dev:defaultValue></dev:defaultValue></command:parameter><command:parameter required="false" variableLength="true" globbing="false" pipelineInput="false" position="named" aliases=""><maml:name>Source</maml:name><maml:description><maml:para>Specifies the path to feature files, if the files are not available in the local feature store of the target computer or VHD. Valid values for this parameter are either a network path or the path to a Windows image file (WIM). If you are installing roles or features on an offline VHD, you must use a mounted WIM. It is not necessary to mount the WIM file for installing on a running physical computer, because a WIM is mounted internally for deployments to a physical computer. Specify the path by using a local relative path, or by using built-in environment variables that are prefixed with the $env tag as shown in the following examples.</maml:para><maml:para>The path specified in this parameter is only used if the command cannot find feature files in the local side-by-side store of the specified target computer or VHD. The command searches for feature files in the following order:</maml:para><maml:para> 1) On the target computer or offline VHD. </maml:para><maml:para> 2) Path specified as the value of this parameter. If you add a UNC path, verify that the computer account of the target server has Read permissions on the share. The computer account should be in one of the following formats: DOMAIN\SERVERNAME$ or SERVER$</maml:para><maml:para> 3) Repository path specified by the Group Policy Object (GPO), Specify settings for optional component installation and component repair, located in Computer Configuration/Administrative Templates/System in Local Group Policy Editor. This Group Policy setting controls the following Windows Registry setting: HKEY_LOCAL_MACHINE\Software\Microsoft\Windows\CurrentVersion\Policies\Servicing\LocalSourcePath. </maml:para><maml:para> 4) Windows Update.</maml:para><maml:para>This parameter is optional.</maml:para></maml:description><command:parameterValue required="true" variableLength="true">String[]</command:parameterValue><dev:type><maml:name>String[]</maml:name><maml:uri /></dev:type><dev:defaultValue></dev:defaultValue></command:parameter><command:parameter required="true" variableLength="false" globbing="false" pipelineInput="false" position="named" aliases=""><maml:name>Vhd</maml:name><maml:description><maml:para>Specifies the path to an offline VHD. The path can either point to a VHD file, or to a location on which the VHD is already mounted by using Deployment Image Servicing and Management (DISM) tools.</maml:para><maml:para>The VHD can be on a local disk on the target computer, or on a network shared folder. If the VHD is in a network shared folder, then the value of this parameter is a UNC path to the VHD. In this case, the computer account of the computer that you are using to mount the VHD must have read and write permissions (Read/Write permissions in the File Sharing dialog box, or Full Control on the Security tab of the folder Properties dialog box) on the shared folder, or the VHD will not be accessible. Local loopback UNC paths are not supported. Use either of the following formats for the computer account: DOMAIN\SERVERNAME$ or SERVERNAME$.</maml:para><maml:para>Add the ComputerName parameter to specify the target computer you want to use to mount the VHD. If the ComputerName parameter is not specified, then the local computer is used. The computer that you are using to mount the VHD must be running Windows Server 2012 R2. Any local path, such as D:\myFolder, that is specified by using this parameter is always relative to the target computer.</maml:para></maml:description><command:parameterValue required="true" variableLength="false">String</command:parameterValue><dev:type><maml:name>String</maml:name><maml:uri /></dev:type><dev:defaultValue></dev:defaultValue></command:parameter><command:parameter required="false" variableLength="true" globbing="false" pipelineInput="false" position="named"><maml:name>Confirm</maml:name><maml:description><maml:para>Prompts you for confirmation before running the cmdlet.</maml:para></maml:description><command:parameterValue required="false" variableLength="false">SwitchParameter</command:parameterValue><dev:type><maml:name>SwitchParameter</maml:name><maml:uri /></dev:type><dev:defaultValue>false</dev:defaultValue></command:parameter><command:parameter required="false" variableLength="true" globbing="false" pipelineInput="false" position="named"><maml:name>WhatIf</maml:name><maml:description><maml:para>Shows what would happen if the cmdlet runs. The cmdlet is not run.</maml:para></maml:description><command:parameterValue required="false" variableLength="false">SwitchParameter</command:parameterValue><dev:type><maml:name>SwitchParameter</maml:name><maml:uri /></dev:type><dev:defaultValue>false</dev:defaultValue></command:parameter></command:parameters><command:inputTypes><command:inputType><dev:type><maml:name>System.String[]</maml:name><maml:uri></maml:uri><maml:description><maml:para /></maml:description></dev:type><maml:description><maml:para></maml:para></maml:description></command:inputType><command:inputType><dev:type><maml:name>Microsoft.Windows.ServerManager.Commands.Feature[]</maml:name><maml:uri></maml:uri><maml:description><maml:para /></maml:description></dev:type><maml:description><maml:para></maml:para></maml:description></command:inputType></command:inputTypes><command:returnValues><command:returnValue><dev:type><maml:name>Microsoft.Windows.ServerManager.Commands.FeatureOperationResult</maml:name><maml:uri></maml:uri><maml:description><maml:para /></maml:description></dev:type><maml:description></maml:description></command:returnValue></command:returnValues><command:terminatingErrors /><command:nonTerminatingErrors /><command:examples><command:example><maml:title>EXAMPLE 1</maml:title><maml:introduction><maml:para></maml:para></maml:introduction><dev:code>PS C:\&gt; Install-WindowsFeature -Name Web-Server -IncludeAllSubFeature -ComputerName Server1 -WhatIf
</dev:code><dev:remarks><maml:para>This example shows what is installed with Web Server (IIS), including all role services, on a computer named Server1. By adding the WhatIf parameter, you can view the results of the installation command without running it.</maml:para></dev:remarks><command:commandLines><command:commandLine><command:commandText /></command:commandLine></command:commandLines></command:example><command:example><maml:title>EXAMPLE 2</maml:title><maml:introduction><maml:para></maml:para></maml:introduction><dev:code>PS C:\&gt; Install-WindowsFeature -Name Web-Server -IncludeAllSubFeature -IncludeManagementTools -ComputerName Server1 -Credential contoso.com\johnj99
</dev:code><dev:remarks><maml:para>This example installs Web Server (IIS), including all role services and applicable management tools, on a computer named Server1, by using the credentials of a user account named contoso.com\johnj99.</maml:para></dev:remarks><command:commandLines><command:commandLine><command:commandText /></command:commandLine></command:commandLines></command:example><command:example><maml:title>EXAMPLE 3</maml:title><maml:introduction><maml:para></maml:para></maml:introduction><dev:code>PS C:\&gt; Install-WindowsFeature -ConfigurationFilePath d:\ConfigurationFiles\ADCSConfigFile.xml
</dev:code><dev:remarks><maml:para>This example installs all roles, role services and features that are specified in a configuration file named ADCSConfigFile.xml. The configuration file was created by clicking Export configuration settings on the Confirm installation selections page of the Add Roles and Features Wizard in Server Manager.</maml:para></dev:remarks><command:commandLines><command:commandLine><command:commandText /></command:commandLine></command:commandLines></command:example><command:example><maml:title>EXAMPLE 4</maml:title><maml:introduction><maml:para></maml:para></maml:introduction><dev:code>PS C:\&gt; $servers = (‘server1’, ‘server2’)
PS C:\&gt; foreach ($server in $servers) {Install-WindowsFeature -ConfigurationFilePath D:\ConfigurationFiles\ADCSConfigFile.xml -ComputerName $server}
</dev:code><dev:remarks><maml:para>This example installs Active Directory Certificate Services (AD CS) as specified in a configuration file named ADCSConfigFile.xml. AD CS is installed on a list of computers that is contained in the variable $servers. The configuration file was created by clicking Export configuration settings on the Confirm installation selections page of the Add Roles and Features Wizard in Server Manager. On the first line, the value of the $servers variable is set; on the second line, the installation instructions in the ADCSConfigFile.xml configuration file are applied to each of the servers that has been named in $servers.</maml:para></dev:remarks><command:commandLines><command:commandLine><command:commandText /></command:commandLine></command:commandLines></command:example><command:example><maml:title>EXAMPLE 5</maml:title><maml:introduction><maml:para></maml:para></maml:introduction><dev:code>PS C:\&gt; Get-WindowsFeature –Name Web-* | Install-WindowsFeature
</dev:code><dev:remarks><maml:para>This example retrieves a list of all Windows features beginning with the characters Web, and then pipes the resulting list to Install-WindowsFeature. The result of this cmdlet is all features that start with Web are installed on the local computer.</maml:para></dev:remarks><command:commandLines><command:commandLine><command:commandText /></command:commandLine></command:commandLines></command:example><command:example><maml:title>EXAMPLE 6</maml:title><maml:introduction><maml:para></maml:para></maml:introduction><dev:code>PS C:\&gt; Install-WindowsFeature -Name Web-Server -Source \\server2\winsxs
</dev:code><dev:remarks><maml:para>This example installs Web Server (IIS) on the local computer, specifying that the source of feature files for the installation is a folder, winsxs, on a computer named Server2. The computer account of the local computer must have Read permissions on the specified share.</maml:para></dev:remarks><command:commandLines><command:commandLine><command:commandText /></command:commandLine></command:commandLines></command:example></command:examples><maml:relatedLinks><maml:navigationLink><maml:linkText>Online Version:</maml:linkText><maml:uri>http://go.microsoft.com/fwlink/p/?linkid=287571</maml:uri></maml:navigationLink><maml:navigationLink><maml:linkText>Get-WindowsFeature</maml:linkText><maml:uri /></maml:navigationLink><maml:navigationLink><maml:linkText>Uninstall-WindowsFeature</maml:linkText><maml:uri /></maml:navigationLink><maml:navigationLink><maml:linkText>Enable-ServerManagerStandardUserRemoting</maml:linkText><maml:uri /></maml:navigationLink><maml:navigationLink><maml:linkText>Disable-ServerManagerStandardUserRemoting</maml:linkText><maml:uri /></maml:navigationLink></maml:relatedLinks></command:command>

<command:command xmlns:maml="http://schemas.microsoft.com/maml/2004/10" xmlns:command="http://schemas.microsoft.com/maml/dev/command/2004/10" xmlns:dev="http://schemas.microsoft.com/maml/dev/2004/10" xmlns:MSHelp="http://msdn.microsoft.com/mshelp"><command:details><command:name>Uninstall-WindowsFeature</command:name><maml:description><maml:para>Uninstalls specified Windows Server roles, role services, and features from a computer that is running Windows Server 2012 R2. By adding the Remove parameter, also deletes feature files, or payload, from a computer. This cmdlet replaces Remove-WindowsFeature, the cmdlet that was used to uninstall roles, role services, and features in Windows Server 2008 R2.</maml:para></maml:description><maml:copyright><maml:para /></maml:copyright><command:verb>Uninstall</command:verb><command:noun>WindowsFeature</command:noun><dev:version /></command:details><maml:description><maml:para>The Uninstall-WindowsFeature cmdlet uninstalls and optionally removes specified roles, role services, and features from a computer that is running Windows Server 2012 R2, or from an offline virtual hard disk (VHD) on which Windows Server 2012 R2 is installed. This cmdlet works similarly to the Remove Roles and Features Wizard in Server Manager, with an important exception: by default, management tools are not uninstalled when you run the Uninstall-WindowsFeature cmdlet; you must add the IncludeManagementTools parameter to uninstall associated management tools.</maml:para><maml:para>This cmdlet requires elevation; you must be running a Windows PowerShell session as an administrator to use this cmdlet.</maml:para></maml:description><command:syntax><command:syntaxItem><maml:name>Uninstall-WindowsFeature</maml:name><command:parameter required="true" variableLength="true" globbing="false" pipelineInput="True (ByValue)" position="1" aliases=""><maml:name>Name</maml:name><maml:description><maml:para>Specifies a list of features to uninstall. This parameter does not support wildcard characters.</maml:para></maml:description><command:parameterValue required="true" variableLength="true">Feature[]</command:parameterValue></command:parameter><command:parameter required="false" variableLength="false" globbing="false" pipelineInput="false" position="named" aliases="Cn"><maml:name>ComputerName</maml:name><maml:description><maml:para>Uninstalls and optionally removes one or more roles, role services, and features from a specified remote computer. This parameter accepts only one computer name. If this parameter is not added, or no computer name is specified, the default target is the local computer. </maml:para><maml:para>Valid values for the parameter include a NetBIOS name, an IP address, or a fully qualified domain name of a remote computer that is running Windows Server.</maml:para><maml:para>To use an IP address of a remote computer as the value of this parameter, your command must include the Credential parameter. The computer must either be configured for HTTPS transport, or the IP address of the remote computer must be included in the WinRM TrustedHosts list on the local computer. For information about adding a computer name to the WinRM TrustedHosts list, see "How to Add a Computer to the Trusted Host List" in <maml:navigationLink><maml:linkText>about_Remote_Troubleshooting</maml:linkText><maml:uri></maml:uri></maml:navigationLink>.</maml:para></maml:description><command:parameterValue required="true" variableLength="false">String</command:parameterValue></command:parameter><command:parameter required="false" variableLength="false" globbing="false" pipelineInput="false" position="named" aliases=""><maml:name>Credential</maml:name><maml:description><maml:para>Specifies a user account that has access rights to perform this action. If the parameter is not added, or no value is specified, the default value of this parameter is the current user. Enter a user name in one of the following formats. Quotation marks are optional.</maml:para><maml:para> -- "UserName" </maml:para><maml:para> -- "Domain\User" </maml:para><maml:para> -- "User@Domain.com" </maml:para><maml:para> -- A Credential object returned by the <maml:navigationLink><maml:linkText>Get-Credential</maml:linkText><maml:uri></maml:uri></maml:navigationLink> cmdlet.</maml:para><maml:para>If a user name is entered, then a prompt for a password is displayed.</maml:para></maml:description><command:parameterValue required="true" variableLength="false">PSCredential</command:parameterValue></command:parameter><command:parameter required="false" variableLength="false" globbing="false" pipelineInput="false" position="named" aliases=""><maml:name>IncludeManagementTools</maml:name><maml:description><maml:para>Specifies the uninstallation of all applicable management tools along with the roles, role services, or features that are specified in the Name parameter. Note that by default, management tools are not uninstalled when you run the Uninstall-WindowsFeature cmdlet; you must add this parameter to uninstall associated management tools.</maml:para></maml:description></command:parameter><command:parameter required="false" variableLength="false" globbing="false" pipelineInput="false" position="named" aliases=""><maml:name>LogPath</maml:name><maml:description><maml:para>Specifies a name and path to a log file. Add this parameter if the results of this cmdlet must be stored in a log.</maml:para></maml:description><command:parameterValue required="true" variableLength="false">String</command:parameterValue></command:parameter><command:parameter required="false" variableLength="false" globbing="false" pipelineInput="false" position="named" aliases=""><maml:name>Remove</maml:name><maml:description><maml:para>Deletes feature files for the specified roles, role services, and features from the side-by-side store, located at %SystemDrive%:\Windows\WinSxS. If the feature is not yet uninstalled, the command uninstalls the feature.</maml:para><maml:para>When you delete feature files, features that depend upon the files you remove are also deleted. When you delete feature files for a subfeature, and no other subfeatures for the parent feature are installed, then files for the entire parent role or feature are deleted.</maml:para></maml:description></command:parameter><command:parameter required="false" variableLength="false" globbing="false" pipelineInput="false" position="named" aliases=""><maml:name>Restart</maml:name><maml:description><maml:para>Specifies that the target computer is restarted automatically, if a restart is required by the uninstallation process for the specified roles or features. This parameter cannot be used with the Vhd parameter.</maml:para></maml:description></command:parameter><command:parameter required="false" variableLength="true" globbing="false" pipelineInput="false" position="named"><maml:name>Confirm</maml:name><maml:description><maml:para>Prompts you for confirmation before running the cmdlet.</maml:para></maml:description></command:parameter><command:parameter required="false" variableLength="true" globbing="false" pipelineInput="false" position="named"><maml:name>WhatIf</maml:name><maml:description><maml:para>Shows what would happen if the cmdlet runs. The cmdlet is not run.</maml:para></maml:description></command:parameter></command:syntaxItem><command:syntaxItem><maml:name>Uninstall-WindowsFeature</maml:name><command:parameter required="true" variableLength="true" globbing="false" pipelineInput="True (ByValue)" position="1" aliases=""><maml:name>Name</maml:name><maml:description><maml:para>Specifies a list of features to uninstall. This parameter does not support wildcard characters.</maml:para></maml:description><command:parameterValue required="true" variableLength="true">Feature[]</command:parameterValue></command:parameter><command:parameter required="false" variableLength="false" globbing="false" pipelineInput="false" position="named" aliases="Cn"><maml:name>ComputerName</maml:name><maml:description><maml:para>Uninstalls and optionally removes one or more roles, role services, and features from a specified remote computer. This parameter accepts only one computer name. If this parameter is not added, or no computer name is specified, the default target is the local computer. </maml:para><maml:para>Valid values for the parameter include a NetBIOS name, an IP address, or a fully qualified domain name of a remote computer that is running Windows Server.</maml:para><maml:para>To use an IP address of a remote computer as the value of this parameter, your command must include the Credential parameter. The computer must either be configured for HTTPS transport, or the IP address of the remote computer must be included in the WinRM TrustedHosts list on the local computer. For information about adding a computer name to the WinRM TrustedHosts list, see "How to Add a Computer to the Trusted Host List" in <maml:navigationLink><maml:linkText>about_Remote_Troubleshooting</maml:linkText><maml:uri></maml:uri></maml:navigationLink>.</maml:para></maml:description><command:parameterValue required="true" variableLength="false">String</command:parameterValue></command:parameter><command:parameter required="false" variableLength="false" globbing="false" pipelineInput="false" position="named" aliases=""><maml:name>Credential</maml:name><maml:description><maml:para>Specifies a user account that has access rights to perform this action. If the parameter is not added, or no value is specified, the default value of this parameter is the current user. Enter a user name in one of the following formats. Quotation marks are optional.</maml:para><maml:para> -- "UserName" </maml:para><maml:para> -- "Domain\User" </maml:para><maml:para> -- "User@Domain.com" </maml:para><maml:para> -- A Credential object returned by the <maml:navigationLink><maml:linkText>Get-Credential</maml:linkText><maml:uri></maml:uri></maml:navigationLink> cmdlet.</maml:para><maml:para>If a user name is entered, then a prompt for a password is displayed.</maml:para></maml:description><command:parameterValue required="true" variableLength="false">PSCredential</command:parameterValue></command:parameter><command:parameter required="false" variableLength="false" globbing="false" pipelineInput="false" position="named" aliases=""><maml:name>IncludeManagementTools</maml:name><maml:description><maml:para>Specifies the uninstallation of all applicable management tools along with the roles, role services, or features that are specified in the Name parameter. Note that by default, management tools are not uninstalled when you run the Uninstall-WindowsFeature cmdlet; you must add this parameter to uninstall associated management tools.</maml:para></maml:description></command:parameter><command:parameter required="false" variableLength="false" globbing="false" pipelineInput="false" position="named" aliases=""><maml:name>LogPath</maml:name><maml:description><maml:para>Specifies a name and path to a log file. Add this parameter if the results of this cmdlet must be stored in a log.</maml:para></maml:description><command:parameterValue required="true" variableLength="false">String</command:parameterValue></command:parameter><command:parameter required="false" variableLength="false" globbing="false" pipelineInput="false" position="named" aliases=""><maml:name>Remove</maml:name><maml:description><maml:para>Deletes feature files for the specified roles, role services, and features from the side-by-side store, located at %SystemDrive%:\Windows\WinSxS. If the feature is not yet uninstalled, the command uninstalls the feature.</maml:para><maml:para>When you delete feature files, features that depend upon the files you remove are also deleted. When you delete feature files for a subfeature, and no other subfeatures for the parent feature are installed, then files for the entire parent role or feature are deleted.</maml:para></maml:description></command:parameter><command:parameter required="false" variableLength="false" globbing="false" pipelineInput="false" position="named" aliases=""><maml:name>Vhd</maml:name><maml:description><maml:para>Specifies the path to an offline VHD. The path can either point to a VHD file, or to a location on which the VHD is already mounted by using Deployment Image Servicing and Management (DISM) tools.</maml:para><maml:para>The VHD can be on a local disk on the target computer, or on a network shared folder. If the VHD is in a network shared folder, then the value of this parameter is a UNC path to the VHD. In this case, the computer account of the computer that you are using to mount the VHD must have read and write permissions (Read/Write permissions in the File Sharing dialog box, or Full Control on the Security tab of the folder Properties dialog box) on the shared folder, or the VHD will not be accessible. Local loopback UNC paths are not supported. Use either of the following formats for the computer account: DOMAIN\SERVERNAME$ or SERVERNAME$.</maml:para><maml:para>Add the ComputerName parameter to specify the target computer you want to use to mount the VHD. If the ComputerName parameter is not specified, then the local computer is used. The computer that you are using to mount the VHD must be running Windows Server 2012 R2. Any local path, such as D:\myFolder, that is specified by using this parameter is always relative to the target computer.</maml:para></maml:description><command:parameterValue required="true" variableLength="false">String</command:parameterValue></command:parameter><command:parameter required="false" variableLength="true" globbing="false" pipelineInput="false" position="named"><maml:name>Confirm</maml:name><maml:description><maml:para>Prompts you for confirmation before running the cmdlet.</maml:para></maml:description></command:parameter><command:parameter required="false" variableLength="true" globbing="false" pipelineInput="false" position="named"><maml:name>WhatIf</maml:name><maml:description><maml:para>Shows what would happen if the cmdlet runs. The cmdlet is not run.</maml:para></maml:description></command:parameter></command:syntaxItem></command:syntax><command:parameters><command:parameter required="false" variableLength="false" globbing="false" pipelineInput="false" position="named" aliases="Cn"><maml:name>ComputerName</maml:name><maml:description><maml:para>Uninstalls and optionally removes one or more roles, role services, and features from a specified remote computer. This parameter accepts only one computer name. If this parameter is not added, or no computer name is specified, the default target is the local computer. </maml:para><maml:para>Valid values for the parameter include a NetBIOS name, an IP address, or a fully qualified domain name of a remote computer that is running Windows Server.</maml:para><maml:para>To use an IP address of a remote computer as the value of this parameter, your command must include the Credential parameter. The computer must either be configured for HTTPS transport, or the IP address of the remote computer must be included in the WinRM TrustedHosts list on the local computer. For information about adding a computer name to the WinRM TrustedHosts list, see "How to Add a Computer to the Trusted Host List" in <maml:navigationLink><maml:linkText>about_Remote_Troubleshooting</maml:linkText><maml:uri></maml:uri></maml:navigationLink>.</maml:para></maml:description><command:parameterValue required="true" variableLength="false">String</command:parameterValue><dev:type><maml:name>String</maml:name><maml:uri /></dev:type><dev:defaultValue></dev:defaultValue></command:parameter><command:parameter required="false" variableLength="false" globbing="false" pipelineInput="false" position="named" aliases=""><maml:name>Credential</maml:name><maml:description><maml:para>Specifies a user account that has access rights to perform this action. If the parameter is not added, or no value is specified, the default value of this parameter is the current user. Enter a user name in one of the following formats. Quotation marks are optional.</maml:para><maml:para> -- "UserName" </maml:para><maml:para> -- "Domain\User" </maml:para><maml:para> -- "User@Domain.com" </maml:para><maml:para> -- A Credential object returned by the <maml:navigationLink><maml:linkText>Get-Credential</maml:linkText><maml:uri></maml:uri></maml:navigationLink> cmdlet.</maml:para><maml:para>If a user name is entered, then a prompt for a password is displayed.</maml:para></maml:description><command:parameterValue required="true" variableLength="false">PSCredential</command:parameterValue><dev:type><maml:name>PSCredential</maml:name><maml:uri /></dev:type><dev:defaultValue></dev:defaultValue></command:parameter><command:parameter required="false" variableLength="false" globbing="false" pipelineInput="false" position="named" aliases=""><maml:name>IncludeManagementTools</maml:name><maml:description><maml:para>Specifies the uninstallation of all applicable management tools along with the roles, role services, or features that are specified in the Name parameter. Note that by default, management tools are not uninstalled when you run the Uninstall-WindowsFeature cmdlet; you must add this parameter to uninstall associated management tools.</maml:para></maml:description><command:parameterValue required="false" variableLength="false">SwitchParameter</command:parameterValue><dev:type><maml:name>SwitchParameter</maml:name><maml:uri /></dev:type><dev:defaultValue></dev:defaultValue></command:parameter><command:parameter required="false" variableLength="false" globbing="false" pipelineInput="false" position="named" aliases=""><maml:name>LogPath</maml:name><maml:description><maml:para>Specifies a name and path to a log file. Add this parameter if the results of this cmdlet must be stored in a log.</maml:para></maml:description><command:parameterValue required="true" variableLength="false">String</command:parameterValue><dev:type><maml:name>String</maml:name><maml:uri /></dev:type><dev:defaultValue></dev:defaultValue></command:parameter><command:parameter required="true" variableLength="true" globbing="false" pipelineInput="True (ByValue)" position="1" aliases=""><maml:name>Name</maml:name><maml:description><maml:para>Specifies a list of features to uninstall. This parameter does not support wildcard characters.</maml:para></maml:description><command:parameterValue required="true" variableLength="true">Feature[]</command:parameterValue><dev:type><maml:name>Feature[]</maml:name><maml:uri /></dev:type><dev:defaultValue></dev:defaultValue></command:parameter><command:parameter required="false" variableLength="false" globbing="false" pipelineInput="false" position="named" aliases=""><maml:name>Remove</maml:name><maml:description><maml:para>Deletes feature files for the specified roles, role services, and features from the side-by-side store, located at %SystemDrive%:\Windows\WinSxS. If the feature is not yet uninstalled, the command uninstalls the feature.</maml:para><maml:para>When you delete feature files, features that depend upon the files you remove are also deleted. When you delete feature files for a subfeature, and no other subfeatures for the parent feature are installed, then files for the entire parent role or feature are deleted.</maml:para></maml:description><command:parameterValue required="false" variableLength="false">SwitchParameter</command:parameterValue><dev:type><maml:name>SwitchParameter</maml:name><maml:uri /></dev:type><dev:defaultValue></dev:defaultValue></command:parameter><command:parameter required="false" variableLength="false" globbing="false" pipelineInput="false" position="named" aliases=""><maml:name>Restart</maml:name><maml:description><maml:para>Specifies that the target computer is restarted automatically, if a restart is required by the uninstallation process for the specified roles or features. This parameter cannot be used with the Vhd parameter.</maml:para></maml:description><command:parameterValue required="false" variableLength="false">SwitchParameter</command:parameterValue><dev:type><maml:name>SwitchParameter</maml:name><maml:uri /></dev:type><dev:defaultValue></dev:defaultValue></command:parameter><command:parameter required="false" variableLength="false" globbing="false" pipelineInput="false" position="named" aliases=""><maml:name>Vhd</maml:name><maml:description><maml:para>Specifies the path to an offline VHD. The path can either point to a VHD file, or to a location on which the VHD is already mounted by using Deployment Image Servicing and Management (DISM) tools.</maml:para><maml:para>The VHD can be on a local disk on the target computer, or on a network shared folder. If the VHD is in a network shared folder, then the value of this parameter is a UNC path to the VHD. In this case, the computer account of the computer that you are using to mount the VHD must have read and write permissions (Read/Write permissions in the File Sharing dialog box, or Full Control on the Security tab of the folder Properties dialog box) on the shared folder, or the VHD will not be accessible. Local loopback UNC paths are not supported. Use either of the following formats for the computer account: DOMAIN\SERVERNAME$ or SERVERNAME$.</maml:para><maml:para>Add the ComputerName parameter to specify the target computer you want to use to mount the VHD. If the ComputerName parameter is not specified, then the local computer is used. The computer that you are using to mount the VHD must be running Windows Server 2012 R2. Any local path, such as D:\myFolder, that is specified by using this parameter is always relative to the target computer.</maml:para></maml:description><command:parameterValue required="true" variableLength="false">String</command:parameterValue><dev:type><maml:name>String</maml:name><maml:uri /></dev:type><dev:defaultValue></dev:defaultValue></command:parameter><command:parameter required="false" variableLength="true" globbing="false" pipelineInput="false" position="named"><maml:name>Confirm</maml:name><maml:description><maml:para>Prompts you for confirmation before running the cmdlet.</maml:para></maml:description><command:parameterValue required="false" variableLength="false">SwitchParameter</command:parameterValue><dev:type><maml:name>SwitchParameter</maml:name><maml:uri /></dev:type><dev:defaultValue>false</dev:defaultValue></command:parameter><command:parameter required="false" variableLength="true" globbing="false" pipelineInput="false" position="named"><maml:name>WhatIf</maml:name><maml:description><maml:para>Shows what would happen if the cmdlet runs. The cmdlet is not run.</maml:para></maml:description><command:parameterValue required="false" variableLength="false">SwitchParameter</command:parameterValue><dev:type><maml:name>SwitchParameter</maml:name><maml:uri /></dev:type><dev:defaultValue>false</dev:defaultValue></command:parameter></command:parameters><command:inputTypes><command:inputType><dev:type><maml:name>System.String[]</maml:name><maml:uri></maml:uri><maml:description><maml:para /></maml:description></dev:type><maml:description><maml:para></maml:para></maml:description></command:inputType><command:inputType><dev:type><maml:name>Microsoft.Windows.ServerManager.Commands.Feature[]</maml:name><maml:uri></maml:uri><maml:description><maml:para /></maml:description></dev:type><maml:description><maml:para></maml:para></maml:description></command:inputType></command:inputTypes><command:returnValues><command:returnValue><dev:type><maml:name>Microsoft.Windows.ServerManager.Commands.FeatureOperationResult</maml:name><maml:uri></maml:uri><maml:description><maml:para /></maml:description></dev:type><maml:description><maml:para></maml:para></maml:description></command:returnValue></command:returnValues><command:terminatingErrors /><command:nonTerminatingErrors /><command:examples><command:example><maml:title>EXAMPLE 1</maml:title><maml:introduction><maml:para></maml:para></maml:introduction><dev:code>PS C:\&gt; Get-WindowsFeature | Where-Object -FilterScript { $_.Installed -Eq $TRUE } | Uninstall-WindowsFeature
</dev:code><dev:remarks><maml:para>This example uninstalls any roles or features that are currently installed on the target server.</maml:para></dev:remarks><command:commandLines><command:commandLine><command:commandText /></command:commandLine></command:commandLines></command:example><command:example><maml:title>EXAMPLE 2</maml:title><maml:introduction><maml:para></maml:para></maml:introduction><dev:code>PS C:\&gt; Uninstall-WindowsFeature -Name Web-Server -ComputerName Server1 -Credential contoso\user1
</dev:code><dev:remarks><maml:para>This example removes Web Server (IIS) from Server1, including all role services. The user account specified to perform the operation is contoso\user1.</maml:para></dev:remarks><command:commandLines><command:commandLine><command:commandText /></command:commandLine></command:commandLines></command:example><command:example><maml:title>EXAMPLE 3</maml:title><maml:introduction><maml:para></maml:para></maml:introduction><dev:code>PS C:\&gt; Get-WindowsFeature | Where-Object -FilterScript { $_.Installed -Eq $FALSE } | Uninstall-WindowsFeature –Remove
</dev:code><dev:remarks><maml:para>This example deletes the feature files for any roles or features that currently are not installed on the local server.</maml:para></dev:remarks><command:commandLines><command:commandLine><command:commandText /></command:commandLine></command:commandLines></command:example></command:examples><maml:relatedLinks><maml:navigationLink><maml:linkText>Online Version:</maml:linkText><maml:uri>http://go.microsoft.com/fwlink/p/?linkid=287572</maml:uri></maml:navigationLink><maml:navigationLink><maml:linkText>Get-WindowsFeature</maml:linkText><maml:uri /></maml:navigationLink><maml:navigationLink><maml:linkText>Install-WindowsFeature</maml:linkText><maml:uri /></maml:navigationLink><maml:navigationLink><maml:linkText>Enable-ServerManagerStandardUserRemoting</maml:linkText><maml:uri /></maml:navigationLink><maml:navigationLink><maml:linkText>Disable-ServerManagerStandardUserRemoting</maml:linkText><maml:uri /></maml:navigationLink></maml:relatedLinks></command:command>

</helpItems>

