﻿<?xml version = "1.0" encoding = "utf-8" ?>

<helpItems schema="maml">

<command:command xmlns:maml="http://schemas.microsoft.com/maml/2004/10" xmlns:command="http://schemas.microsoft.com/maml/dev/command/2004/10" xmlns:dev="http://schemas.microsoft.com/maml/dev/2004/10" xmlns:MSHelp="http://msdn.microsoft.com/mshelp"><command:details><command:name>Disable-ServerManagerStandardUserRemoting</command:name><maml:description><maml:para>Disables access for specified standard users to event, service, performance counter, and role and feature inventory data that is collected by Server Manager for a server. This cmdlet performs the opposite action, for specified users, of the Enable-ServerManagerStandardUserRemoting cmdlet.</maml:para></maml:description><maml:copyright><maml:para /></maml:copyright><command:verb>Disable</command:verb><command:noun>ServerManagerStandardUserRemoting</command:noun><dev:version /></command:details><maml:description><maml:para>Disables access for one or more standard, non-Administrator users to event, service, performance counter, and role and feature inventory data for a server that you are managing by using Server Manager. The cmdlet restores the default, administrator-only access to this data, and must be run locally on the server that is being managed by using Server Manager. The cmdlet works by performing the following actions:</maml:para><maml:para> ● Deletes access rights for specified standard users to the root\cimv2 namespace on the local server (for access to role and feature inventory information). </maml:para><maml:para> ● Removes specified standard users from user groups (Remote Management Users, Event Log Readers, and Performance Log Readers) that allow remote access to event and performance counter logs on the local server.</maml:para><maml:para> ● Removes access rights in the Service Control Manager for specified standard users who have access to the status of services on the local server.</maml:para></maml:description><command:syntax><command:syntaxItem><maml:name>Disable-ServerManagerStandardUserRemoting</maml:name><command:parameter required="true" variableLength="true" globbing="false" pipelineInput="false" position="1" aliases=""><maml:name>User</maml:name><maml:description><maml:para>Specifies the user account name of a standard user who runs Server Manager, and no longer requires access to event, performance counter, service, and role and feature inventory data for a server that is being managed by using either a local or remote Server Manager console.</maml:para></maml:description><command:parameterValue required="true" variableLength="true">String[]</command:parameterValue></command:parameter><command:parameter required="false" variableLength="false" globbing="false" pipelineInput="false" position="named" aliases=""><maml:name>Force</maml:name><maml:description><maml:para></maml:para></maml:description></command:parameter><command:parameter required="false" variableLength="true" globbing="false" pipelineInput="false" position="named"><maml:name>Confirm</maml:name><maml:description><maml:para>Prompts you for confirmation before running the cmdlet.</maml:para></maml:description></command:parameter><command:parameter required="false" variableLength="true" globbing="false" pipelineInput="false" position="named"><maml:name>WhatIf</maml:name><maml:description><maml:para>Shows what would happen if the cmdlet runs. The cmdlet is not run.</maml:para></maml:description></command:parameter></command:syntaxItem></command:syntax><command:parameters><command:parameter required="false" variableLength="false" globbing="false" pipelineInput="false" position="named" aliases=""><maml:name>Force</maml:name><maml:description><maml:para></maml:para></maml:description><command:parameterValue required="false" variableLength="false">SwitchParameter</command:parameterValue><dev:type><maml:name>SwitchParameter</maml:name><maml:uri /></dev:type><dev:defaultValue></dev:defaultValue></command:parameter><command:parameter required="true" variableLength="true" globbing="false" pipelineInput="false" position="1" aliases=""><maml:name>User</maml:name><maml:description><maml:para>Specifies the user account name of a standard user who runs Server Manager, and no longer requires access to event, performance counter, service, and role and feature inventory data for a server that is being managed by using either a local or remote Server Manager console.</maml:para></maml:description><command:parameterValue required="true" variableLength="true">String[]</command:parameterValue><dev:type><maml:name>String[]</maml:name><maml:uri /></dev:type><dev:defaultValue></dev:defaultValue></command:parameter><command:parameter required="false" variableLength="true" globbing="false" pipelineInput="false" position="named"><maml:name>Confirm</maml:name><maml:description><maml:para>Prompts you for confirmation before running the cmdlet.</maml:para></maml:description><command:parameterValue required="false" variableLength="false">SwitchParameter</command:parameterValue><dev:type><maml:name>SwitchParameter</maml:name><maml:uri /></dev:type><dev:defaultValue>false</dev:defaultValue></command:parameter><command:parameter required="false" variableLength="true" globbing="false" pipelineInput="false" position="named"><maml:name>WhatIf</maml:name><maml:description><maml:para>Shows what would happen if the cmdlet runs. The cmdlet is not run.</maml:para></maml:description><command:parameterValue required="false" variableLength="false">SwitchParameter</command:parameterValue><dev:type><maml:name>SwitchParameter</maml:name><maml:uri /></dev:type><dev:defaultValue>false</dev:defaultValue></command:parameter></command:parameters><command:inputTypes><command:inputType><dev:type><maml:name></maml:name><maml:uri></maml:uri><maml:description><maml:para /></maml:description></dev:type><maml:description><maml:para></maml:para></maml:description></command:inputType></command:inputTypes><command:returnValues><command:returnValue><dev:type><maml:name></maml:name><maml:uri></maml:uri><maml:description><maml:para /></maml:description></dev:type><maml:description><maml:para></maml:para></maml:description></command:returnValue></command:returnValues><command:terminatingErrors /><command:nonTerminatingErrors /><command:examples><command:example><maml:title>Example 1</maml:title><maml:introduction><maml:para></maml:para></maml:introduction><dev:code>PS C:\&gt; Disable-ServerManagerStandardUserRemoting -User JennyL
</dev:code><dev:remarks><maml:para>In the following example, the administrator disables access to event, performance counter, service status, and role and feature inventory data for a server that is being managed by using either a local or remote Server Manager console, and for which there is a standard user named JennyL.</maml:para></dev:remarks><command:commandLines><command:commandLine><command:commandText /></command:commandLine></command:commandLines></command:example><command:example><maml:title>Example 2</maml:title><maml:introduction><maml:para></maml:para></maml:introduction><dev:code>PS C:\&gt; Disable-ServerManagerStandardUserRemoting –User JennyL -WhatIf
</dev:code><dev:remarks><maml:para>In the following example, the administrator views the outcome of running a command to deny a standard user named JennyL access to event, performance counter, service status, and role and feature inventory data for a server that is being managed by using the Server Manager console running on either the local or a remote computer. The WhatIf parameter is added, meaning that the command actions are not carried out.</maml:para></dev:remarks><command:commandLines><command:commandLine><command:commandText /></command:commandLine></command:commandLines></command:example><command:example><maml:title>Example 3</maml:title><maml:introduction><maml:para></maml:para></maml:introduction><dev:code>PS C:\&gt; Disable-ServerManagerStandardUserRemoting –User JennyL -Confirm
</dev:code><dev:remarks><maml:para>In the following example, the administrator denies a standard user named JennyL access to event, performance counter, service status, and role and feature inventory data for a server that is being managed by using the Server Manager console running on either the local or a remote computer. The Confirm parameter is added, meaning that the command prompts for confirmation before performing the action.</maml:para></dev:remarks><command:commandLines><command:commandLine><command:commandText /></command:commandLine></command:commandLines></command:example></command:examples><maml:relatedLinks><maml:navigationLink><maml:linkText>Online Version:</maml:linkText><maml:uri>http://go.microsoft.com/fwlink/p/?linkid=287568</maml:uri></maml:navigationLink><maml:navigationLink><maml:linkText>Get-WindowsFeature</maml:linkText><maml:uri /></maml:navigationLink><maml:navigationLink><maml:linkText>Install-WindowsFeature</maml:linkText><maml:uri /></maml:navigationLink><maml:navigationLink><maml:linkText>Uninstall-WindowsFeature</maml:linkText><maml:uri /></maml:navigationLink><maml:navigationLink><maml:linkText>Enable-ServerManagerStandardUserRemoting</maml:linkText><maml:uri /></maml:navigationLink></maml:relatedLinks></command:command>

<command:command xmlns:maml="http://schemas.microsoft.com/maml/2004/10" xmlns:command="http://schemas.microsoft.com/maml/dev/command/2004/10" xmlns:dev="http://schemas.microsoft.com/maml/dev/2004/10" xmlns:MSHelp="http://msdn.microsoft.com/mshelp"><command:details><command:name>Enable-ServerManagerStandardUserRemoting</command:name><maml:description><maml:para>Provides one or more standard, non-Administrator users access to event, service, performance counter, and role and feature inventory data for a server that you are managing by using Server Manager.</maml:para></maml:description><maml:copyright><maml:para /></maml:copyright><command:verb>Enable</command:verb><command:noun>ServerManagerStandardUserRemoting</command:noun><dev:version /></command:details><maml:description><maml:para>Provides one or more standard, non-Administrator users access to event, service, performance counter, and role and feature inventory data for a server that you are managing, either locally or remotely, by using Server Manager. The cmdlet must be run locally on the server that you are managing by using Server Manager. The cmdlet works by performing the following actions:</maml:para><maml:para> ● Adds access rights for specified standard users to the root\cimv2 namespace on the local server (for access to role and feature inventory information). </maml:para><maml:para> ● Adds specified standard users to required user groups (Remote Management Users, Event Log Readers, and Performance Log Readers) that allow remote access to event and performance counter logs on the managed server. </maml:para><maml:para> ● Changes access rights in the Service Control Manager to allow specified standard users remote access to the status of services on the managed server.</maml:para><maml:para>This cmdlet does not provide standard users access to Best Practices Analyzer (BPA) results, or allow standard users to run BPA scans. Aside from the preceding list of changes, this cmdlet provides no additional access that a standard user does not already have, by default, on managed servers.</maml:para><maml:para>Running this cmdlet has security implications for your network environment, because it grants specified non-Administrator users access rights to information that, by default, is restricted to members of the Administrators group on the local computer. The cmdlet provides access to other WMI providers in the root\cimv2 namespace, but only those providers that can be used by standard users. We recommend that you run this cmdlet only when you must add a specific standard user to the users who require access to remote server data by using Server Manager. Additionally, you should promptly run Disable-ServerManagerStandardUserRemoting to deny this access to users as soon as they no longer require it.</maml:para></maml:description><command:syntax><command:syntaxItem><maml:name>Enable-ServerManagerStandardUserRemoting</maml:name><command:parameter required="true" variableLength="true" globbing="false" pipelineInput="false" position="1" aliases=""><maml:name>User</maml:name><maml:description><maml:para>Specifies the user account name of a standard user who runs Server Manager, and requires access to event, performance counter, service, and role and feature inventory data for remote servers that are managed by using the local Server Manager console.</maml:para></maml:description><command:parameterValue required="true" variableLength="true">String[]</command:parameterValue></command:parameter><command:parameter required="false" variableLength="false" globbing="false" pipelineInput="false" position="named" aliases=""><maml:name>Force</maml:name><maml:description><maml:para></maml:para></maml:description></command:parameter><command:parameter required="false" variableLength="true" globbing="false" pipelineInput="false" position="named"><maml:name>Confirm</maml:name><maml:description><maml:para>Prompts you for confirmation before running the cmdlet.</maml:para></maml:description></command:parameter><command:parameter required="false" variableLength="true" globbing="false" pipelineInput="false" position="named"><maml:name>WhatIf</maml:name><maml:description><maml:para>Shows what would happen if the cmdlet runs. The cmdlet is not run.</maml:para></maml:description></command:parameter></command:syntaxItem></command:syntax><command:parameters><command:parameter required="false" variableLength="false" globbing="false" pipelineInput="false" position="named" aliases=""><maml:name>Force</maml:name><maml:description><maml:para></maml:para></maml:description><command:parameterValue required="false" variableLength="false">SwitchParameter</command:parameterValue><dev:type><maml:name>SwitchParameter</maml:name><maml:uri /></dev:type><dev:defaultValue></dev:defaultValue></command:parameter><command:parameter required="true" variableLength="true" globbing="false" pipelineInput="false" position="1" aliases=""><maml:name>User</maml:name><maml:description><maml:para>Specifies the user account name of a standard user who runs Server Manager, and requires access to event, performance counter, service, and role and feature inventory data for remote servers that are managed by using the local Server Manager console.</maml:para></maml:description><command:parameterValue required="true" variableLength="true">String[]</command:parameterValue><dev:type><maml:name>String[]</maml:name><maml:uri /></dev:type><dev:defaultValue></dev:defaultValue></command:parameter><command:parameter required="false" variableLength="true" globbing="false" pipelineInput="false" position="named"><maml:name>Confirm</maml:name><maml:description><maml:para>Prompts you for confirmation before running the cmdlet.</maml:para></maml:description><command:parameterValue required="false" variableLength="false">SwitchParameter</command:parameterValue><dev:type><maml:name>SwitchParameter</maml:name><maml:uri /></dev:type><dev:defaultValue>false</dev:defaultValue></command:parameter><command:parameter required="false" variableLength="true" globbing="false" pipelineInput="false" position="named"><maml:name>WhatIf</maml:name><maml:description><maml:para>Shows what would happen if the cmdlet runs. The cmdlet is not run.</maml:para></maml:description><command:parameterValue required="false" variableLength="false">SwitchParameter</command:parameterValue><dev:type><maml:name>SwitchParameter</maml:name><maml:uri /></dev:type><dev:defaultValue>false</dev:defaultValue></command:parameter></command:parameters><command:inputTypes><command:inputType><dev:type><maml:name></maml:name><maml:uri></maml:uri><maml:description><maml:para /></maml:description></dev:type><maml:description><maml:para></maml:para></maml:description></command:inputType></command:inputTypes><command:returnValues><command:returnValue><dev:type><maml:name></maml:name><maml:uri></maml:uri><maml:description><maml:para /></maml:description></dev:type><maml:description><maml:para></maml:para></maml:description></command:returnValue></command:returnValues><command:terminatingErrors /><command:nonTerminatingErrors /><command:examples><command:example><maml:title>Example 1</maml:title><maml:introduction><maml:para></maml:para></maml:introduction><dev:code>PS C:\&gt; Enable-ServerManagerStandardUserRemoting -User JennyL
</dev:code><dev:remarks><maml:para>In the following example, the administrator gives a standard user named JennyL access to event, performance counter, service status, and role and feature inventory data on a server that is being managed, either locally or remotely, by using Server Manager.</maml:para></dev:remarks><command:commandLines><command:commandLine><command:commandText /></command:commandLine></command:commandLines></command:example><command:example><maml:title>Example 2</maml:title><maml:introduction><maml:para></maml:para></maml:introduction><dev:code>PS C:\&gt; Enable-ServerManagerStandardUserRemoting -User JennyL -WhatIf
</dev:code><dev:remarks><maml:para>In the following example, the administrator views the outcome of running a command to give a standard user named JennyL access to event, performance counter, service status, and role and feature inventory data on a server that is being managed, either locally or remotely, by using Server Manager. The WhatIf parameter is added, meaning that the command actions are not carried out.</maml:para></dev:remarks><command:commandLines><command:commandLine><command:commandText /></command:commandLine></command:commandLines></command:example><command:example><maml:title>Example 3</maml:title><maml:introduction><maml:para></maml:para></maml:introduction><dev:code>PS C:\&gt; Enable-ServerManagerStandardUserRemoting -User JennyL -Confirm
</dev:code><dev:remarks><maml:para>In the following example, the administrator gives a standard user named JennyL access to event, performance counter, service status, and role and feature inventory data on a server that is being managed, either locally or remotely, by using Server Manager. The Confirm parameter is added, meaning that the command prompts for confirmation before performing the action.</maml:para></dev:remarks><command:commandLines><command:commandLine><command:commandText /></command:commandLine></command:commandLines></command:example></command:examples><maml:relatedLinks><maml:navigationLink><maml:linkText>Online Version:</maml:linkText><maml:uri>http://go.microsoft.com/fwlink/p/?linkid=287569</maml:uri></maml:navigationLink><maml:navigationLink><maml:linkText>Get-WindowsFeature</maml:linkText><maml:uri /></maml:navigationLink><maml:navigationLink><maml:linkText>Install-WindowsFeature</maml:linkText><maml:uri /></maml:navigationLink><maml:navigationLink><maml:linkText>Uninstall-WindowsFeature</maml:linkText><maml:uri /></maml:navigationLink><maml:navigationLink><maml:linkText>Disable-ServerManagerStandardUserRemoting</maml:linkText><maml:uri /></maml:navigationLink></maml:relatedLinks></command:command>

</helpItems>

