﻿<?xml version = "1.0" encoding = "utf-8" ?>

<helpItems schema="maml">

<command:command xmlns:maml="http://schemas.microsoft.com/maml/2004/10" xmlns:command="http://schemas.microsoft.com/maml/dev/command/2004/10" xmlns:dev="http://schemas.microsoft.com/maml/dev/2004/10" xmlns:MSHelp="http://msdn.microsoft.com/mshelp"><command:details><command:name>Disable-WindowsErrorReporting</command:name><maml:description><maml:para>Disables Windows Error Reporting.</maml:para></maml:description><maml:copyright><maml:para /></maml:copyright><command:verb>Disable</command:verb><command:noun>WindowsErrorReporting</command:noun><dev:version /></command:details><maml:description><maml:para>The Disable-WindowsErrorReporting cmdlet disables Windows Error Reporting (WER) on the server. </maml:para><maml:para>Windows Error Reporting is a flexible feedback infrastructure that gathers information about hardware and software problems, reports the information to Microsoft, and provides users with any available solutions. Windows Error Reporting generates reports in response to system events, such as application crashes or kernel faults.</maml:para><maml:para>To get the current WER status, use the Get-WindowsErrorReporting cmdlet. If you disable WER, you can use the Enable-WindowsErrorReporting cmdlet to re-enable it. After you run this cmdlet, WER once again sends information about application failures to Microsoft.</maml:para></maml:description><command:syntax><command:syntaxItem><maml:name>Disable-WindowsErrorReporting</maml:name></command:syntaxItem></command:syntax><command:parameters></command:parameters><command:inputTypes><command:inputType><dev:type><maml:name></maml:name><maml:uri></maml:uri><maml:description><maml:para /></maml:description></dev:type><maml:description></maml:description></command:inputType></command:inputTypes><command:returnValues><command:returnValue><dev:type><maml:name>System.Boolean</maml:name><maml:uri></maml:uri><maml:description><maml:para /></maml:description></dev:type><maml:description><maml:para>The Disable-WindowsErrorReporting cmdlet returns $True if successful; otherwise, it returns $False. </maml:para></maml:description></command:returnValue></command:returnValues><command:terminatingErrors /><command:nonTerminatingErrors /><command:examples><command:example><maml:title>Example 1: Disable Windows Error Reporting</maml:title><maml:introduction><maml:para></maml:para></maml:introduction><dev:code>PS C:\&gt; Disable-WindowsErrorReporting
</dev:code><dev:remarks><maml:para>This command disables Windows Error Reporting. </maml:para></dev:remarks><command:commandLines><command:commandLine><command:commandText /></command:commandLine></command:commandLines></command:example></command:examples><maml:relatedLinks><maml:navigationLink><maml:linkText>Online Version:</maml:linkText><maml:uri>http://go.microsoft.com/fwlink/p/?linkid=287617</maml:uri></maml:navigationLink><maml:navigationLink><maml:linkText>Enable-WindowsErrorReporting</maml:linkText><maml:uri /></maml:navigationLink><maml:navigationLink><maml:linkText>Get-WindowsErrorReporting</maml:linkText><maml:uri /></maml:navigationLink><maml:navigationLink><maml:linkText></maml:linkText><maml:uri /></maml:navigationLink></maml:relatedLinks></command:command>

<command:command xmlns:maml="http://schemas.microsoft.com/maml/2004/10" xmlns:command="http://schemas.microsoft.com/maml/dev/command/2004/10" xmlns:dev="http://schemas.microsoft.com/maml/dev/2004/10" xmlns:MSHelp="http://msdn.microsoft.com/mshelp"><command:details><command:name>Enable-WindowsErrorReporting</command:name><maml:description><maml:para>Enables Windows Error Reporting.</maml:para></maml:description><maml:copyright><maml:para /></maml:copyright><command:verb>Enable</command:verb><command:noun>WindowsErrorReporting</command:noun><dev:version /></command:details><maml:description><maml:para>The Enable-WindowsErrorReporting cmdlet enables Windows Error Reporting (WER) on the server. </maml:para><maml:para>Windows Error Reporting is a flexible feedback infrastructure that gathers information about hardware and software problems, reports the information to Microsoft, and provides users with any available solutions. Windows Error Reporting generates reports in response to system events, such as application crashes or kernel faults.</maml:para><maml:para>To get the current WER status, use the Get-WindowsErrorReporting cmdlet. If you enable WER, you can use the Disable-WindowsErrorReporting cmdlet to disable it. After you run this cmdlet, WER no longer sends information about application failures to Microsoft.</maml:para></maml:description><command:syntax><command:syntaxItem><maml:name>Enable-WindowsErrorReporting</maml:name></command:syntaxItem></command:syntax><command:parameters></command:parameters><command:inputTypes><command:inputType><dev:type><maml:name></maml:name><maml:uri></maml:uri><maml:description><maml:para /></maml:description></dev:type><maml:description></maml:description></command:inputType></command:inputTypes><command:returnValues><command:returnValue><dev:type><maml:name>System.Boolean</maml:name><maml:uri></maml:uri><maml:description><maml:para /></maml:description></dev:type><maml:description><maml:para>The Enable-WindowsErrorReporting cmdlet returns $True if successful; otherwise, it returns $False. </maml:para></maml:description></command:returnValue></command:returnValues><command:terminatingErrors /><command:nonTerminatingErrors /><command:examples><command:example><maml:title>Example 1: Enable Windows Error Reporting</maml:title><maml:introduction><maml:para></maml:para></maml:introduction><dev:code>PS C:\&gt; Enable-WindowsErrorReporting
</dev:code><dev:remarks><maml:para>This command enables Windows Error Reporting. </maml:para></dev:remarks><command:commandLines><command:commandLine><command:commandText /></command:commandLine></command:commandLines></command:example></command:examples><maml:relatedLinks><maml:navigationLink><maml:linkText>Online Version:</maml:linkText><maml:uri>http://go.microsoft.com/fwlink/p/?linkid=287618</maml:uri></maml:navigationLink><maml:navigationLink><maml:linkText>Disable-WindowsErrorReporting</maml:linkText><maml:uri /></maml:navigationLink><maml:navigationLink><maml:linkText>Get-WindowsErrorReporting</maml:linkText><maml:uri /></maml:navigationLink></maml:relatedLinks></command:command>

<command:command xmlns:maml="http://schemas.microsoft.com/maml/2004/10" xmlns:command="http://schemas.microsoft.com/maml/dev/command/2004/10" xmlns:dev="http://schemas.microsoft.com/maml/dev/2004/10" xmlns:MSHelp="http://msdn.microsoft.com/mshelp"><command:details><command:name>Get-WindowsErrorReporting</command:name><maml:description><maml:para>Retrieves the Windows Error Reporting status.</maml:para></maml:description><maml:copyright><maml:para /></maml:copyright><command:verb>Get</command:verb><command:noun>WindowsErrorReporting</command:noun><dev:version /></command:details><maml:description><maml:para>The Get-WindowsErrorReporting cmdlet retrieves the Windows Error Reporting (WER) status for the server.</maml:para><maml:para>Windows Error Reporting is a flexible feedback infrastructure that gathers information about hardware and software problems, reports the information to Microsoft, and provides users with any available solutions. Windows Error Reporting generates reports in response to system events, such as application crashes or kernel faults.</maml:para><maml:para>Use Enable-WindowsErrorReporting to enable Windows Error Reporting. After you enable it, WER sends information about application failures to Microsoft. Use Disable-WindowsErrorReporting to disable WER. </maml:para></maml:description><command:syntax><command:syntaxItem><maml:name>Get-WindowsErrorReporting</maml:name></command:syntaxItem></command:syntax><command:parameters></command:parameters><command:inputTypes><command:inputType><dev:type><maml:name></maml:name><maml:uri></maml:uri><maml:description><maml:para /></maml:description></dev:type><maml:description></maml:description></command:inputType></command:inputTypes><command:returnValues><command:returnValue><dev:type><maml:name>System.String</maml:name><maml:uri></maml:uri><maml:description><maml:para /></maml:description></dev:type><maml:description></maml:description></command:returnValue></command:returnValues><command:terminatingErrors /><command:nonTerminatingErrors /><command:examples><command:example><maml:title>
Example 1: Get the Windows Error Reporting status</maml:title><maml:introduction><maml:para></maml:para></maml:introduction><dev:code>PS C:\&gt; Get-WindowsErrorReporting
</dev:code><dev:remarks><maml:para>This command gets the Windows Error Reporting status, which is either enabled or disabled. </maml:para></dev:remarks><command:commandLines><command:commandLine><command:commandText /></command:commandLine></command:commandLines></command:example></command:examples><maml:relatedLinks><maml:navigationLink><maml:linkText>Online Version:</maml:linkText><maml:uri>http://go.microsoft.com/fwlink/p/?linkid=287619</maml:uri></maml:navigationLink><maml:navigationLink><maml:linkText>Disable-WindowsErrorReporting</maml:linkText><maml:uri /></maml:navigationLink><maml:navigationLink><maml:linkText>Enable-WindowsErrorReporting</maml:linkText><maml:uri /></maml:navigationLink><maml:navigationLink><maml:linkText></maml:linkText><maml:uri /></maml:navigationLink></maml:relatedLinks></command:command>

</helpItems>

