﻿<?xml version = "1.0" encoding = "utf-8" ?>

<helpItems schema="maml">

<command:command xmlns:maml="http://schemas.microsoft.com/maml/2004/10" xmlns:command="http://schemas.microsoft.com/maml/dev/command/2004/10" xmlns:dev="http://schemas.microsoft.com/maml/dev/2004/10" xmlns:MSHelp="http://msdn.microsoft.com/mshelp"><command:details><command:name>Get-NetVirtualizationLookupRecord</command:name><maml:description><maml:para>Gets policy entries for VMs in a virtual network. </maml:para></maml:description><maml:copyright><maml:para /></maml:copyright><command:verb>Get</command:verb><command:noun>NetVirtualizationLookupRecord</command:noun><dev:version /></command:details><maml:description><maml:para>The Get-NetVirtualizationLookupRecord cmdlet gets lookup record policy entries for IP addresses that belong to a Microsoft® Hyper-V® Server 2012 virtual network. Network Virtualization allows more than one virtual network to exist on the same physical network. Computers can exchange network traffic with a virtual machine (VM) by using a Customer Address within the virtual network. Network Virtualization manages the Provider Addresses that are the physical network addresses. This cmdlet gets records that map a Customer Address to a Provider Address. For more information, see <maml:navigationLink><maml:linkText>Network Virtualization technical details</maml:linkText><maml:uri></maml:uri></maml:navigationLink> (http://technet.microsoft.com/library/jj134174.aspx) on TechNet.</maml:para></maml:description><command:syntax><command:syntaxItem><maml:name>Get-NetVirtualizationLookupRecord</maml:name><command:parameter required="false" variableLength="false" globbing="false" pipelineInput="false" position="named" aliases=""><maml:name>AsJob</maml:name><maml:description><maml:para>Runs the cmdlet as a background job. Use this parameter to run commands that take a long time to complete. 
 The cmdlet immediately returns an object that represents the job and then displays the command prompt. You can continue to work in the session while the job completes. To manage the job, use the *-Job cmdlets. To get the job results, use the <maml:navigationLink><maml:linkText>Receive-Job</maml:linkText><maml:uri></maml:uri></maml:navigationLink> cmdlet. 
 For more information about Windows PowerShell® background jobs, see <maml:navigationLink><maml:linkText>about_Jobs</maml:linkText><maml:uri></maml:uri></maml:navigationLink>.</maml:para></maml:description></command:parameter><command:parameter required="false" variableLength="true" globbing="false" pipelineInput="false" position="named" aliases="Session"><maml:name>CimSession</maml:name><maml:description><maml:para>Runs the cmdlet in a remote session or on a remote computer. Enter a computer name or a session object, such as the output of a <maml:navigationLink><maml:linkText>New-CimSession</maml:linkText><maml:uri></maml:uri></maml:navigationLink> or <maml:navigationLink><maml:linkText>Get-CimSession</maml:linkText><maml:uri></maml:uri></maml:navigationLink> cmdlet. The default is the current session on the local computer.</maml:para></maml:description><command:parameterValue required="true" variableLength="true">CimSession[]</command:parameterValue></command:parameter><command:parameter required="false" variableLength="true" globbing="false" pipelineInput="false" position="named" aliases=""><maml:name>Context</maml:name><maml:description><maml:para>Specifies an array of comments regarding policy entries. </maml:para></maml:description><command:parameterValue required="true" variableLength="true">String[]</command:parameterValue></command:parameter><command:parameter required="false" variableLength="true" globbing="false" pipelineInput="false" position="named" aliases=""><maml:name>CustomerAddress</maml:name><maml:description><maml:para>Specifies an array of IP addresses within the virtual network. You can use both IPv4 and IPv6 addresses.</maml:para></maml:description><command:parameterValue required="true" variableLength="true">String[]</command:parameterValue></command:parameter><command:parameter required="false" variableLength="true" globbing="false" pipelineInput="false" position="named" aliases=""><maml:name>CustomerID</maml:name><maml:description><maml:para>Specifies an array of IDs for policy entries or VMs. </maml:para></maml:description><command:parameterValue required="true" variableLength="true">String[]</command:parameterValue></command:parameter><command:parameter required="false" variableLength="true" globbing="false" pipelineInput="false" position="named" aliases=""><maml:name>MACAddress</maml:name><maml:description><maml:para>Specifies an array of media access control (MAC) addresses that corresponds to the Customer Addresses.</maml:para></maml:description><command:parameterValue required="true" variableLength="true">String[]</command:parameterValue></command:parameter><command:parameter required="false" variableLength="true" globbing="false" pipelineInput="false" position="named" aliases=""><maml:name>ProviderAddress</maml:name><maml:description><maml:para>Specifies an array of IP addresses, either IPv4 or IPv6, for physical addresses that corresponds to the Customer Addresses.</maml:para></maml:description><command:parameterValue required="true" variableLength="true">String[]</command:parameterValue></command:parameter><command:parameter required="false" variableLength="true" globbing="false" pipelineInput="false" position="named" aliases=""><maml:name>Rule</maml:name><maml:description><maml:para>Specifies an array of virtualization mechanisms that policy entries use. The acceptable values for this parameter are: 

-- TranslationMethodNat. IP address rewrite.
-- TranslationMethodEncap. Network Virtualization Generic Routing Encapsulation (NVGRE).
-- TranslationMethodNone. None.</maml:para></maml:description><command:parameterValue required="true" variableLength="true">RuleType[]</command:parameterValue></command:parameter><command:parameter required="false" variableLength="false" globbing="false" pipelineInput="false" position="named" aliases=""><maml:name>ThrottleLimit</maml:name><maml:description><maml:para>Specifies the maximum number of concurrent operations that can be established to run the cmdlet. If this parameter is omitted or a value of 0 is entered, then Windows PowerShell® calculates an optimum throttle limit for the cmdlet based on the number of CIM cmdlets that are running on the computer. The throttle limit applies only to the current cmdlet, not to the session or to the computer.</maml:para></maml:description><command:parameterValue required="true" variableLength="false">Int32</command:parameterValue></command:parameter><command:parameter required="false" variableLength="true" globbing="false" pipelineInput="false" position="named" aliases=""><maml:name>Type</maml:name><maml:description><maml:para>Specifies an array of types. The type determines the address mapping for a record.</maml:para></maml:description><command:parameterValue required="true" variableLength="true">Type[]</command:parameterValue></command:parameter><command:parameter required="false" variableLength="true" globbing="false" pipelineInput="false" position="named" aliases=""><maml:name>Unsynchronized</maml:name><maml:description><maml:para>Specifies an array of Boolean values that indicates whether this record is not synchronized with the central policy controller. This is a read-only property of the lookup record that provides diagnostic information.</maml:para></maml:description><command:parameterValue required="true" variableLength="true">Boolean[]</command:parameterValue></command:parameter><command:parameter required="false" variableLength="true" globbing="false" pipelineInput="false" position="named" aliases=""><maml:name>Unusable</maml:name><maml:description><maml:para>Specifies an array of Boolean values that indicates whether this record is unusable for data communication. This is a read-only property of the lookup record that provides diagnostic information.</maml:para></maml:description><command:parameterValue required="true" variableLength="true">Boolean[]</command:parameterValue></command:parameter><command:parameter required="false" variableLength="true" globbing="false" pipelineInput="false" position="named" aliases=""><maml:name>UseVmMACAddress</maml:name><maml:description><maml:para>Specifies an array of Boolean values that indicate whether an entry uses its defined MAC address instead of physical MAC address. </maml:para></maml:description><command:parameterValue required="true" variableLength="true">Boolean[]</command:parameterValue></command:parameter><command:parameter required="false" variableLength="true" globbing="false" pipelineInput="false" position="named" aliases=""><maml:name>VirtualSubnetID</maml:name><maml:description><maml:para>Specifies an array of IDs for the virtual subnet that the Customer address belongs to. The acceptable values for this parameter are: integers from 4096 through 16777214.</maml:para></maml:description><command:parameterValue required="true" variableLength="true">UInt32[]</command:parameterValue></command:parameter><command:parameter required="false" variableLength="true" globbing="false" pipelineInput="false" position="named" aliases=""><maml:name>VMName</maml:name><maml:description><maml:para>Specifies an array of names for the VM for a policy entry. </maml:para></maml:description><command:parameterValue required="true" variableLength="true">String[]</command:parameterValue></command:parameter></command:syntaxItem></command:syntax><command:parameters><command:parameter required="false" variableLength="false" globbing="false" pipelineInput="false" position="named" aliases=""><maml:name>AsJob</maml:name><maml:description><maml:para>Runs the cmdlet as a background job. Use this parameter to run commands that take a long time to complete. 
 The cmdlet immediately returns an object that represents the job and then displays the command prompt. You can continue to work in the session while the job completes. To manage the job, use the *-Job cmdlets. To get the job results, use the <maml:navigationLink><maml:linkText>Receive-Job</maml:linkText><maml:uri></maml:uri></maml:navigationLink> cmdlet. 
 For more information about Windows PowerShell® background jobs, see <maml:navigationLink><maml:linkText>about_Jobs</maml:linkText><maml:uri></maml:uri></maml:navigationLink>.</maml:para></maml:description><command:parameterValue required="false" variableLength="false">SwitchParameter</command:parameterValue><dev:type><maml:name>SwitchParameter</maml:name><maml:uri /></dev:type><dev:defaultValue></dev:defaultValue></command:parameter><command:parameter required="false" variableLength="true" globbing="false" pipelineInput="false" position="named" aliases="Session"><maml:name>CimSession</maml:name><maml:description><maml:para>Runs the cmdlet in a remote session or on a remote computer. Enter a computer name or a session object, such as the output of a <maml:navigationLink><maml:linkText>New-CimSession</maml:linkText><maml:uri></maml:uri></maml:navigationLink> or <maml:navigationLink><maml:linkText>Get-CimSession</maml:linkText><maml:uri></maml:uri></maml:navigationLink> cmdlet. The default is the current session on the local computer.</maml:para></maml:description><command:parameterValue required="true" variableLength="true">CimSession[]</command:parameterValue><dev:type><maml:name>CimSession[]</maml:name><maml:uri /></dev:type><dev:defaultValue></dev:defaultValue></command:parameter><command:parameter required="false" variableLength="true" globbing="false" pipelineInput="false" position="named" aliases=""><maml:name>Context</maml:name><maml:description><maml:para>Specifies an array of comments regarding policy entries. </maml:para></maml:description><command:parameterValue required="true" variableLength="true">String[]</command:parameterValue><dev:type><maml:name>String[]</maml:name><maml:uri /></dev:type><dev:defaultValue></dev:defaultValue></command:parameter><command:parameter required="false" variableLength="true" globbing="false" pipelineInput="false" position="named" aliases=""><maml:name>CustomerAddress</maml:name><maml:description><maml:para>Specifies an array of IP addresses within the virtual network. You can use both IPv4 and IPv6 addresses.</maml:para></maml:description><command:parameterValue required="true" variableLength="true">String[]</command:parameterValue><dev:type><maml:name>String[]</maml:name><maml:uri /></dev:type><dev:defaultValue></dev:defaultValue></command:parameter><command:parameter required="false" variableLength="true" globbing="false" pipelineInput="false" position="named" aliases=""><maml:name>CustomerID</maml:name><maml:description><maml:para>Specifies an array of IDs for policy entries or VMs. </maml:para></maml:description><command:parameterValue required="true" variableLength="true">String[]</command:parameterValue><dev:type><maml:name>String[]</maml:name><maml:uri /></dev:type><dev:defaultValue></dev:defaultValue></command:parameter><command:parameter required="false" variableLength="true" globbing="false" pipelineInput="false" position="named" aliases=""><maml:name>MACAddress</maml:name><maml:description><maml:para>Specifies an array of media access control (MAC) addresses that corresponds to the Customer Addresses.</maml:para></maml:description><command:parameterValue required="true" variableLength="true">String[]</command:parameterValue><dev:type><maml:name>String[]</maml:name><maml:uri /></dev:type><dev:defaultValue></dev:defaultValue></command:parameter><command:parameter required="false" variableLength="true" globbing="false" pipelineInput="false" position="named" aliases=""><maml:name>ProviderAddress</maml:name><maml:description><maml:para>Specifies an array of IP addresses, either IPv4 or IPv6, for physical addresses that corresponds to the Customer Addresses.</maml:para></maml:description><command:parameterValue required="true" variableLength="true">String[]</command:parameterValue><dev:type><maml:name>String[]</maml:name><maml:uri /></dev:type><dev:defaultValue></dev:defaultValue></command:parameter><command:parameter required="false" variableLength="true" globbing="false" pipelineInput="false" position="named" aliases=""><maml:name>Rule</maml:name><maml:description><maml:para>Specifies an array of virtualization mechanisms that policy entries use. The acceptable values for this parameter are: 

-- TranslationMethodNat. IP address rewrite.
-- TranslationMethodEncap. Network Virtualization Generic Routing Encapsulation (NVGRE).
-- TranslationMethodNone. None.</maml:para></maml:description><command:parameterValue required="true" variableLength="true">RuleType[]</command:parameterValue><dev:type><maml:name>RuleType[]</maml:name><maml:uri /></dev:type><dev:defaultValue></dev:defaultValue></command:parameter><command:parameter required="false" variableLength="false" globbing="false" pipelineInput="false" position="named" aliases=""><maml:name>ThrottleLimit</maml:name><maml:description><maml:para>Specifies the maximum number of concurrent operations that can be established to run the cmdlet. If this parameter is omitted or a value of 0 is entered, then Windows PowerShell® calculates an optimum throttle limit for the cmdlet based on the number of CIM cmdlets that are running on the computer. The throttle limit applies only to the current cmdlet, not to the session or to the computer.</maml:para></maml:description><command:parameterValue required="true" variableLength="false">Int32</command:parameterValue><dev:type><maml:name>Int32</maml:name><maml:uri /></dev:type><dev:defaultValue></dev:defaultValue></command:parameter><command:parameter required="false" variableLength="true" globbing="false" pipelineInput="false" position="named" aliases=""><maml:name>Type</maml:name><maml:description><maml:para>Specifies an array of types. The type determines the address mapping for a record.</maml:para></maml:description><command:parameterValue required="true" variableLength="true">Type[]</command:parameterValue><dev:type><maml:name>Type[]</maml:name><maml:uri /></dev:type><dev:defaultValue></dev:defaultValue></command:parameter><command:parameter required="false" variableLength="true" globbing="false" pipelineInput="false" position="named" aliases=""><maml:name>Unsynchronized</maml:name><maml:description><maml:para>Specifies an array of Boolean values that indicates whether this record is not synchronized with the central policy controller. This is a read-only property of the lookup record that provides diagnostic information.</maml:para></maml:description><command:parameterValue required="true" variableLength="true">Boolean[]</command:parameterValue><dev:type><maml:name>Boolean[]</maml:name><maml:uri /></dev:type><dev:defaultValue></dev:defaultValue></command:parameter><command:parameter required="false" variableLength="true" globbing="false" pipelineInput="false" position="named" aliases=""><maml:name>Unusable</maml:name><maml:description><maml:para>Specifies an array of Boolean values that indicates whether this record is unusable for data communication. This is a read-only property of the lookup record that provides diagnostic information.</maml:para></maml:description><command:parameterValue required="true" variableLength="true">Boolean[]</command:parameterValue><dev:type><maml:name>Boolean[]</maml:name><maml:uri /></dev:type><dev:defaultValue></dev:defaultValue></command:parameter><command:parameter required="false" variableLength="true" globbing="false" pipelineInput="false" position="named" aliases=""><maml:name>UseVmMACAddress</maml:name><maml:description><maml:para>Specifies an array of Boolean values that indicate whether an entry uses its defined MAC address instead of physical MAC address. </maml:para></maml:description><command:parameterValue required="true" variableLength="true">Boolean[]</command:parameterValue><dev:type><maml:name>Boolean[]</maml:name><maml:uri /></dev:type><dev:defaultValue></dev:defaultValue></command:parameter><command:parameter required="false" variableLength="true" globbing="false" pipelineInput="false" position="named" aliases=""><maml:name>VirtualSubnetID</maml:name><maml:description><maml:para>Specifies an array of IDs for the virtual subnet that the Customer address belongs to. The acceptable values for this parameter are: integers from 4096 through 16777214.</maml:para></maml:description><command:parameterValue required="true" variableLength="true">UInt32[]</command:parameterValue><dev:type><maml:name>UInt32[]</maml:name><maml:uri /></dev:type><dev:defaultValue></dev:defaultValue></command:parameter><command:parameter required="false" variableLength="true" globbing="false" pipelineInput="false" position="named" aliases=""><maml:name>VMName</maml:name><maml:description><maml:para>Specifies an array of names for the VM for a policy entry. </maml:para></maml:description><command:parameterValue required="true" variableLength="true">String[]</command:parameterValue><dev:type><maml:name>String[]</maml:name><maml:uri /></dev:type><dev:defaultValue></dev:defaultValue></command:parameter></command:parameters><command:inputTypes><command:inputType><dev:type><maml:name></maml:name><maml:uri></maml:uri><maml:description><maml:para /></maml:description></dev:type><maml:description></maml:description></command:inputType></command:inputTypes><command:returnValues><command:returnValue><dev:type><maml:name></maml:name><maml:uri></maml:uri><maml:description><maml:para /></maml:description></dev:type><maml:description></maml:description></command:returnValue></command:returnValues><command:terminatingErrors /><command:nonTerminatingErrors /><command:examples><command:example><maml:title>Example 1: Get all policy entries for a host</maml:title><maml:introduction><maml:para></maml:para></maml:introduction><dev:code>PS C:\&gt; Get-NetVirtualizationLookupRecord
</dev:code><dev:remarks><maml:para>This command gets all the policy entries for the current host.</maml:para></dev:remarks><command:commandLines><command:commandLine><command:commandText /></command:commandLine></command:commandLines></command:example><command:example><maml:title>Example 2: Get policy entries for a specified virtual subnet</maml:title><maml:introduction><maml:para></maml:para></maml:introduction><dev:code>PS C:\&gt;Get-NetVirtualizationLookupRecord -VirtualSubnetID 50002
</dev:code><dev:remarks><maml:para>This command gets all policy entries that belong to the virtual subnet that has the ID 50002.</maml:para></dev:remarks><command:commandLines><command:commandLine><command:commandText /></command:commandLine></command:commandLines></command:example><command:example><maml:title>Example 3: Get policy entries for a physical IP address</maml:title><maml:introduction><maml:para></maml:para></maml:introduction><dev:code>PS C:\&gt;Get-NetVirtualizationLookupRecord -ProviderAddress "192.168.3.24"
</dev:code><dev:remarks><maml:para>This command gets all the policy entries that contain the specified provider address. </maml:para></dev:remarks><command:commandLines><command:commandLine><command:commandText /></command:commandLine></command:commandLines></command:example></command:examples><maml:relatedLinks><maml:navigationLink><maml:linkText>Online Version:</maml:linkText><maml:uri>http://go.microsoft.com/fwlink/?LinkId=289178</maml:uri></maml:navigationLink><maml:navigationLink><maml:linkText>New-NetVirtualizationLookupRecord</maml:linkText><maml:uri /></maml:navigationLink><maml:navigationLink><maml:linkText>Remove-NetVirtualizationLookupRecord</maml:linkText><maml:uri /></maml:navigationLink><maml:navigationLink><maml:linkText>Set-NetVirtualizationLookupRecord</maml:linkText><maml:uri /></maml:navigationLink></maml:relatedLinks></command:command>

<command:command xmlns:maml="http://schemas.microsoft.com/maml/2004/10" xmlns:command="http://schemas.microsoft.com/maml/dev/command/2004/10" xmlns:dev="http://schemas.microsoft.com/maml/dev/2004/10" xmlns:MSHelp="http://msdn.microsoft.com/mshelp"><command:details><command:name>New-NetVirtualizationLookupRecord</command:name><maml:description><maml:para>Creates a policy entry for an IP address in a virtual network. </maml:para></maml:description><maml:copyright><maml:para /></maml:copyright><command:verb>New</command:verb><command:noun>NetVirtualizationLookupRecord</command:noun><dev:version /></command:details><maml:description><maml:para>The New-NetVirtualizationLookupRecord cmdlet creates a lookup record policy entry for an IP address that belongs to a Microsoft® Hyper-V® Server 2012 virtual network. Network Virtualization allows more than one virtual network to exist on the same physical network. Computers can exchange network traffic with a virtual machine (VM) by using a Customer Address within the virtual network. Network Virtualization manages the Provider Addresses that are the physical network addresses. This cmdlet creates a record that maps a Customer Address to a Provider Address. For more information, see <maml:navigationLink><maml:linkText>Network Virtualization technical details</maml:linkText><maml:uri></maml:uri></maml:navigationLink> (http://technet.microsoft.com/library/jj134174.aspx) on TechNet. </maml:para><maml:para>To create a policy entry, you must specify a Customer Address, a VM media access control (MAC) address, a Provider Address, a rule type, and a virtual subnet ID. You can also specify a context, a customer ID, and a VM name, as well as whether to use a VM virtual MAC address. </maml:para></maml:description><command:syntax><command:syntaxItem><maml:name>New-NetVirtualizationLookupRecord</maml:name><command:parameter required="false" variableLength="false" globbing="false" pipelineInput="false" position="named" aliases=""><maml:name>AsJob</maml:name><maml:description><maml:para>Runs the cmdlet as a background job. Use this parameter to run commands that take a long time to complete. 
 The cmdlet immediately returns an object that represents the job and then displays the command prompt. You can continue to work in the session while the job completes. To manage the job, use the *-Job cmdlets. To get the job results, use the <maml:navigationLink><maml:linkText>Receive-Job</maml:linkText><maml:uri></maml:uri></maml:navigationLink> cmdlet. 
 For more information about Windows PowerShell® background jobs, see <maml:navigationLink><maml:linkText>about_Jobs</maml:linkText><maml:uri></maml:uri></maml:navigationLink>.</maml:para></maml:description></command:parameter><command:parameter required="false" variableLength="true" globbing="false" pipelineInput="false" position="named" aliases="Session"><maml:name>CimSession</maml:name><maml:description><maml:para>Runs the cmdlet in a remote session or on a remote computer. Enter a computer name or a session object, such as the output of a <maml:navigationLink><maml:linkText>New-CimSession</maml:linkText><maml:uri></maml:uri></maml:navigationLink> or <maml:navigationLink><maml:linkText>Get-CimSession</maml:linkText><maml:uri></maml:uri></maml:navigationLink> cmdlet. The default is the current session on the local computer.</maml:para></maml:description><command:parameterValue required="true" variableLength="true">CimSession[]</command:parameterValue></command:parameter><command:parameter required="false" variableLength="false" globbing="false" pipelineInput="false" position="named" aliases=""><maml:name>Context</maml:name><maml:description><maml:para>Specifies a comment regarding the policy entry. Administrators can use this comment for any purpose.</maml:para></maml:description><command:parameterValue required="true" variableLength="false">String</command:parameterValue></command:parameter><command:parameter required="false" variableLength="false" globbing="false" pipelineInput="false" position="named" aliases=""><maml:name>CustomerID</maml:name><maml:description><maml:para>Specifies an ID for a policy entry or VM. Administrators can use this setting for any purpose.</maml:para></maml:description><command:parameterValue required="true" variableLength="false">String</command:parameterValue></command:parameter><command:parameter required="false" variableLength="false" globbing="false" pipelineInput="false" position="named" aliases=""><maml:name>ThrottleLimit</maml:name><maml:description><maml:para>Specifies the maximum number of concurrent operations that can be established to run the cmdlet. If this parameter is omitted or a value of 0 is entered, then Windows PowerShell® calculates an optimum throttle limit for the cmdlet based on the number of CIM cmdlets that are running on the computer. The throttle limit applies only to the current cmdlet, not to the session or to the computer.</maml:para></maml:description><command:parameterValue required="true" variableLength="false">Int32</command:parameterValue></command:parameter><command:parameter required="false" variableLength="false" globbing="false" pipelineInput="false" position="named" aliases=""><maml:name>Type</maml:name><maml:description><maml:para>Specifies a type. The type determines the address mapping for a record. The acceptable values for this parameter are: 

-- Static.  The Customer Address (CA) specified in this lookup record is the address assigned to the corresponding virtual machine, which is implicitly specified by the MAC address. An administrator or System Center 2012 R2 Virtual Machine Manager creates this lookup record. 
-- Dynamic.  The Customer Address specified in this lookup record is the address assigned to the corresponding virtual machine, which is implicitly specified by the MAC address. For example, the Hyper-V Network Virtualization software creates this record for virtual machines that obtain their IP addresses from a DHCP server. 
-- L2Only.  The Customer Address specified in this lookup record should be set to 0.0.0.0 for IPv4, or :: for IPv6. The corresponding virtual machine, implicitly specified by the MAC address, learns the CA dynamically. 
-- GatewayWildcard.  The CA address specified in this lookup record should be set to 0.0.0.0 for IPv4, or :: for IPv6. The corresponding virtual machine, implicitly specified by the MAC address, is a Hyper-V Network Virtualization gateway.</maml:para></maml:description><command:parameterValue required="true" variableLength="false">Type</command:parameterValue></command:parameter><command:parameter required="false" variableLength="false" globbing="false" pipelineInput="false" position="named" aliases=""><maml:name>UseVmMACAddress</maml:name><maml:description><maml:para>Indicates whether this entry uses its defined MAC address instead of physical MAC address. Virtual networking can use different MAC addresses for different VMs to balance traffic among multiple CPU cores.</maml:para><maml:para>A value of $True is valid only if the Rule parameter has a value of TranslationMethodNat. The default value for this setting is $False.</maml:para></maml:description><command:parameterValue required="true" variableLength="false">Boolean</command:parameterValue></command:parameter><command:parameter required="false" variableLength="false" globbing="false" pipelineInput="false" position="named" aliases=""><maml:name>VMName</maml:name><maml:description><maml:para>Specifies a name for the VM for this policy entry. Administrators can use this name for any purpose.</maml:para></maml:description><command:parameterValue required="true" variableLength="false">String</command:parameterValue></command:parameter><command:parameter required="true" variableLength="false" globbing="false" pipelineInput="false" position="named" aliases=""><maml:name>CustomerAddress</maml:name><maml:description><maml:para>Specifies the IP address for a VM. You can use can use either an IPv4 or IPv6 address.</maml:para></maml:description><command:parameterValue required="true" variableLength="false">String</command:parameterValue></command:parameter><command:parameter required="true" variableLength="false" globbing="false" pipelineInput="false" position="named" aliases=""><maml:name>MACAddress</maml:name><maml:description><maml:para>Specifies a MAC address that corresponds to the Customer Address.</maml:para></maml:description><command:parameterValue required="true" variableLength="false">String</command:parameterValue></command:parameter><command:parameter required="true" variableLength="false" globbing="false" pipelineInput="false" position="named" aliases=""><maml:name>ProviderAddress</maml:name><maml:description><maml:para>Specifies an IP address, either IPv4 or IPv6, for a physical address that corresponds to the Customer Address.</maml:para></maml:description><command:parameterValue required="true" variableLength="false">String</command:parameterValue></command:parameter><command:parameter required="true" variableLength="false" globbing="false" pipelineInput="false" position="named" aliases=""><maml:name>Rule</maml:name><maml:description><maml:para>Specifies which type of virtualization mechanism that the policy entry uses. The acceptable values for this parameter are: 

-- TranslationMethodNat. IP address rewrite.
-- TranslationMethodEncap. Network Virtualization Generic Routing Encapsulation (NVGRE).
-- TranslationMethodNone. None.</maml:para></maml:description><command:parameterValue required="true" variableLength="false">RuleType</command:parameterValue></command:parameter><command:parameter required="true" variableLength="false" globbing="false" pipelineInput="false" position="named" aliases=""><maml:name>VirtualSubnetID</maml:name><maml:description><maml:para>Specifies an ID for the virtual subnet that the Customer address belongs to. The acceptable values for this parameter are: integers from 4096 through 16777214.</maml:para></maml:description><command:parameterValue required="true" variableLength="false">UInt32</command:parameterValue></command:parameter></command:syntaxItem></command:syntax><command:parameters><command:parameter required="false" variableLength="false" globbing="false" pipelineInput="false" position="named" aliases=""><maml:name>AsJob</maml:name><maml:description><maml:para>Runs the cmdlet as a background job. Use this parameter to run commands that take a long time to complete. 
 The cmdlet immediately returns an object that represents the job and then displays the command prompt. You can continue to work in the session while the job completes. To manage the job, use the *-Job cmdlets. To get the job results, use the <maml:navigationLink><maml:linkText>Receive-Job</maml:linkText><maml:uri></maml:uri></maml:navigationLink> cmdlet. 
 For more information about Windows PowerShell® background jobs, see <maml:navigationLink><maml:linkText>about_Jobs</maml:linkText><maml:uri></maml:uri></maml:navigationLink>.</maml:para></maml:description><command:parameterValue required="false" variableLength="false">SwitchParameter</command:parameterValue><dev:type><maml:name>SwitchParameter</maml:name><maml:uri /></dev:type><dev:defaultValue></dev:defaultValue></command:parameter><command:parameter required="false" variableLength="true" globbing="false" pipelineInput="false" position="named" aliases="Session"><maml:name>CimSession</maml:name><maml:description><maml:para>Runs the cmdlet in a remote session or on a remote computer. Enter a computer name or a session object, such as the output of a <maml:navigationLink><maml:linkText>New-CimSession</maml:linkText><maml:uri></maml:uri></maml:navigationLink> or <maml:navigationLink><maml:linkText>Get-CimSession</maml:linkText><maml:uri></maml:uri></maml:navigationLink> cmdlet. The default is the current session on the local computer.</maml:para></maml:description><command:parameterValue required="true" variableLength="true">CimSession[]</command:parameterValue><dev:type><maml:name>CimSession[]</maml:name><maml:uri /></dev:type><dev:defaultValue></dev:defaultValue></command:parameter><command:parameter required="false" variableLength="false" globbing="false" pipelineInput="false" position="named" aliases=""><maml:name>Context</maml:name><maml:description><maml:para>Specifies a comment regarding the policy entry. Administrators can use this comment for any purpose.</maml:para></maml:description><command:parameterValue required="true" variableLength="false">String</command:parameterValue><dev:type><maml:name>String</maml:name><maml:uri /></dev:type><dev:defaultValue></dev:defaultValue></command:parameter><command:parameter required="true" variableLength="false" globbing="false" pipelineInput="false" position="named" aliases=""><maml:name>CustomerAddress</maml:name><maml:description><maml:para>Specifies the IP address for a VM. You can use can use either an IPv4 or IPv6 address.</maml:para></maml:description><command:parameterValue required="true" variableLength="false">String</command:parameterValue><dev:type><maml:name>String</maml:name><maml:uri /></dev:type><dev:defaultValue></dev:defaultValue></command:parameter><command:parameter required="false" variableLength="false" globbing="false" pipelineInput="false" position="named" aliases=""><maml:name>CustomerID</maml:name><maml:description><maml:para>Specifies an ID for a policy entry or VM. Administrators can use this setting for any purpose.</maml:para></maml:description><command:parameterValue required="true" variableLength="false">String</command:parameterValue><dev:type><maml:name>String</maml:name><maml:uri /></dev:type><dev:defaultValue></dev:defaultValue></command:parameter><command:parameter required="true" variableLength="false" globbing="false" pipelineInput="false" position="named" aliases=""><maml:name>MACAddress</maml:name><maml:description><maml:para>Specifies a MAC address that corresponds to the Customer Address.</maml:para></maml:description><command:parameterValue required="true" variableLength="false">String</command:parameterValue><dev:type><maml:name>String</maml:name><maml:uri /></dev:type><dev:defaultValue></dev:defaultValue></command:parameter><command:parameter required="true" variableLength="false" globbing="false" pipelineInput="false" position="named" aliases=""><maml:name>ProviderAddress</maml:name><maml:description><maml:para>Specifies an IP address, either IPv4 or IPv6, for a physical address that corresponds to the Customer Address.</maml:para></maml:description><command:parameterValue required="true" variableLength="false">String</command:parameterValue><dev:type><maml:name>String</maml:name><maml:uri /></dev:type><dev:defaultValue></dev:defaultValue></command:parameter><command:parameter required="true" variableLength="false" globbing="false" pipelineInput="false" position="named" aliases=""><maml:name>Rule</maml:name><maml:description><maml:para>Specifies which type of virtualization mechanism that the policy entry uses. The acceptable values for this parameter are: 

-- TranslationMethodNat. IP address rewrite.
-- TranslationMethodEncap. Network Virtualization Generic Routing Encapsulation (NVGRE).
-- TranslationMethodNone. None.</maml:para></maml:description><command:parameterValue required="true" variableLength="false">RuleType</command:parameterValue><dev:type><maml:name>RuleType</maml:name><maml:uri /></dev:type><dev:defaultValue></dev:defaultValue></command:parameter><command:parameter required="false" variableLength="false" globbing="false" pipelineInput="false" position="named" aliases=""><maml:name>ThrottleLimit</maml:name><maml:description><maml:para>Specifies the maximum number of concurrent operations that can be established to run the cmdlet. If this parameter is omitted or a value of 0 is entered, then Windows PowerShell® calculates an optimum throttle limit for the cmdlet based on the number of CIM cmdlets that are running on the computer. The throttle limit applies only to the current cmdlet, not to the session or to the computer.</maml:para></maml:description><command:parameterValue required="true" variableLength="false">Int32</command:parameterValue><dev:type><maml:name>Int32</maml:name><maml:uri /></dev:type><dev:defaultValue></dev:defaultValue></command:parameter><command:parameter required="false" variableLength="false" globbing="false" pipelineInput="false" position="named" aliases=""><maml:name>Type</maml:name><maml:description><maml:para>Specifies a type. The type determines the address mapping for a record. The acceptable values for this parameter are: 

-- Static.  The Customer Address (CA) specified in this lookup record is the address assigned to the corresponding virtual machine, which is implicitly specified by the MAC address. An administrator or System Center 2012 R2 Virtual Machine Manager creates this lookup record. 
-- Dynamic.  The Customer Address specified in this lookup record is the address assigned to the corresponding virtual machine, which is implicitly specified by the MAC address. For example, the Hyper-V Network Virtualization software creates this record for virtual machines that obtain their IP addresses from a DHCP server. 
-- L2Only.  The Customer Address specified in this lookup record should be set to 0.0.0.0 for IPv4, or :: for IPv6. The corresponding virtual machine, implicitly specified by the MAC address, learns the CA dynamically. 
-- GatewayWildcard.  The CA address specified in this lookup record should be set to 0.0.0.0 for IPv4, or :: for IPv6. The corresponding virtual machine, implicitly specified by the MAC address, is a Hyper-V Network Virtualization gateway.</maml:para></maml:description><command:parameterValue required="true" variableLength="false">Type</command:parameterValue><dev:type><maml:name>Type</maml:name><maml:uri /></dev:type><dev:defaultValue></dev:defaultValue></command:parameter><command:parameter required="false" variableLength="false" globbing="false" pipelineInput="false" position="named" aliases=""><maml:name>UseVmMACAddress</maml:name><maml:description><maml:para>Indicates whether this entry uses its defined MAC address instead of physical MAC address. Virtual networking can use different MAC addresses for different VMs to balance traffic among multiple CPU cores.</maml:para><maml:para>A value of $True is valid only if the Rule parameter has a value of TranslationMethodNat. The default value for this setting is $False.</maml:para></maml:description><command:parameterValue required="true" variableLength="false">Boolean</command:parameterValue><dev:type><maml:name>Boolean</maml:name><maml:uri /></dev:type><dev:defaultValue></dev:defaultValue></command:parameter><command:parameter required="true" variableLength="false" globbing="false" pipelineInput="false" position="named" aliases=""><maml:name>VirtualSubnetID</maml:name><maml:description><maml:para>Specifies an ID for the virtual subnet that the Customer address belongs to. The acceptable values for this parameter are: integers from 4096 through 16777214.</maml:para></maml:description><command:parameterValue required="true" variableLength="false">UInt32</command:parameterValue><dev:type><maml:name>UInt32</maml:name><maml:uri /></dev:type><dev:defaultValue></dev:defaultValue></command:parameter><command:parameter required="false" variableLength="false" globbing="false" pipelineInput="false" position="named" aliases=""><maml:name>VMName</maml:name><maml:description><maml:para>Specifies a name for the VM for this policy entry. Administrators can use this name for any purpose.</maml:para></maml:description><command:parameterValue required="true" variableLength="false">String</command:parameterValue><dev:type><maml:name>String</maml:name><maml:uri /></dev:type><dev:defaultValue></dev:defaultValue></command:parameter></command:parameters><command:inputTypes><command:inputType><dev:type><maml:name></maml:name><maml:uri></maml:uri><maml:description><maml:para /></maml:description></dev:type><maml:description></maml:description></command:inputType></command:inputTypes><command:returnValues><command:returnValue><dev:type><maml:name></maml:name><maml:uri></maml:uri><maml:description><maml:para /></maml:description></dev:type><maml:description></maml:description></command:returnValue></command:returnValues><command:terminatingErrors /><command:nonTerminatingErrors /><command:examples><command:example><maml:title>Example 1: Create a policy entry</maml:title><maml:introduction><maml:para></maml:para></maml:introduction><dev:code>PS C:\&gt; New-NetVirtualizationLookupRecord -CustomerAddress "10.0.0.5" -MACAddress "101010101105" -ProviderAddress "192.168.1.101" -Rule "TranslationMethodEncap" -VirtualSubnetID "6000" -VMName "BlueS1-VM1"
</dev:code><dev:remarks><maml:para>This command creates a policy entry for a Customer Address 10.0.0.5. The command specifies the required values: a MAC address for the VM, the physical Provider Address, a rule type (TranslationMethodEncap, which means the entry uses NVGRE), and a virtual subnet ID. The command also specifies a name for the VM.</maml:para></dev:remarks><command:commandLines><command:commandLine><command:commandText /></command:commandLine></command:commandLines></command:example></command:examples><maml:relatedLinks><maml:navigationLink><maml:linkText>Online Version:</maml:linkText><maml:uri>http://go.microsoft.com/fwlink/?LinkId=289182</maml:uri></maml:navigationLink><maml:navigationLink><maml:linkText>Get-NetVirtualizationLookupRecord</maml:linkText><maml:uri /></maml:navigationLink><maml:navigationLink><maml:linkText>Remove-NetVirtualizationLookupRecord</maml:linkText><maml:uri /></maml:navigationLink><maml:navigationLink><maml:linkText>Set-NetVirtualizationLookupRecord</maml:linkText><maml:uri /></maml:navigationLink></maml:relatedLinks></command:command>

<command:command xmlns:maml="http://schemas.microsoft.com/maml/2004/10" xmlns:command="http://schemas.microsoft.com/maml/dev/command/2004/10" xmlns:dev="http://schemas.microsoft.com/maml/dev/2004/10" xmlns:MSHelp="http://msdn.microsoft.com/mshelp"><command:details><command:name>Remove-NetVirtualizationLookupRecord</command:name><maml:description><maml:para>Removes policy entries for IP addresses in a virtual network. </maml:para></maml:description><maml:copyright><maml:para /></maml:copyright><command:verb>Remove</command:verb><command:noun>NetVirtualizationLookupRecord</command:noun><dev:version /></command:details><maml:description><maml:para>The Remove-NetVirtualizationLookupRecord cmdlet removes lookup record policy entries for IP addresses that belong to a Microsoft® Hyper-V® Server 2012 virtual network. Network Virtualization allows more than one virtual network to exist on the same physical network. Computers can exchange network traffic with a virtual machine (VM) by using a Customer Address within the virtual network. Network Virtualization manages the Provider Addresses that are the physical network addresses. This cmdlet removes records that map a Customer Address to a Provider Address. For more information, see <maml:navigationLink><maml:linkText>Network Virtualization technical details</maml:linkText><maml:uri></maml:uri></maml:navigationLink> (http://technet.microsoft.com/library/jj134174.aspx) on TechNet. </maml:para><maml:para>You can specify which entries to remove, or you can remove all policy entries for a Hyper-V Server 2012 host. You can use the Get-NetVirtualizationLookupRecord cmdlet to get entries to remove.</maml:para></maml:description><command:syntax><command:syntaxItem><maml:name>Remove-NetVirtualizationLookupRecord</maml:name><command:parameter required="false" variableLength="false" globbing="false" pipelineInput="false" position="named" aliases=""><maml:name>AsJob</maml:name><maml:description><maml:para>Runs the cmdlet as a background job. Use this parameter to run commands that take a long time to complete. 
 The cmdlet immediately returns an object that represents the job and then displays the command prompt. You can continue to work in the session while the job completes. To manage the job, use the *-Job cmdlets. To get the job results, use the <maml:navigationLink><maml:linkText>Receive-Job</maml:linkText><maml:uri></maml:uri></maml:navigationLink> cmdlet. 
 For more information about Windows PowerShell® background jobs, see <maml:navigationLink><maml:linkText>about_Jobs</maml:linkText><maml:uri></maml:uri></maml:navigationLink>.</maml:para></maml:description></command:parameter><command:parameter required="false" variableLength="true" globbing="false" pipelineInput="false" position="named" aliases="Session"><maml:name>CimSession</maml:name><maml:description><maml:para>Runs the cmdlet in a remote session or on a remote computer. Enter a computer name or a session object, such as the output of a <maml:navigationLink><maml:linkText>New-CimSession</maml:linkText><maml:uri></maml:uri></maml:navigationLink> or <maml:navigationLink><maml:linkText>Get-CimSession</maml:linkText><maml:uri></maml:uri></maml:navigationLink> cmdlet. The default is the current session on the local computer.</maml:para></maml:description><command:parameterValue required="true" variableLength="true">CimSession[]</command:parameterValue></command:parameter><command:parameter required="false" variableLength="true" globbing="false" pipelineInput="false" position="named" aliases=""><maml:name>Context</maml:name><maml:description><maml:para>Specifies an array of comments regarding policy entries. </maml:para></maml:description><command:parameterValue required="true" variableLength="true">String[]</command:parameterValue></command:parameter><command:parameter required="false" variableLength="true" globbing="false" pipelineInput="false" position="named" aliases=""><maml:name>CustomerAddress</maml:name><maml:description><maml:para>Specifies an array of IP addresses within the virtual network. You can use both IPv4 and IPv6 addresses.</maml:para></maml:description><command:parameterValue required="true" variableLength="true">String[]</command:parameterValue></command:parameter><command:parameter required="false" variableLength="true" globbing="false" pipelineInput="false" position="named" aliases=""><maml:name>CustomerID</maml:name><maml:description><maml:para>Specifies an array of IDs for policy entries or VMs. </maml:para></maml:description><command:parameterValue required="true" variableLength="true">String[]</command:parameterValue></command:parameter><command:parameter required="false" variableLength="true" globbing="false" pipelineInput="false" position="named" aliases=""><maml:name>MACAddress</maml:name><maml:description><maml:para>Specifies an array of media access control (MAC) addresses that corresponds to the Customer Addresses.</maml:para></maml:description><command:parameterValue required="true" variableLength="true">String[]</command:parameterValue></command:parameter><command:parameter required="false" variableLength="false" globbing="false" pipelineInput="false" position="named" aliases=""><maml:name>PassThru</maml:name><maml:description><maml:para>Returns an object representing the item with which you are working. By default, this cmdlet does not generate any output.</maml:para></maml:description></command:parameter><command:parameter required="false" variableLength="true" globbing="false" pipelineInput="false" position="named" aliases=""><maml:name>ProviderAddress</maml:name><maml:description><maml:para>Specifies an array of IP addresses, either IPv4 or IPv6, for physical addresses that corresponds to the Customer Addresses.</maml:para></maml:description><command:parameterValue required="true" variableLength="true">String[]</command:parameterValue></command:parameter><command:parameter required="false" variableLength="true" globbing="false" pipelineInput="false" position="named" aliases=""><maml:name>Rule</maml:name><maml:description><maml:para>Specifies an array of virtualization mechanisms that policy entries use. The acceptable values for this parameter are: 

-- TranslationMethodNat. IP address rewrite.
-- TranslationMethodEncap. Network Virtualization Generic Routing Encapsulation (NVGRE).
-- TranslationMethodNone. None.</maml:para></maml:description><command:parameterValue required="true" variableLength="true">RuleType[]</command:parameterValue></command:parameter><command:parameter required="false" variableLength="false" globbing="false" pipelineInput="false" position="named" aliases=""><maml:name>ThrottleLimit</maml:name><maml:description><maml:para>Specifies the maximum number of concurrent operations that can be established to run the cmdlet. If this parameter is omitted or a value of 0 is entered, then Windows PowerShell® calculates an optimum throttle limit for the cmdlet based on the number of CIM cmdlets that are running on the computer. The throttle limit applies only to the current cmdlet, not to the session or to the computer.</maml:para></maml:description><command:parameterValue required="true" variableLength="false">Int32</command:parameterValue></command:parameter><command:parameter required="false" variableLength="true" globbing="false" pipelineInput="false" position="named" aliases=""><maml:name>Type</maml:name><maml:description><maml:para>Specifies an array of types. The type determines the address mapping for a record.</maml:para></maml:description><command:parameterValue required="true" variableLength="true">Type[]</command:parameterValue></command:parameter><command:parameter required="false" variableLength="true" globbing="false" pipelineInput="false" position="named" aliases=""><maml:name>Unsynchronized</maml:name><maml:description><maml:para>Specifies an array of Boolean values that indicate whether a record is not synchronized with the central policy controller.</maml:para></maml:description><command:parameterValue required="true" variableLength="true">Boolean[]</command:parameterValue></command:parameter><command:parameter required="false" variableLength="true" globbing="false" pipelineInput="false" position="named" aliases=""><maml:name>Unusable</maml:name><maml:description><maml:para>Specifies an array of Boolean values that indicate whether a record is unusable for data communication.</maml:para></maml:description><command:parameterValue required="true" variableLength="true">Boolean[]</command:parameterValue></command:parameter><command:parameter required="false" variableLength="true" globbing="false" pipelineInput="false" position="named" aliases=""><maml:name>UseVmMACAddress</maml:name><maml:description><maml:para>Specifies an array of Boolean values that indicate whether an entry uses its defined MAC address instead of physical MAC address. </maml:para></maml:description><command:parameterValue required="true" variableLength="true">Boolean[]</command:parameterValue></command:parameter><command:parameter required="false" variableLength="true" globbing="false" pipelineInput="false" position="named" aliases=""><maml:name>VirtualSubnetID</maml:name><maml:description><maml:para>Specifies an array of IDs for the virtual subnet that the Customer address belongs to. The acceptable values for this parameter are: integers from 4096 through 16777214.</maml:para></maml:description><command:parameterValue required="true" variableLength="true">UInt32[]</command:parameterValue></command:parameter><command:parameter required="false" variableLength="true" globbing="false" pipelineInput="false" position="named" aliases=""><maml:name>VMName</maml:name><maml:description><maml:para>Specifies an array of names for the VM for a policy entry. </maml:para></maml:description><command:parameterValue required="true" variableLength="true">String[]</command:parameterValue></command:parameter></command:syntaxItem><command:syntaxItem><maml:name>Remove-NetVirtualizationLookupRecord</maml:name><command:parameter required="false" variableLength="false" globbing="false" pipelineInput="false" position="named" aliases=""><maml:name>AsJob</maml:name><maml:description><maml:para>Runs the cmdlet as a background job. Use this parameter to run commands that take a long time to complete. 
 The cmdlet immediately returns an object that represents the job and then displays the command prompt. You can continue to work in the session while the job completes. To manage the job, use the *-Job cmdlets. To get the job results, use the <maml:navigationLink><maml:linkText>Receive-Job</maml:linkText><maml:uri></maml:uri></maml:navigationLink> cmdlet. 
 For more information about Windows PowerShell® background jobs, see <maml:navigationLink><maml:linkText>about_Jobs</maml:linkText><maml:uri></maml:uri></maml:navigationLink>.</maml:para></maml:description></command:parameter><command:parameter required="false" variableLength="true" globbing="false" pipelineInput="false" position="named" aliases="Session"><maml:name>CimSession</maml:name><maml:description><maml:para>Runs the cmdlet in a remote session or on a remote computer. Enter a computer name or a session object, such as the output of a <maml:navigationLink><maml:linkText>New-CimSession</maml:linkText><maml:uri></maml:uri></maml:navigationLink> or <maml:navigationLink><maml:linkText>Get-CimSession</maml:linkText><maml:uri></maml:uri></maml:navigationLink> cmdlet. The default is the current session on the local computer.</maml:para></maml:description><command:parameterValue required="true" variableLength="true">CimSession[]</command:parameterValue></command:parameter><command:parameter required="false" variableLength="false" globbing="false" pipelineInput="false" position="named" aliases=""><maml:name>PassThru</maml:name><maml:description><maml:para>Returns an object representing the item with which you are working. By default, this cmdlet does not generate any output.</maml:para></maml:description></command:parameter><command:parameter required="false" variableLength="false" globbing="false" pipelineInput="false" position="named" aliases=""><maml:name>ThrottleLimit</maml:name><maml:description><maml:para>Specifies the maximum number of concurrent operations that can be established to run the cmdlet. If this parameter is omitted or a value of 0 is entered, then Windows PowerShell® calculates an optimum throttle limit for the cmdlet based on the number of CIM cmdlets that are running on the computer. The throttle limit applies only to the current cmdlet, not to the session or to the computer.</maml:para></maml:description><command:parameterValue required="true" variableLength="false">Int32</command:parameterValue></command:parameter><command:parameter required="true" variableLength="true" globbing="false" pipelineInput="True (ByValue)" position="named" aliases=""><maml:name>InputObject</maml:name><maml:description><maml:para>Specifies the input to this cmdlet. You can use this parameter, or you can pipe the input to this cmdlet.</maml:para></maml:description><command:parameterValue required="true" variableLength="true">CimInstance[]</command:parameterValue></command:parameter></command:syntaxItem></command:syntax><command:parameters><command:parameter required="false" variableLength="false" globbing="false" pipelineInput="false" position="named" aliases=""><maml:name>AsJob</maml:name><maml:description><maml:para>Runs the cmdlet as a background job. Use this parameter to run commands that take a long time to complete. 
 The cmdlet immediately returns an object that represents the job and then displays the command prompt. You can continue to work in the session while the job completes. To manage the job, use the *-Job cmdlets. To get the job results, use the <maml:navigationLink><maml:linkText>Receive-Job</maml:linkText><maml:uri></maml:uri></maml:navigationLink> cmdlet. 
 For more information about Windows PowerShell® background jobs, see <maml:navigationLink><maml:linkText>about_Jobs</maml:linkText><maml:uri></maml:uri></maml:navigationLink>.</maml:para></maml:description><command:parameterValue required="false" variableLength="false">SwitchParameter</command:parameterValue><dev:type><maml:name>SwitchParameter</maml:name><maml:uri /></dev:type><dev:defaultValue></dev:defaultValue></command:parameter><command:parameter required="false" variableLength="true" globbing="false" pipelineInput="false" position="named" aliases="Session"><maml:name>CimSession</maml:name><maml:description><maml:para>Runs the cmdlet in a remote session or on a remote computer. Enter a computer name or a session object, such as the output of a <maml:navigationLink><maml:linkText>New-CimSession</maml:linkText><maml:uri></maml:uri></maml:navigationLink> or <maml:navigationLink><maml:linkText>Get-CimSession</maml:linkText><maml:uri></maml:uri></maml:navigationLink> cmdlet. The default is the current session on the local computer.</maml:para></maml:description><command:parameterValue required="true" variableLength="true">CimSession[]</command:parameterValue><dev:type><maml:name>CimSession[]</maml:name><maml:uri /></dev:type><dev:defaultValue></dev:defaultValue></command:parameter><command:parameter required="false" variableLength="true" globbing="false" pipelineInput="false" position="named" aliases=""><maml:name>Context</maml:name><maml:description><maml:para>Specifies an array of comments regarding policy entries. </maml:para></maml:description><command:parameterValue required="true" variableLength="true">String[]</command:parameterValue><dev:type><maml:name>String[]</maml:name><maml:uri /></dev:type><dev:defaultValue></dev:defaultValue></command:parameter><command:parameter required="false" variableLength="true" globbing="false" pipelineInput="false" position="named" aliases=""><maml:name>CustomerAddress</maml:name><maml:description><maml:para>Specifies an array of IP addresses within the virtual network. You can use both IPv4 and IPv6 addresses.</maml:para></maml:description><command:parameterValue required="true" variableLength="true">String[]</command:parameterValue><dev:type><maml:name>String[]</maml:name><maml:uri /></dev:type><dev:defaultValue></dev:defaultValue></command:parameter><command:parameter required="false" variableLength="true" globbing="false" pipelineInput="false" position="named" aliases=""><maml:name>CustomerID</maml:name><maml:description><maml:para>Specifies an array of IDs for policy entries or VMs. </maml:para></maml:description><command:parameterValue required="true" variableLength="true">String[]</command:parameterValue><dev:type><maml:name>String[]</maml:name><maml:uri /></dev:type><dev:defaultValue></dev:defaultValue></command:parameter><command:parameter required="true" variableLength="true" globbing="false" pipelineInput="True (ByValue)" position="named" aliases=""><maml:name>InputObject</maml:name><maml:description><maml:para>Specifies the input to this cmdlet. You can use this parameter, or you can pipe the input to this cmdlet.</maml:para></maml:description><command:parameterValue required="true" variableLength="true">CimInstance[]</command:parameterValue><dev:type><maml:name>CimInstance[]</maml:name><maml:uri /></dev:type><dev:defaultValue></dev:defaultValue></command:parameter><command:parameter required="false" variableLength="true" globbing="false" pipelineInput="false" position="named" aliases=""><maml:name>MACAddress</maml:name><maml:description><maml:para>Specifies an array of media access control (MAC) addresses that corresponds to the Customer Addresses.</maml:para></maml:description><command:parameterValue required="true" variableLength="true">String[]</command:parameterValue><dev:type><maml:name>String[]</maml:name><maml:uri /></dev:type><dev:defaultValue></dev:defaultValue></command:parameter><command:parameter required="false" variableLength="false" globbing="false" pipelineInput="false" position="named" aliases=""><maml:name>PassThru</maml:name><maml:description><maml:para>Returns an object representing the item with which you are working. By default, this cmdlet does not generate any output.</maml:para></maml:description><command:parameterValue required="false" variableLength="false">SwitchParameter</command:parameterValue><dev:type><maml:name>SwitchParameter</maml:name><maml:uri /></dev:type><dev:defaultValue></dev:defaultValue></command:parameter><command:parameter required="false" variableLength="true" globbing="false" pipelineInput="false" position="named" aliases=""><maml:name>ProviderAddress</maml:name><maml:description><maml:para>Specifies an array of IP addresses, either IPv4 or IPv6, for physical addresses that corresponds to the Customer Addresses.</maml:para></maml:description><command:parameterValue required="true" variableLength="true">String[]</command:parameterValue><dev:type><maml:name>String[]</maml:name><maml:uri /></dev:type><dev:defaultValue></dev:defaultValue></command:parameter><command:parameter required="false" variableLength="true" globbing="false" pipelineInput="false" position="named" aliases=""><maml:name>Rule</maml:name><maml:description><maml:para>Specifies an array of virtualization mechanisms that policy entries use. The acceptable values for this parameter are: 

-- TranslationMethodNat. IP address rewrite.
-- TranslationMethodEncap. Network Virtualization Generic Routing Encapsulation (NVGRE).
-- TranslationMethodNone. None.</maml:para></maml:description><command:parameterValue required="true" variableLength="true">RuleType[]</command:parameterValue><dev:type><maml:name>RuleType[]</maml:name><maml:uri /></dev:type><dev:defaultValue></dev:defaultValue></command:parameter><command:parameter required="false" variableLength="false" globbing="false" pipelineInput="false" position="named" aliases=""><maml:name>ThrottleLimit</maml:name><maml:description><maml:para>Specifies the maximum number of concurrent operations that can be established to run the cmdlet. If this parameter is omitted or a value of 0 is entered, then Windows PowerShell® calculates an optimum throttle limit for the cmdlet based on the number of CIM cmdlets that are running on the computer. The throttle limit applies only to the current cmdlet, not to the session or to the computer.</maml:para></maml:description><command:parameterValue required="true" variableLength="false">Int32</command:parameterValue><dev:type><maml:name>Int32</maml:name><maml:uri /></dev:type><dev:defaultValue></dev:defaultValue></command:parameter><command:parameter required="false" variableLength="true" globbing="false" pipelineInput="false" position="named" aliases=""><maml:name>Type</maml:name><maml:description><maml:para>Specifies an array of types. The type determines the address mapping for a record.</maml:para></maml:description><command:parameterValue required="true" variableLength="true">Type[]</command:parameterValue><dev:type><maml:name>Type[]</maml:name><maml:uri /></dev:type><dev:defaultValue></dev:defaultValue></command:parameter><command:parameter required="false" variableLength="true" globbing="false" pipelineInput="false" position="named" aliases=""><maml:name>Unsynchronized</maml:name><maml:description><maml:para>Specifies an array of Boolean values that indicate whether a record is not synchronized with the central policy controller.</maml:para></maml:description><command:parameterValue required="true" variableLength="true">Boolean[]</command:parameterValue><dev:type><maml:name>Boolean[]</maml:name><maml:uri /></dev:type><dev:defaultValue></dev:defaultValue></command:parameter><command:parameter required="false" variableLength="true" globbing="false" pipelineInput="false" position="named" aliases=""><maml:name>Unusable</maml:name><maml:description><maml:para>Specifies an array of Boolean values that indicate whether a record is unusable for data communication.</maml:para></maml:description><command:parameterValue required="true" variableLength="true">Boolean[]</command:parameterValue><dev:type><maml:name>Boolean[]</maml:name><maml:uri /></dev:type><dev:defaultValue></dev:defaultValue></command:parameter><command:parameter required="false" variableLength="true" globbing="false" pipelineInput="false" position="named" aliases=""><maml:name>UseVmMACAddress</maml:name><maml:description><maml:para>Specifies an array of Boolean values that indicate whether an entry uses its defined MAC address instead of physical MAC address. </maml:para></maml:description><command:parameterValue required="true" variableLength="true">Boolean[]</command:parameterValue><dev:type><maml:name>Boolean[]</maml:name><maml:uri /></dev:type><dev:defaultValue></dev:defaultValue></command:parameter><command:parameter required="false" variableLength="true" globbing="false" pipelineInput="false" position="named" aliases=""><maml:name>VirtualSubnetID</maml:name><maml:description><maml:para>Specifies an array of IDs for the virtual subnet that the Customer address belongs to. The acceptable values for this parameter are: integers from 4096 through 16777214.</maml:para></maml:description><command:parameterValue required="true" variableLength="true">UInt32[]</command:parameterValue><dev:type><maml:name>UInt32[]</maml:name><maml:uri /></dev:type><dev:defaultValue></dev:defaultValue></command:parameter><command:parameter required="false" variableLength="true" globbing="false" pipelineInput="false" position="named" aliases=""><maml:name>VMName</maml:name><maml:description><maml:para>Specifies an array of names for the VM for a policy entry. </maml:para></maml:description><command:parameterValue required="true" variableLength="true">String[]</command:parameterValue><dev:type><maml:name>String[]</maml:name><maml:uri /></dev:type><dev:defaultValue></dev:defaultValue></command:parameter></command:parameters><command:inputTypes><command:inputType><dev:type><maml:name></maml:name><maml:uri></maml:uri><maml:description><maml:para /></maml:description></dev:type><maml:description></maml:description></command:inputType></command:inputTypes><command:returnValues><command:returnValue><dev:type><maml:name></maml:name><maml:uri></maml:uri><maml:description><maml:para /></maml:description></dev:type><maml:description></maml:description></command:returnValue></command:returnValues><command:terminatingErrors /><command:nonTerminatingErrors /><command:examples><command:example><maml:title>Example 1: Remove all policy entries </maml:title><maml:introduction><maml:para></maml:para></maml:introduction><dev:code>PS C:\&gt; Remove-NetVirtualizationLookupRecord
</dev:code><dev:remarks><maml:para>This command removes all the policy entries for the current host.</maml:para></dev:remarks><command:commandLines><command:commandLine><command:commandText /></command:commandLine></command:commandLines></command:example><command:example><maml:title>Example 2: Remove policy entries for a specified virtual subnet</maml:title><maml:introduction><maml:para></maml:para></maml:introduction><dev:code>PS C:\&gt;Remove-NetVirtualizationLookupRecord -VirtualSubnetID 10234
</dev:code><dev:remarks><maml:para>This command removes all policy entries that belong to the virtual subnet that has the ID 10234.</maml:para></dev:remarks><command:commandLines><command:commandLine><command:commandText /></command:commandLine></command:commandLines></command:example><command:example><maml:title>Example 3: Remove policy entries for a specified VM name</maml:title><maml:introduction><maml:para></maml:para></maml:introduction><dev:code>PS C:\&gt;Remove-NetVirtualizationLookupRecord -VMName "Contoso-VM2"
</dev:code><dev:remarks><maml:para>This command removes all the policy entries that contain the specified VM name. </maml:para></dev:remarks><command:commandLines><command:commandLine><command:commandText /></command:commandLine></command:commandLines></command:example></command:examples><maml:relatedLinks><maml:navigationLink><maml:linkText>Online Version:</maml:linkText><maml:uri>http://go.microsoft.com/fwlink/?LinkId=289187</maml:uri></maml:navigationLink><maml:navigationLink><maml:linkText>Get-NetVirtualizationLookupRecord</maml:linkText><maml:uri /></maml:navigationLink><maml:navigationLink><maml:linkText>New-NetVirtualizationLookupRecord</maml:linkText><maml:uri /></maml:navigationLink><maml:navigationLink><maml:linkText>Set-NetVirtualizationLookupRecord</maml:linkText><maml:uri /></maml:navigationLink></maml:relatedLinks></command:command>

<command:command xmlns:maml="http://schemas.microsoft.com/maml/2004/10" xmlns:command="http://schemas.microsoft.com/maml/dev/command/2004/10" xmlns:dev="http://schemas.microsoft.com/maml/dev/2004/10" xmlns:MSHelp="http://msdn.microsoft.com/mshelp"><command:details><command:name>Set-NetVirtualizationLookupRecord</command:name><maml:description><maml:para>Changes settings for policy entries that belong to a virtual network. </maml:para></maml:description><maml:copyright><maml:para /></maml:copyright><command:verb>Set</command:verb><command:noun>NetVirtualizationLookupRecord</command:noun><dev:version /></command:details><maml:description><maml:para>The Set-NetVirtualizationLookupRecord cmdlet changes settings for lookup record policy entries for IP addresses that belong to a Microsoft® Hyper-V® Server 2012 virtual network. Network Virtualization allows more than one virtual network to exist on the same physical network. Computers can exchange network traffic with a virtual machine (VM) by using a Customer Address within the virtual network. Network Virtualization manages the Provider Addresses that are the physical network addresses. This cmdlet modifies records that map a Customer Address to a Provider Address. For more information, see <maml:navigationLink><maml:linkText>Network Virtualization technical details</maml:linkText><maml:uri></maml:uri></maml:navigationLink> (http://technet.microsoft.com/library/jj134174.aspx) on TechNet.</maml:para><maml:para></maml:para><maml:para>You can update the Provider Address, customer ID, context, VM name, and whether to use a VM media access control (MAC) address. You can specify which policy entries to update by using a Customer Address, a MAC address, a rule type, or a virtual subnet ID, or you can use the Get-NetVirtualizationLookupRecord cmdlet to obtain a policy entry. </maml:para></maml:description><command:syntax><command:syntaxItem><maml:name>Set-NetVirtualizationLookupRecord</maml:name><command:parameter required="false" variableLength="false" globbing="false" pipelineInput="false" position="named" aliases=""><maml:name>AsJob</maml:name><maml:description><maml:para>Runs the cmdlet as a background job. Use this parameter to run commands that take a long time to complete. 
 The cmdlet immediately returns an object that represents the job and then displays the command prompt. You can continue to work in the session while the job completes. To manage the job, use the *-Job cmdlets. To get the job results, use the <maml:navigationLink><maml:linkText>Receive-Job</maml:linkText><maml:uri></maml:uri></maml:navigationLink> cmdlet. 
 For more information about Windows PowerShell® background jobs, see <maml:navigationLink><maml:linkText>about_Jobs</maml:linkText><maml:uri></maml:uri></maml:navigationLink>.</maml:para></maml:description></command:parameter><command:parameter required="false" variableLength="true" globbing="false" pipelineInput="false" position="named" aliases="Session"><maml:name>CimSession</maml:name><maml:description><maml:para>Runs the cmdlet in a remote session or on a remote computer. Enter a computer name or a session object, such as the output of a <maml:navigationLink><maml:linkText>New-CimSession</maml:linkText><maml:uri></maml:uri></maml:navigationLink> or <maml:navigationLink><maml:linkText>Get-CimSession</maml:linkText><maml:uri></maml:uri></maml:navigationLink> cmdlet. The default is the current session on the local computer.</maml:para></maml:description><command:parameterValue required="true" variableLength="true">CimSession[]</command:parameterValue></command:parameter><command:parameter required="false" variableLength="false" globbing="false" pipelineInput="false" position="named" aliases=""><maml:name>Context</maml:name><maml:description><maml:para>Specifies a comment regarding the policy entry. Administrators can use this comment for any purpose.</maml:para></maml:description><command:parameterValue required="true" variableLength="false">String</command:parameterValue></command:parameter><command:parameter required="false" variableLength="true" globbing="false" pipelineInput="false" position="named" aliases=""><maml:name>CustomerAddress</maml:name><maml:description><maml:para>Specifies an array of IP addresses within the Customer Address network. You can use both IPv4 and IPv6 addresses.</maml:para></maml:description><command:parameterValue required="true" variableLength="true">String[]</command:parameterValue></command:parameter><command:parameter required="false" variableLength="false" globbing="false" pipelineInput="false" position="named" aliases=""><maml:name>CustomerID</maml:name><maml:description><maml:para>Specifies an ID for a policy entry or VM. Administrators can use this setting for any purpose.</maml:para></maml:description><command:parameterValue required="true" variableLength="false">String</command:parameterValue></command:parameter><command:parameter required="false" variableLength="true" globbing="false" pipelineInput="false" position="named" aliases=""><maml:name>MACAddress</maml:name><maml:description><maml:para>Specifies a MAC address that corresponds to the Customer Address.</maml:para></maml:description><command:parameterValue required="true" variableLength="true">String[]</command:parameterValue></command:parameter><command:parameter required="false" variableLength="false" globbing="false" pipelineInput="false" position="named" aliases=""><maml:name>PassThru</maml:name><maml:description><maml:para>Returns an object representing the item with which you are working. By default, this cmdlet does not generate any output.</maml:para></maml:description></command:parameter><command:parameter required="false" variableLength="false" globbing="false" pipelineInput="false" position="named" aliases=""><maml:name>ProviderAddress</maml:name><maml:description><maml:para>Specifies an IP address, either IPv4 or IPv6, for a physical address that corresponds to the Customer Address.</maml:para></maml:description><command:parameterValue required="true" variableLength="false">String</command:parameterValue></command:parameter><command:parameter required="false" variableLength="false" globbing="false" pipelineInput="false" position="named" aliases=""><maml:name>Rule</maml:name><maml:description><maml:para>Specifies which type of virtualization mechanism that the policy entry uses. The acceptable values for this parameter are: 

-- TranslationMethodNat. IP address rewrite.
-- TranslationMethodEncap. Network Virtualization Generic Routing Encapsulation (NVGRE).
-- TranslationMethodNone. None.</maml:para></maml:description><command:parameterValue required="true" variableLength="false">RuleType</command:parameterValue></command:parameter><command:parameter required="false" variableLength="false" globbing="false" pipelineInput="false" position="named" aliases=""><maml:name>ThrottleLimit</maml:name><maml:description><maml:para>Specifies the maximum number of concurrent operations that can be established to run the cmdlet. If this parameter is omitted or a value of 0 is entered, then Windows PowerShell® calculates an optimum throttle limit for the cmdlet based on the number of CIM cmdlets that are running on the computer. The throttle limit applies only to the current cmdlet, not to the session or to the computer.</maml:para></maml:description><command:parameterValue required="true" variableLength="false">Int32</command:parameterValue></command:parameter><command:parameter required="false" variableLength="false" globbing="false" pipelineInput="false" position="named" aliases=""><maml:name>UseVmMACAddress</maml:name><maml:description><maml:para>Indicates whether this entry uses its defined MAC address instead of physical MAC address. Virtual networking can use different MAC addresses for different VMs to balance traffic among multiple CPU cores.</maml:para><maml:para>A value of $True is only valid if the Rule parameter has a value of TranslationMethodNat. The default value for this setting is $False.</maml:para></maml:description><command:parameterValue required="true" variableLength="false">Boolean</command:parameterValue></command:parameter><command:parameter required="false" variableLength="true" globbing="false" pipelineInput="false" position="named" aliases=""><maml:name>VirtualSubnetID</maml:name><maml:description><maml:para>Specifies an array of IDs for virtual subnets that Customer Addresses belongs to. The acceptable values for this parameter are: integers from 4096 through 16777214.</maml:para></maml:description><command:parameterValue required="true" variableLength="true">UInt32[]</command:parameterValue></command:parameter><command:parameter required="false" variableLength="false" globbing="false" pipelineInput="false" position="named" aliases=""><maml:name>VMName</maml:name><maml:description><maml:para>Specifies a name for the VM for this policy entry. Administrators can use this name for any purpose.</maml:para></maml:description><command:parameterValue required="true" variableLength="false">String</command:parameterValue></command:parameter></command:syntaxItem><command:syntaxItem><maml:name>Set-NetVirtualizationLookupRecord</maml:name><command:parameter required="false" variableLength="false" globbing="false" pipelineInput="false" position="named" aliases=""><maml:name>AsJob</maml:name><maml:description><maml:para>Runs the cmdlet as a background job. Use this parameter to run commands that take a long time to complete. 
 The cmdlet immediately returns an object that represents the job and then displays the command prompt. You can continue to work in the session while the job completes. To manage the job, use the *-Job cmdlets. To get the job results, use the <maml:navigationLink><maml:linkText>Receive-Job</maml:linkText><maml:uri></maml:uri></maml:navigationLink> cmdlet. 
 For more information about Windows PowerShell® background jobs, see <maml:navigationLink><maml:linkText>about_Jobs</maml:linkText><maml:uri></maml:uri></maml:navigationLink>.</maml:para></maml:description></command:parameter><command:parameter required="false" variableLength="true" globbing="false" pipelineInput="false" position="named" aliases="Session"><maml:name>CimSession</maml:name><maml:description><maml:para>Runs the cmdlet in a remote session or on a remote computer. Enter a computer name or a session object, such as the output of a <maml:navigationLink><maml:linkText>New-CimSession</maml:linkText><maml:uri></maml:uri></maml:navigationLink> or <maml:navigationLink><maml:linkText>Get-CimSession</maml:linkText><maml:uri></maml:uri></maml:navigationLink> cmdlet. The default is the current session on the local computer.</maml:para></maml:description><command:parameterValue required="true" variableLength="true">CimSession[]</command:parameterValue></command:parameter><command:parameter required="false" variableLength="false" globbing="false" pipelineInput="false" position="named" aliases=""><maml:name>Context</maml:name><maml:description><maml:para>Specifies a comment regarding the policy entry. Administrators can use this comment for any purpose.</maml:para></maml:description><command:parameterValue required="true" variableLength="false">String</command:parameterValue></command:parameter><command:parameter required="false" variableLength="false" globbing="false" pipelineInput="false" position="named" aliases=""><maml:name>CustomerID</maml:name><maml:description><maml:para>Specifies an ID for a policy entry or VM. Administrators can use this setting for any purpose.</maml:para></maml:description><command:parameterValue required="true" variableLength="false">String</command:parameterValue></command:parameter><command:parameter required="false" variableLength="false" globbing="false" pipelineInput="false" position="named" aliases=""><maml:name>PassThru</maml:name><maml:description><maml:para>Returns an object representing the item with which you are working. By default, this cmdlet does not generate any output.</maml:para></maml:description></command:parameter><command:parameter required="false" variableLength="false" globbing="false" pipelineInput="false" position="named" aliases=""><maml:name>ProviderAddress</maml:name><maml:description><maml:para>Specifies an IP address, either IPv4 or IPv6, for a physical address that corresponds to the Customer Address.</maml:para></maml:description><command:parameterValue required="true" variableLength="false">String</command:parameterValue></command:parameter><command:parameter required="false" variableLength="false" globbing="false" pipelineInput="false" position="named" aliases=""><maml:name>Rule</maml:name><maml:description><maml:para>Specifies which type of virtualization mechanism that the policy entry uses. The acceptable values for this parameter are: 

-- TranslationMethodNat. IP address rewrite.
-- TranslationMethodEncap. Network Virtualization Generic Routing Encapsulation (NVGRE).
-- TranslationMethodNone. None.</maml:para></maml:description><command:parameterValue required="true" variableLength="false">RuleType</command:parameterValue></command:parameter><command:parameter required="false" variableLength="false" globbing="false" pipelineInput="false" position="named" aliases=""><maml:name>ThrottleLimit</maml:name><maml:description><maml:para>Specifies the maximum number of concurrent operations that can be established to run the cmdlet. If this parameter is omitted or a value of 0 is entered, then Windows PowerShell® calculates an optimum throttle limit for the cmdlet based on the number of CIM cmdlets that are running on the computer. The throttle limit applies only to the current cmdlet, not to the session or to the computer.</maml:para></maml:description><command:parameterValue required="true" variableLength="false">Int32</command:parameterValue></command:parameter><command:parameter required="false" variableLength="false" globbing="false" pipelineInput="false" position="named" aliases=""><maml:name>UseVmMACAddress</maml:name><maml:description><maml:para>Indicates whether this entry uses its defined MAC address instead of physical MAC address. Virtual networking can use different MAC addresses for different VMs to balance traffic among multiple CPU cores.</maml:para><maml:para>A value of $True is only valid if the Rule parameter has a value of TranslationMethodNat. The default value for this setting is $False.</maml:para></maml:description><command:parameterValue required="true" variableLength="false">Boolean</command:parameterValue></command:parameter><command:parameter required="false" variableLength="false" globbing="false" pipelineInput="false" position="named" aliases=""><maml:name>VMName</maml:name><maml:description><maml:para>Specifies a name for the VM for this policy entry. Administrators can use this name for any purpose.</maml:para></maml:description><command:parameterValue required="true" variableLength="false">String</command:parameterValue></command:parameter><command:parameter required="true" variableLength="true" globbing="false" pipelineInput="True (ByValue)" position="named" aliases=""><maml:name>InputObject</maml:name><maml:description><maml:para>Specifies the input to this cmdlet. You can use this parameter, or you can pipe the input to this cmdlet.</maml:para></maml:description><command:parameterValue required="true" variableLength="true">CimInstance[]</command:parameterValue></command:parameter></command:syntaxItem></command:syntax><command:parameters><command:parameter required="false" variableLength="false" globbing="false" pipelineInput="false" position="named" aliases=""><maml:name>AsJob</maml:name><maml:description><maml:para>Runs the cmdlet as a background job. Use this parameter to run commands that take a long time to complete. 
 The cmdlet immediately returns an object that represents the job and then displays the command prompt. You can continue to work in the session while the job completes. To manage the job, use the *-Job cmdlets. To get the job results, use the <maml:navigationLink><maml:linkText>Receive-Job</maml:linkText><maml:uri></maml:uri></maml:navigationLink> cmdlet. 
 For more information about Windows PowerShell® background jobs, see <maml:navigationLink><maml:linkText>about_Jobs</maml:linkText><maml:uri></maml:uri></maml:navigationLink>.</maml:para></maml:description><command:parameterValue required="false" variableLength="false">SwitchParameter</command:parameterValue><dev:type><maml:name>SwitchParameter</maml:name><maml:uri /></dev:type><dev:defaultValue></dev:defaultValue></command:parameter><command:parameter required="false" variableLength="true" globbing="false" pipelineInput="false" position="named" aliases="Session"><maml:name>CimSession</maml:name><maml:description><maml:para>Runs the cmdlet in a remote session or on a remote computer. Enter a computer name or a session object, such as the output of a <maml:navigationLink><maml:linkText>New-CimSession</maml:linkText><maml:uri></maml:uri></maml:navigationLink> or <maml:navigationLink><maml:linkText>Get-CimSession</maml:linkText><maml:uri></maml:uri></maml:navigationLink> cmdlet. The default is the current session on the local computer.</maml:para></maml:description><command:parameterValue required="true" variableLength="true">CimSession[]</command:parameterValue><dev:type><maml:name>CimSession[]</maml:name><maml:uri /></dev:type><dev:defaultValue></dev:defaultValue></command:parameter><command:parameter required="false" variableLength="false" globbing="false" pipelineInput="false" position="named" aliases=""><maml:name>Context</maml:name><maml:description><maml:para>Specifies a comment regarding the policy entry. Administrators can use this comment for any purpose.</maml:para></maml:description><command:parameterValue required="true" variableLength="false">String</command:parameterValue><dev:type><maml:name>String</maml:name><maml:uri /></dev:type><dev:defaultValue></dev:defaultValue></command:parameter><command:parameter required="false" variableLength="true" globbing="false" pipelineInput="false" position="named" aliases=""><maml:name>CustomerAddress</maml:name><maml:description><maml:para>Specifies an array of IP addresses within the Customer Address network. You can use both IPv4 and IPv6 addresses.</maml:para></maml:description><command:parameterValue required="true" variableLength="true">String[]</command:parameterValue><dev:type><maml:name>String[]</maml:name><maml:uri /></dev:type><dev:defaultValue></dev:defaultValue></command:parameter><command:parameter required="false" variableLength="false" globbing="false" pipelineInput="false" position="named" aliases=""><maml:name>CustomerID</maml:name><maml:description><maml:para>Specifies an ID for a policy entry or VM. Administrators can use this setting for any purpose.</maml:para></maml:description><command:parameterValue required="true" variableLength="false">String</command:parameterValue><dev:type><maml:name>String</maml:name><maml:uri /></dev:type><dev:defaultValue></dev:defaultValue></command:parameter><command:parameter required="true" variableLength="true" globbing="false" pipelineInput="True (ByValue)" position="named" aliases=""><maml:name>InputObject</maml:name><maml:description><maml:para>Specifies the input to this cmdlet. You can use this parameter, or you can pipe the input to this cmdlet.</maml:para></maml:description><command:parameterValue required="true" variableLength="true">CimInstance[]</command:parameterValue><dev:type><maml:name>CimInstance[]</maml:name><maml:uri /></dev:type><dev:defaultValue></dev:defaultValue></command:parameter><command:parameter required="false" variableLength="true" globbing="false" pipelineInput="false" position="named" aliases=""><maml:name>MACAddress</maml:name><maml:description><maml:para>Specifies a MAC address that corresponds to the Customer Address.</maml:para></maml:description><command:parameterValue required="true" variableLength="true">String[]</command:parameterValue><dev:type><maml:name>String[]</maml:name><maml:uri /></dev:type><dev:defaultValue></dev:defaultValue></command:parameter><command:parameter required="false" variableLength="false" globbing="false" pipelineInput="false" position="named" aliases=""><maml:name>PassThru</maml:name><maml:description><maml:para>Returns an object representing the item with which you are working. By default, this cmdlet does not generate any output.</maml:para></maml:description><command:parameterValue required="false" variableLength="false">SwitchParameter</command:parameterValue><dev:type><maml:name>SwitchParameter</maml:name><maml:uri /></dev:type><dev:defaultValue></dev:defaultValue></command:parameter><command:parameter required="false" variableLength="false" globbing="false" pipelineInput="false" position="named" aliases=""><maml:name>ProviderAddress</maml:name><maml:description><maml:para>Specifies an IP address, either IPv4 or IPv6, for a physical address that corresponds to the Customer Address.</maml:para></maml:description><command:parameterValue required="true" variableLength="false">String</command:parameterValue><dev:type><maml:name>String</maml:name><maml:uri /></dev:type><dev:defaultValue></dev:defaultValue></command:parameter><command:parameter required="false" variableLength="false" globbing="false" pipelineInput="false" position="named" aliases=""><maml:name>Rule</maml:name><maml:description><maml:para>Specifies which type of virtualization mechanism that the policy entry uses. The acceptable values for this parameter are: 

-- TranslationMethodNat. IP address rewrite.
-- TranslationMethodEncap. Network Virtualization Generic Routing Encapsulation (NVGRE).
-- TranslationMethodNone. None.</maml:para></maml:description><command:parameterValue required="true" variableLength="false">RuleType</command:parameterValue><dev:type><maml:name>RuleType</maml:name><maml:uri /></dev:type><dev:defaultValue></dev:defaultValue></command:parameter><command:parameter required="false" variableLength="false" globbing="false" pipelineInput="false" position="named" aliases=""><maml:name>ThrottleLimit</maml:name><maml:description><maml:para>Specifies the maximum number of concurrent operations that can be established to run the cmdlet. If this parameter is omitted or a value of 0 is entered, then Windows PowerShell® calculates an optimum throttle limit for the cmdlet based on the number of CIM cmdlets that are running on the computer. The throttle limit applies only to the current cmdlet, not to the session or to the computer.</maml:para></maml:description><command:parameterValue required="true" variableLength="false">Int32</command:parameterValue><dev:type><maml:name>Int32</maml:name><maml:uri /></dev:type><dev:defaultValue></dev:defaultValue></command:parameter><command:parameter required="false" variableLength="false" globbing="false" pipelineInput="false" position="named" aliases=""><maml:name>UseVmMACAddress</maml:name><maml:description><maml:para>Indicates whether this entry uses its defined MAC address instead of physical MAC address. Virtual networking can use different MAC addresses for different VMs to balance traffic among multiple CPU cores.</maml:para><maml:para>A value of $True is only valid if the Rule parameter has a value of TranslationMethodNat. The default value for this setting is $False.</maml:para></maml:description><command:parameterValue required="true" variableLength="false">Boolean</command:parameterValue><dev:type><maml:name>Boolean</maml:name><maml:uri /></dev:type><dev:defaultValue></dev:defaultValue></command:parameter><command:parameter required="false" variableLength="true" globbing="false" pipelineInput="false" position="named" aliases=""><maml:name>VirtualSubnetID</maml:name><maml:description><maml:para>Specifies an array of IDs for virtual subnets that Customer Addresses belongs to. The acceptable values for this parameter are: integers from 4096 through 16777214.</maml:para></maml:description><command:parameterValue required="true" variableLength="true">UInt32[]</command:parameterValue><dev:type><maml:name>UInt32[]</maml:name><maml:uri /></dev:type><dev:defaultValue></dev:defaultValue></command:parameter><command:parameter required="false" variableLength="false" globbing="false" pipelineInput="false" position="named" aliases=""><maml:name>VMName</maml:name><maml:description><maml:para>Specifies a name for the VM for this policy entry. Administrators can use this name for any purpose.</maml:para></maml:description><command:parameterValue required="true" variableLength="false">String</command:parameterValue><dev:type><maml:name>String</maml:name><maml:uri /></dev:type><dev:defaultValue></dev:defaultValue></command:parameter></command:parameters><command:inputTypes><command:inputType><dev:type><maml:name></maml:name><maml:uri></maml:uri><maml:description><maml:para /></maml:description></dev:type><maml:description></maml:description></command:inputType></command:inputTypes><command:returnValues><command:returnValue><dev:type><maml:name></maml:name><maml:uri></maml:uri><maml:description><maml:para /></maml:description></dev:type><maml:description></maml:description></command:returnValue></command:returnValues><command:terminatingErrors /><command:nonTerminatingErrors /><command:examples><command:example><maml:title>Example 1: Change context and customer ID</maml:title><maml:introduction><maml:para></maml:para></maml:introduction><dev:code>PS C:\&gt; Get-NetVirtualizationLookupRecord -VirtualSubnetID 10000 | Set-NetVirtualizationLookupRecord -Context "BlueCustomer Subnet1" -CustomerID "{00000000-0000-0000-0000-000000001234}"
</dev:code><dev:remarks><maml:para>This command uses the Get-NetVirtualizationLookupRecord cmdlet to get all the entries with a virtual subnet ID of 10000 and uses the pipe operator to pass them to the Set-NetVirtualizationLookupRecord cmdlet. This cmdlet changes the context to a descriptive phrase and changes the customer ID to a specified string. </maml:para></dev:remarks><command:commandLines><command:commandLine><command:commandText /></command:commandLine></command:commandLines></command:example><command:example><maml:title>Example 2: Change Provider Address and virtual subnet ID</maml:title><maml:introduction><maml:para></maml:para></maml:introduction><dev:code>PS C:\&gt;Set-NetVirtualizationLookupRecord -CustomerAddress "10.0.22.1" -ProviderAddress "172.23.1.1" 
</dev:code><dev:remarks><maml:para>This command makes changes for the entry that has the Customer Address 10.0.22.1. It sets the physical address to 172.23.1.1. </maml:para></dev:remarks><command:commandLines><command:commandLine><command:commandText /></command:commandLine></command:commandLines></command:example></command:examples><maml:relatedLinks><maml:navigationLink><maml:linkText>Online Version:</maml:linkText><maml:uri>http://go.microsoft.com/fwlink/?LinkId=289197</maml:uri></maml:navigationLink><maml:navigationLink><maml:linkText>Get-NetVirtualizationLookupRecord</maml:linkText><maml:uri /></maml:navigationLink><maml:navigationLink><maml:linkText>New-NetVirtualizationLookupRecord</maml:linkText><maml:uri /></maml:navigationLink><maml:navigationLink><maml:linkText>Remove-NetVirtualizationLookupRecord</maml:linkText><maml:uri /></maml:navigationLink></maml:relatedLinks></command:command>

</helpItems>

