﻿<?xml version = "1.0" encoding = "utf-8" ?>

<helpItems schema="maml">

<command:command xmlns:maml="http://schemas.microsoft.com/maml/2004/10" xmlns:command="http://schemas.microsoft.com/maml/dev/command/2004/10" xmlns:dev="http://schemas.microsoft.com/maml/dev/2004/10" xmlns:MSHelp="http://msdn.microsoft.com/mshelp"><command:details><command:name>Get-SilUalAccess</command:name><maml:description><maml:para>Displays the total number of unique client device requests and client user requests of the server from two days prior.</maml:para></maml:description><maml:copyright><maml:para /></maml:copyright><command:verb>Get</command:verb><command:noun>SilUalAccess</command:noun><dev:version /></command:details><maml:description><maml:para>The Get-SilUalAccess cmdlet displays the total number of unique client device requests and the total number of client user requests for server roles or software products. You can specify the RoleName parameter and RoleGuid parameter to filter the client device requests and client user requests of the server that the cmdlet displays.</maml:para><maml:para>The cmdlet returns totals of client requests for a server role or software product that uses the User Access Logging framework to capture client requests. The cmdlet returns totals for one calendar day, two days prior to when the cmdlet is run.</maml:para></maml:description><command:syntax><command:syntaxItem><maml:name>Get-SilUalAccess</maml:name><command:parameter required="false" variableLength="true" globbing="false" pipelineInput="True (ByPropertyName)" position="1" aliases=""><maml:name>RoleGuid</maml:name><maml:description><maml:para>Specifies an array of GUIDs of server roles or software products installed on the server.</maml:para></maml:description><command:parameterValue required="true" variableLength="true">String[]</command:parameterValue></command:parameter><command:parameter required="false" variableLength="false" globbing="false" pipelineInput="false" position="named" aliases=""><maml:name>AsJob</maml:name><maml:description><maml:para>Runs the cmdlet as a background job. Use this parameter to run commands that take a long time to complete. 
 The cmdlet immediately returns an object that represents the job and then displays the command prompt. You can continue to work in the session while the job completes. To manage the job, use the *-Job cmdlets. To get the job results, use the <maml:navigationLink><maml:linkText>Receive-Job</maml:linkText><maml:uri></maml:uri></maml:navigationLink> cmdlet. 
 For more information about Windows PowerShell® background jobs, see <maml:navigationLink><maml:linkText>about_Jobs</maml:linkText><maml:uri></maml:uri></maml:navigationLink>.</maml:para></maml:description></command:parameter><command:parameter required="false" variableLength="true" globbing="false" pipelineInput="false" position="named" aliases="Session"><maml:name>CimSession</maml:name><maml:description><maml:para>Runs the cmdlet in a remote session or on a remote computer. Enter a computer name or a session object, such as the output of a <maml:navigationLink><maml:linkText>New-CimSession</maml:linkText><maml:uri></maml:uri></maml:navigationLink> or <maml:navigationLink><maml:linkText>Get-CimSession</maml:linkText><maml:uri></maml:uri></maml:navigationLink> cmdlet. The default is the current session on the local computer.</maml:para></maml:description><command:parameterValue required="true" variableLength="true">CimSession[]</command:parameterValue></command:parameter><command:parameter required="false" variableLength="true" globbing="false" pipelineInput="True (ByPropertyName)" position="named" aliases=""><maml:name>RoleName</maml:name><maml:description><maml:para>Specifies an array of names of server roles or software products installed on the server.</maml:para></maml:description><command:parameterValue required="true" variableLength="true">String[]</command:parameterValue></command:parameter><command:parameter required="false" variableLength="false" globbing="false" pipelineInput="false" position="named" aliases=""><maml:name>ThrottleLimit</maml:name><maml:description><maml:para>Specifies the maximum number of concurrent operations that can be established to run the cmdlet. If this parameter is omitted or a value of 0 is entered, then Windows PowerShell® calculates an optimum throttle limit for the cmdlet based on the number of CIM cmdlets that are running on the computer. The throttle limit applies only to the current cmdlet, not to the session or to the computer.</maml:para></maml:description><command:parameterValue required="true" variableLength="false">Int32</command:parameterValue></command:parameter></command:syntaxItem></command:syntax><command:parameters><command:parameter required="false" variableLength="false" globbing="false" pipelineInput="false" position="named" aliases=""><maml:name>AsJob</maml:name><maml:description><maml:para>Runs the cmdlet as a background job. Use this parameter to run commands that take a long time to complete. 
 The cmdlet immediately returns an object that represents the job and then displays the command prompt. You can continue to work in the session while the job completes. To manage the job, use the *-Job cmdlets. To get the job results, use the <maml:navigationLink><maml:linkText>Receive-Job</maml:linkText><maml:uri></maml:uri></maml:navigationLink> cmdlet. 
 For more information about Windows PowerShell® background jobs, see <maml:navigationLink><maml:linkText>about_Jobs</maml:linkText><maml:uri></maml:uri></maml:navigationLink>.</maml:para></maml:description><command:parameterValue required="false" variableLength="false">SwitchParameter</command:parameterValue><dev:type><maml:name>SwitchParameter</maml:name><maml:uri /></dev:type><dev:defaultValue></dev:defaultValue></command:parameter><command:parameter required="false" variableLength="true" globbing="false" pipelineInput="false" position="named" aliases="Session"><maml:name>CimSession</maml:name><maml:description><maml:para>Runs the cmdlet in a remote session or on a remote computer. Enter a computer name or a session object, such as the output of a <maml:navigationLink><maml:linkText>New-CimSession</maml:linkText><maml:uri></maml:uri></maml:navigationLink> or <maml:navigationLink><maml:linkText>Get-CimSession</maml:linkText><maml:uri></maml:uri></maml:navigationLink> cmdlet. The default is the current session on the local computer.</maml:para></maml:description><command:parameterValue required="true" variableLength="true">CimSession[]</command:parameterValue><dev:type><maml:name>CimSession[]</maml:name><maml:uri /></dev:type><dev:defaultValue></dev:defaultValue></command:parameter><command:parameter required="false" variableLength="true" globbing="false" pipelineInput="True (ByPropertyName)" position="1" aliases=""><maml:name>RoleGuid</maml:name><maml:description><maml:para>Specifies an array of GUIDs of server roles or software products installed on the server.</maml:para></maml:description><command:parameterValue required="true" variableLength="true">String[]</command:parameterValue><dev:type><maml:name>String[]</maml:name><maml:uri /></dev:type><dev:defaultValue></dev:defaultValue></command:parameter><command:parameter required="false" variableLength="true" globbing="false" pipelineInput="True (ByPropertyName)" position="named" aliases=""><maml:name>RoleName</maml:name><maml:description><maml:para>Specifies an array of names of server roles or software products installed on the server.</maml:para></maml:description><command:parameterValue required="true" variableLength="true">String[]</command:parameterValue><dev:type><maml:name>String[]</maml:name><maml:uri /></dev:type><dev:defaultValue></dev:defaultValue></command:parameter><command:parameter required="false" variableLength="false" globbing="false" pipelineInput="false" position="named" aliases=""><maml:name>ThrottleLimit</maml:name><maml:description><maml:para>Specifies the maximum number of concurrent operations that can be established to run the cmdlet. If this parameter is omitted or a value of 0 is entered, then Windows PowerShell® calculates an optimum throttle limit for the cmdlet based on the number of CIM cmdlets that are running on the computer. The throttle limit applies only to the current cmdlet, not to the session or to the computer.</maml:para></maml:description><command:parameterValue required="true" variableLength="false">Int32</command:parameterValue><dev:type><maml:name>Int32</maml:name><maml:uri /></dev:type><dev:defaultValue></dev:defaultValue></command:parameter></command:parameters><command:inputTypes><command:inputType><dev:type><maml:name></maml:name><maml:uri></maml:uri><maml:description><maml:para /></maml:description></dev:type><maml:description></maml:description></command:inputType></command:inputTypes><command:returnValues><command:returnValue><dev:type><maml:name>Microsoft.Management.Infrastructure.CimInstance#root/InventoryLogging/MsftSil_UalAccess</maml:name><maml:uri></maml:uri><maml:description><maml:para /></maml:description></dev:type><maml:description><maml:para>This cmdlet returns an object that encapsulates the unique role access information for a device or user. That object includes the following properties: 

-- ProductName (System.String)
-- RoleGuid (System.String)
-- RoleName (System.String)
-- SampleDate (System.DateTime)
-- UniqueDeviceAccessCount (System.UInt32)
-- UniqueUserAccessCount (System.UInt32)</maml:para></maml:description></command:returnValue></command:returnValues><command:terminatingErrors /><command:nonTerminatingErrors /><command:examples><command:example><maml:title>Example 1: Display the total number of client requests of the server</maml:title><maml:introduction><maml:para></maml:para></maml:introduction><dev:code>PS C:\&gt; Get-SilUalAccess


ProductName             : Windows Server 2012 R2 Datacenter
RoleGuid                : 10a9226f-50ee-49d8-a393-9a501d47ce04
RoleName                : File Server
SampleDate              : 3/30/2013 11:59:59 PM
UniqueDeviceAccessCount : 45
UniqueUserAccessCount   : 45


ProductName             : Windows Server 2012 R2 Datacenter
RoleGuid                : 7fb09bd3-7fe6-435e-8348-7d8aefb6cea3
RoleName                : Print and Document Services
SampleDate              : 3/30/2013 11:59:59 PM
UniqueDeviceAccessCount : 15
UniqueUserAccessCount   : 9


</dev:code><dev:remarks><maml:para>This command displays the total number of unique client requests of the server for the day, two days prior from when the cmdlet is run.</maml:para></dev:remarks><command:commandLines><command:commandLine><command:commandText /></command:commandLine></command:commandLines></command:example><command:example><maml:title>Example 2: Display UAL data for a specified server role</maml:title><maml:introduction><maml:para></maml:para></maml:introduction><dev:code>PS C:\&gt;Get-SilUalAccess –RoleName "Print and Document Services"
ProductName             : Windows Server 2012 R2 Datacenter
RoleGuid                : 7fb09bd3-7fe6-435e-8348-7d8aefb6cea3
RoleName                : Print and Document Services
SampleDate              : 7/24/2013
UniqueDeviceAccessCount : 0
UniqueUserAccessCount   : 0

</dev:code><dev:remarks><maml:para>This command displays a filtered list of UAL data for only the server role specified.</maml:para></dev:remarks><command:commandLines><command:commandLine><command:commandText /></command:commandLine></command:commandLines></command:example></command:examples><maml:relatedLinks><maml:navigationLink><maml:linkText>Online Version:</maml:linkText><maml:uri>http://go.microsoft.com/fwlink/?LinkId=216597</maml:uri></maml:navigationLink><maml:navigationLink><maml:linkText>Get-SilSoftware</maml:linkText><maml:uri /></maml:navigationLink><maml:navigationLink><maml:linkText>Get-SilComputer</maml:linkText><maml:uri /></maml:navigationLink><maml:navigationLink><maml:linkText>Get-SilData</maml:linkText><maml:uri /></maml:navigationLink><maml:navigationLink><maml:linkText>Get-SilLogging</maml:linkText><maml:uri /></maml:navigationLink><maml:navigationLink><maml:linkText>Get-SilWindowsUpdate</maml:linkText><maml:uri /></maml:navigationLink></maml:relatedLinks></command:command>

</helpItems>

