﻿<?xml version = "1.0" encoding = "utf-8" ?>

<helpItems schema="maml">

<command:command xmlns:maml="http://schemas.microsoft.com/maml/2004/10" xmlns:command="http://schemas.microsoft.com/maml/dev/command/2004/10" xmlns:dev="http://schemas.microsoft.com/maml/dev/2004/10" xmlns:MSHelp="http://msdn.microsoft.com/mshelp"><command:details><command:name>Get-StartApps</command:name><maml:description><maml:para>Gets the names and AppIDs of apps in the Start screen. </maml:para></maml:description><maml:copyright><maml:para /></maml:copyright><command:verb>Get</command:verb><command:noun>StartApps</command:noun><dev:version /></command:details><maml:description><maml:para>The Get-StartApps cmdlet gets the names and AppIDs of apps in the Start screen of the current user. An AppID is an AppUserModelID. You can specify a particular app by using its name, or you can specify a name that includes the wildcard character (*). If you do not specify a name, the cmdlet displays all the apps from the Start screen. </maml:para></maml:description><command:syntax><command:syntaxItem><maml:name>Get-StartApps</maml:name><command:parameter required="false" variableLength="false" globbing="true" pipelineInput="false" position="1" aliases=""><maml:name>Name</maml:name><maml:description><maml:para>Specifies the name of an app. You can use the wildcard character. If you do not specify this parameter, the cmdlet gets all the apps.</maml:para></maml:description><command:parameterValue required="true" variableLength="false">Object</command:parameterValue></command:parameter></command:syntaxItem></command:syntax><command:parameters><command:parameter required="false" variableLength="false" globbing="true" pipelineInput="false" position="1" aliases=""><maml:name>Name</maml:name><maml:description><maml:para>Specifies the name of an app. You can use the wildcard character. If you do not specify this parameter, the cmdlet gets all the apps.</maml:para></maml:description><command:parameterValue required="true" variableLength="false">Object</command:parameterValue><dev:type><maml:name>Object</maml:name><maml:uri /></dev:type><dev:defaultValue>All Apps</dev:defaultValue></command:parameter></command:parameters><command:inputTypes><command:inputType><dev:type><maml:name></maml:name><maml:uri></maml:uri><maml:description><maml:para /></maml:description></dev:type><maml:description></maml:description></command:inputType></command:inputTypes><command:returnValues><command:returnValue><dev:type><maml:name>PSObject</maml:name><maml:uri></maml:uri><maml:description><maml:para /></maml:description></dev:type><maml:description><maml:para>A PSObject that contains the name and AppID for each app found in the Start screen for the user, as in this output example: </maml:para><maml:para>Output Example: 

Name AppID
---- -----

A. Datum Pro Center Datum.ProCenter
Proseware Studio Proseware.Studio.5
A. Datum 2010 prog..tion_0000000000000000_ebec13db489e8ef9
Fabrikam Initializer Fabrikam.Initializer.1
A. Datum Connector Contoso.Datum.Connector
Proseware Design Pro Proseware.Design.3</maml:para></maml:description></command:returnValue></command:returnValues><command:terminatingErrors /><command:nonTerminatingErrors /><command:examples><command:example><maml:title>Example 1: Get all apps on the Start screen</maml:title><maml:introduction><maml:para></maml:para></maml:introduction><dev:code>PS C:\&gt; Get-StartApps
Name AppID
---- -----

A. Datum Pro Center Datum.ProCenter
Proseware Studio Proseware.Studio.5
A. Datum 2010 prog..tion_0000000000000000_ebec13db489e8ef9
Fabrikam Initializer Fabrikam.Initializer.1
A. Datum Connector Contoso.Datum.Connector
Proseware Design Pro Proseware.Design.3
</dev:code><dev:remarks><maml:para>This command gets all the names and IDs of apps in the Start screen for the current user.</maml:para></dev:remarks><command:commandLines><command:commandLine><command:commandText /></command:commandLine></command:commandLines></command:example></command:examples><maml:relatedLinks><maml:navigationLink><maml:linkText>Online Version:</maml:linkText><maml:uri>http://go.microsoft.com/fwlink/?LinkID=294166</maml:uri></maml:navigationLink><maml:navigationLink><maml:linkText>Export-StartLayout</maml:linkText><maml:uri /></maml:navigationLink><maml:navigationLink><maml:linkText>Import-StartLayout</maml:linkText><maml:uri /></maml:navigationLink></maml:relatedLinks></command:command>

</helpItems>

