﻿<?xml version = "1.0" encoding = "utf-8" ?>

<helpItems schema="maml">

<command:command xmlns:maml="http://schemas.microsoft.com/maml/2004/10" xmlns:command="http://schemas.microsoft.com/maml/dev/command/2004/10" xmlns:dev="http://schemas.microsoft.com/maml/dev/2004/10" xmlns:MSHelp="http://msdn.microsoft.com/mshelp"><command:details><command:name>Get-StorageNode</command:name><maml:description><maml:para>Gets storage nodes. </maml:para></maml:description><maml:copyright><maml:para /></maml:copyright><command:verb>Get</command:verb><command:noun>StorageNode</command:noun><dev:version /></command:details><maml:description><maml:para>The Get-StorageNode cmdlet gets objects that represent storage nodes and their operational statuses. Use this cmdlet to get storage nodes to pass to the Get-PhysicalDisk cmdlet or the Get-VirtualDisk cmdlet to get the physical or virtual disks connected to storage nodes. Use the current cmdlet with the Get-StoragePool cmdlet to get the storage pools that storage nodes own. </maml:para></maml:description><command:syntax><command:syntaxItem><maml:name>Get-StorageNode</maml:name><command:parameter required="false" variableLength="false" globbing="false" pipelineInput="false" position="named" aliases=""><maml:name>AsJob</maml:name><maml:description><maml:para>Runs the cmdlet as a background job. Use this parameter to run commands that take a long time to complete. 
 The cmdlet immediately returns an object that represents the job and then displays the command prompt. You can continue to work in the session while the job completes. To manage the job, use the *-Job cmdlets. To get the job results, use the <maml:navigationLink><maml:linkText>Receive-Job</maml:linkText><maml:uri></maml:uri></maml:navigationLink> cmdlet. 
 For more information about Windows PowerShell® background jobs, see <maml:navigationLink><maml:linkText>about_Jobs</maml:linkText><maml:uri></maml:uri></maml:navigationLink>.</maml:para></maml:description></command:parameter><command:parameter required="false" variableLength="true" globbing="false" pipelineInput="false" position="named" aliases="Session"><maml:name>CimSession</maml:name><maml:description><maml:para>Runs the cmdlet in a remote session or on a remote computer. Enter a computer name or a session object, such as the output of a <maml:navigationLink><maml:linkText>New-CimSession</maml:linkText><maml:uri></maml:uri></maml:navigationLink> or <maml:navigationLink><maml:linkText>Get-CimSession</maml:linkText><maml:uri></maml:uri></maml:navigationLink> cmdlet. The default is the current session on the local computer.</maml:para></maml:description><command:parameterValue required="true" variableLength="true">CimSession[]</command:parameterValue></command:parameter><command:parameter required="false" variableLength="true" globbing="false" pipelineInput="True (ByPropertyName)" position="named" aliases=""><maml:name>Name</maml:name><maml:description><maml:para>Specifies an array of names. The cmdlet gets the storage nodes that you specify by name.</maml:para></maml:description><command:parameterValue required="true" variableLength="true">String[]</command:parameterValue></command:parameter><command:parameter required="false" variableLength="true" globbing="false" pipelineInput="false" position="named" aliases=""><maml:name>OperationalStatus</maml:name><maml:description><maml:para>Specifies an array of OperationStatus objects. The cmdlet gets storage nodes that match the operational statuses that you specify. The acceptable values for this parameter are: 

-- Dormant 
-- Down 
-- LowerLayerDown 
-- NotPresent 
-- Testing 
-- Unknown
-- Up</maml:para></maml:description><command:parameterValue required="true" variableLength="true">OperationalStatus[]</command:parameterValue></command:parameter><command:parameter required="false" variableLength="false" globbing="false" pipelineInput="false" position="named" aliases=""><maml:name>ThrottleLimit</maml:name><maml:description><maml:para>Specifies the maximum number of concurrent operations that can be established to run the cmdlet. If this parameter is omitted or a value of 0 is entered, then Windows PowerShell® calculates an optimum throttle limit for the cmdlet based on the number of CIM cmdlets that are running on the computer. The throttle limit applies only to the current cmdlet, not to the session or to the computer.</maml:para></maml:description><command:parameterValue required="true" variableLength="false">Int32</command:parameterValue></command:parameter></command:syntaxItem><command:syntaxItem><maml:name>Get-StorageNode</maml:name><command:parameter required="false" variableLength="false" globbing="false" pipelineInput="false" position="named" aliases=""><maml:name>AsJob</maml:name><maml:description><maml:para>Runs the cmdlet as a background job. Use this parameter to run commands that take a long time to complete. 
 The cmdlet immediately returns an object that represents the job and then displays the command prompt. You can continue to work in the session while the job completes. To manage the job, use the *-Job cmdlets. To get the job results, use the <maml:navigationLink><maml:linkText>Receive-Job</maml:linkText><maml:uri></maml:uri></maml:navigationLink> cmdlet. 
 For more information about Windows PowerShell® background jobs, see <maml:navigationLink><maml:linkText>about_Jobs</maml:linkText><maml:uri></maml:uri></maml:navigationLink>.</maml:para></maml:description></command:parameter><command:parameter required="false" variableLength="true" globbing="false" pipelineInput="false" position="named" aliases="Session"><maml:name>CimSession</maml:name><maml:description><maml:para>Runs the cmdlet in a remote session or on a remote computer. Enter a computer name or a session object, such as the output of a <maml:navigationLink><maml:linkText>New-CimSession</maml:linkText><maml:uri></maml:uri></maml:navigationLink> or <maml:navigationLink><maml:linkText>Get-CimSession</maml:linkText><maml:uri></maml:uri></maml:navigationLink> cmdlet. The default is the current session on the local computer.</maml:para></maml:description><command:parameterValue required="true" variableLength="true">CimSession[]</command:parameterValue></command:parameter><command:parameter required="false" variableLength="true" globbing="false" pipelineInput="false" position="named" aliases=""><maml:name>OperationalStatus</maml:name><maml:description><maml:para>Specifies an array of OperationStatus objects. The cmdlet gets storage nodes that match the operational statuses that you specify. The acceptable values for this parameter are: 

-- Dormant 
-- Down 
-- LowerLayerDown 
-- NotPresent 
-- Testing 
-- Unknown
-- Up</maml:para></maml:description><command:parameterValue required="true" variableLength="true">OperationalStatus[]</command:parameterValue></command:parameter><command:parameter required="false" variableLength="false" globbing="false" pipelineInput="True (ByValue)" position="named" aliases=""><maml:name>StoragePool</maml:name><maml:description><maml:para>Specifies a storage pool as a CimInstance object. The cmdlet gets storage node associated with storage pool that you specify. To obtain a storage pool object, use the Get-StoragePool cmdlet.</maml:para></maml:description><command:parameterValue required="true" variableLength="false">CimInstance</command:parameterValue></command:parameter><command:parameter required="false" variableLength="false" globbing="false" pipelineInput="false" position="named" aliases=""><maml:name>ThrottleLimit</maml:name><maml:description><maml:para>Specifies the maximum number of concurrent operations that can be established to run the cmdlet. If this parameter is omitted or a value of 0 is entered, then Windows PowerShell® calculates an optimum throttle limit for the cmdlet based on the number of CIM cmdlets that are running on the computer. The throttle limit applies only to the current cmdlet, not to the session or to the computer.</maml:para></maml:description><command:parameterValue required="true" variableLength="false">Int32</command:parameterValue></command:parameter></command:syntaxItem><command:syntaxItem><maml:name>Get-StorageNode</maml:name><command:parameter required="false" variableLength="false" globbing="false" pipelineInput="false" position="named" aliases=""><maml:name>AsJob</maml:name><maml:description><maml:para>Runs the cmdlet as a background job. Use this parameter to run commands that take a long time to complete. 
 The cmdlet immediately returns an object that represents the job and then displays the command prompt. You can continue to work in the session while the job completes. To manage the job, use the *-Job cmdlets. To get the job results, use the <maml:navigationLink><maml:linkText>Receive-Job</maml:linkText><maml:uri></maml:uri></maml:navigationLink> cmdlet. 
 For more information about Windows PowerShell® background jobs, see <maml:navigationLink><maml:linkText>about_Jobs</maml:linkText><maml:uri></maml:uri></maml:navigationLink>.</maml:para></maml:description></command:parameter><command:parameter required="false" variableLength="true" globbing="false" pipelineInput="false" position="named" aliases="Session"><maml:name>CimSession</maml:name><maml:description><maml:para>Runs the cmdlet in a remote session or on a remote computer. Enter a computer name or a session object, such as the output of a <maml:navigationLink><maml:linkText>New-CimSession</maml:linkText><maml:uri></maml:uri></maml:navigationLink> or <maml:navigationLink><maml:linkText>Get-CimSession</maml:linkText><maml:uri></maml:uri></maml:navigationLink> cmdlet. The default is the current session on the local computer.</maml:para></maml:description><command:parameterValue required="true" variableLength="true">CimSession[]</command:parameterValue></command:parameter><command:parameter required="false" variableLength="true" globbing="false" pipelineInput="false" position="named" aliases=""><maml:name>OperationalStatus</maml:name><maml:description><maml:para>Specifies an array of OperationStatus objects. The cmdlet gets storage nodes that match the operational statuses that you specify. The acceptable values for this parameter are: 

-- Dormant 
-- Down 
-- LowerLayerDown 
-- NotPresent 
-- Testing 
-- Unknown
-- Up</maml:para></maml:description><command:parameterValue required="true" variableLength="true">OperationalStatus[]</command:parameterValue></command:parameter><command:parameter required="false" variableLength="false" globbing="false" pipelineInput="True (ByValue)" position="named" aliases=""><maml:name>StorageEnclosure</maml:name><maml:description><maml:para></maml:para></maml:description><command:parameterValue required="true" variableLength="false">CimInstance</command:parameterValue></command:parameter><command:parameter required="false" variableLength="false" globbing="false" pipelineInput="false" position="named" aliases=""><maml:name>ThrottleLimit</maml:name><maml:description><maml:para>Specifies the maximum number of concurrent operations that can be established to run the cmdlet. If this parameter is omitted or a value of 0 is entered, then Windows PowerShell® calculates an optimum throttle limit for the cmdlet based on the number of CIM cmdlets that are running on the computer. The throttle limit applies only to the current cmdlet, not to the session or to the computer.</maml:para></maml:description><command:parameterValue required="true" variableLength="false">Int32</command:parameterValue></command:parameter></command:syntaxItem><command:syntaxItem><maml:name>Get-StorageNode</maml:name><command:parameter required="false" variableLength="false" globbing="false" pipelineInput="false" position="named" aliases=""><maml:name>AsJob</maml:name><maml:description><maml:para>Runs the cmdlet as a background job. Use this parameter to run commands that take a long time to complete. 
 The cmdlet immediately returns an object that represents the job and then displays the command prompt. You can continue to work in the session while the job completes. To manage the job, use the *-Job cmdlets. To get the job results, use the <maml:navigationLink><maml:linkText>Receive-Job</maml:linkText><maml:uri></maml:uri></maml:navigationLink> cmdlet. 
 For more information about Windows PowerShell® background jobs, see <maml:navigationLink><maml:linkText>about_Jobs</maml:linkText><maml:uri></maml:uri></maml:navigationLink>.</maml:para></maml:description></command:parameter><command:parameter required="false" variableLength="true" globbing="false" pipelineInput="false" position="named" aliases="Session"><maml:name>CimSession</maml:name><maml:description><maml:para>Runs the cmdlet in a remote session or on a remote computer. Enter a computer name or a session object, such as the output of a <maml:navigationLink><maml:linkText>New-CimSession</maml:linkText><maml:uri></maml:uri></maml:navigationLink> or <maml:navigationLink><maml:linkText>Get-CimSession</maml:linkText><maml:uri></maml:uri></maml:navigationLink> cmdlet. The default is the current session on the local computer.</maml:para></maml:description><command:parameterValue required="true" variableLength="true">CimSession[]</command:parameterValue></command:parameter><command:parameter required="false" variableLength="true" globbing="false" pipelineInput="false" position="named" aliases=""><maml:name>OperationalStatus</maml:name><maml:description><maml:para>Specifies an array of OperationStatus objects. The cmdlet gets storage nodes that match the operational statuses that you specify. The acceptable values for this parameter are: 

-- Dormant 
-- Down 
-- LowerLayerDown 
-- NotPresent 
-- Testing 
-- Unknown
-- Up</maml:para></maml:description><command:parameterValue required="true" variableLength="true">OperationalStatus[]</command:parameterValue></command:parameter><command:parameter required="false" variableLength="false" globbing="false" pipelineInput="false" position="named" aliases=""><maml:name>ThrottleLimit</maml:name><maml:description><maml:para>Specifies the maximum number of concurrent operations that can be established to run the cmdlet. If this parameter is omitted or a value of 0 is entered, then Windows PowerShell® calculates an optimum throttle limit for the cmdlet based on the number of CIM cmdlets that are running on the computer. The throttle limit applies only to the current cmdlet, not to the session or to the computer.</maml:para></maml:description><command:parameterValue required="true" variableLength="false">Int32</command:parameterValue></command:parameter><command:parameter required="false" variableLength="false" globbing="false" pipelineInput="True (ByValue)" position="named" aliases=""><maml:name>VirtualDisk</maml:name><maml:description><maml:para>Specifies a virtual disk as a CimInstance object. The cmdlet gets the storage nodes that correspond to the disk that you specify. To obtain a virtual disk object, use the Get-VirtualDisk cmdlet.</maml:para></maml:description><command:parameterValue required="true" variableLength="false">CimInstance</command:parameterValue></command:parameter></command:syntaxItem><command:syntaxItem><maml:name>Get-StorageNode</maml:name><command:parameter required="false" variableLength="false" globbing="false" pipelineInput="false" position="named" aliases=""><maml:name>AsJob</maml:name><maml:description><maml:para>Runs the cmdlet as a background job. Use this parameter to run commands that take a long time to complete. 
 The cmdlet immediately returns an object that represents the job and then displays the command prompt. You can continue to work in the session while the job completes. To manage the job, use the *-Job cmdlets. To get the job results, use the <maml:navigationLink><maml:linkText>Receive-Job</maml:linkText><maml:uri></maml:uri></maml:navigationLink> cmdlet. 
 For more information about Windows PowerShell® background jobs, see <maml:navigationLink><maml:linkText>about_Jobs</maml:linkText><maml:uri></maml:uri></maml:navigationLink>.</maml:para></maml:description></command:parameter><command:parameter required="false" variableLength="true" globbing="false" pipelineInput="false" position="named" aliases="Session"><maml:name>CimSession</maml:name><maml:description><maml:para>Runs the cmdlet in a remote session or on a remote computer. Enter a computer name or a session object, such as the output of a <maml:navigationLink><maml:linkText>New-CimSession</maml:linkText><maml:uri></maml:uri></maml:navigationLink> or <maml:navigationLink><maml:linkText>Get-CimSession</maml:linkText><maml:uri></maml:uri></maml:navigationLink> cmdlet. The default is the current session on the local computer.</maml:para></maml:description><command:parameterValue required="true" variableLength="true">CimSession[]</command:parameterValue></command:parameter><command:parameter required="false" variableLength="true" globbing="false" pipelineInput="false" position="named" aliases=""><maml:name>OperationalStatus</maml:name><maml:description><maml:para>Specifies an array of OperationStatus objects. The cmdlet gets storage nodes that match the operational statuses that you specify. The acceptable values for this parameter are: 

-- Dormant 
-- Down 
-- LowerLayerDown 
-- NotPresent 
-- Testing 
-- Unknown
-- Up</maml:para></maml:description><command:parameterValue required="true" variableLength="true">OperationalStatus[]</command:parameterValue></command:parameter><command:parameter required="false" variableLength="false" globbing="false" pipelineInput="True (ByValue)" position="named" aliases=""><maml:name>PhysicalDisk</maml:name><maml:description><maml:para>Specifies a physical disk as a CimInstance object. The cmdlet gets the storage nodes that correspond to the disk that you specify. To obtain a physical disk object, use the Get-PhysicalDisk cmdlet.</maml:para></maml:description><command:parameterValue required="true" variableLength="false">CimInstance</command:parameterValue></command:parameter><command:parameter required="false" variableLength="false" globbing="false" pipelineInput="false" position="named" aliases=""><maml:name>ThrottleLimit</maml:name><maml:description><maml:para>Specifies the maximum number of concurrent operations that can be established to run the cmdlet. If this parameter is omitted or a value of 0 is entered, then Windows PowerShell® calculates an optimum throttle limit for the cmdlet based on the number of CIM cmdlets that are running on the computer. The throttle limit applies only to the current cmdlet, not to the session or to the computer.</maml:para></maml:description><command:parameterValue required="true" variableLength="false">Int32</command:parameterValue></command:parameter></command:syntaxItem><command:syntaxItem><maml:name>Get-StorageNode</maml:name><command:parameter required="false" variableLength="false" globbing="false" pipelineInput="false" position="named" aliases=""><maml:name>AsJob</maml:name><maml:description><maml:para>Runs the cmdlet as a background job. Use this parameter to run commands that take a long time to complete. 
 The cmdlet immediately returns an object that represents the job and then displays the command prompt. You can continue to work in the session while the job completes. To manage the job, use the *-Job cmdlets. To get the job results, use the <maml:navigationLink><maml:linkText>Receive-Job</maml:linkText><maml:uri></maml:uri></maml:navigationLink> cmdlet. 
 For more information about Windows PowerShell® background jobs, see <maml:navigationLink><maml:linkText>about_Jobs</maml:linkText><maml:uri></maml:uri></maml:navigationLink>.</maml:para></maml:description></command:parameter><command:parameter required="false" variableLength="true" globbing="false" pipelineInput="false" position="named" aliases="Session"><maml:name>CimSession</maml:name><maml:description><maml:para>Runs the cmdlet in a remote session or on a remote computer. Enter a computer name or a session object, such as the output of a <maml:navigationLink><maml:linkText>New-CimSession</maml:linkText><maml:uri></maml:uri></maml:navigationLink> or <maml:navigationLink><maml:linkText>Get-CimSession</maml:linkText><maml:uri></maml:uri></maml:navigationLink> cmdlet. The default is the current session on the local computer.</maml:para></maml:description><command:parameterValue required="true" variableLength="true">CimSession[]</command:parameterValue></command:parameter><command:parameter required="false" variableLength="true" globbing="false" pipelineInput="false" position="named" aliases=""><maml:name>OperationalStatus</maml:name><maml:description><maml:para>Specifies an array of OperationStatus objects. The cmdlet gets storage nodes that match the operational statuses that you specify. The acceptable values for this parameter are: 

-- Dormant 
-- Down 
-- LowerLayerDown 
-- NotPresent 
-- Testing 
-- Unknown
-- Up</maml:para></maml:description><command:parameterValue required="true" variableLength="true">OperationalStatus[]</command:parameterValue></command:parameter><command:parameter required="false" variableLength="false" globbing="false" pipelineInput="false" position="named" aliases=""><maml:name>ThrottleLimit</maml:name><maml:description><maml:para>Specifies the maximum number of concurrent operations that can be established to run the cmdlet. If this parameter is omitted or a value of 0 is entered, then Windows PowerShell® calculates an optimum throttle limit for the cmdlet based on the number of CIM cmdlets that are running on the computer. The throttle limit applies only to the current cmdlet, not to the session or to the computer.</maml:para></maml:description><command:parameterValue required="true" variableLength="false">Int32</command:parameterValue></command:parameter><command:parameter required="false" variableLength="true" globbing="false" pipelineInput="True (ByPropertyName)" position="named" aliases="Id"><maml:name>UniqueId</maml:name><maml:description><maml:para>Specifies an array of unique IDs, as strings. The cmdlet gets the storage nodes that have the IDs that you specify. </maml:para></maml:description><command:parameterValue required="true" variableLength="true">String[]</command:parameterValue></command:parameter></command:syntaxItem><command:syntaxItem><maml:name>Get-StorageNode</maml:name><command:parameter required="false" variableLength="false" globbing="false" pipelineInput="false" position="named" aliases=""><maml:name>AsJob</maml:name><maml:description><maml:para>Runs the cmdlet as a background job. Use this parameter to run commands that take a long time to complete. 
 The cmdlet immediately returns an object that represents the job and then displays the command prompt. You can continue to work in the session while the job completes. To manage the job, use the *-Job cmdlets. To get the job results, use the <maml:navigationLink><maml:linkText>Receive-Job</maml:linkText><maml:uri></maml:uri></maml:navigationLink> cmdlet. 
 For more information about Windows PowerShell® background jobs, see <maml:navigationLink><maml:linkText>about_Jobs</maml:linkText><maml:uri></maml:uri></maml:navigationLink>.</maml:para></maml:description></command:parameter><command:parameter required="false" variableLength="true" globbing="false" pipelineInput="false" position="named" aliases="Session"><maml:name>CimSession</maml:name><maml:description><maml:para>Runs the cmdlet in a remote session or on a remote computer. Enter a computer name or a session object, such as the output of a <maml:navigationLink><maml:linkText>New-CimSession</maml:linkText><maml:uri></maml:uri></maml:navigationLink> or <maml:navigationLink><maml:linkText>Get-CimSession</maml:linkText><maml:uri></maml:uri></maml:navigationLink> cmdlet. The default is the current session on the local computer.</maml:para></maml:description><command:parameterValue required="true" variableLength="true">CimSession[]</command:parameterValue></command:parameter><command:parameter required="false" variableLength="true" globbing="false" pipelineInput="false" position="named" aliases=""><maml:name>OperationalStatus</maml:name><maml:description><maml:para>Specifies an array of OperationStatus objects. The cmdlet gets storage nodes that match the operational statuses that you specify. The acceptable values for this parameter are: 

-- Dormant 
-- Down 
-- LowerLayerDown 
-- NotPresent 
-- Testing 
-- Unknown
-- Up</maml:para></maml:description><command:parameterValue required="true" variableLength="true">OperationalStatus[]</command:parameterValue></command:parameter><command:parameter required="false" variableLength="false" globbing="false" pipelineInput="True (ByValue)" position="named" aliases=""><maml:name>StorageSubSystem</maml:name><maml:description><maml:para>Specifies a storage subsystem as a CimInstance object. The cmdlet gets the storage nodes that belong to the subsystem that you specify. To obtain a storage subsystem object, use the Get-StorageSubSystem cmdlet.</maml:para></maml:description><command:parameterValue required="true" variableLength="false">CimInstance</command:parameterValue></command:parameter><command:parameter required="false" variableLength="false" globbing="false" pipelineInput="false" position="named" aliases=""><maml:name>ThrottleLimit</maml:name><maml:description><maml:para>Specifies the maximum number of concurrent operations that can be established to run the cmdlet. If this parameter is omitted or a value of 0 is entered, then Windows PowerShell® calculates an optimum throttle limit for the cmdlet based on the number of CIM cmdlets that are running on the computer. The throttle limit applies only to the current cmdlet, not to the session or to the computer.</maml:para></maml:description><command:parameterValue required="true" variableLength="false">Int32</command:parameterValue></command:parameter></command:syntaxItem></command:syntax><command:parameters><command:parameter required="false" variableLength="false" globbing="false" pipelineInput="false" position="named" aliases=""><maml:name>AsJob</maml:name><maml:description><maml:para>Runs the cmdlet as a background job. Use this parameter to run commands that take a long time to complete. 
 The cmdlet immediately returns an object that represents the job and then displays the command prompt. You can continue to work in the session while the job completes. To manage the job, use the *-Job cmdlets. To get the job results, use the <maml:navigationLink><maml:linkText>Receive-Job</maml:linkText><maml:uri></maml:uri></maml:navigationLink> cmdlet. 
 For more information about Windows PowerShell® background jobs, see <maml:navigationLink><maml:linkText>about_Jobs</maml:linkText><maml:uri></maml:uri></maml:navigationLink>.</maml:para></maml:description><command:parameterValue required="false" variableLength="false">SwitchParameter</command:parameterValue><dev:type><maml:name>SwitchParameter</maml:name><maml:uri /></dev:type><dev:defaultValue></dev:defaultValue></command:parameter><command:parameter required="false" variableLength="true" globbing="false" pipelineInput="false" position="named" aliases="Session"><maml:name>CimSession</maml:name><maml:description><maml:para>Runs the cmdlet in a remote session or on a remote computer. Enter a computer name or a session object, such as the output of a <maml:navigationLink><maml:linkText>New-CimSession</maml:linkText><maml:uri></maml:uri></maml:navigationLink> or <maml:navigationLink><maml:linkText>Get-CimSession</maml:linkText><maml:uri></maml:uri></maml:navigationLink> cmdlet. The default is the current session on the local computer.</maml:para></maml:description><command:parameterValue required="true" variableLength="true">CimSession[]</command:parameterValue><dev:type><maml:name>CimSession[]</maml:name><maml:uri /></dev:type><dev:defaultValue></dev:defaultValue></command:parameter><command:parameter required="false" variableLength="true" globbing="false" pipelineInput="True (ByPropertyName)" position="named" aliases=""><maml:name>Name</maml:name><maml:description><maml:para>Specifies an array of names. The cmdlet gets the storage nodes that you specify by name.</maml:para></maml:description><command:parameterValue required="true" variableLength="true">String[]</command:parameterValue><dev:type><maml:name>String[]</maml:name><maml:uri /></dev:type><dev:defaultValue></dev:defaultValue></command:parameter><command:parameter required="false" variableLength="true" globbing="false" pipelineInput="false" position="named" aliases=""><maml:name>OperationalStatus</maml:name><maml:description><maml:para>Specifies an array of OperationStatus objects. The cmdlet gets storage nodes that match the operational statuses that you specify. The acceptable values for this parameter are: 

-- Dormant 
-- Down 
-- LowerLayerDown 
-- NotPresent 
-- Testing 
-- Unknown
-- Up</maml:para></maml:description><command:parameterValue required="true" variableLength="true">OperationalStatus[]</command:parameterValue><dev:type><maml:name>OperationalStatus[]</maml:name><maml:uri /></dev:type><dev:defaultValue></dev:defaultValue></command:parameter><command:parameter required="false" variableLength="false" globbing="false" pipelineInput="True (ByValue)" position="named" aliases=""><maml:name>PhysicalDisk</maml:name><maml:description><maml:para>Specifies a physical disk as a CimInstance object. The cmdlet gets the storage nodes that correspond to the disk that you specify. To obtain a physical disk object, use the Get-PhysicalDisk cmdlet.</maml:para></maml:description><command:parameterValue required="true" variableLength="false">CimInstance</command:parameterValue><dev:type><maml:name>CimInstance</maml:name><maml:uri /></dev:type><dev:defaultValue></dev:defaultValue></command:parameter><command:parameter required="false" variableLength="false" globbing="false" pipelineInput="True (ByValue)" position="named" aliases=""><maml:name>StorageEnclosure</maml:name><maml:description><maml:para></maml:para></maml:description><command:parameterValue required="true" variableLength="false">CimInstance</command:parameterValue><dev:type><maml:name>CimInstance</maml:name><maml:uri /></dev:type><dev:defaultValue></dev:defaultValue></command:parameter><command:parameter required="false" variableLength="false" globbing="false" pipelineInput="True (ByValue)" position="named" aliases=""><maml:name>StoragePool</maml:name><maml:description><maml:para>Specifies a storage pool as a CimInstance object. The cmdlet gets storage node associated with storage pool that you specify. To obtain a storage pool object, use the Get-StoragePool cmdlet.</maml:para></maml:description><command:parameterValue required="true" variableLength="false">CimInstance</command:parameterValue><dev:type><maml:name>CimInstance</maml:name><maml:uri /></dev:type><dev:defaultValue></dev:defaultValue></command:parameter><command:parameter required="false" variableLength="false" globbing="false" pipelineInput="True (ByValue)" position="named" aliases=""><maml:name>StorageSubSystem</maml:name><maml:description><maml:para>Specifies a storage subsystem as a CimInstance object. The cmdlet gets the storage nodes that belong to the subsystem that you specify. To obtain a storage subsystem object, use the Get-StorageSubSystem cmdlet.</maml:para></maml:description><command:parameterValue required="true" variableLength="false">CimInstance</command:parameterValue><dev:type><maml:name>CimInstance</maml:name><maml:uri /></dev:type><dev:defaultValue></dev:defaultValue></command:parameter><command:parameter required="false" variableLength="false" globbing="false" pipelineInput="false" position="named" aliases=""><maml:name>ThrottleLimit</maml:name><maml:description><maml:para>Specifies the maximum number of concurrent operations that can be established to run the cmdlet. If this parameter is omitted or a value of 0 is entered, then Windows PowerShell® calculates an optimum throttle limit for the cmdlet based on the number of CIM cmdlets that are running on the computer. The throttle limit applies only to the current cmdlet, not to the session or to the computer.</maml:para></maml:description><command:parameterValue required="true" variableLength="false">Int32</command:parameterValue><dev:type><maml:name>Int32</maml:name><maml:uri /></dev:type><dev:defaultValue></dev:defaultValue></command:parameter><command:parameter required="false" variableLength="true" globbing="false" pipelineInput="True (ByPropertyName)" position="named" aliases="Id"><maml:name>UniqueId</maml:name><maml:description><maml:para>Specifies an array of unique IDs, as strings. The cmdlet gets the storage nodes that have the IDs that you specify. </maml:para></maml:description><command:parameterValue required="true" variableLength="true">String[]</command:parameterValue><dev:type><maml:name>String[]</maml:name><maml:uri /></dev:type><dev:defaultValue></dev:defaultValue></command:parameter><command:parameter required="false" variableLength="false" globbing="false" pipelineInput="True (ByValue)" position="named" aliases=""><maml:name>VirtualDisk</maml:name><maml:description><maml:para>Specifies a virtual disk as a CimInstance object. The cmdlet gets the storage nodes that correspond to the disk that you specify. To obtain a virtual disk object, use the Get-VirtualDisk cmdlet.</maml:para></maml:description><command:parameterValue required="true" variableLength="false">CimInstance</command:parameterValue><dev:type><maml:name>CimInstance</maml:name><maml:uri /></dev:type><dev:defaultValue></dev:defaultValue></command:parameter></command:parameters><command:inputTypes><command:inputType><dev:type><maml:name></maml:name><maml:uri></maml:uri><maml:description><maml:para /></maml:description></dev:type><maml:description></maml:description></command:inputType></command:inputTypes><command:returnValues><command:returnValue><dev:type><maml:name>MSFT_StorageNode[]</maml:name><maml:uri></maml:uri><maml:description><maml:para /></maml:description></dev:type><maml:description><maml:para>This cmdlet outputs an array of objects that represent storage nodes and their operational statuses. </maml:para></maml:description></command:returnValue></command:returnValues><command:terminatingErrors /><command:nonTerminatingErrors /><command:examples><command:example><maml:title>Example 1: Get a storage node</maml:title><maml:introduction><maml:para></maml:para></maml:introduction><dev:code>PS C:\&gt;Get-StorageNode -Name "StorageNode21"
</dev:code><dev:remarks><maml:para>This command gets a storage node named StorageNode21.</maml:para></dev:remarks><command:commandLines><command:commandLine><command:commandText /></command:commandLine></command:commandLines></command:example><command:example><maml:title>Example 2: Get the operational statuses for all physical disks</maml:title><maml:introduction><maml:para></maml:para></maml:introduction><dev:code>PS C:\&gt;Get-PhysicalDisk | Get-StorageNode
</dev:code><dev:remarks><maml:para>This command uses the Get-PhysicalDisk cmdlet to obtain all the physical disks, and then passes them to the current cmdlet by using the pipeline operator. The cmdlet gets the storage nodes and operational statuses for the physical disks.</maml:para></dev:remarks><command:commandLines><command:commandLine><command:commandText /></command:commandLine></command:commandLines></command:example></command:examples><maml:relatedLinks><maml:navigationLink><maml:linkText>Online Version:</maml:linkText><maml:uri>http://go.microsoft.com/fwlink/?LinkID=206775</maml:uri></maml:navigationLink><maml:navigationLink><maml:linkText>Get-PhysicalDisk</maml:linkText><maml:uri /></maml:navigationLink><maml:navigationLink><maml:linkText>Get-StoragePool</maml:linkText><maml:uri /></maml:navigationLink><maml:navigationLink><maml:linkText>Get-StorageSubSystem</maml:linkText><maml:uri /></maml:navigationLink><maml:navigationLink><maml:linkText>Get-VirtualDisk</maml:linkText><maml:uri /></maml:navigationLink></maml:relatedLinks></command:command>

</helpItems>

