﻿<?xml version = "1.0" encoding = "utf-8" ?>

<helpItems schema="maml">

<command:command xmlns:maml="http://schemas.microsoft.com/maml/2004/10" xmlns:command="http://schemas.microsoft.com/maml/dev/command/2004/10" xmlns:dev="http://schemas.microsoft.com/maml/dev/2004/10" xmlns:MSHelp="http://msdn.microsoft.com/mshelp"><command:details><command:name>Add-OdbcDsn</command:name><maml:description><maml:para>Adds an ODBC DSN.</maml:para></maml:description><maml:copyright><maml:para /></maml:copyright><command:verb>Add</command:verb><command:noun>OdbcDsn</command:noun><dev:version /></command:details><maml:description><maml:para>The Add-OdbcDsn cmdlet adds an Open Database Connectivity (ODBC) data source name (DSN) to the computer. You can specify the properties of the DSN by using the SetPropertyValue parameter.</maml:para><maml:para>Do not use the Set-OdbcDsn cmdlet to add a new DSN.</maml:para><maml:para>For more information about ODBC, data source names, and drivers, see <maml:navigationLink><maml:linkText>Microsoft Open Database Connectivity (ODBC)</maml:linkText><maml:uri></maml:uri></maml:navigationLink> (http://msdn.microsoft.com/en-us/library/ms710252.aspx), <maml:navigationLink><maml:linkText>Data Sources</maml:linkText><maml:uri></maml:uri></maml:navigationLink> (http://msdn.microsoft.com/en-us/library/ms711688.aspx), and <maml:navigationLink><maml:linkText>Drivers</maml:linkText><maml:uri></maml:uri></maml:navigationLink> (http://msdn.microsoft.com/en-us/library/ms715383.aspx) on the Microsoft Developer Network.</maml:para></maml:description><command:syntax><command:syntaxItem><maml:name>Add-OdbcDsn</maml:name><command:parameter required="true" variableLength="false" globbing="false" pipelineInput="true (ByPropertyName)" position="1" aliases=""><maml:name>Name</maml:name><maml:description><maml:para>Specifies the name of an ODBC DSN. This cmdlet creates a DSN that has the name that this parameter specifies.</maml:para></maml:description><command:parameterValue required="true" variableLength="false">String</command:parameterValue></command:parameter><command:parameter required="false" variableLength="false" globbing="false" pipelineInput="false" position="named" aliases=""><maml:name>AsJob</maml:name><maml:description><maml:para>Runs the cmdlet as a background job. Use this parameter to run commands that take a long time to complete. 
 The cmdlet immediately returns an object that represents the job and then displays the command prompt. You can continue to work in the session while the job completes. To manage the job, use the *-Job cmdlets. To get the job results, use the <maml:navigationLink><maml:linkText>Receive-Job</maml:linkText><maml:uri></maml:uri></maml:navigationLink> cmdlet. 
 For more information about Windows PowerShell® background jobs, see <maml:navigationLink><maml:linkText>about_Jobs</maml:linkText><maml:uri></maml:uri></maml:navigationLink>.</maml:para></maml:description></command:parameter><command:parameter required="false" variableLength="false" globbing="false" pipelineInput="false" position="named" aliases=""><maml:name>CimSession</maml:name><maml:description><maml:para>Runs the cmdlet in a remote session or on a remote computer. Enter a computer name or a session object, such as the output of a <maml:navigationLink><maml:linkText>New-CimSession</maml:linkText><maml:uri></maml:uri></maml:navigationLink> or <maml:navigationLink><maml:linkText>Get-CimSession</maml:linkText><maml:uri></maml:uri></maml:navigationLink> cmdlet. The default is the current session on the local computer.</maml:para></maml:description><command:parameterValue required="true" variableLength="false">CimSession</command:parameterValue></command:parameter><command:parameter required="false" variableLength="false" globbing="false" pipelineInput="false" position="named" aliases=""><maml:name>PassThru</maml:name><maml:description><maml:para>Returns an object representing the item with which you are working. By default, this cmdlet does not generate any output.</maml:para></maml:description></command:parameter><command:parameter required="false" variableLength="false" globbing="false" pipelineInput="true (ByPropertyName)" position="named" aliases=""><maml:name>Platform</maml:name><maml:description><maml:para>Specifies the platform architecture. This cmdlet adds an ODBC DSN that belongs to the platform that this parameter specifies. The acceptable values for this parameter are: 

-- 32-bit
-- 64-bit </maml:para><maml:para>The default value is 32-bit on a 32-bit process. The default value is 64-bit on a 64-bit process. If you run this cmdlet in a remote CIM session, this parameter refers to the platform architecture on the remote computer.</maml:para></maml:description><command:parameterValue required="true" variableLength="false">String</command:parameterValue></command:parameter><command:parameter required="false" variableLength="false" globbing="false" pipelineInput="true (ByPropertyName)" position="named" aliases=""><maml:name>SetPropertyValue</maml:name><maml:description><maml:para>Specifies an array of property values. This cmdlet specifies these property values for the ODBC DSN. Specify an array of strings of the form &lt;key&gt;=&lt;value&gt;.</maml:para></maml:description><command:parameterValue required="true" variableLength="false">String</command:parameterValue></command:parameter><command:parameter required="false" variableLength="false" globbing="false" pipelineInput="false" position="named" aliases=""><maml:name>ThrottleLimit</maml:name><maml:description><maml:para>Specifies the maximum number of concurrent operations that can be established to run the cmdlet. If this parameter is omitted or a value of 0 is entered, then Windows PowerShell® calculates an optimum throttle limit for the cmdlet based on the number of CIM cmdlets that are running on the computer. The throttle limit applies only to the current cmdlet, not to the session or to the computer.</maml:para></maml:description><command:parameterValue required="true" variableLength="false">Int32</command:parameterValue></command:parameter><command:parameter required="true" variableLength="false" globbing="false" pipelineInput="true (ByPropertyName)" position="named" aliases=""><maml:name>DriverName</maml:name><maml:description><maml:para>Specifies the name of a driver. This cmdlet assigns the new ODBC DSN to the driver that this parameter specifies.</maml:para></maml:description><command:parameterValue required="true" variableLength="false">String</command:parameterValue></command:parameter><command:parameter required="true" variableLength="false" globbing="false" pipelineInput="true (ByPropertyName)" position="named" aliases=""><maml:name>DsnType</maml:name><maml:description><maml:para>Specifies the type of an ODBC DSN. This cmdlet adds a DSN of the type that this parameter specifies.  The acceptable values for this parameter are: 

-- User
-- System</maml:para></maml:description><command:parameterValue required="true" variableLength="false">String</command:parameterValue></command:parameter></command:syntaxItem></command:syntax><command:parameters><command:parameter required="true" variableLength="false" globbing="false" pipelineInput="true (ByPropertyName)" position="1" aliases=""><maml:name>Name</maml:name><maml:description><maml:para>Specifies the name of an ODBC DSN. This cmdlet creates a DSN that has the name that this parameter specifies.</maml:para></maml:description><command:parameterValue required="true" variableLength="false">String</command:parameterValue><dev:type><maml:name>String</maml:name><maml:uri /></dev:type><dev:defaultValue></dev:defaultValue></command:parameter><command:parameter required="true" variableLength="false" globbing="false" pipelineInput="true (ByPropertyName)" position="named" aliases=""><maml:name>DsnType</maml:name><maml:description><maml:para>Specifies the type of an ODBC DSN. This cmdlet adds a DSN of the type that this parameter specifies.  The acceptable values for this parameter are: 

-- User
-- System</maml:para></maml:description><command:parameterValue required="true" variableLength="false">String</command:parameterValue><dev:type><maml:name>String</maml:name><maml:uri /></dev:type><dev:defaultValue></dev:defaultValue></command:parameter><command:parameter required="false" variableLength="false" globbing="false" pipelineInput="true (ByPropertyName)" position="named" aliases=""><maml:name>Platform</maml:name><maml:description><maml:para>Specifies the platform architecture. This cmdlet adds an ODBC DSN that belongs to the platform that this parameter specifies. The acceptable values for this parameter are: 

-- 32-bit
-- 64-bit </maml:para><maml:para>The default value is 32-bit on a 32-bit process. The default value is 64-bit on a 64-bit process. If you run this cmdlet in a remote CIM session, this parameter refers to the platform architecture on the remote computer.</maml:para></maml:description><command:parameterValue required="true" variableLength="false">String</command:parameterValue><dev:type><maml:name>String</maml:name><maml:uri /></dev:type><dev:defaultValue></dev:defaultValue></command:parameter><command:parameter required="true" variableLength="false" globbing="false" pipelineInput="true (ByPropertyName)" position="named" aliases=""><maml:name>DriverName</maml:name><maml:description><maml:para>Specifies the name of a driver. This cmdlet assigns the new ODBC DSN to the driver that this parameter specifies.</maml:para></maml:description><command:parameterValue required="true" variableLength="false">String</command:parameterValue><dev:type><maml:name>String</maml:name><maml:uri /></dev:type><dev:defaultValue></dev:defaultValue></command:parameter><command:parameter required="false" variableLength="false" globbing="false" pipelineInput="true (ByPropertyName)" position="named" aliases=""><maml:name>SetPropertyValue</maml:name><maml:description><maml:para>Specifies an array of property values. This cmdlet specifies these property values for the ODBC DSN. Specify an array of strings of the form &lt;key&gt;=&lt;value&gt;.</maml:para></maml:description><command:parameterValue required="true" variableLength="false">String</command:parameterValue><dev:type><maml:name>String</maml:name><maml:uri /></dev:type><dev:defaultValue></dev:defaultValue></command:parameter><command:parameter required="false" variableLength="false" globbing="false" pipelineInput="false" position="named" aliases=""><maml:name>PassThru</maml:name><maml:description><maml:para>Returns an object representing the item with which you are working. By default, this cmdlet does not generate any output.</maml:para></maml:description><command:parameterValue required="false" variableLength="false">SwitchParameter</command:parameterValue><dev:type><maml:name>SwitchParameter</maml:name><maml:uri /></dev:type><dev:defaultValue></dev:defaultValue></command:parameter><command:parameter required="false" variableLength="false" globbing="false" pipelineInput="false" position="named" aliases=""><maml:name>AsJob</maml:name><maml:description><maml:para>Runs the cmdlet as a background job. Use this parameter to run commands that take a long time to complete. 
 The cmdlet immediately returns an object that represents the job and then displays the command prompt. You can continue to work in the session while the job completes. To manage the job, use the *-Job cmdlets. To get the job results, use the <maml:navigationLink><maml:linkText>Receive-Job</maml:linkText><maml:uri></maml:uri></maml:navigationLink> cmdlet. 
 For more information about Windows PowerShell® background jobs, see <maml:navigationLink><maml:linkText>about_Jobs</maml:linkText><maml:uri></maml:uri></maml:navigationLink>.</maml:para></maml:description><command:parameterValue required="false" variableLength="false">SwitchParameter</command:parameterValue><dev:type><maml:name>SwitchParameter</maml:name><maml:uri /></dev:type><dev:defaultValue></dev:defaultValue></command:parameter><command:parameter required="false" variableLength="false" globbing="false" pipelineInput="false" position="named" aliases=""><maml:name>CimSession</maml:name><maml:description><maml:para>Runs the cmdlet in a remote session or on a remote computer. Enter a computer name or a session object, such as the output of a <maml:navigationLink><maml:linkText>New-CimSession</maml:linkText><maml:uri></maml:uri></maml:navigationLink> or <maml:navigationLink><maml:linkText>Get-CimSession</maml:linkText><maml:uri></maml:uri></maml:navigationLink> cmdlet. The default is the current session on the local computer.</maml:para></maml:description><command:parameterValue required="true" variableLength="false">CimSession</command:parameterValue><dev:type><maml:name>CimSession</maml:name><maml:uri /></dev:type><dev:defaultValue></dev:defaultValue></command:parameter><command:parameter required="false" variableLength="false" globbing="false" pipelineInput="false" position="named" aliases=""><maml:name>ThrottleLimit</maml:name><maml:description><maml:para>Specifies the maximum number of concurrent operations that can be established to run the cmdlet. If this parameter is omitted or a value of 0 is entered, then Windows PowerShell® calculates an optimum throttle limit for the cmdlet based on the number of CIM cmdlets that are running on the computer. The throttle limit applies only to the current cmdlet, not to the session or to the computer.</maml:para></maml:description><command:parameterValue required="true" variableLength="false">Int32</command:parameterValue><dev:type><maml:name>Int32</maml:name><maml:uri /></dev:type><dev:defaultValue></dev:defaultValue></command:parameter></command:parameters><command:inputTypes><command:inputType><dev:type><maml:name></maml:name><maml:uri></maml:uri><maml:description><maml:para /></maml:description></dev:type><maml:description></maml:description></command:inputType></command:inputTypes><command:returnValues><command:returnValue><dev:type><maml:name>Microsoft.Management.Infrastructure.CimInstance#MSFT_OdbcDsn[]</maml:name><maml:uri></maml:uri><maml:description><maml:para /></maml:description></dev:type><maml:description></maml:description></command:returnValue></command:returnValues><command:terminatingErrors /><command:nonTerminatingErrors /><command:examples><command:example><maml:title>Example 1: Add a 32-bit ODBC User DSN</maml:title><maml:introduction><maml:para></maml:para></maml:introduction><dev:code>PS C:\&gt; Add-OdbcDsn -Name "MyPayroll" -DriverName "Microsoft Access Driver (*.mdb, *.accdb)" -DsnType "User" -Platform "32-bit" -SetPropertyValue 'Dbq=C:\mydatabase.accdb'
</dev:code><dev:remarks><maml:para>This command adds a 32-bit ODBC User DSN named MyPayroll that uses the specified 32-bit driver  with the specified properties. </maml:para></dev:remarks><command:commandLines><command:commandLine><command:commandText /></command:commandLine></command:commandLines></command:example><command:example><maml:title>Example 2: Add an ODBC System DSN</maml:title><maml:introduction><maml:para></maml:para></maml:introduction><dev:code>PS C:\&gt; Add-OdbcDsn -Name "MyPayroll" -DriverName "SQL Server Native Client 10.0" -DsnType "System" -SetPropertyValue @("Server=MyServer", "Trusted_Connection=Yes", "Database=Payroll")
</dev:code><dev:remarks><maml:para>This command adds the ODBC System DSNs named MyPayroll that use SQL Server Native Client 10.0 with the specified DSN properties. Because the command does not include the Platform parameter, the platform architecture is the default, native platform. </maml:para></dev:remarks><command:commandLines><command:commandLine><command:commandText /></command:commandLine></command:commandLines></command:example><command:example><maml:title>Example 3: Add and store an ODBC System DSN</maml:title><maml:introduction><maml:para></maml:para></maml:introduction><dev:code>PS C:\&gt; $newDsn = Add-OdbcDsn -Name "MyPayroll" -DriverName "SQL Server Native Client 10.0" -DsnType "System" -SetPropertyValue @("Server=MyServer", "Trusted_Connection=Yes", "Database=Payroll") -PassThru
</dev:code><dev:remarks><maml:para>This command adds the ODBC System DSNs named MyPayroll that use SQL Server Native Client 10.0 with the specified DSN properties, and then stores the results in the $newDsn variable. The command includes the PassThru parameter. Without PassThru, the cmdlet does not return anything. </maml:para></dev:remarks><command:commandLines><command:commandLine><command:commandText /></command:commandLine></command:commandLines></command:example><command:example><maml:title>Example 4: Migrates DSNs to a newer version of a driver</maml:title><maml:introduction><maml:para></maml:para></maml:introduction><dev:code>PS C:\&gt; $dsnArr = Get-OdbcDsn -DriverName 'SQL Server Native Client 10.0'
PS C:\&gt; foreach ($dsn in $dsnArr) {
          Remove-OdbcDsn -InputObject $dsn 
          # You can change the property array as well, 
          # if DSN attributes have been changed in the new driver version

          Add-OdbcDsn -Name $dsn.Name -DsnType $dsn.DsnType -Platform $dsn.Platform -DriverName 'SQL Server Native Client 12.0' -SetPropertyValue $dsn.PropertyValue
}
</dev:code><dev:remarks><maml:para>This example migrates DSNs using the SQL Server Native Client 10.0 driver to a newer version of that driver. This command works for the SQL Server Native Client ODBC driver.</maml:para></dev:remarks><command:commandLines><command:commandLine><command:commandText /></command:commandLine></command:commandLines></command:example></command:examples><maml:relatedLinks><maml:navigationLink><maml:linkText>Online Version:</maml:linkText><maml:uri>http://go.microsoft.com/fwlink/p/?linkid=287600</maml:uri></maml:navigationLink><maml:navigationLink><maml:linkText>Get-OdbcDsn</maml:linkText><maml:uri /></maml:navigationLink><maml:navigationLink><maml:linkText>Remove-OdbcDsn</maml:linkText><maml:uri /></maml:navigationLink><maml:navigationLink><maml:linkText>Set-OdbcDsn</maml:linkText><maml:uri /></maml:navigationLink><maml:navigationLink><maml:linkText>N:Wdac</maml:linkText><maml:uri /></maml:navigationLink></maml:relatedLinks></command:command>

<command:command xmlns:maml="http://schemas.microsoft.com/maml/2004/10" xmlns:command="http://schemas.microsoft.com/maml/dev/command/2004/10" xmlns:dev="http://schemas.microsoft.com/maml/dev/2004/10" xmlns:MSHelp="http://msdn.microsoft.com/mshelp"><command:details><command:name>Get-OdbcDsn</command:name><maml:description><maml:para>Gets ODBC DSNs. </maml:para></maml:description><maml:copyright><maml:para /></maml:copyright><command:verb>Get</command:verb><command:noun>OdbcDsn</command:noun><dev:version /></command:details><maml:description><maml:para>The Get-OdbcDsn cmdlet gets Open Database Connectivity (ODBC) data source names (DSNs) from the computer. You can specify values for the Name, DsnType, Platform, and DriverName parameters. If you do not specify Name or DriverName, the cmdlet gets all DSN names and all driver names respectively. If you do not specify any parameter, the cmdlet gets all ODBC DSNs from the computer.</maml:para><maml:para>For more information about ODBC, data source names, and drivers, see <maml:navigationLink><maml:linkText>Microsoft Open Database Connectivity (ODBC)</maml:linkText><maml:uri></maml:uri></maml:navigationLink> (http://msdn.microsoft.com/en-us/library/ms710252.aspx), <maml:navigationLink><maml:linkText>Data Sources</maml:linkText><maml:uri></maml:uri></maml:navigationLink> (http://msdn.microsoft.com/en-us/library/ms711688.aspx), and <maml:navigationLink><maml:linkText>Drivers</maml:linkText><maml:uri></maml:uri></maml:navigationLink> (http://msdn.microsoft.com/en-us/library/ms711688.aspx) on the Microsoft Developer Network.</maml:para></maml:description><command:syntax><command:syntaxItem><maml:name>Get-OdbcDsn</maml:name><command:parameter required="false" variableLength="false" globbing="true" pipelineInput="true (ByPropertyName)" position="1" aliases=""><maml:name>Name</maml:name><maml:description><maml:para>Specifies the name of an ODBC DSN. You can use wildcard characters to specify more than one ODBC DSN. If you do not specify this parameter, this cmdlet returns all ODBC DSNs.</maml:para></maml:description><command:parameterValue required="true" variableLength="false">String</command:parameterValue></command:parameter><command:parameter required="false" variableLength="false" globbing="false" pipelineInput="false" position="named" aliases=""><maml:name>AsJob</maml:name><maml:description><maml:para>Runs the cmdlet as a background job. Use this parameter to run commands that take a long time to complete. 
 The cmdlet immediately returns an object that represents the job and then displays the command prompt. You can continue to work in the session while the job completes. To manage the job, use the *-Job cmdlets. To get the job results, use the <maml:navigationLink><maml:linkText>Receive-Job</maml:linkText><maml:uri></maml:uri></maml:navigationLink> cmdlet. 
 For more information about Windows PowerShell® background jobs, see <maml:navigationLink><maml:linkText>about_Jobs</maml:linkText><maml:uri></maml:uri></maml:navigationLink>.</maml:para></maml:description></command:parameter><command:parameter required="false" variableLength="false" globbing="false" pipelineInput="false" position="named" aliases=""><maml:name>CimSession</maml:name><maml:description><maml:para>Runs the cmdlet in a remote session or on a remote computer. Enter a computer name or a session object, such as the output of a <maml:navigationLink><maml:linkText>New-CimSession</maml:linkText><maml:uri></maml:uri></maml:navigationLink> or <maml:navigationLink><maml:linkText>Get-CimSession</maml:linkText><maml:uri></maml:uri></maml:navigationLink> cmdlet. The default is the current session on the local computer.</maml:para></maml:description><command:parameterValue required="true" variableLength="false">CimSession</command:parameterValue></command:parameter><command:parameter required="false" variableLength="false" globbing="true" pipelineInput="true (ByPropertyName)" position="named" aliases=""><maml:name>DriverName</maml:name><maml:description><maml:para>Specifies the name of a driver. This cmdlet gets ODBC DSNs that use the specified ODBC driver. You can use wildcard characters. If you do not specify this parameter, this cmdlet gets all ODBC DSNs.</maml:para></maml:description><command:parameterValue required="true" variableLength="false">String</command:parameterValue></command:parameter><command:parameter required="false" variableLength="false" globbing="false" pipelineInput="true (ByPropertyName)" position="named" aliases=""><maml:name>DsnType</maml:name><maml:description><maml:para>Specifies the type of an ODBC DSN. This cmdlet gets DSNs of the type that this parameter specifies. The acceptable values for this parameter are: 

-- User
-- System
-- All

The default value is All.</maml:para></maml:description><command:parameterValue required="true" variableLength="false">String</command:parameterValue></command:parameter><command:parameter required="false" variableLength="false" globbing="false" pipelineInput="true (ByPropertyName)" position="named" aliases=""><maml:name>Platform</maml:name><maml:description><maml:para>Specifies the platform architecture. This cmdlet gets the ODBC DSN that belong to the architecture that this parameter specifies. The acceptable values for this parameter are: 

-- 32-bit
-- 64-bit
-- All 
</maml:para><maml:para>The default value is All. If you run this cmdlet in a remote CIM session, this parameter refers to the platform architecture on the remote computer.</maml:para></maml:description><command:parameterValue required="true" variableLength="false">String</command:parameterValue></command:parameter><command:parameter required="false" variableLength="false" globbing="false" pipelineInput="false" position="named" aliases=""><maml:name>ThrottleLimit</maml:name><maml:description><maml:para>Specifies the maximum number of concurrent operations that can be established to run the cmdlet. If this parameter is omitted or a value of 0 is entered, then Windows PowerShell® calculates an optimum throttle limit for the cmdlet based on the number of CIM cmdlets that are running on the computer. The throttle limit applies only to the current cmdlet, not to the session or to the computer.</maml:para></maml:description><command:parameterValue required="true" variableLength="false">Int32</command:parameterValue></command:parameter></command:syntaxItem></command:syntax><command:parameters><command:parameter required="false" variableLength="false" globbing="true" pipelineInput="true (ByPropertyName)" position="1" aliases=""><maml:name>Name</maml:name><maml:description><maml:para>Specifies the name of an ODBC DSN. You can use wildcard characters to specify more than one ODBC DSN. If you do not specify this parameter, this cmdlet returns all ODBC DSNs.</maml:para></maml:description><command:parameterValue required="true" variableLength="false">String</command:parameterValue><dev:type><maml:name>String</maml:name><maml:uri /></dev:type><dev:defaultValue></dev:defaultValue></command:parameter><command:parameter required="false" variableLength="false" globbing="false" pipelineInput="true (ByPropertyName)" position="named" aliases=""><maml:name>DsnType</maml:name><maml:description><maml:para>Specifies the type of an ODBC DSN. This cmdlet gets DSNs of the type that this parameter specifies. The acceptable values for this parameter are: 

-- User
-- System
-- All

The default value is All.</maml:para></maml:description><command:parameterValue required="true" variableLength="false">String</command:parameterValue><dev:type><maml:name>String</maml:name><maml:uri /></dev:type><dev:defaultValue></dev:defaultValue></command:parameter><command:parameter required="false" variableLength="false" globbing="false" pipelineInput="true (ByPropertyName)" position="named" aliases=""><maml:name>Platform</maml:name><maml:description><maml:para>Specifies the platform architecture. This cmdlet gets the ODBC DSN that belong to the architecture that this parameter specifies. The acceptable values for this parameter are: 

-- 32-bit
-- 64-bit
-- All 
</maml:para><maml:para>The default value is All. If you run this cmdlet in a remote CIM session, this parameter refers to the platform architecture on the remote computer.</maml:para></maml:description><command:parameterValue required="true" variableLength="false">String</command:parameterValue><dev:type><maml:name>String</maml:name><maml:uri /></dev:type><dev:defaultValue></dev:defaultValue></command:parameter><command:parameter required="false" variableLength="false" globbing="true" pipelineInput="true (ByPropertyName)" position="named" aliases=""><maml:name>DriverName</maml:name><maml:description><maml:para>Specifies the name of a driver. This cmdlet gets ODBC DSNs that use the specified ODBC driver. You can use wildcard characters. If you do not specify this parameter, this cmdlet gets all ODBC DSNs.</maml:para></maml:description><command:parameterValue required="true" variableLength="false">String</command:parameterValue><dev:type><maml:name>String</maml:name><maml:uri /></dev:type><dev:defaultValue></dev:defaultValue></command:parameter><command:parameter required="false" variableLength="false" globbing="false" pipelineInput="false" position="named" aliases=""><maml:name>AsJob</maml:name><maml:description><maml:para>Runs the cmdlet as a background job. Use this parameter to run commands that take a long time to complete. 
 The cmdlet immediately returns an object that represents the job and then displays the command prompt. You can continue to work in the session while the job completes. To manage the job, use the *-Job cmdlets. To get the job results, use the <maml:navigationLink><maml:linkText>Receive-Job</maml:linkText><maml:uri></maml:uri></maml:navigationLink> cmdlet. 
 For more information about Windows PowerShell® background jobs, see <maml:navigationLink><maml:linkText>about_Jobs</maml:linkText><maml:uri></maml:uri></maml:navigationLink>.</maml:para></maml:description><command:parameterValue required="false" variableLength="false">SwitchParameter</command:parameterValue><dev:type><maml:name>SwitchParameter</maml:name><maml:uri /></dev:type><dev:defaultValue></dev:defaultValue></command:parameter><command:parameter required="false" variableLength="false" globbing="false" pipelineInput="false" position="named" aliases=""><maml:name>CimSession</maml:name><maml:description><maml:para>Runs the cmdlet in a remote session or on a remote computer. Enter a computer name or a session object, such as the output of a <maml:navigationLink><maml:linkText>New-CimSession</maml:linkText><maml:uri></maml:uri></maml:navigationLink> or <maml:navigationLink><maml:linkText>Get-CimSession</maml:linkText><maml:uri></maml:uri></maml:navigationLink> cmdlet. The default is the current session on the local computer.</maml:para></maml:description><command:parameterValue required="true" variableLength="false">CimSession</command:parameterValue><dev:type><maml:name>CimSession</maml:name><maml:uri /></dev:type><dev:defaultValue></dev:defaultValue></command:parameter><command:parameter required="false" variableLength="false" globbing="false" pipelineInput="false" position="named" aliases=""><maml:name>ThrottleLimit</maml:name><maml:description><maml:para>Specifies the maximum number of concurrent operations that can be established to run the cmdlet. If this parameter is omitted or a value of 0 is entered, then Windows PowerShell® calculates an optimum throttle limit for the cmdlet based on the number of CIM cmdlets that are running on the computer. The throttle limit applies only to the current cmdlet, not to the session or to the computer.</maml:para></maml:description><command:parameterValue required="true" variableLength="false">Int32</command:parameterValue><dev:type><maml:name>Int32</maml:name><maml:uri /></dev:type><dev:defaultValue></dev:defaultValue></command:parameter></command:parameters><command:inputTypes><command:inputType><dev:type><maml:name></maml:name><maml:uri></maml:uri><maml:description><maml:para /></maml:description></dev:type><maml:description></maml:description></command:inputType></command:inputTypes><command:returnValues><command:returnValue><dev:type><maml:name>Microsoft.Management.Infrastructure.CimInstance#MSFT_OdbcDsn[]</maml:name><maml:uri></maml:uri><maml:description><maml:para /></maml:description></dev:type><maml:description></maml:description></command:returnValue></command:returnValues><command:terminatingErrors /><command:nonTerminatingErrors /><command:examples><command:example><maml:title>Example 1: Get all DSNs</maml:title><maml:introduction><maml:para></maml:para></maml:introduction><dev:code>PS C:\&gt; Get-OdbcDsn
</dev:code><dev:remarks><maml:para>This command gets all ODBC User DSNs and System DSNs that use 32-bit or 64-bit ODBC drivers.</maml:para></dev:remarks><command:commandLines><command:commandLine><command:commandText /></command:commandLine></command:commandLines></command:example><command:example><maml:title>Example 2: Get ODBC System DSNs by name</maml:title><maml:introduction><maml:para></maml:para></maml:introduction><dev:code>PS C:\&gt; Get-OdbcDsn -Name "MyPayroll" -DsnType "System" -Platform "32-bit"
</dev:code><dev:remarks><maml:para>This command gets the ODBC System DSNs named MyPayroll stored in the 32-bit registry location. </maml:para></dev:remarks><command:commandLines><command:commandLine><command:commandText /></command:commandLine></command:commandLines></command:example><command:example><maml:title>Example 3: Get ODBC DSNs with names that contain a string</maml:title><maml:introduction><maml:para></maml:para></maml:introduction><dev:code>PS C:\&gt; Get-OdbcDsn -Name "*Payroll*"
</dev:code><dev:remarks><maml:para>This command gets all ODBC User DSNs and System DSNs with names that contain the string Payroll. The DSNs are stored in the native hive of the registry location.</maml:para></dev:remarks><command:commandLines><command:commandLine><command:commandText /></command:commandLine></command:commandLines></command:example><command:example><maml:title>Example 4: Get all ODBC User DSNs for specified driver</maml:title><maml:introduction><maml:para></maml:para></maml:introduction><dev:code>PS C:\&gt; $dsnArray = Get-OdbcDsn -DriverName "SQL Server*"
</dev:code><dev:remarks><maml:para>This command gets all ODBC User DSNs that use a driver that has the specified name, and then stores those DSN in the $dsnArray variable. </maml:para></dev:remarks><command:commandLines><command:commandLine><command:commandText /></command:commandLine></command:commandLines></command:example></command:examples><maml:relatedLinks><maml:navigationLink><maml:linkText>Online Version:</maml:linkText><maml:uri>http://go.microsoft.com/fwlink/p/?linkid=287606</maml:uri></maml:navigationLink><maml:navigationLink><maml:linkText>Add-OdbcDsn</maml:linkText><maml:uri /></maml:navigationLink><maml:navigationLink><maml:linkText>Remove-OdbcDsn</maml:linkText><maml:uri /></maml:navigationLink><maml:navigationLink><maml:linkText>Set-OdbcDsn</maml:linkText><maml:uri /></maml:navigationLink><maml:navigationLink><maml:linkText>N:Wdac</maml:linkText><maml:uri /></maml:navigationLink></maml:relatedLinks></command:command>

<command:command xmlns:maml="http://schemas.microsoft.com/maml/2004/10" xmlns:command="http://schemas.microsoft.com/maml/dev/command/2004/10" xmlns:dev="http://schemas.microsoft.com/maml/dev/2004/10" xmlns:MSHelp="http://msdn.microsoft.com/mshelp"><command:details><command:name>Remove-OdbcDsn</command:name><maml:description><maml:para>Removes ODBC DSNs.</maml:para></maml:description><maml:copyright><maml:para /></maml:copyright><command:verb>Remove</command:verb><command:noun>OdbcDsn</command:noun><dev:version /></command:details><maml:description><maml:para>The Remove-OdbcDsn cmdlet removes Open Database Connectivity (ODBC) data source names (DSNs) from the computer.</maml:para><maml:para>For more information about ODBC, data source names, and drivers, see <maml:navigationLink><maml:linkText>Microsoft Open Database Connectivity (ODBC)</maml:linkText><maml:uri></maml:uri></maml:navigationLink> (http://msdn.microsoft.com/en-us/library/ms710252.aspx), <maml:navigationLink><maml:linkText>Data Sources</maml:linkText><maml:uri></maml:uri></maml:navigationLink> (http://msdn.microsoft.com/en-us/library/ms711688.aspx), and <maml:navigationLink><maml:linkText>Drivers</maml:linkText><maml:uri></maml:uri></maml:navigationLink> (http://msdn.microsoft.com/en-us/library/ms715383.aspx) on the Microsoft Developer Network.</maml:para></maml:description><command:syntax><command:syntaxItem><maml:name>Remove-OdbcDsn</maml:name><command:parameter required="true" variableLength="true" globbing="false" pipelineInput="True (ByValue)" position="1" aliases="Dsn"><maml:name>InputObject</maml:name><maml:description><maml:para>Specifies an array of input objects. This cmdlet removes the ODBC DSNs that the specified ODBC DSN objects represent. Specify a variable that contains the objects, or type a command or expression that gets the objects.</maml:para></maml:description><command:parameterValue required="true" variableLength="true">CimInstance[]</command:parameterValue></command:parameter><command:parameter required="false" variableLength="false" globbing="false" pipelineInput="false" position="named" aliases=""><maml:name>AsJob</maml:name><maml:description><maml:para>Runs the cmdlet as a background job. Use this parameter to run commands that take a long time to complete. 
 The cmdlet immediately returns an object that represents the job and then displays the command prompt. You can continue to work in the session while the job completes. To manage the job, use the *-Job cmdlets. To get the job results, use the <maml:navigationLink><maml:linkText>Receive-Job</maml:linkText><maml:uri></maml:uri></maml:navigationLink> cmdlet. 
 For more information about Windows PowerShell® background jobs, see <maml:navigationLink><maml:linkText>about_Jobs</maml:linkText><maml:uri></maml:uri></maml:navigationLink>.</maml:para></maml:description></command:parameter><command:parameter required="false" variableLength="true" globbing="false" pipelineInput="false" position="named" aliases="Session"><maml:name>CimSession</maml:name><maml:description><maml:para>Runs the cmdlet in a remote session or on a remote computer. Enter a computer name or a session object, such as the output of a <maml:navigationLink><maml:linkText>New-CimSession</maml:linkText><maml:uri></maml:uri></maml:navigationLink> or <maml:navigationLink><maml:linkText>Get-CimSession</maml:linkText><maml:uri></maml:uri></maml:navigationLink> cmdlet. The default is the current session on the local computer.</maml:para></maml:description><command:parameterValue required="true" variableLength="true">CimSession[]</command:parameterValue></command:parameter><command:parameter required="false" variableLength="false" globbing="false" pipelineInput="false" position="named" aliases=""><maml:name>PassThru</maml:name><maml:description><maml:para>Returns an object representing the item with which you are working. By default, this cmdlet does not generate any output.</maml:para></maml:description></command:parameter><command:parameter required="false" variableLength="false" globbing="false" pipelineInput="false" position="named" aliases=""><maml:name>ThrottleLimit</maml:name><maml:description><maml:para>Specifies the maximum number of concurrent operations that can be established to run the cmdlet. If this parameter is omitted or a value of 0 is entered, then Windows PowerShell® calculates an optimum throttle limit for the cmdlet based on the number of CIM cmdlets that are running on the computer. The throttle limit applies only to the current cmdlet, not to the session or to the computer.</maml:para></maml:description><command:parameterValue required="true" variableLength="false">Int32</command:parameterValue></command:parameter><command:parameter required="false" variableLength="true" globbing="false" pipelineInput="false" position="named"><maml:name>Confirm</maml:name><maml:description><maml:para>Prompts you for confirmation before running the cmdlet.</maml:para></maml:description></command:parameter><command:parameter required="false" variableLength="true" globbing="false" pipelineInput="false" position="named"><maml:name>WhatIf</maml:name><maml:description><maml:para>Shows what would happen if the cmdlet runs. The cmdlet is not run.</maml:para></maml:description></command:parameter></command:syntaxItem><command:syntaxItem><maml:name>Remove-OdbcDsn</maml:name><command:parameter required="true" variableLength="false" globbing="false" pipelineInput="True (ByPropertyName)" position="1" aliases="DsnName"><maml:name>Name</maml:name><maml:description><maml:para>Specifies the name of an ODBC DSNs. You can use wildcard characters to specify more than one name. This cmdlet removes the DSNs that the names specify.</maml:para></maml:description><command:parameterValue required="true" variableLength="false">String</command:parameterValue></command:parameter><command:parameter required="false" variableLength="false" globbing="false" pipelineInput="false" position="named" aliases=""><maml:name>AsJob</maml:name><maml:description><maml:para>Runs the cmdlet as a background job. Use this parameter to run commands that take a long time to complete. 
 The cmdlet immediately returns an object that represents the job and then displays the command prompt. You can continue to work in the session while the job completes. To manage the job, use the *-Job cmdlets. To get the job results, use the <maml:navigationLink><maml:linkText>Receive-Job</maml:linkText><maml:uri></maml:uri></maml:navigationLink> cmdlet. 
 For more information about Windows PowerShell® background jobs, see <maml:navigationLink><maml:linkText>about_Jobs</maml:linkText><maml:uri></maml:uri></maml:navigationLink>.</maml:para></maml:description></command:parameter><command:parameter required="false" variableLength="true" globbing="false" pipelineInput="false" position="named" aliases="Session"><maml:name>CimSession</maml:name><maml:description><maml:para>Runs the cmdlet in a remote session or on a remote computer. Enter a computer name or a session object, such as the output of a <maml:navigationLink><maml:linkText>New-CimSession</maml:linkText><maml:uri></maml:uri></maml:navigationLink> or <maml:navigationLink><maml:linkText>Get-CimSession</maml:linkText><maml:uri></maml:uri></maml:navigationLink> cmdlet. The default is the current session on the local computer.</maml:para></maml:description><command:parameterValue required="true" variableLength="true">CimSession[]</command:parameterValue></command:parameter><command:parameter required="false" variableLength="false" globbing="false" pipelineInput="True (ByPropertyName)" position="named" aliases=""><maml:name>DriverName</maml:name><maml:description><maml:para>Specifies the name of a driver. This cmdlet removes the ODBC DSN that uses the driver that this parameter specifies. You can use wildcard characters. If you do not specify this parameter, this cmdlet removes DSNs for all drivers. </maml:para></maml:description><command:parameterValue required="true" variableLength="false">String</command:parameterValue></command:parameter><command:parameter required="false" variableLength="false" globbing="false" pipelineInput="false" position="named" aliases=""><maml:name>PassThru</maml:name><maml:description><maml:para>Returns an object representing the item with which you are working. By default, this cmdlet does not generate any output.</maml:para></maml:description></command:parameter><command:parameter required="false" variableLength="false" globbing="false" pipelineInput="True (ByPropertyName)" position="named" aliases=""><maml:name>Platform</maml:name><maml:description><maml:para>Specifies the platform architecture. This cmdlet removes the ODBC DSNs that belong to the architecture that this parameter specifies. The acceptable values for this parameter are: 

-- 32-bit
-- 64-bit
-- All </maml:para><maml:para>The default value is 32-bit on a 32-bit process. The default value is 64-bit on a 64-bit process. If you run this cmdlet in a remote CIM session, this parameter refers to the platform architecture on the remote computer.</maml:para></maml:description><command:parameterValue required="true" variableLength="false">String</command:parameterValue></command:parameter><command:parameter required="false" variableLength="false" globbing="false" pipelineInput="false" position="named" aliases=""><maml:name>ThrottleLimit</maml:name><maml:description><maml:para>Specifies the maximum number of concurrent operations that can be established to run the cmdlet. If this parameter is omitted or a value of 0 is entered, then Windows PowerShell® calculates an optimum throttle limit for the cmdlet based on the number of CIM cmdlets that are running on the computer. The throttle limit applies only to the current cmdlet, not to the session or to the computer.</maml:para></maml:description><command:parameterValue required="true" variableLength="false">Int32</command:parameterValue></command:parameter><command:parameter required="true" variableLength="false" globbing="false" pipelineInput="True (ByPropertyName)" position="named" aliases=""><maml:name>DsnType</maml:name><maml:description><maml:para>Specifies the type of an ODBC DSN. This cmdlet removes DSNs of the type that this parameter specifies. The acceptable values for this parameter are: 

-- User
-- System
-- All</maml:para></maml:description><command:parameterValue required="true" variableLength="false">String</command:parameterValue></command:parameter><command:parameter required="false" variableLength="true" globbing="false" pipelineInput="false" position="named"><maml:name>Confirm</maml:name><maml:description><maml:para>Prompts you for confirmation before running the cmdlet.</maml:para></maml:description></command:parameter><command:parameter required="false" variableLength="true" globbing="false" pipelineInput="false" position="named"><maml:name>WhatIf</maml:name><maml:description><maml:para>Shows what would happen if the cmdlet runs. The cmdlet is not run.</maml:para></maml:description></command:parameter></command:syntaxItem></command:syntax><command:parameters><command:parameter required="true" variableLength="true" globbing="false" pipelineInput="True (ByValue)" position="1" aliases="Dsn"><maml:name>InputObject</maml:name><maml:description><maml:para>Specifies an array of input objects. This cmdlet removes the ODBC DSNs that the specified ODBC DSN objects represent. Specify a variable that contains the objects, or type a command or expression that gets the objects.</maml:para></maml:description><command:parameterValue required="true" variableLength="true">CimInstance[]</command:parameterValue><dev:type><maml:name>CimInstance[]</maml:name><maml:uri /></dev:type><dev:defaultValue></dev:defaultValue></command:parameter><command:parameter required="true" variableLength="false" globbing="false" pipelineInput="True (ByPropertyName)" position="1" aliases="DsnName"><maml:name>Name</maml:name><maml:description><maml:para>Specifies the name of an ODBC DSNs. You can use wildcard characters to specify more than one name. This cmdlet removes the DSNs that the names specify.</maml:para></maml:description><command:parameterValue required="true" variableLength="false">String</command:parameterValue><dev:type><maml:name>String</maml:name><maml:uri /></dev:type><dev:defaultValue></dev:defaultValue></command:parameter><command:parameter required="true" variableLength="false" globbing="false" pipelineInput="True (ByPropertyName)" position="named" aliases=""><maml:name>DsnType</maml:name><maml:description><maml:para>Specifies the type of an ODBC DSN. This cmdlet removes DSNs of the type that this parameter specifies. The acceptable values for this parameter are: 

-- User
-- System
-- All</maml:para></maml:description><command:parameterValue required="true" variableLength="false">String</command:parameterValue><dev:type><maml:name>String</maml:name><maml:uri /></dev:type><dev:defaultValue></dev:defaultValue></command:parameter><command:parameter required="false" variableLength="false" globbing="false" pipelineInput="True (ByPropertyName)" position="named" aliases=""><maml:name>Platform</maml:name><maml:description><maml:para>Specifies the platform architecture. This cmdlet removes the ODBC DSNs that belong to the architecture that this parameter specifies. The acceptable values for this parameter are: 

-- 32-bit
-- 64-bit
-- All </maml:para><maml:para>The default value is 32-bit on a 32-bit process. The default value is 64-bit on a 64-bit process. If you run this cmdlet in a remote CIM session, this parameter refers to the platform architecture on the remote computer.</maml:para></maml:description><command:parameterValue required="true" variableLength="false">String</command:parameterValue><dev:type><maml:name>String</maml:name><maml:uri /></dev:type><dev:defaultValue></dev:defaultValue></command:parameter><command:parameter required="false" variableLength="false" globbing="false" pipelineInput="True (ByPropertyName)" position="named" aliases=""><maml:name>DriverName</maml:name><maml:description><maml:para>Specifies the name of a driver. This cmdlet removes the ODBC DSN that uses the driver that this parameter specifies. You can use wildcard characters. If you do not specify this parameter, this cmdlet removes DSNs for all drivers. </maml:para></maml:description><command:parameterValue required="true" variableLength="false">String</command:parameterValue><dev:type><maml:name>String</maml:name><maml:uri /></dev:type><dev:defaultValue></dev:defaultValue></command:parameter><command:parameter required="false" variableLength="false" globbing="false" pipelineInput="false" position="named" aliases=""><maml:name>PassThru</maml:name><maml:description><maml:para>Returns an object representing the item with which you are working. By default, this cmdlet does not generate any output.</maml:para></maml:description><command:parameterValue required="false" variableLength="false">SwitchParameter</command:parameterValue><dev:type><maml:name>SwitchParameter</maml:name><maml:uri /></dev:type><dev:defaultValue></dev:defaultValue></command:parameter><command:parameter required="false" variableLength="false" globbing="false" pipelineInput="false" position="named" aliases=""><maml:name>AsJob</maml:name><maml:description><maml:para>Runs the cmdlet as a background job. Use this parameter to run commands that take a long time to complete. 
 The cmdlet immediately returns an object that represents the job and then displays the command prompt. You can continue to work in the session while the job completes. To manage the job, use the *-Job cmdlets. To get the job results, use the <maml:navigationLink><maml:linkText>Receive-Job</maml:linkText><maml:uri></maml:uri></maml:navigationLink> cmdlet. 
 For more information about Windows PowerShell® background jobs, see <maml:navigationLink><maml:linkText>about_Jobs</maml:linkText><maml:uri></maml:uri></maml:navigationLink>.</maml:para></maml:description><command:parameterValue required="false" variableLength="false">SwitchParameter</command:parameterValue><dev:type><maml:name>SwitchParameter</maml:name><maml:uri /></dev:type><dev:defaultValue></dev:defaultValue></command:parameter><command:parameter required="false" variableLength="true" globbing="false" pipelineInput="false" position="named" aliases="Session"><maml:name>CimSession</maml:name><maml:description><maml:para>Runs the cmdlet in a remote session or on a remote computer. Enter a computer name or a session object, such as the output of a <maml:navigationLink><maml:linkText>New-CimSession</maml:linkText><maml:uri></maml:uri></maml:navigationLink> or <maml:navigationLink><maml:linkText>Get-CimSession</maml:linkText><maml:uri></maml:uri></maml:navigationLink> cmdlet. The default is the current session on the local computer.</maml:para></maml:description><command:parameterValue required="true" variableLength="true">CimSession[]</command:parameterValue><dev:type><maml:name>CimSession[]</maml:name><maml:uri /></dev:type><dev:defaultValue></dev:defaultValue></command:parameter><command:parameter required="false" variableLength="false" globbing="false" pipelineInput="false" position="named" aliases=""><maml:name>ThrottleLimit</maml:name><maml:description><maml:para>Specifies the maximum number of concurrent operations that can be established to run the cmdlet. If this parameter is omitted or a value of 0 is entered, then Windows PowerShell® calculates an optimum throttle limit for the cmdlet based on the number of CIM cmdlets that are running on the computer. The throttle limit applies only to the current cmdlet, not to the session or to the computer.</maml:para></maml:description><command:parameterValue required="true" variableLength="false">Int32</command:parameterValue><dev:type><maml:name>Int32</maml:name><maml:uri /></dev:type><dev:defaultValue></dev:defaultValue></command:parameter><command:parameter required="false" variableLength="true" globbing="false" pipelineInput="false" position="named"><maml:name>Confirm</maml:name><maml:description><maml:para>Prompts you for confirmation before running the cmdlet.</maml:para></maml:description><command:parameterValue required="false" variableLength="false">SwitchParameter</command:parameterValue><dev:type><maml:name>SwitchParameter</maml:name><maml:uri /></dev:type><dev:defaultValue>false</dev:defaultValue></command:parameter><command:parameter required="false" variableLength="true" globbing="false" pipelineInput="false" position="named"><maml:name>WhatIf</maml:name><maml:description><maml:para>Shows what would happen if the cmdlet runs. The cmdlet is not run.</maml:para></maml:description><command:parameterValue required="false" variableLength="false">SwitchParameter</command:parameterValue><dev:type><maml:name>SwitchParameter</maml:name><maml:uri /></dev:type><dev:defaultValue>false</dev:defaultValue></command:parameter></command:parameters><command:inputTypes><command:inputType><dev:type><maml:name></maml:name><maml:uri></maml:uri><maml:description><maml:para /></maml:description></dev:type><maml:description></maml:description></command:inputType></command:inputTypes><command:returnValues><command:returnValue><dev:type><maml:name>Microsoft.Management.Infrastructure.CimInstance#MSFT_OdbcDsn[]</maml:name><maml:uri></maml:uri><maml:description><maml:para /></maml:description></dev:type><maml:description></maml:description></command:returnValue></command:returnValues><command:terminatingErrors /><command:nonTerminatingErrors /><command:examples><command:example><maml:title>Example 1: Remove 32-bit User DSNs that have names that contain a string</maml:title><maml:introduction><maml:para></maml:para></maml:introduction><dev:code>PS C:\&gt; Remove-OdbcDsn -Name "*Payroll*" -DsnType "User" -Platform "32-bit"
</dev:code><dev:remarks><maml:para>This command removes the 32-bit ODBC User DSNs that have names that contain Payroll. </maml:para></dev:remarks><command:commandLines><command:commandLine><command:commandText /></command:commandLine></command:commandLines></command:example><command:example><maml:title>Example 2: Remove the System DSN named MyPayroll from the native platform</maml:title><maml:introduction><maml:para></maml:para></maml:introduction><dev:code>PS C:\&gt; Remove-OdbcDsn -Name "MyPayroll" -DsnType "System"
</dev:code><dev:remarks><maml:para>This command removes the ODBC System DSN named MyPayroll from the native platform.</maml:para></dev:remarks><command:commandLines><command:commandLine><command:commandText /></command:commandLine></command:commandLines></command:example><command:example><maml:title>Example 3: Remove all 32-bit ODBC System DSNs by using wildcard characters</maml:title><maml:introduction><maml:para></maml:para></maml:introduction><dev:code>PS C:\&gt; Remove-OdbcDsn -Name "*Payroll*" -DsnType "System" -Platform "32-bit" -DriverName "SQL Server*"
</dev:code><dev:remarks><maml:para>This command removes all 32-bit ODBC System DSNs that have names that contain the string *Payroll*, and use the driver with a name that starts with SQL Server.</maml:para></dev:remarks><command:commandLines><command:commandLine><command:commandText /></command:commandLine></command:commandLines></command:example><command:example><maml:title>Example 4: Remove a 32-bit ODBC User DSN by using a name</maml:title><maml:introduction><maml:para></maml:para></maml:introduction><dev:code>PS C:\&gt; $sysDsn = Remove-OdbcDsn -Name "MyPayroll" -DsnType "User" -Platform "32-bit" -PassThru
</dev:code><dev:remarks><maml:para>This command removes the 32-bit ODBC User DSNs named MyPayroll, and then stores the deleted DSN object in the $sysDsn variable.</maml:para></dev:remarks><command:commandLines><command:commandLine><command:commandText /></command:commandLine></command:commandLines></command:example><command:example><maml:title>Example 5: Remove a System DSN on the native platform by using the pipeline operator</maml:title><maml:introduction><maml:para></maml:para></maml:introduction><dev:code>PS C:\&gt; Get-OdbcDsn -Name "MyPayroll" -DsnType "System" | Remove-OdbcDsn
</dev:code><dev:remarks><maml:para>This command uses the Get-OdbcDsn to get the ODBC System DSN on the native platform named MyPayroll, and then passes it to the current cmdlet by using the pipeline operator. The example removes that DSN.</maml:para></dev:remarks><command:commandLines><command:commandLine><command:commandText /></command:commandLine></command:commandLines></command:example><command:example><maml:title>Example 6: Remove a ODBC System DSN on the native platform by using a variable</maml:title><maml:introduction><maml:para></maml:para></maml:introduction><dev:code>PS C:\&gt; $dsnArray = Get-OdbcDsn -Name "MyPayroll" -DsnType "System"
PS C:\&gt; Remove-OdbcDsn -InputObject $dsnArray 
</dev:code><dev:remarks><maml:para>The first command uses Get-OdbcDsn to get the ODBC System DSN on the native platform named MyPayroll, and then stores it in the $dsnArray variable. </maml:para><maml:para>The second command removes the DSN stored in $dsnArray.</maml:para></dev:remarks><command:commandLines><command:commandLine><command:commandText /></command:commandLine></command:commandLines></command:example></command:examples><maml:relatedLinks><maml:navigationLink><maml:linkText>Online Version:</maml:linkText><maml:uri>http://go.microsoft.com/fwlink/p/?linkid=287609</maml:uri></maml:navigationLink><maml:navigationLink><maml:linkText>Add-OdbcDsn</maml:linkText><maml:uri /></maml:navigationLink><maml:navigationLink><maml:linkText>Get-OdbcDsn</maml:linkText><maml:uri /></maml:navigationLink><maml:navigationLink><maml:linkText>Set-OdbcDsn</maml:linkText><maml:uri /></maml:navigationLink><maml:navigationLink><maml:linkText>N:Wdac</maml:linkText><maml:uri /></maml:navigationLink></maml:relatedLinks></command:command>

<command:command xmlns:maml="http://schemas.microsoft.com/maml/2004/10" xmlns:command="http://schemas.microsoft.com/maml/dev/command/2004/10" xmlns:dev="http://schemas.microsoft.com/maml/dev/2004/10" xmlns:MSHelp="http://msdn.microsoft.com/mshelp"><command:details><command:name>Set-OdbcDsn</command:name><maml:description><maml:para>Configures properties for existing ODBC DSNs.</maml:para></maml:description><maml:copyright><maml:para /></maml:copyright><command:verb>Set</command:verb><command:noun>OdbcDsn</command:noun><dev:version /></command:details><maml:description><maml:para>The Set-OdbcDsn cmdlet configures the properties for existing Open Database Connectivity (ODBC) data source names (DSNs). Specify properties to add or modify by using the SetPropertyValue parameter. Specify properties to remove by using the RemovePropertyValue parameter.</maml:para><maml:para>Use the Add-OdbcDsn cmdlet to add a new DSN.</maml:para><maml:para>For more information about ODBC, data source names, and drivers, see <maml:navigationLink><maml:linkText>Microsoft Open Database Connectivity (ODBC)</maml:linkText><maml:uri></maml:uri></maml:navigationLink> (http://msdn.microsoft.com/en-us/library/ms710252.aspx), <maml:navigationLink><maml:linkText>Data Sources</maml:linkText><maml:uri></maml:uri></maml:navigationLink> (http://msdn.microsoft.com/en-us/library/ms711688.aspx), and <maml:navigationLink><maml:linkText>Drivers</maml:linkText><maml:uri></maml:uri></maml:navigationLink> (http://msdn.microsoft.com/en-us/library/ms715383.aspx) on the Microsoft Developer Network.</maml:para></maml:description><command:syntax><command:syntaxItem><maml:name>Set-OdbcDsn</maml:name><command:parameter required="true" variableLength="true" globbing="false" pipelineInput="True (ByValue)" position="1" aliases="Dsn"><maml:name>InputObject</maml:name><maml:description><maml:para>Specifies an array of input objects. This cmdlet modifies the ODBC DSNs that the specified ODBC DSN objects represent. Specify a variable that contains the objects, or type a command or expression that gets the objects.</maml:para></maml:description><command:parameterValue required="true" variableLength="true">CimInstance[]</command:parameterValue></command:parameter><command:parameter required="false" variableLength="false" globbing="false" pipelineInput="false" position="named" aliases=""><maml:name>AsJob</maml:name><maml:description><maml:para>Runs the cmdlet as a background job. Use this parameter to run commands that take a long time to complete. 
 The cmdlet immediately returns an object that represents the job and then displays the command prompt. You can continue to work in the session while the job completes. To manage the job, use the *-Job cmdlets. To get the job results, use the <maml:navigationLink><maml:linkText>Receive-Job</maml:linkText><maml:uri></maml:uri></maml:navigationLink> cmdlet. 
 For more information about Windows PowerShell® background jobs, see <maml:navigationLink><maml:linkText>about_Jobs</maml:linkText><maml:uri></maml:uri></maml:navigationLink>.</maml:para></maml:description></command:parameter><command:parameter required="false" variableLength="true" globbing="false" pipelineInput="false" position="named" aliases="Session"><maml:name>CimSession</maml:name><maml:description><maml:para>Runs the cmdlet in a remote session or on a remote computer. Enter a computer name or a session object, such as the output of a <maml:navigationLink><maml:linkText>New-CimSession</maml:linkText><maml:uri></maml:uri></maml:navigationLink> or <maml:navigationLink><maml:linkText>Get-CimSession</maml:linkText><maml:uri></maml:uri></maml:navigationLink> cmdlet. The default is the current session on the local computer.</maml:para></maml:description><command:parameterValue required="true" variableLength="true">CimSession[]</command:parameterValue></command:parameter><command:parameter required="false" variableLength="false" globbing="false" pipelineInput="false" position="named" aliases=""><maml:name>PassThru</maml:name><maml:description><maml:para>Returns an object representing the item with which you are working. By default, this cmdlet does not generate any output.</maml:para></maml:description></command:parameter><command:parameter required="false" variableLength="true" globbing="false" pipelineInput="True (ByPropertyName)" position="named" aliases=""><maml:name>RemovePropertyValue</maml:name><maml:description><maml:para>Specifies an array of property values to remove. This cmdlet removes the property values that this parameter specifies from the ODBC DSN. Specify an array of keys to remove.</maml:para></maml:description><command:parameterValue required="true" variableLength="true">String[]</command:parameterValue></command:parameter><command:parameter required="false" variableLength="true" globbing="false" pipelineInput="True (ByPropertyName)" position="named" aliases=""><maml:name>SetPropertyValue</maml:name><maml:description><maml:para>Specifies an array of property values. This cmdlet modifies the properties that this parameter specifies for the ODBC DSN. Specify array of strings of the form &lt;key&gt;=&lt;value&gt;. </maml:para></maml:description><command:parameterValue required="true" variableLength="true">String[]</command:parameterValue></command:parameter><command:parameter required="false" variableLength="false" globbing="false" pipelineInput="false" position="named" aliases=""><maml:name>ThrottleLimit</maml:name><maml:description><maml:para>Specifies the maximum number of concurrent operations that can be established to run the cmdlet. If this parameter is omitted or a value of 0 is entered, then Windows PowerShell® calculates an optimum throttle limit for the cmdlet based on the number of CIM cmdlets that are running on the computer. The throttle limit applies only to the current cmdlet, not to the session or to the computer.</maml:para></maml:description><command:parameterValue required="true" variableLength="false">Int32</command:parameterValue></command:parameter><command:parameter required="false" variableLength="true" globbing="false" pipelineInput="false" position="named"><maml:name>Confirm</maml:name><maml:description><maml:para>Prompts you for confirmation before running the cmdlet.</maml:para></maml:description></command:parameter><command:parameter required="false" variableLength="true" globbing="false" pipelineInput="false" position="named"><maml:name>WhatIf</maml:name><maml:description><maml:para>Shows what would happen if the cmdlet runs. The cmdlet is not run.</maml:para></maml:description></command:parameter></command:syntaxItem><command:syntaxItem><maml:name>Set-OdbcDsn</maml:name><command:parameter required="true" variableLength="false" globbing="false" pipelineInput="True (ByPropertyName)" position="1" aliases="DsnName"><maml:name>Name</maml:name><maml:description><maml:para>Specifies the name of an ODBC DSN. This cmdlet modifies the DSN that this parameter specifies. You can use wildcard characters to specify more than one ODBC DSN.</maml:para></maml:description><command:parameterValue required="true" variableLength="false">String</command:parameterValue></command:parameter><command:parameter required="false" variableLength="false" globbing="false" pipelineInput="false" position="named" aliases=""><maml:name>AsJob</maml:name><maml:description><maml:para>Runs the cmdlet as a background job. Use this parameter to run commands that take a long time to complete. 
 The cmdlet immediately returns an object that represents the job and then displays the command prompt. You can continue to work in the session while the job completes. To manage the job, use the *-Job cmdlets. To get the job results, use the <maml:navigationLink><maml:linkText>Receive-Job</maml:linkText><maml:uri></maml:uri></maml:navigationLink> cmdlet. 
 For more information about Windows PowerShell® background jobs, see <maml:navigationLink><maml:linkText>about_Jobs</maml:linkText><maml:uri></maml:uri></maml:navigationLink>.</maml:para></maml:description></command:parameter><command:parameter required="false" variableLength="true" globbing="false" pipelineInput="false" position="named" aliases="Session"><maml:name>CimSession</maml:name><maml:description><maml:para>Runs the cmdlet in a remote session or on a remote computer. Enter a computer name or a session object, such as the output of a <maml:navigationLink><maml:linkText>New-CimSession</maml:linkText><maml:uri></maml:uri></maml:navigationLink> or <maml:navigationLink><maml:linkText>Get-CimSession</maml:linkText><maml:uri></maml:uri></maml:navigationLink> cmdlet. The default is the current session on the local computer.</maml:para></maml:description><command:parameterValue required="true" variableLength="true">CimSession[]</command:parameterValue></command:parameter><command:parameter required="false" variableLength="false" globbing="false" pipelineInput="True (ByPropertyName)" position="named" aliases=""><maml:name>DriverName</maml:name><maml:description><maml:para>Specifies the name of a driver. This cmdlet modifies the ODBC DSN that uses the driver that this parameter specifies. You can use wildcard characters. If you do not specify this parameter, this cmdlet modifies DSNs for all drivers. </maml:para></maml:description><command:parameterValue required="true" variableLength="false">String</command:parameterValue></command:parameter><command:parameter required="false" variableLength="false" globbing="false" pipelineInput="false" position="named" aliases=""><maml:name>PassThru</maml:name><maml:description><maml:para>Returns an object representing the item with which you are working. By default, this cmdlet does not generate any output.</maml:para></maml:description></command:parameter><command:parameter required="false" variableLength="false" globbing="false" pipelineInput="True (ByPropertyName)" position="named" aliases=""><maml:name>Platform</maml:name><maml:description><maml:para>Specifies the platform architecture. This cmdlet modifies the ODBC DSN that belongs to the architecture that this parameter specifies. The acceptable values for this parameter are: 

-- 32-bit
-- 64-bit
-- All </maml:para><maml:para>The default value is 32-bit on a 32-bit process. The default value is 64-bit on a 64-bit process. If you run this cmdlet in a remote CIM session, this parameter refers to the platform architecture on the remote computer.</maml:para></maml:description><command:parameterValue required="true" variableLength="false">String</command:parameterValue></command:parameter><command:parameter required="false" variableLength="true" globbing="false" pipelineInput="True (ByPropertyName)" position="named" aliases=""><maml:name>RemovePropertyValue</maml:name><maml:description><maml:para>Specifies an array of property values to remove. This cmdlet removes the property values that this parameter specifies from the ODBC DSN. Specify an array of keys to remove.</maml:para></maml:description><command:parameterValue required="true" variableLength="true">String[]</command:parameterValue></command:parameter><command:parameter required="false" variableLength="true" globbing="false" pipelineInput="True (ByPropertyName)" position="named" aliases=""><maml:name>SetPropertyValue</maml:name><maml:description><maml:para>Specifies an array of property values. This cmdlet modifies the properties that this parameter specifies for the ODBC DSN. Specify array of strings of the form &lt;key&gt;=&lt;value&gt;. </maml:para></maml:description><command:parameterValue required="true" variableLength="true">String[]</command:parameterValue></command:parameter><command:parameter required="false" variableLength="false" globbing="false" pipelineInput="false" position="named" aliases=""><maml:name>ThrottleLimit</maml:name><maml:description><maml:para>Specifies the maximum number of concurrent operations that can be established to run the cmdlet. If this parameter is omitted or a value of 0 is entered, then Windows PowerShell® calculates an optimum throttle limit for the cmdlet based on the number of CIM cmdlets that are running on the computer. The throttle limit applies only to the current cmdlet, not to the session or to the computer.</maml:para></maml:description><command:parameterValue required="true" variableLength="false">Int32</command:parameterValue></command:parameter><command:parameter required="true" variableLength="false" globbing="false" pipelineInput="True (ByPropertyName)" position="named" aliases=""><maml:name>DsnType</maml:name><maml:description><maml:para>Specifies the type of an ODBC DSN. This cmdlet modifies a DSN of the type that this parameter specifies.  The acceptable values for this parameter are: 

-- User
-- System
-- All</maml:para></maml:description><command:parameterValue required="true" variableLength="false">String</command:parameterValue></command:parameter><command:parameter required="false" variableLength="true" globbing="false" pipelineInput="false" position="named"><maml:name>Confirm</maml:name><maml:description><maml:para>Prompts you for confirmation before running the cmdlet.</maml:para></maml:description></command:parameter><command:parameter required="false" variableLength="true" globbing="false" pipelineInput="false" position="named"><maml:name>WhatIf</maml:name><maml:description><maml:para>Shows what would happen if the cmdlet runs. The cmdlet is not run.</maml:para></maml:description></command:parameter></command:syntaxItem></command:syntax><command:parameters><command:parameter required="true" variableLength="true" globbing="false" pipelineInput="True (ByValue)" position="1" aliases="Dsn"><maml:name>InputObject</maml:name><maml:description><maml:para>Specifies an array of input objects. This cmdlet modifies the ODBC DSNs that the specified ODBC DSN objects represent. Specify a variable that contains the objects, or type a command or expression that gets the objects.</maml:para></maml:description><command:parameterValue required="true" variableLength="true">CimInstance[]</command:parameterValue><dev:type><maml:name>CimInstance[]</maml:name><maml:uri /></dev:type><dev:defaultValue></dev:defaultValue></command:parameter><command:parameter required="true" variableLength="false" globbing="false" pipelineInput="True (ByPropertyName)" position="1" aliases="DsnName"><maml:name>Name</maml:name><maml:description><maml:para>Specifies the name of an ODBC DSN. This cmdlet modifies the DSN that this parameter specifies. You can use wildcard characters to specify more than one ODBC DSN.</maml:para></maml:description><command:parameterValue required="true" variableLength="false">String</command:parameterValue><dev:type><maml:name>String</maml:name><maml:uri /></dev:type><dev:defaultValue></dev:defaultValue></command:parameter><command:parameter required="true" variableLength="false" globbing="false" pipelineInput="True (ByPropertyName)" position="named" aliases=""><maml:name>DsnType</maml:name><maml:description><maml:para>Specifies the type of an ODBC DSN. This cmdlet modifies a DSN of the type that this parameter specifies.  The acceptable values for this parameter are: 

-- User
-- System
-- All</maml:para></maml:description><command:parameterValue required="true" variableLength="false">String</command:parameterValue><dev:type><maml:name>String</maml:name><maml:uri /></dev:type><dev:defaultValue></dev:defaultValue></command:parameter><command:parameter required="false" variableLength="false" globbing="false" pipelineInput="True (ByPropertyName)" position="named" aliases=""><maml:name>Platform</maml:name><maml:description><maml:para>Specifies the platform architecture. This cmdlet modifies the ODBC DSN that belongs to the architecture that this parameter specifies. The acceptable values for this parameter are: 

-- 32-bit
-- 64-bit
-- All </maml:para><maml:para>The default value is 32-bit on a 32-bit process. The default value is 64-bit on a 64-bit process. If you run this cmdlet in a remote CIM session, this parameter refers to the platform architecture on the remote computer.</maml:para></maml:description><command:parameterValue required="true" variableLength="false">String</command:parameterValue><dev:type><maml:name>String</maml:name><maml:uri /></dev:type><dev:defaultValue></dev:defaultValue></command:parameter><command:parameter required="false" variableLength="false" globbing="false" pipelineInput="True (ByPropertyName)" position="named" aliases=""><maml:name>DriverName</maml:name><maml:description><maml:para>Specifies the name of a driver. This cmdlet modifies the ODBC DSN that uses the driver that this parameter specifies. You can use wildcard characters. If you do not specify this parameter, this cmdlet modifies DSNs for all drivers. </maml:para></maml:description><command:parameterValue required="true" variableLength="false">String</command:parameterValue><dev:type><maml:name>String</maml:name><maml:uri /></dev:type><dev:defaultValue></dev:defaultValue></command:parameter><command:parameter required="false" variableLength="true" globbing="false" pipelineInput="True (ByPropertyName)" position="named" aliases=""><maml:name>SetPropertyValue</maml:name><maml:description><maml:para>Specifies an array of property values. This cmdlet modifies the properties that this parameter specifies for the ODBC DSN. Specify array of strings of the form &lt;key&gt;=&lt;value&gt;. </maml:para></maml:description><command:parameterValue required="true" variableLength="true">String[]</command:parameterValue><dev:type><maml:name>String[]</maml:name><maml:uri /></dev:type><dev:defaultValue></dev:defaultValue></command:parameter><command:parameter required="false" variableLength="true" globbing="false" pipelineInput="True (ByPropertyName)" position="named" aliases=""><maml:name>RemovePropertyValue</maml:name><maml:description><maml:para>Specifies an array of property values to remove. This cmdlet removes the property values that this parameter specifies from the ODBC DSN. Specify an array of keys to remove.</maml:para></maml:description><command:parameterValue required="true" variableLength="true">String[]</command:parameterValue><dev:type><maml:name>String[]</maml:name><maml:uri /></dev:type><dev:defaultValue></dev:defaultValue></command:parameter><command:parameter required="false" variableLength="false" globbing="false" pipelineInput="false" position="named" aliases=""><maml:name>PassThru</maml:name><maml:description><maml:para>Returns an object representing the item with which you are working. By default, this cmdlet does not generate any output.</maml:para></maml:description><command:parameterValue required="false" variableLength="false">SwitchParameter</command:parameterValue><dev:type><maml:name>SwitchParameter</maml:name><maml:uri /></dev:type><dev:defaultValue></dev:defaultValue></command:parameter><command:parameter required="false" variableLength="false" globbing="false" pipelineInput="false" position="named" aliases=""><maml:name>AsJob</maml:name><maml:description><maml:para>Runs the cmdlet as a background job. Use this parameter to run commands that take a long time to complete. 
 The cmdlet immediately returns an object that represents the job and then displays the command prompt. You can continue to work in the session while the job completes. To manage the job, use the *-Job cmdlets. To get the job results, use the <maml:navigationLink><maml:linkText>Receive-Job</maml:linkText><maml:uri></maml:uri></maml:navigationLink> cmdlet. 
 For more information about Windows PowerShell® background jobs, see <maml:navigationLink><maml:linkText>about_Jobs</maml:linkText><maml:uri></maml:uri></maml:navigationLink>.</maml:para></maml:description><command:parameterValue required="false" variableLength="false">SwitchParameter</command:parameterValue><dev:type><maml:name>SwitchParameter</maml:name><maml:uri /></dev:type><dev:defaultValue></dev:defaultValue></command:parameter><command:parameter required="false" variableLength="true" globbing="false" pipelineInput="false" position="named" aliases="Session"><maml:name>CimSession</maml:name><maml:description><maml:para>Runs the cmdlet in a remote session or on a remote computer. Enter a computer name or a session object, such as the output of a <maml:navigationLink><maml:linkText>New-CimSession</maml:linkText><maml:uri></maml:uri></maml:navigationLink> or <maml:navigationLink><maml:linkText>Get-CimSession</maml:linkText><maml:uri></maml:uri></maml:navigationLink> cmdlet. The default is the current session on the local computer.</maml:para></maml:description><command:parameterValue required="true" variableLength="true">CimSession[]</command:parameterValue><dev:type><maml:name>CimSession[]</maml:name><maml:uri /></dev:type><dev:defaultValue></dev:defaultValue></command:parameter><command:parameter required="false" variableLength="false" globbing="false" pipelineInput="false" position="named" aliases=""><maml:name>ThrottleLimit</maml:name><maml:description><maml:para>Specifies the maximum number of concurrent operations that can be established to run the cmdlet. If this parameter is omitted or a value of 0 is entered, then Windows PowerShell® calculates an optimum throttle limit for the cmdlet based on the number of CIM cmdlets that are running on the computer. The throttle limit applies only to the current cmdlet, not to the session or to the computer.</maml:para></maml:description><command:parameterValue required="true" variableLength="false">Int32</command:parameterValue><dev:type><maml:name>Int32</maml:name><maml:uri /></dev:type><dev:defaultValue></dev:defaultValue></command:parameter><command:parameter required="false" variableLength="true" globbing="false" pipelineInput="false" position="named"><maml:name>Confirm</maml:name><maml:description><maml:para>Prompts you for confirmation before running the cmdlet.</maml:para></maml:description><command:parameterValue required="false" variableLength="false">SwitchParameter</command:parameterValue><dev:type><maml:name>SwitchParameter</maml:name><maml:uri /></dev:type><dev:defaultValue>false</dev:defaultValue></command:parameter><command:parameter required="false" variableLength="true" globbing="false" pipelineInput="false" position="named"><maml:name>WhatIf</maml:name><maml:description><maml:para>Shows what would happen if the cmdlet runs. The cmdlet is not run.</maml:para></maml:description><command:parameterValue required="false" variableLength="false">SwitchParameter</command:parameterValue><dev:type><maml:name>SwitchParameter</maml:name><maml:uri /></dev:type><dev:defaultValue>false</dev:defaultValue></command:parameter></command:parameters><command:inputTypes><command:inputType><dev:type><maml:name></maml:name><maml:uri></maml:uri><maml:description><maml:para /></maml:description></dev:type><maml:description></maml:description></command:inputType></command:inputTypes><command:returnValues><command:returnValue><dev:type><maml:name>Microsoft.Management.Infrastructure.CimInstance#MSFT_OdbcDsn[]</maml:name><maml:uri></maml:uri><maml:description><maml:para /></maml:description></dev:type><maml:description></maml:description></command:returnValue></command:returnValues><command:terminatingErrors /><command:nonTerminatingErrors /><command:examples><command:example><maml:title>Example 1: Change a 64-bit ODBC DSN to use a specified database</maml:title><maml:introduction><maml:para></maml:para></maml:introduction><dev:code>PS C:\&gt; Set-OdbcDsn -Name "MyPayroll" -DsnType "System" -Platform "64-bit" -SetPropertyValue "Database=Payroll"
</dev:code><dev:remarks><maml:para>This command changes the 64-bit ODBC System DSN named MyPayroll to use a database named Payroll. This example is designed for SQL Server drivers.</maml:para></dev:remarks><command:commandLines><command:commandLine><command:commandText /></command:commandLine></command:commandLines></command:example><command:example><maml:title>Example 2: Change a native platform ODBC DSN to use a specified database</maml:title><maml:introduction><maml:para></maml:para></maml:introduction><dev:code>PS C:\&gt; Set-OdbcDsn -Name "MyPayroll" -DsnType "System" -SetPropertyValue "Database=Payroll"
</dev:code><dev:remarks><maml:para>This command changes the native platform ODBC System DSN named MyPayroll to use a database named Payroll. This example is similar to the previous example, but it does not specify the Platform parameter and, therefore, configures a DSN on the native platform.</maml:para></dev:remarks><command:commandLines><command:commandLine><command:commandText /></command:commandLine></command:commandLines></command:example><command:example><maml:title>Example 3: Change a User DSN to use Windows Authentication and a specified database</maml:title><maml:introduction><maml:para></maml:para></maml:introduction><dev:code>PS C:\&gt; Set-OdbcDsn -Name "MyPayroll" -DsnType "User" -Platform "32-bit" -RemovePropertyValue @("UID", "PWD") -SetPropertyValue @("Trusted_Connection=Yes", "Database=Payroll")
</dev:code><dev:remarks><maml:para>This command changes the specified 32-bit ODBC User DSN named MyPayroll from using SQL Server Authentication to using Windows Authentication. This example is designed for SQL Server drivers. Also, the command specifies a value of Payroll for the Database key.</maml:para></dev:remarks><command:commandLines><command:commandLine><command:commandText /></command:commandLine></command:commandLines></command:example><command:example><maml:title>Example 4: Change specified DSNs to use a specified database file</maml:title><maml:introduction><maml:para></maml:para></maml:introduction><dev:code>PS C:\&gt; Set-OdbcDsn -Name "*Payroll*" -DsnType "All" -Platform "All" -DriverName "Microsoft Access Driver (*.mdb, *.accdb)" -SetPropertyValue 'Dbq=C:\payroll.accdb'
</dev:code><dev:remarks><maml:para>This command changes all ODBC User DSNs and System DSNs on both platforms with names that contain Payroll and that use a driver named Microsoft Access Driver (*.mdb, *.accdb) to use the database file C:\payroll.accdb.</maml:para></dev:remarks><command:commandLines><command:commandLine><command:commandText /></command:commandLine></command:commandLines></command:example><command:example><maml:title>Example 5: Migrate all DSNs that use a driver with name that starts with a string</maml:title><maml:introduction><maml:para></maml:para></maml:introduction><dev:code>PS C:\&gt; Get-OdbcDsn -DriverName "SQL Server*" -DsnType "All" -Platform "All" | Where-Object{ ($_.Attribute["Server"] -eq "oldServer") } | Set-OdbcDsn -SetPropertyValue "Server=newServer"
</dev:code><dev:remarks><maml:para>This command migrates the oldServer to newServer for all User DSNs and System DSNs that use a driver with name that starts with SQL Server.</maml:para></dev:remarks><command:commandLines><command:commandLine><command:commandText /></command:commandLine></command:commandLines></command:example><command:example><maml:title>Example 6: Change a 64-bit ODBC System DSN to use a specified database</maml:title><maml:introduction><maml:para></maml:para></maml:introduction><dev:code>PS C:\&gt; $sysDsn = Set-OdbcDsn -Name "MyPayroll" -DsnType "System" -Platform "All" -SetPropertyValue "Database=Payroll" -PassThru
</dev:code><dev:remarks><maml:para>This command changes the 64-bit ODBC System DSN named MyPayroll to use a database named Payroll, and then stores the result in the $sysDsn variable. The command includes the PassThru parameter. Without PassThru, the cmdlet does not return anything. </maml:para></dev:remarks><command:commandLines><command:commandLine><command:commandText /></command:commandLine></command:commandLines></command:example><command:example><maml:title>Example 7: Migrates DSNs that use a driver with name that starts with a string by using a variable</maml:title><maml:introduction><maml:para></maml:para></maml:introduction><dev:code>PS C:\&gt; $dsnArray = Get-OdbcDsn -DriverName "SQL Server*" | Where-Object{ ($_.Attribute["Server"] -eq "oldServer") }
PS C:\&gt; Set-OdbcDsn -InputObject $dsnArray -SetPropertyValue "Server=newServer"
</dev:code><dev:remarks><maml:para>This example migrates the oldServer to newServer for all User DSNs and System DSNs that use a driver with name that starts with SQL Server. The example uses the Get-OdbcDsn to get DSNs, and then store them in the $dsnArray variable.</maml:para></dev:remarks><command:commandLines><command:commandLine><command:commandText /></command:commandLine></command:commandLines></command:example></command:examples><maml:relatedLinks><maml:navigationLink><maml:linkText>Online Version:</maml:linkText><maml:uri>http://go.microsoft.com/fwlink/p/?linkid=287611</maml:uri></maml:navigationLink><maml:navigationLink><maml:linkText>Add-OdbcDsn</maml:linkText><maml:uri /></maml:navigationLink><maml:navigationLink><maml:linkText>Get-OdbcDsn</maml:linkText><maml:uri /></maml:navigationLink><maml:navigationLink><maml:linkText>Remove-OdbcDsn</maml:linkText><maml:uri /></maml:navigationLink><maml:navigationLink><maml:linkText>N:Wdac</maml:linkText><maml:uri /></maml:navigationLink></maml:relatedLinks></command:command>

</helpItems>

