﻿<?xml version = "1.0" encoding = "utf-8" ?>

<helpItems schema="maml">

<command:command xmlns:maml="http://schemas.microsoft.com/maml/2004/10" xmlns:command="http://schemas.microsoft.com/maml/dev/command/2004/10" xmlns:dev="http://schemas.microsoft.com/maml/dev/2004/10" xmlns:MSHelp="http://msdn.microsoft.com/mshelp"><command:details><command:name>Get-OdbcDriver</command:name><maml:description><maml:para>Gets installed ODBC drivers. </maml:para></maml:description><maml:copyright><maml:para /></maml:copyright><command:verb>Get</command:verb><command:noun>OdbcDriver</command:noun><dev:version /></command:details><maml:description><maml:para>The Get-OdbcDriver cmdlet gets installed Open Database Connectivity (ODBC) drivers from the computer. Specify values for the Name and Platform parameters. If you do not specify a value for Name, the cmdlet gets drivers that have any driver name. If you do not specify any parameters, the cmdlet gets all ODBC drivers installed on the computer.</maml:para><maml:para>For more information about ODBC and drivers, see <maml:navigationLink><maml:linkText>Microsoft Open Database Connectivity (ODBC)</maml:linkText><maml:uri></maml:uri></maml:navigationLink> (http://msdn.microsoft.com/en-us/library/ms710252.aspx) and <maml:navigationLink><maml:linkText>Drivers</maml:linkText><maml:uri></maml:uri></maml:navigationLink> (http://msdn.microsoft.com/en-us/library/ms715383.aspx) on the Microsoft Developer Network.</maml:para></maml:description><command:syntax><command:syntaxItem><maml:name>Get-OdbcDriver</maml:name><command:parameter required="false" variableLength="false" globbing="true" pipelineInput="true (ByPropertyName)" position="1" aliases=""><maml:name>Name</maml:name><maml:description><maml:para>Specifies the name of a driver. You can use wildcard characters to specify more than one driver. This cmdlet gets one or more ODBC drivers that this parameter specifies. If you do not specify this parameter, this cmdlet gets all ODBC drivers.</maml:para></maml:description><command:parameterValue required="true" variableLength="false">String</command:parameterValue></command:parameter><command:parameter required="false" variableLength="false" globbing="false" pipelineInput="false" position="named" aliases=""><maml:name>AsJob</maml:name><maml:description><maml:para>Runs the cmdlet as a background job. Use this parameter to run commands that take a long time to complete. 
 The cmdlet immediately returns an object that represents the job and then displays the command prompt. You can continue to work in the session while the job completes. To manage the job, use the *-Job cmdlets. To get the job results, use the <maml:navigationLink><maml:linkText>Receive-Job</maml:linkText><maml:uri></maml:uri></maml:navigationLink> cmdlet. 
 For more information about Windows PowerShell® background jobs, see <maml:navigationLink><maml:linkText>about_Jobs</maml:linkText><maml:uri></maml:uri></maml:navigationLink>.</maml:para></maml:description></command:parameter><command:parameter required="false" variableLength="false" globbing="false" pipelineInput="false" position="named" aliases=""><maml:name>CimSession</maml:name><maml:description><maml:para>Runs the cmdlet in a remote session or on a remote computer. Enter a computer name or a session object, such as the output of a <maml:navigationLink><maml:linkText>New-CimSession</maml:linkText><maml:uri></maml:uri></maml:navigationLink> or <maml:navigationLink><maml:linkText>Get-CimSession</maml:linkText><maml:uri></maml:uri></maml:navigationLink> cmdlet. The default is the current session on the local computer.</maml:para></maml:description><command:parameterValue required="true" variableLength="false">CimSession</command:parameterValue></command:parameter><command:parameter required="false" variableLength="false" globbing="false" pipelineInput="true (ByPropertyName)" position="named" aliases=""><maml:name>Platform</maml:name><maml:description><maml:para>Specifies the platform architecture. This cmdlet gets ODBC drivers that belong to the architecture that this parameter specifies. The acceptable values for this parameter are: 

-- 32-bit
-- 64-bit
-- All </maml:para><maml:para>The default value is All. If you run this cmdlet in a remote CIM session, this parameter refers to the platform architecture on the remote computer.</maml:para></maml:description><command:parameterValue required="true" variableLength="false">String</command:parameterValue></command:parameter><command:parameter required="false" variableLength="false" globbing="false" pipelineInput="false" position="named" aliases=""><maml:name>ThrottleLimit</maml:name><maml:description><maml:para>Specifies the maximum number of concurrent operations that can be established to run the cmdlet. If this parameter is omitted or a value of 0 is entered, then Windows PowerShell® calculates an optimum throttle limit for the cmdlet based on the number of CIM cmdlets that are running on the computer. The throttle limit applies only to the current cmdlet, not to the session or to the computer.</maml:para></maml:description><command:parameterValue required="true" variableLength="false">Int32</command:parameterValue></command:parameter></command:syntaxItem></command:syntax><command:parameters><command:parameter required="false" variableLength="false" globbing="true" pipelineInput="true (ByPropertyName)" position="1" aliases=""><maml:name>Name</maml:name><maml:description><maml:para>Specifies the name of a driver. You can use wildcard characters to specify more than one driver. This cmdlet gets one or more ODBC drivers that this parameter specifies. If you do not specify this parameter, this cmdlet gets all ODBC drivers.</maml:para></maml:description><command:parameterValue required="true" variableLength="false">String</command:parameterValue><dev:type><maml:name>String</maml:name><maml:uri /></dev:type><dev:defaultValue></dev:defaultValue></command:parameter><command:parameter required="false" variableLength="false" globbing="false" pipelineInput="true (ByPropertyName)" position="named" aliases=""><maml:name>Platform</maml:name><maml:description><maml:para>Specifies the platform architecture. This cmdlet gets ODBC drivers that belong to the architecture that this parameter specifies. The acceptable values for this parameter are: 

-- 32-bit
-- 64-bit
-- All </maml:para><maml:para>The default value is All. If you run this cmdlet in a remote CIM session, this parameter refers to the platform architecture on the remote computer.</maml:para></maml:description><command:parameterValue required="true" variableLength="false">String</command:parameterValue><dev:type><maml:name>String</maml:name><maml:uri /></dev:type><dev:defaultValue></dev:defaultValue></command:parameter><command:parameter required="false" variableLength="false" globbing="false" pipelineInput="false" position="named" aliases=""><maml:name>AsJob</maml:name><maml:description><maml:para>Runs the cmdlet as a background job. Use this parameter to run commands that take a long time to complete. 
 The cmdlet immediately returns an object that represents the job and then displays the command prompt. You can continue to work in the session while the job completes. To manage the job, use the *-Job cmdlets. To get the job results, use the <maml:navigationLink><maml:linkText>Receive-Job</maml:linkText><maml:uri></maml:uri></maml:navigationLink> cmdlet. 
 For more information about Windows PowerShell® background jobs, see <maml:navigationLink><maml:linkText>about_Jobs</maml:linkText><maml:uri></maml:uri></maml:navigationLink>.</maml:para></maml:description><command:parameterValue required="false" variableLength="false">SwitchParameter</command:parameterValue><dev:type><maml:name>SwitchParameter</maml:name><maml:uri /></dev:type><dev:defaultValue></dev:defaultValue></command:parameter><command:parameter required="false" variableLength="false" globbing="false" pipelineInput="false" position="named" aliases=""><maml:name>CimSession</maml:name><maml:description><maml:para>Runs the cmdlet in a remote session or on a remote computer. Enter a computer name or a session object, such as the output of a <maml:navigationLink><maml:linkText>New-CimSession</maml:linkText><maml:uri></maml:uri></maml:navigationLink> or <maml:navigationLink><maml:linkText>Get-CimSession</maml:linkText><maml:uri></maml:uri></maml:navigationLink> cmdlet. The default is the current session on the local computer.</maml:para></maml:description><command:parameterValue required="true" variableLength="false">CimSession</command:parameterValue><dev:type><maml:name>CimSession</maml:name><maml:uri /></dev:type><dev:defaultValue></dev:defaultValue></command:parameter><command:parameter required="false" variableLength="false" globbing="false" pipelineInput="false" position="named" aliases=""><maml:name>ThrottleLimit</maml:name><maml:description><maml:para>Specifies the maximum number of concurrent operations that can be established to run the cmdlet. If this parameter is omitted or a value of 0 is entered, then Windows PowerShell® calculates an optimum throttle limit for the cmdlet based on the number of CIM cmdlets that are running on the computer. The throttle limit applies only to the current cmdlet, not to the session or to the computer.</maml:para></maml:description><command:parameterValue required="true" variableLength="false">Int32</command:parameterValue><dev:type><maml:name>Int32</maml:name><maml:uri /></dev:type><dev:defaultValue></dev:defaultValue></command:parameter></command:parameters><command:inputTypes><command:inputType><dev:type><maml:name></maml:name><maml:uri></maml:uri><maml:description><maml:para /></maml:description></dev:type><maml:description></maml:description></command:inputType></command:inputTypes><command:returnValues><command:returnValue><dev:type><maml:name>Microsoft.Management.Infrastructure.CimInstance#MSFT_OdbcDriver[]</maml:name><maml:uri></maml:uri><maml:description><maml:para /></maml:description></dev:type><maml:description></maml:description></command:returnValue></command:returnValues><command:terminatingErrors /><command:nonTerminatingErrors /><command:examples><command:example><maml:title>Example 1: Get all installed ODBC drivers</maml:title><maml:introduction><maml:para></maml:para></maml:introduction><dev:code>PS C:\&gt; Get-OdbcDriver
</dev:code><dev:remarks><maml:para>This command gets all installed ODBC drivers. The cmdlet gets both 32-bit and 64-bit drivers.</maml:para></dev:remarks><command:commandLines><command:commandLine><command:commandText /></command:commandLine></command:commandLines></command:example><command:example><maml:title>Example 2: Get a driver on the 32-bit platform by using a name</maml:title><maml:introduction><maml:para></maml:para></maml:introduction><dev:code>PS C:\&gt; Get-OdbcDriver -Name "SQL Server Native Client 10.0" -Platform "32-bit"
</dev:code><dev:remarks><maml:para>This command gets the driver named SQL Server Native Client 10.0 on the 32-bit platform.</maml:para></dev:remarks><command:commandLines><command:commandLine><command:commandText /></command:commandLine></command:commandLines></command:example><command:example><maml:title>Example 3: Get ODBC drivers that begin with a specified string on the 64-bit platform</maml:title><maml:introduction><maml:para></maml:para></maml:introduction><dev:code>PS C:\&gt; Get-OdbcDriver -Name "SQL Server*" -Platform "64-bit"
</dev:code><dev:remarks><maml:para>This command gets installed ODBC drivers with a name that begins with SQL Server on the 64-bit platform.</maml:para></dev:remarks><command:commandLines><command:commandLine><command:commandText /></command:commandLine></command:commandLines></command:example><command:example><maml:title>Example 4: Get all ODBC drivers</maml:title><maml:introduction><maml:para></maml:para></maml:introduction><dev:code>PS C:\&gt; $driverArray = Get-OdbcDriver
</dev:code><dev:remarks><maml:para>This command gets all installed ODBC drivers, and then stores them in the $driverArray variable for future use. </maml:para></dev:remarks><command:commandLines><command:commandLine><command:commandText /></command:commandLine></command:commandLines></command:example></command:examples><maml:relatedLinks><maml:navigationLink><maml:linkText>Online Version:</maml:linkText><maml:uri>http://go.microsoft.com/fwlink/p/?linkid=287605</maml:uri></maml:navigationLink><maml:navigationLink><maml:linkText>Set-OdbcDriver</maml:linkText><maml:uri /></maml:navigationLink><maml:navigationLink><maml:linkText>N:Wdac</maml:linkText><maml:uri /></maml:navigationLink></maml:relatedLinks></command:command>

<command:command xmlns:maml="http://schemas.microsoft.com/maml/2004/10" xmlns:command="http://schemas.microsoft.com/maml/dev/command/2004/10" xmlns:dev="http://schemas.microsoft.com/maml/dev/2004/10" xmlns:MSHelp="http://msdn.microsoft.com/mshelp"><command:details><command:name>Set-OdbcDriver</command:name><maml:description><maml:para>Configures the properties for installed ODBC drivers. </maml:para></maml:description><maml:copyright><maml:para /></maml:copyright><command:verb>Set</command:verb><command:noun>OdbcDriver</command:noun><dev:version /></command:details><maml:description><maml:para>The Set-OdbcDriver cmdlet configures the properties for installed Open Database Connectivity (ODBC) drivers. Specify properties to add or modify by using the SetPropertyValue parameter. Specify properties to remove by using the RemovePropertyValue parameter.</maml:para><maml:para>Use the driver installation program to install and uninstall a driver. You cannot install or uninstall a driver by using Windows PowerShell® cmdlets.</maml:para><maml:para>For more information about ODBC and drivers, see <maml:navigationLink><maml:linkText>Microsoft Open Database Connectivity (ODBC)</maml:linkText><maml:uri></maml:uri></maml:navigationLink> (http://msdn.microsoft.com/en-us/library/ms710252.aspx) and <maml:navigationLink><maml:linkText>Drivers</maml:linkText><maml:uri></maml:uri></maml:navigationLink> (http://msdn.microsoft.com/en-us/library/ms715383.aspx) on the Microsoft Developer Network.</maml:para></maml:description><command:syntax><command:syntaxItem><maml:name>Set-OdbcDriver</maml:name><command:parameter required="true" variableLength="true" globbing="false" pipelineInput="True (ByValue)" position="1" aliases="Driver"><maml:name>InputObject</maml:name><maml:description><maml:para>Specifies an array of input objects. This cmdlet modifies the ODBC drivers that the specified ODBC driver objects represent. Specify a variable that contains the objects, or type a command or expression that gets the objects.</maml:para></maml:description><command:parameterValue required="true" variableLength="true">CimInstance[]</command:parameterValue></command:parameter><command:parameter required="false" variableLength="false" globbing="false" pipelineInput="false" position="named" aliases=""><maml:name>AsJob</maml:name><maml:description><maml:para>Runs the cmdlet as a background job. Use this parameter to run commands that take a long time to complete. 
 The cmdlet immediately returns an object that represents the job and then displays the command prompt. You can continue to work in the session while the job completes. To manage the job, use the *-Job cmdlets. To get the job results, use the <maml:navigationLink><maml:linkText>Receive-Job</maml:linkText><maml:uri></maml:uri></maml:navigationLink> cmdlet. 
 For more information about Windows PowerShell® background jobs, see <maml:navigationLink><maml:linkText>about_Jobs</maml:linkText><maml:uri></maml:uri></maml:navigationLink>.</maml:para></maml:description></command:parameter><command:parameter required="false" variableLength="true" globbing="false" pipelineInput="false" position="named" aliases="Session"><maml:name>CimSession</maml:name><maml:description><maml:para>Runs the cmdlet in a remote session or on a remote computer. Enter a computer name or a session object, such as the output of a <maml:navigationLink><maml:linkText>New-CimSession</maml:linkText><maml:uri></maml:uri></maml:navigationLink> or <maml:navigationLink><maml:linkText>Get-CimSession</maml:linkText><maml:uri></maml:uri></maml:navigationLink> cmdlet. The default is the current session on the local computer.</maml:para></maml:description><command:parameterValue required="true" variableLength="true">CimSession[]</command:parameterValue></command:parameter><command:parameter required="false" variableLength="false" globbing="false" pipelineInput="false" position="named" aliases=""><maml:name>PassThru</maml:name><maml:description><maml:para>Returns an object representing the item with which you are working. By default, this cmdlet does not generate any output.</maml:para></maml:description></command:parameter><command:parameter required="false" variableLength="true" globbing="false" pipelineInput="True (ByPropertyName)" position="named" aliases=""><maml:name>RemovePropertyValue</maml:name><maml:description><maml:para>Specifies an array of property values to remove. This cmdlet removes the property values that this parameter specifies from the ODBC driver. Specify an array of keys to be removed.</maml:para></maml:description><command:parameterValue required="true" variableLength="true">String[]</command:parameterValue></command:parameter><command:parameter required="false" variableLength="true" globbing="false" pipelineInput="True (ByPropertyName)" position="named" aliases=""><maml:name>SetPropertyValue</maml:name><maml:description><maml:para>Specifies an array of property values. This cmdlet modifies or adds the values that this parameter specifies on an ODBC driver. Specify an array of strings in the form &lt;key&gt;=&lt;value&gt;.</maml:para></maml:description><command:parameterValue required="true" variableLength="true">String[]</command:parameterValue></command:parameter><command:parameter required="false" variableLength="false" globbing="false" pipelineInput="false" position="named" aliases=""><maml:name>ThrottleLimit</maml:name><maml:description><maml:para>Specifies the maximum number of concurrent operations that can be established to run the cmdlet. If this parameter is omitted or a value of 0 is entered, then Windows PowerShell® calculates an optimum throttle limit for the cmdlet based on the number of CIM cmdlets that are running on the computer. The throttle limit applies only to the current cmdlet, not to the session or to the computer.</maml:para></maml:description><command:parameterValue required="true" variableLength="false">Int32</command:parameterValue></command:parameter><command:parameter required="false" variableLength="true" globbing="false" pipelineInput="false" position="named"><maml:name>Confirm</maml:name><maml:description><maml:para>Prompts you for confirmation before running the cmdlet.</maml:para></maml:description></command:parameter><command:parameter required="false" variableLength="true" globbing="false" pipelineInput="false" position="named"><maml:name>WhatIf</maml:name><maml:description><maml:para>Shows what would happen if the cmdlet runs. The cmdlet is not run.</maml:para></maml:description></command:parameter></command:syntaxItem><command:syntaxItem><maml:name>Set-OdbcDriver</maml:name><command:parameter required="true" variableLength="false" globbing="false" pipelineInput="True (ByPropertyName)" position="1" aliases="DriverName"><maml:name>Name</maml:name><maml:description><maml:para>Specifies the name of a driver.  You can use wildcard characters to specify more than one driver. This cmdlet modifies one or more ODBC drivers that this parameter specifies.</maml:para></maml:description><command:parameterValue required="true" variableLength="false">String</command:parameterValue></command:parameter><command:parameter required="false" variableLength="false" globbing="false" pipelineInput="false" position="named" aliases=""><maml:name>AsJob</maml:name><maml:description><maml:para>Runs the cmdlet as a background job. Use this parameter to run commands that take a long time to complete. 
 The cmdlet immediately returns an object that represents the job and then displays the command prompt. You can continue to work in the session while the job completes. To manage the job, use the *-Job cmdlets. To get the job results, use the <maml:navigationLink><maml:linkText>Receive-Job</maml:linkText><maml:uri></maml:uri></maml:navigationLink> cmdlet. 
 For more information about Windows PowerShell® background jobs, see <maml:navigationLink><maml:linkText>about_Jobs</maml:linkText><maml:uri></maml:uri></maml:navigationLink>.</maml:para></maml:description></command:parameter><command:parameter required="false" variableLength="true" globbing="false" pipelineInput="false" position="named" aliases="Session"><maml:name>CimSession</maml:name><maml:description><maml:para>Runs the cmdlet in a remote session or on a remote computer. Enter a computer name or a session object, such as the output of a <maml:navigationLink><maml:linkText>New-CimSession</maml:linkText><maml:uri></maml:uri></maml:navigationLink> or <maml:navigationLink><maml:linkText>Get-CimSession</maml:linkText><maml:uri></maml:uri></maml:navigationLink> cmdlet. The default is the current session on the local computer.</maml:para></maml:description><command:parameterValue required="true" variableLength="true">CimSession[]</command:parameterValue></command:parameter><command:parameter required="false" variableLength="false" globbing="false" pipelineInput="false" position="named" aliases=""><maml:name>PassThru</maml:name><maml:description><maml:para>Returns an object representing the item with which you are working. By default, this cmdlet does not generate any output.</maml:para></maml:description></command:parameter><command:parameter required="false" variableLength="false" globbing="false" pipelineInput="True (ByPropertyName)" position="named" aliases=""><maml:name>Platform</maml:name><maml:description><maml:para>Specifies the platform architecture. This cmdlet modifies an ODBC driver that belongs to the architecture that this parameter specifies. The acceptable values for this parameter are: 

-- 32-bit
-- 64-bit
-- All </maml:para><maml:para>The default value is 32-bit on a 32-bit process. The default value is 64-bit on a 64-bit process. If you run this cmdlet in a remote CIM session, this parameter refers to the platform architecture on the remote computer.</maml:para></maml:description><command:parameterValue required="true" variableLength="false">String</command:parameterValue></command:parameter><command:parameter required="false" variableLength="true" globbing="false" pipelineInput="True (ByPropertyName)" position="named" aliases=""><maml:name>RemovePropertyValue</maml:name><maml:description><maml:para>Specifies an array of property values to remove. This cmdlet removes the property values that this parameter specifies from the ODBC driver. Specify an array of keys to be removed.</maml:para></maml:description><command:parameterValue required="true" variableLength="true">String[]</command:parameterValue></command:parameter><command:parameter required="false" variableLength="true" globbing="false" pipelineInput="True (ByPropertyName)" position="named" aliases=""><maml:name>SetPropertyValue</maml:name><maml:description><maml:para>Specifies an array of property values. This cmdlet modifies or adds the values that this parameter specifies on an ODBC driver. Specify an array of strings in the form &lt;key&gt;=&lt;value&gt;.</maml:para></maml:description><command:parameterValue required="true" variableLength="true">String[]</command:parameterValue></command:parameter><command:parameter required="false" variableLength="false" globbing="false" pipelineInput="false" position="named" aliases=""><maml:name>ThrottleLimit</maml:name><maml:description><maml:para>Specifies the maximum number of concurrent operations that can be established to run the cmdlet. If this parameter is omitted or a value of 0 is entered, then Windows PowerShell® calculates an optimum throttle limit for the cmdlet based on the number of CIM cmdlets that are running on the computer. The throttle limit applies only to the current cmdlet, not to the session or to the computer.</maml:para></maml:description><command:parameterValue required="true" variableLength="false">Int32</command:parameterValue></command:parameter><command:parameter required="false" variableLength="true" globbing="false" pipelineInput="false" position="named"><maml:name>Confirm</maml:name><maml:description><maml:para>Prompts you for confirmation before running the cmdlet.</maml:para></maml:description></command:parameter><command:parameter required="false" variableLength="true" globbing="false" pipelineInput="false" position="named"><maml:name>WhatIf</maml:name><maml:description><maml:para>Shows what would happen if the cmdlet runs. The cmdlet is not run.</maml:para></maml:description></command:parameter></command:syntaxItem></command:syntax><command:parameters><command:parameter required="true" variableLength="true" globbing="false" pipelineInput="True (ByValue)" position="1" aliases="Driver"><maml:name>InputObject</maml:name><maml:description><maml:para>Specifies an array of input objects. This cmdlet modifies the ODBC drivers that the specified ODBC driver objects represent. Specify a variable that contains the objects, or type a command or expression that gets the objects.</maml:para></maml:description><command:parameterValue required="true" variableLength="true">CimInstance[]</command:parameterValue><dev:type><maml:name>CimInstance[]</maml:name><maml:uri /></dev:type><dev:defaultValue></dev:defaultValue></command:parameter><command:parameter required="true" variableLength="false" globbing="false" pipelineInput="True (ByPropertyName)" position="1" aliases="DriverName"><maml:name>Name</maml:name><maml:description><maml:para>Specifies the name of a driver.  You can use wildcard characters to specify more than one driver. This cmdlet modifies one or more ODBC drivers that this parameter specifies.</maml:para></maml:description><command:parameterValue required="true" variableLength="false">String</command:parameterValue><dev:type><maml:name>String</maml:name><maml:uri /></dev:type><dev:defaultValue></dev:defaultValue></command:parameter><command:parameter required="false" variableLength="false" globbing="false" pipelineInput="True (ByPropertyName)" position="named" aliases=""><maml:name>Platform</maml:name><maml:description><maml:para>Specifies the platform architecture. This cmdlet modifies an ODBC driver that belongs to the architecture that this parameter specifies. The acceptable values for this parameter are: 

-- 32-bit
-- 64-bit
-- All </maml:para><maml:para>The default value is 32-bit on a 32-bit process. The default value is 64-bit on a 64-bit process. If you run this cmdlet in a remote CIM session, this parameter refers to the platform architecture on the remote computer.</maml:para></maml:description><command:parameterValue required="true" variableLength="false">String</command:parameterValue><dev:type><maml:name>String</maml:name><maml:uri /></dev:type><dev:defaultValue></dev:defaultValue></command:parameter><command:parameter required="false" variableLength="true" globbing="false" pipelineInput="True (ByPropertyName)" position="named" aliases=""><maml:name>SetPropertyValue</maml:name><maml:description><maml:para>Specifies an array of property values. This cmdlet modifies or adds the values that this parameter specifies on an ODBC driver. Specify an array of strings in the form &lt;key&gt;=&lt;value&gt;.</maml:para></maml:description><command:parameterValue required="true" variableLength="true">String[]</command:parameterValue><dev:type><maml:name>String[]</maml:name><maml:uri /></dev:type><dev:defaultValue></dev:defaultValue></command:parameter><command:parameter required="false" variableLength="true" globbing="false" pipelineInput="True (ByPropertyName)" position="named" aliases=""><maml:name>RemovePropertyValue</maml:name><maml:description><maml:para>Specifies an array of property values to remove. This cmdlet removes the property values that this parameter specifies from the ODBC driver. Specify an array of keys to be removed.</maml:para></maml:description><command:parameterValue required="true" variableLength="true">String[]</command:parameterValue><dev:type><maml:name>String[]</maml:name><maml:uri /></dev:type><dev:defaultValue></dev:defaultValue></command:parameter><command:parameter required="false" variableLength="false" globbing="false" pipelineInput="false" position="named" aliases=""><maml:name>PassThru</maml:name><maml:description><maml:para>Returns an object representing the item with which you are working. By default, this cmdlet does not generate any output.</maml:para></maml:description><command:parameterValue required="false" variableLength="false">SwitchParameter</command:parameterValue><dev:type><maml:name>SwitchParameter</maml:name><maml:uri /></dev:type><dev:defaultValue></dev:defaultValue></command:parameter><command:parameter required="false" variableLength="false" globbing="false" pipelineInput="false" position="named" aliases=""><maml:name>AsJob</maml:name><maml:description><maml:para>Runs the cmdlet as a background job. Use this parameter to run commands that take a long time to complete. 
 The cmdlet immediately returns an object that represents the job and then displays the command prompt. You can continue to work in the session while the job completes. To manage the job, use the *-Job cmdlets. To get the job results, use the <maml:navigationLink><maml:linkText>Receive-Job</maml:linkText><maml:uri></maml:uri></maml:navigationLink> cmdlet. 
 For more information about Windows PowerShell® background jobs, see <maml:navigationLink><maml:linkText>about_Jobs</maml:linkText><maml:uri></maml:uri></maml:navigationLink>.</maml:para></maml:description><command:parameterValue required="false" variableLength="false">SwitchParameter</command:parameterValue><dev:type><maml:name>SwitchParameter</maml:name><maml:uri /></dev:type><dev:defaultValue></dev:defaultValue></command:parameter><command:parameter required="false" variableLength="true" globbing="false" pipelineInput="false" position="named" aliases="Session"><maml:name>CimSession</maml:name><maml:description><maml:para>Runs the cmdlet in a remote session or on a remote computer. Enter a computer name or a session object, such as the output of a <maml:navigationLink><maml:linkText>New-CimSession</maml:linkText><maml:uri></maml:uri></maml:navigationLink> or <maml:navigationLink><maml:linkText>Get-CimSession</maml:linkText><maml:uri></maml:uri></maml:navigationLink> cmdlet. The default is the current session on the local computer.</maml:para></maml:description><command:parameterValue required="true" variableLength="true">CimSession[]</command:parameterValue><dev:type><maml:name>CimSession[]</maml:name><maml:uri /></dev:type><dev:defaultValue></dev:defaultValue></command:parameter><command:parameter required="false" variableLength="false" globbing="false" pipelineInput="false" position="named" aliases=""><maml:name>ThrottleLimit</maml:name><maml:description><maml:para>Specifies the maximum number of concurrent operations that can be established to run the cmdlet. If this parameter is omitted or a value of 0 is entered, then Windows PowerShell® calculates an optimum throttle limit for the cmdlet based on the number of CIM cmdlets that are running on the computer. The throttle limit applies only to the current cmdlet, not to the session or to the computer.</maml:para></maml:description><command:parameterValue required="true" variableLength="false">Int32</command:parameterValue><dev:type><maml:name>Int32</maml:name><maml:uri /></dev:type><dev:defaultValue></dev:defaultValue></command:parameter><command:parameter required="false" variableLength="true" globbing="false" pipelineInput="false" position="named"><maml:name>Confirm</maml:name><maml:description><maml:para>Prompts you for confirmation before running the cmdlet.</maml:para></maml:description><command:parameterValue required="false" variableLength="false">SwitchParameter</command:parameterValue><dev:type><maml:name>SwitchParameter</maml:name><maml:uri /></dev:type><dev:defaultValue>false</dev:defaultValue></command:parameter><command:parameter required="false" variableLength="true" globbing="false" pipelineInput="false" position="named"><maml:name>WhatIf</maml:name><maml:description><maml:para>Shows what would happen if the cmdlet runs. The cmdlet is not run.</maml:para></maml:description><command:parameterValue required="false" variableLength="false">SwitchParameter</command:parameterValue><dev:type><maml:name>SwitchParameter</maml:name><maml:uri /></dev:type><dev:defaultValue>false</dev:defaultValue></command:parameter></command:parameters><command:inputTypes><command:inputType><dev:type><maml:name></maml:name><maml:uri></maml:uri><maml:description><maml:para /></maml:description></dev:type><maml:description></maml:description></command:inputType></command:inputTypes><command:returnValues><command:returnValue><dev:type><maml:name>Microsoft.Management.Infrastructure.CimInstance#MSFT_OdbcDriver[]</maml:name><maml:uri></maml:uri><maml:description><maml:para /></maml:description></dev:type><maml:description></maml:description></command:returnValue></command:returnValues><command:terminatingErrors /><command:nonTerminatingErrors /><command:examples><command:example><maml:title>Example 1: Assign a value for a 32-bit driver by using a name</maml:title><maml:introduction><maml:para></maml:para></maml:introduction><dev:code>PS C:\&gt; Set-OdbcDriver -Name "SQL Server Native Client 10.0" -Platform "32-bit" -SetPropertyValue "CPTimeout=60"
</dev:code><dev:remarks><maml:para>This command assigns the key CPTimeout a value of 60 for the 32-bit driver named SQL Server Native Client 10.0.</maml:para></dev:remarks><command:commandLines><command:commandLine><command:commandText /></command:commandLine></command:commandLines></command:example><command:example><maml:title>Example 2: Remove a property for any driver that starts with a string for the native platform</maml:title><maml:introduction><maml:para></maml:para></maml:introduction><dev:code>PS C:\&gt; Set-OdbcDriver -Name "SQL Server*" -RemovePropertyValue "aaa"
</dev:code><dev:remarks><maml:para>This command removes the property named aaa for all drivers with a name that starts with SQL Server under the native platform. </maml:para></dev:remarks><command:commandLines><command:commandLine><command:commandText /></command:commandLine></command:commandLines></command:example><command:example><maml:title>Example 3: Change and remove properties for a driver</maml:title><maml:introduction><maml:para></maml:para></maml:introduction><dev:code>PS C:\&gt; Set-OdbcDriver -Name "SQL Server Native Client 10.0" -Platform "All" -RemovePropertyValue @("aaa1", "aaa2") -SetPropertyValue @("aaa3=bbb3", "aaa4=bbb4")
</dev:code><dev:remarks><maml:para>This command operates on any driver named SQL Server Native Client 10.0 under both 32-bit and 64-bit architectures. The command removes the properties aaa1 and aaa2. It also sets the property aaa3 to bbb3 and the property aaa4 to bbb4.</maml:para></dev:remarks><command:commandLines><command:commandLine><command:commandText /></command:commandLine></command:commandLines></command:example><command:example><maml:title>Example 4: Assign a value for a 32-bit driver by using a name and store the result</maml:title><maml:introduction><maml:para></maml:para></maml:introduction><dev:code>PS C:\&gt; $driver = Set-OdbcDriver -Name "SQL Server Native Client 10.0" -Platform "32-bit" -SetPropertyValue "aaa=bbb" -PassThru
</dev:code><dev:remarks><maml:para>This command assigns the key aaa a value of bbb for the 32-bit driver named SQL Server Native Client 10.0, and then stores the driver object in the $driver variable.</maml:para></dev:remarks><command:commandLines><command:commandLine><command:commandText /></command:commandLine></command:commandLines></command:example><command:example><maml:title>Example 5: Change and remove properties for a driver by using the pipeline operator</maml:title><maml:introduction><maml:para></maml:para></maml:introduction><dev:code>PS C:\&gt; Get-OdbcDriver "SQL Server Native Client 10.0" -Platform "All" | Set-OdbcDriver -RemovePropertyValue @("aaa1", "aaa2") -SetPropertyValue @("aaa3=bbb3", "aaa4=bbb4")
</dev:code><dev:remarks><maml:para>This command operates on any driver named SQL Server Native Client 10.0 under both 32-bit and 64-bit architectures. This command removes the properties aaa1 and aaa2. It also sets the property aaa3 to bbb3 and the property aaa4 to bbb4.</maml:para></dev:remarks><command:commandLines><command:commandLine><command:commandText /></command:commandLine></command:commandLines></command:example><command:example><maml:title>Example 6: Change and remove properties for a driver by using a variable</maml:title><maml:introduction><maml:para></maml:para></maml:introduction><dev:code>PS C:\&gt; $driverArray = Get-OdbcDriver "SQL Server Native Client 10.0" -Platform "All"
PS C:\&gt; Set-OdbcDriver -InputObject $driverArray -RemovePropertyValue @("aaa1", "aaa2") -SetPropertyValue @("aaa3=bbb3", "aaa4=bbb4")
</dev:code><dev:remarks><maml:para>This command uses the Get-OdbcDriver cmdlet to get any driver named SQL Server Native Client 10.0 under both 32-bit and 64-bit architectures, and then stores them in the $driverArray variable. The second command removes the properties aaa1 and aaa2. It also sets the property aaa3 to bbb3 and the property aaa4 to bbb4. </maml:para></dev:remarks><command:commandLines><command:commandLine><command:commandText /></command:commandLine></command:commandLines></command:example></command:examples><maml:relatedLinks><maml:navigationLink><maml:linkText>Online Version:</maml:linkText><maml:uri>http://go.microsoft.com/fwlink/p/?linkid=287610</maml:uri></maml:navigationLink><maml:navigationLink><maml:linkText>Get-OdbcDriver</maml:linkText><maml:uri /></maml:navigationLink><maml:navigationLink><maml:linkText>N:Wdac</maml:linkText><maml:uri /></maml:navigationLink></maml:relatedLinks></command:command>

</helpItems>

