﻿<?xml version="1.0" encoding="utf-8"?>
<helpItems xmlns="http://msh" schema="maml">
  <!-- Updatable Help Version 4.0.4.0 -->
  <command:command xmlns:maml="http://schemas.microsoft.com/maml/2004/10" xmlns:command="http://schemas.microsoft.com/maml/dev/command/2004/10" xmlns:dev="http://schemas.microsoft.com/maml/dev/2004/10" xmlns:MSHelp="http://msdn.microsoft.com/mshelp">
    <command:details>
      <command:name>Add-AppxPackage</command:name>
      <maml:description>
        <maml:para>Adds a signed app package (.appx) to a user account.</maml:para>
      </maml:description>
      <maml:copyright>
        <maml:para />
      </maml:copyright>
      <command:verb>Add</command:verb>
      <command:noun>AppxPackage</command:noun>
      <dev:version />
    </command:details>
    <maml:description>
      <maml:para>The Add-AppxPackage cmdlet adds a signed app package (.appx) to a user account. Use the DependencyPath parameter to add all other packages that are required for the installation of the app package. </maml:para>
      <maml:para>You can use the Register parameter to install from a folder of unpackaged files during development of Windows® Store apps.</maml:para>
      <maml:para>To update an already installed package, the new package must have the same package family name.</maml:para>
    </maml:description>
    <command:syntax>
      <command:syntaxItem>
        <maml:name>Add-AppxPackage</maml:name>
        <command:parameter required="true" variableLength="false" globbing="false" pipelineInput="true (ByValue)" position="1" aliases="">
          <maml:name>Path</maml:name>
          <maml:description>
            <maml:para>Specifies the file path of the app package (.appx or .appxbundle).</maml:para>
          </maml:description>
          <command:parameterValue required="true" variableLength="false">String</command:parameterValue>
        </command:parameter>
        <command:parameter required="false" variableLength="true" globbing="false" pipelineInput="false" position="named" aliases="">
          <maml:name>DependencyPath</maml:name>
          <maml:description>
            <maml:para>Specifies the file path of a dependency package that's required for the installation of the app package (.appx or .appxbundle). You can specify the paths to more than one dependency package.</maml:para>
          </maml:description>
          <command:parameterValue required="true" variableLength="true">String[]</command:parameterValue>
        </command:parameter>
        <command:parameter required="false" variableLength="false" globbing="false" pipelineInput="false" position="named" aliases="">
          <maml:name>ForceApplicationShutdown</maml:name>
          <maml:description>
            <maml:para>Forces all active processes that are associated with the package or its dependencies to shut down.</maml:para>
          </maml:description>
        </command:parameter>
        <command:parameter required="false" variableLength="false" globbing="false" pipelineInput="false" position="named" aliases="">
          <maml:name>InstallAllResources</maml:name>
          <maml:description>
            <maml:para>Forces the deployment of all resource packages specified from a bundle argument. This overrides the resource applicability check of the deployment engine and forces staging of all resource packages, registration of all resource packages, or staging and registration of all resource packages. This flag can only be used when specifying a resource bundle or resource bundle manifest.</maml:para>
          </maml:description>
        </command:parameter>
        <command:parameter required="false" variableLength="true" globbing="false" pipelineInput="false" position="named">
          <maml:name>Confirm</maml:name>
          <maml:description>
            <maml:para>Prompts you for confirmation before running the cmdlet.</maml:para>
          </maml:description>
        </command:parameter>
        <command:parameter required="false" variableLength="true" globbing="false" pipelineInput="false" position="named">
          <maml:name>WhatIf</maml:name>
          <maml:description>
            <maml:para>Shows what would happen if the cmdlet runs. The cmdlet is not run.</maml:para>
          </maml:description>
        </command:parameter>
      </command:syntaxItem>
      <command:syntaxItem>
        <maml:name>Add-AppxPackage</maml:name>
        <command:parameter required="false" variableLength="true" globbing="false" pipelineInput="True (ByValue)" position="named" aliases="">
          <maml:name>DependencyPackages</maml:name>
          <maml:description>
            <maml:para>Specifies the dependency package full name or dependency package bundle full name to be registered.</maml:para>
          </maml:description>
          <command:parameterValue required="true" variableLength="true">String[]</command:parameterValue>
        </command:parameter>
        <command:parameter required="false" variableLength="false" globbing="false" pipelineInput="false" position="named" aliases="">
          <maml:name>InstallAllResources</maml:name>
          <maml:description>
            <maml:para>Forces the deployment of all resource packages specified from a bundle argument. This overrides the resource applicability check of the deployment engine and forces staging of all resource packages, registration of all resource packages, or staging and registration of all resource packages. This flag can only be used when specifying a resource bundle or resource bundle manifest.</maml:para>
          </maml:description>
        </command:parameter>
        <command:parameter required="true" variableLength="false" globbing="false" pipelineInput="True (ByValue)" position="named" aliases="">
          <maml:name>MainPackage</maml:name>
          <maml:description>
            <maml:para>Specifies the main package full name or bundle full name to be registered.</maml:para>
          </maml:description>
          <command:parameterValue required="true" variableLength="false">String</command:parameterValue>
        </command:parameter>
        <command:parameter required="false" variableLength="true" globbing="false" pipelineInput="false" position="named">
          <maml:name>Confirm</maml:name>
          <maml:description>
            <maml:para>Prompts you for confirmation before running the cmdlet.</maml:para>
          </maml:description>
        </command:parameter>
        <command:parameter required="false" variableLength="true" globbing="false" pipelineInput="false" position="named">
          <maml:name>WhatIf</maml:name>
          <maml:description>
            <maml:para>Shows what would happen if the cmdlet runs. The cmdlet is not run.</maml:para>
          </maml:description>
        </command:parameter>
      </command:syntaxItem>
      <command:syntaxItem>
        <maml:name>Add-AppxPackage</maml:name>
        <command:parameter required="true" variableLength="false" globbing="false" pipelineInput="true (ByValue)" position="1" aliases="">
          <maml:name>Path</maml:name>
          <maml:description>
            <maml:para>Specifies the file path of the app package (.appx or .appxbundle).</maml:para>
          </maml:description>
          <command:parameterValue required="true" variableLength="false">String</command:parameterValue>
        </command:parameter>
        <command:parameter required="false" variableLength="true" globbing="false" pipelineInput="false" position="named" aliases="">
          <maml:name>DependencyPath</maml:name>
          <maml:description>
            <maml:para>Specifies the file path of a dependency package that's required for the installation of the app package (.appx or .appxbundle). You can specify the paths to more than one dependency package.</maml:para>
          </maml:description>
          <command:parameterValue required="true" variableLength="true">String[]</command:parameterValue>
        </command:parameter>
        <command:parameter required="false" variableLength="false" globbing="false" pipelineInput="false" position="named" aliases="">
          <maml:name>DisableDevelopmentMode</maml:name>
          <maml:description>
            <maml:para>Registers an existing app package (.appx or .appxbundle) installation that has been disabled, didn't register, or has become corrupted. Use DisableDevelopmentMode to specify that the manifest is from an existing installation and not from a collection of files in development mode. You can also use this parameter to register an application that the <maml:navigationLink><maml:linkText>Package Manager API</maml:linkText><maml:uri></maml:uri></maml:navigationLink> has staged. Use the –Register parameter to specify the location of the app package manifest .xml file from the installation location.</maml:para>
          </maml:description>
        </command:parameter>
        <command:parameter required="false" variableLength="false" globbing="false" pipelineInput="false" position="named" aliases="">
          <maml:name>ForceApplicationShutdown</maml:name>
          <maml:description>
            <maml:para>Forces all active processes that are associated with the package or its dependencies to shut down.</maml:para>
          </maml:description>
        </command:parameter>
        <command:parameter required="false" variableLength="false" globbing="false" pipelineInput="false" position="named" aliases="">
          <maml:name>InstallAllResources</maml:name>
          <maml:description>
            <maml:para>Forces the deployment of all resource packages specified from a bundle argument. This overrides the resource applicability check of the deployment engine and forces staging of all resource packages, registration of all resource packages, or staging and registration of all resource packages. This flag can only be used when specifying a resource bundle or resource bundle manifest.</maml:para>
          </maml:description>
        </command:parameter>
        <command:parameter required="true" variableLength="false" globbing="false" pipelineInput="false" position="named" aliases="">
          <maml:name>Register</maml:name>
          <maml:description>
            <maml:para>Registers an application in development mode. You can use development mode to install applications from a folder of unpackaged files. You can use the –Register parameter to test your Windows® Store apps before you deploy them as app packages (.appx). To register an existing app package (.appx) installation, you must specify the –DisableDevelopmentMode parameter along with -Register.</maml:para>
          </maml:description>
        </command:parameter>
        <command:parameter required="false" variableLength="true" globbing="false" pipelineInput="false" position="named">
          <maml:name>Confirm</maml:name>
          <maml:description>
            <maml:para>Prompts you for confirmation before running the cmdlet.</maml:para>
          </maml:description>
        </command:parameter>
        <command:parameter required="false" variableLength="true" globbing="false" pipelineInput="false" position="named">
          <maml:name>WhatIf</maml:name>
          <maml:description>
            <maml:para>Shows what would happen if the cmdlet runs. The cmdlet is not run.</maml:para>
          </maml:description>
        </command:parameter>
      </command:syntaxItem>
      <command:syntaxItem>
        <maml:name>Add-AppxPackage</maml:name>
        <command:parameter required="true" variableLength="false" globbing="false" pipelineInput="true (ByValue)" position="1" aliases="">
          <maml:name>Path</maml:name>
          <maml:description>
            <maml:para>Specifies the file path of the app package (.appx or .appxbundle).</maml:para>
          </maml:description>
          <command:parameterValue required="true" variableLength="false">String</command:parameterValue>
        </command:parameter>
        <command:parameter required="false" variableLength="true" globbing="false" pipelineInput="false" position="named" aliases="">
          <maml:name>DependencyPath</maml:name>
          <maml:description>
            <maml:para>Specifies the file path of a dependency package that's required for the installation of the app package (.appx or .appxbundle). You can specify the paths to more than one dependency package.</maml:para>
          </maml:description>
          <command:parameterValue required="true" variableLength="true">String[]</command:parameterValue>
        </command:parameter>
        <command:parameter required="false" variableLength="false" globbing="false" pipelineInput="false" position="named" aliases="">
          <maml:name>ForceApplicationShutdown</maml:name>
          <maml:description>
            <maml:para>Forces all active processes that are associated with the package or its dependencies to shut down.</maml:para>
          </maml:description>
        </command:parameter>
        <command:parameter required="false" variableLength="false" globbing="false" pipelineInput="false" position="named" aliases="">
          <maml:name>InstallAllResources</maml:name>
          <maml:description>
            <maml:para>Forces the deployment of all resource packages specified from a bundle argument. This overrides the resource applicability check of the deployment engine and forces staging of all resource packages, registration of all resource packages, or staging and registration of all resource packages. This flag can only be used when specifying a resource bundle or resource bundle manifest.</maml:para>
          </maml:description>
        </command:parameter>
        <command:parameter required="true" variableLength="false" globbing="false" pipelineInput="false" position="named" aliases="">
          <maml:name>Update</maml:name>
          <maml:description>
            <maml:para>Specifies that the package being added is a dependency package update. A dependency package is removed from the user account when the parent app is removed. If you do not use -Update, the package being added will be flagged as a primary package and will not be removed from the user account if the parent app is removed. To update an already installed package, the new package must have the same package family name.</maml:para>
          </maml:description>
        </command:parameter>
        <command:parameter required="false" variableLength="true" globbing="false" pipelineInput="false" position="named">
          <maml:name>Confirm</maml:name>
          <maml:description>
            <maml:para>Prompts you for confirmation before running the cmdlet.</maml:para>
          </maml:description>
        </command:parameter>
        <command:parameter required="false" variableLength="true" globbing="false" pipelineInput="false" position="named">
          <maml:name>WhatIf</maml:name>
          <maml:description>
            <maml:para>Shows what would happen if the cmdlet runs. The cmdlet is not run.</maml:para>
          </maml:description>
        </command:parameter>
      </command:syntaxItem>
    </command:syntax>
    <command:parameters>
      <command:parameter required="false" variableLength="true" globbing="false" pipelineInput="True (ByValue)" position="named" aliases="">
        <maml:name>DependencyPackages</maml:name>
        <maml:description>
          <maml:para>Specifies the dependency package full name or dependency package bundle full name to be registered.</maml:para>
        </maml:description>
        <command:parameterValue required="true" variableLength="true">String[]</command:parameterValue>
        <dev:type>
          <maml:name>String[]</maml:name>
          <maml:uri />
        </dev:type>
        <dev:defaultValue>
        </dev:defaultValue>
      </command:parameter>
      <command:parameter required="false" variableLength="true" globbing="false" pipelineInput="false" position="named" aliases="">
        <maml:name>DependencyPath</maml:name>
        <maml:description>
          <maml:para>Specifies the file path of a dependency package that's required for the installation of the app package (.appx or .appxbundle). You can specify the paths to more than one dependency package.</maml:para>
        </maml:description>
        <command:parameterValue required="true" variableLength="true">String[]</command:parameterValue>
        <dev:type>
          <maml:name>String[]</maml:name>
          <maml:uri />
        </dev:type>
        <dev:defaultValue>
        </dev:defaultValue>
      </command:parameter>
      <command:parameter required="false" variableLength="false" globbing="false" pipelineInput="false" position="named" aliases="">
        <maml:name>DisableDevelopmentMode</maml:name>
        <maml:description>
          <maml:para>Registers an existing app package (.appx or .appxbundle) installation that has been disabled, didn't register, or has become corrupted. Use DisableDevelopmentMode to specify that the manifest is from an existing installation and not from a collection of files in development mode. You can also use this parameter to register an application that the <maml:navigationLink><maml:linkText>Package Manager API</maml:linkText><maml:uri></maml:uri></maml:navigationLink> has staged. Use the –Register parameter to specify the location of the app package manifest .xml file from the installation location.</maml:para>
        </maml:description>
        <command:parameterValue required="false" variableLength="false">SwitchParameter</command:parameterValue>
        <dev:type>
          <maml:name>SwitchParameter</maml:name>
          <maml:uri />
        </dev:type>
        <dev:defaultValue>
        </dev:defaultValue>
      </command:parameter>
      <command:parameter required="false" variableLength="false" globbing="false" pipelineInput="false" position="named" aliases="">
        <maml:name>ForceApplicationShutdown</maml:name>
        <maml:description>
          <maml:para>Forces all active processes that are associated with the package or its dependencies to shut down.</maml:para>
        </maml:description>
        <command:parameterValue required="false" variableLength="false">SwitchParameter</command:parameterValue>
        <dev:type>
          <maml:name>SwitchParameter</maml:name>
          <maml:uri />
        </dev:type>
        <dev:defaultValue>
        </dev:defaultValue>
      </command:parameter>
      <command:parameter required="false" variableLength="false" globbing="false" pipelineInput="false" position="named" aliases="">
        <maml:name>InstallAllResources</maml:name>
        <maml:description>
          <maml:para>Forces the deployment of all resource packages specified from a bundle argument. This overrides the resource applicability check of the deployment engine and forces staging of all resource packages, registration of all resource packages, or staging and registration of all resource packages. This flag can only be used when specifying a resource bundle or resource bundle manifest.</maml:para>
        </maml:description>
        <command:parameterValue required="false" variableLength="false">SwitchParameter</command:parameterValue>
        <dev:type>
          <maml:name>SwitchParameter</maml:name>
          <maml:uri />
        </dev:type>
        <dev:defaultValue>
        </dev:defaultValue>
      </command:parameter>
      <command:parameter required="true" variableLength="false" globbing="false" pipelineInput="True (ByValue)" position="named" aliases="">
        <maml:name>MainPackage</maml:name>
        <maml:description>
          <maml:para>Specifies the main package full name or bundle full name to be registered.</maml:para>
        </maml:description>
        <command:parameterValue required="true" variableLength="false">String</command:parameterValue>
        <dev:type>
          <maml:name>String</maml:name>
          <maml:uri />
        </dev:type>
        <dev:defaultValue>
        </dev:defaultValue>
      </command:parameter>
      <command:parameter required="true" variableLength="false" globbing="false" pipelineInput="true (ByValue)" position="1" aliases="">
        <maml:name>Path</maml:name>
        <maml:description>
          <maml:para>Specifies the file path of the app package (.appx or .appxbundle).</maml:para>
        </maml:description>
        <command:parameterValue required="true" variableLength="false">String</command:parameterValue>
        <dev:type>
          <maml:name>String</maml:name>
          <maml:uri />
        </dev:type>
        <dev:defaultValue>
        </dev:defaultValue>
      </command:parameter>
      <command:parameter required="true" variableLength="false" globbing="false" pipelineInput="false" position="named" aliases="">
        <maml:name>Register</maml:name>
        <maml:description>
          <maml:para>Registers an application in development mode. You can use development mode to install applications from a folder of unpackaged files. You can use the –Register parameter to test your Windows® Store apps before you deploy them as app packages (.appx). To register an existing app package (.appx) installation, you must specify the –DisableDevelopmentMode parameter along with -Register.</maml:para>
        </maml:description>
        <command:parameterValue required="false" variableLength="false">SwitchParameter</command:parameterValue>
        <dev:type>
          <maml:name>SwitchParameter</maml:name>
          <maml:uri />
        </dev:type>
        <dev:defaultValue>
        </dev:defaultValue>
      </command:parameter>
      <command:parameter required="true" variableLength="false" globbing="false" pipelineInput="false" position="named" aliases="">
        <maml:name>Update</maml:name>
        <maml:description>
          <maml:para>Specifies that the package being added is a dependency package update. A dependency package is removed from the user account when the parent app is removed. If you do not use -Update, the package being added will be flagged as a primary package and will not be removed from the user account if the parent app is removed. To update an already installed package, the new package must have the same package family name.</maml:para>
        </maml:description>
        <command:parameterValue required="false" variableLength="false">SwitchParameter</command:parameterValue>
        <dev:type>
          <maml:name>SwitchParameter</maml:name>
          <maml:uri />
        </dev:type>
        <dev:defaultValue>
        </dev:defaultValue>
      </command:parameter>
      <command:parameter required="false" variableLength="true" globbing="false" pipelineInput="false" position="named">
        <maml:name>Confirm</maml:name>
        <maml:description>
          <maml:para>Prompts you for confirmation before running the cmdlet.</maml:para>
        </maml:description>
        <command:parameterValue required="false" variableLength="false">SwitchParameter</command:parameterValue>
        <dev:type>
          <maml:name>SwitchParameter</maml:name>
          <maml:uri />
        </dev:type>
        <dev:defaultValue>false</dev:defaultValue>
      </command:parameter>
      <command:parameter required="false" variableLength="true" globbing="false" pipelineInput="false" position="named">
        <maml:name>WhatIf</maml:name>
        <maml:description>
          <maml:para>Shows what would happen if the cmdlet runs. The cmdlet is not run.</maml:para>
        </maml:description>
        <command:parameterValue required="false" variableLength="false">SwitchParameter</command:parameterValue>
        <dev:type>
          <maml:name>SwitchParameter</maml:name>
          <maml:uri />
        </dev:type>
        <dev:defaultValue>false</dev:defaultValue>
      </command:parameter>
    </command:parameters>
    <command:inputTypes>
      <command:inputType>
        <dev:type>
          <maml:name>System.String[]</maml:name>
          <maml:uri>
          </maml:uri>
          <maml:description>
            <maml:para />
          </maml:description>
        </dev:type>
        <maml:description>
        </maml:description>
      </command:inputType>
      <command:inputType>
        <dev:type>
          <maml:name>System.IO.FileInfo</maml:name>
          <maml:uri>
          </maml:uri>
          <maml:description>
            <maml:para />
          </maml:description>
        </dev:type>
        <maml:description>
        </maml:description>
      </command:inputType>
    </command:inputTypes>
    <command:returnValues>
      <command:returnValue>
        <dev:type>
          <maml:name>None</maml:name>
          <maml:uri>
          </maml:uri>
          <maml:description>
            <maml:para />
          </maml:description>
        </dev:type>
        <maml:description>
        </maml:description>
      </command:returnValue>
    </command:returnValues>
    <command:terminatingErrors />
    <command:nonTerminatingErrors />
    <command:examples>
      <command:example>
        <maml:title>Example 1</maml:title>
        <maml:introduction>
          <maml:para>
          </maml:para>
        </maml:introduction>
        <dev:code>PS C:\&gt;Add-AppxPackage -Path C:\Users\user1\Desktop\MyApp.appx –DependencyPath C:\Users\user1\Desktop\winjs.appx
</dev:code>
        <dev:remarks>
          <maml:para>This command adds an app package (.appx) that the package contains.</maml:para>
        </dev:remarks>
        <command:commandLines>
          <command:commandLine>
            <command:commandText />
          </command:commandLine>
        </command:commandLines>
      </command:example>
      <command:example>
        <maml:title>Example 2</maml:title>
        <maml:introduction>
          <maml:para>
          </maml:para>
        </maml:introduction>
        <dev:code>PS C:\&gt;$manifestpath = (get-appxpackage -Name "*WindowsCalculator*").InstallLocation + "\Appxmanifest.xml"
PS C:\&gt; Add-AppxPackage -register $manifestpath –DisableDevelopmentMode

</dev:code>
        <dev:remarks>
          <maml:para>This command gets the full path of the package manifest file of an installed Windows Store app, and then registers that package. You can use –DisableDevelopmentMode to register an application that is staged by the StagePackageAsync API, has been disabled, or has become corrupted during testing.</maml:para>
        </dev:remarks>
        <command:commandLines>
          <command:commandLine>
            <command:commandText />
          </command:commandLine>
        </command:commandLines>
      </command:example>
    </command:examples>
    <maml:relatedLinks>
      <maml:navigationLink>
        <maml:linkText>Online Version:</maml:linkText>
        <maml:uri>http://go.microsoft.com/fwlink/?LinkId=288118</maml:uri>
      </maml:navigationLink>
      <maml:navigationLink>
        <maml:linkText>Package Manager API</maml:linkText>
        <maml:uri>
        </maml:uri>
      </maml:navigationLink>
      <maml:navigationLink>
        <maml:linkText>How to Add and Remove Apps</maml:linkText>
        <maml:uri>
        </maml:uri>
      </maml:navigationLink>
      <maml:navigationLink>
        <maml:linkText>Get-AppxPackage</maml:linkText>
        <maml:uri />
      </maml:navigationLink>
      <maml:navigationLink>
        <maml:linkText>Get-AppxPackageManifest</maml:linkText>
        <maml:uri />
      </maml:navigationLink>
      <maml:navigationLink>
        <maml:linkText>Remove-AppxPackage</maml:linkText>
        <maml:uri />
      </maml:navigationLink>
      <maml:navigationLink>
        <maml:linkText>Get-AppxLog</maml:linkText>
        <maml:uri />
      </maml:navigationLink>
      <maml:navigationLink>
        <maml:linkText>Get-AppxLastError</maml:linkText>
        <maml:uri />
      </maml:navigationLink>
    </maml:relatedLinks>
  </command:command>
  <command:command xmlns:maml="http://schemas.microsoft.com/maml/2004/10" xmlns:command="http://schemas.microsoft.com/maml/dev/command/2004/10" xmlns:dev="http://schemas.microsoft.com/maml/dev/2004/10" xmlns:MSHelp="http://msdn.microsoft.com/mshelp">
    <command:details>
      <command:name>Get-AppxLastError</command:name>
      <maml:description>
        <maml:para>Get the last error reported in the app package installation logs.</maml:para>
      </maml:description>
      <maml:copyright>
        <maml:para />
      </maml:copyright>
      <command:verb>Get</command:verb>
      <command:noun>AppxLastError</command:noun>
      <dev:version />
    </command:details>
    <maml:description>
      <maml:para>The Get-AppxLastError function gets the last error reported in the app package (.appx) installation logs for the current Windows PowerShell session.</maml:para>
    </maml:description>
    <command:syntax>
      <command:syntaxItem>
        <maml:name>Get-AppxLastError</maml:name>
      </command:syntaxItem>
    </command:syntax>
    <command:parameters>
    </command:parameters>
    <command:inputTypes>
      <command:inputType>
        <dev:type>
          <maml:name>None</maml:name>
          <maml:uri>
          </maml:uri>
          <maml:description>
            <maml:para />
          </maml:description>
        </dev:type>
        <maml:description>
        </maml:description>
      </command:inputType>
    </command:inputTypes>
    <command:returnValues>
      <command:returnValue>
        <dev:type>
          <maml:name>System.Diagnostics.Eventing.Reader.EventLogRecord</maml:name>
          <maml:uri>
          </maml:uri>
          <maml:description>
            <maml:para />
          </maml:description>
        </dev:type>
        <maml:description>
        </maml:description>
      </command:returnValue>
    </command:returnValues>
    <command:terminatingErrors />
    <command:nonTerminatingErrors />
    <command:examples>
      <command:example>
        <maml:title>Example 1</maml:title>
        <maml:introduction>
          <maml:para>
          </maml:para>
        </maml:introduction>
        <dev:code>PS C:\&gt;Get-AppxLastError
</dev:code>
        <dev:remarks>
          <maml:para>This example gets the last error reported in the app installation logs.</maml:para>
        </dev:remarks>
        <command:commandLines>
          <command:commandLine>
            <command:commandText />
          </command:commandLine>
        </command:commandLines>
      </command:example>
    </command:examples>
    <maml:relatedLinks>
      <maml:navigationLink>
        <maml:linkText>Online Version:</maml:linkText>
        <maml:uri>http://go.microsoft.com/fwlink/p/?linkid=288128</maml:uri>
      </maml:navigationLink>
      <maml:navigationLink>
        <maml:linkText>Package Manager API</maml:linkText>
        <maml:uri>
        </maml:uri>
      </maml:navigationLink>
      <maml:navigationLink>
        <maml:linkText>How to Deploy App Packages</maml:linkText>
        <maml:uri>
        </maml:uri>
      </maml:navigationLink>
      <maml:navigationLink>
        <maml:linkText>Get-AppxPackage</maml:linkText>
        <maml:uri />
      </maml:navigationLink>
      <maml:navigationLink>
        <maml:linkText>Get-AppxPackageManifest</maml:linkText>
        <maml:uri />
      </maml:navigationLink>
      <maml:navigationLink>
        <maml:linkText>Remove-AppxPackage</maml:linkText>
        <maml:uri />
      </maml:navigationLink>
      <maml:navigationLink>
        <maml:linkText>Get-AppxLog</maml:linkText>
        <maml:uri />
      </maml:navigationLink>
      <maml:navigationLink>
        <maml:linkText>Add-AppxPackage</maml:linkText>
        <maml:uri />
      </maml:navigationLink>
    </maml:relatedLinks>
  </command:command>
  <command:command xmlns:maml="http://schemas.microsoft.com/maml/2004/10" xmlns:command="http://schemas.microsoft.com/maml/dev/command/2004/10" xmlns:dev="http://schemas.microsoft.com/maml/dev/2004/10" xmlns:MSHelp="http://msdn.microsoft.com/mshelp">
    <command:details>
      <command:name>Get-AppxLog</command:name>
      <maml:description>
        <maml:para>Gets an app package (.appx) installation log.</maml:para>
      </maml:description>
      <maml:copyright>
        <maml:para />
      </maml:copyright>
      <command:verb>Get</command:verb>
      <command:noun>AppxLog</command:noun>
      <dev:version />
    </command:details>
    <maml:description>
      <maml:para>The Get-AppxLog function gets the app package (.appx) installation log created during the deployment of an app package (.appx). The log contains errors, warnings, and additional information about the processes initiated by cmdlets in the Appx PowerShell module.</maml:para>
      <maml:para>When Add-AppxPackage or Remove-AppxPackage report a failure, they will return the ActivityID to use with Get-AppxLog.</maml:para>
      <maml:para>For more information about common error codes, see <maml:navigationLink><maml:linkText>Troubleshooting packaging, deployment, and query of Windows Store apps</maml:linkText><maml:uri></maml:uri></maml:navigationLink>.</maml:para>
    </maml:description>
    <command:syntax>
      <command:syntaxItem>
        <maml:name>Get-AppxLog</maml:name>
        <command:parameter required="false" variableLength="false" globbing="false" pipelineInput="false" position="named" aliases="">
          <maml:name>All</maml:name>
          <maml:description>
            <maml:para>Gets all logs on the computer. You can get additional information when you run this cmdlets from Windows PowerShell as an administrator.</maml:para>
          </maml:description>
        </command:parameter>
      </command:syntaxItem>
      <command:syntaxItem>
        <maml:name>Get-AppxLog</maml:name>
        <command:parameter required="false" variableLength="false" globbing="false" pipelineInput="false" position="named" aliases="">
          <maml:name>ActivityId</maml:name>
          <maml:description>
            <maml:para>Gets the log for a particular app package (.appx) installation.</maml:para>
          </maml:description>
          <command:parameterValue required="true" variableLength="false">String</command:parameterValue>
        </command:parameter>
      </command:syntaxItem>
    </command:syntax>
    <command:parameters>
      <command:parameter required="false" variableLength="false" globbing="false" pipelineInput="false" position="named" aliases="">
        <maml:name>ActivityId</maml:name>
        <maml:description>
          <maml:para>Gets the log for a particular app package (.appx) installation.</maml:para>
        </maml:description>
        <command:parameterValue required="true" variableLength="false">String</command:parameterValue>
        <dev:type>
          <maml:name>String</maml:name>
          <maml:uri />
        </dev:type>
        <dev:defaultValue>
        </dev:defaultValue>
      </command:parameter>
      <command:parameter required="false" variableLength="false" globbing="false" pipelineInput="false" position="named" aliases="">
        <maml:name>All</maml:name>
        <maml:description>
          <maml:para>Gets all logs on the computer. You can get additional information when you run this cmdlets from Windows PowerShell as an administrator.</maml:para>
        </maml:description>
        <command:parameterValue required="false" variableLength="false">SwitchParameter</command:parameterValue>
        <dev:type>
          <maml:name>SwitchParameter</maml:name>
          <maml:uri />
        </dev:type>
        <dev:defaultValue>
        </dev:defaultValue>
      </command:parameter>
    </command:parameters>
    <command:inputTypes>
      <command:inputType>
        <dev:type>
          <maml:name>System.String[]</maml:name>
          <maml:uri>
          </maml:uri>
          <maml:description>
            <maml:para />
          </maml:description>
        </dev:type>
        <maml:description>
        </maml:description>
      </command:inputType>
    </command:inputTypes>
    <command:returnValues>
      <command:returnValue>
        <dev:type>
          <maml:name>System.Diagnostics.Eventing.Reader.EventLogRecord</maml:name>
          <maml:uri>
          </maml:uri>
          <maml:description>
            <maml:para />
          </maml:description>
        </dev:type>
        <maml:description>
        </maml:description>
      </command:returnValue>
    </command:returnValues>
    <command:terminatingErrors />
    <command:nonTerminatingErrors />
    <command:examples>
      <command:example>
        <maml:title>Example 1</maml:title>
        <maml:introduction>
          <maml:para>
          </maml:para>
        </maml:introduction>
        <dev:code>PS C:\&gt;Get-AppxLog
</dev:code>
        <dev:remarks>
          <maml:para>This example gets the logs associated with the most recent deployment operation.</maml:para>
        </dev:remarks>
        <command:commandLines>
          <command:commandLine>
            <command:commandText />
          </command:commandLine>
        </command:commandLines>
      </command:example>
      <command:example>
        <maml:title>Example 2</maml:title>
        <maml:introduction>
          <maml:para>
          </maml:para>
        </maml:introduction>
        <dev:code>PS C:\&gt;Get-AppxLog -All
</dev:code>
        <dev:remarks>
          <maml:para>This example gets all the app package installation logs on the computer.</maml:para>
        </dev:remarks>
        <command:commandLines>
          <command:commandLine>
            <command:commandText />
          </command:commandLine>
        </command:commandLines>
      </command:example>
    </command:examples>
    <maml:relatedLinks>
      <maml:navigationLink>
        <maml:linkText>Online Version:</maml:linkText>
        <maml:uri>http://go.microsoft.com/fwlink/p/?linkid=288116</maml:uri>
      </maml:navigationLink>
      <maml:navigationLink>
        <maml:linkText>Package Manager API</maml:linkText>
        <maml:uri>
        </maml:uri>
      </maml:navigationLink>
      <maml:navigationLink>
        <maml:linkText>How to Add and Remove Apps</maml:linkText>
        <maml:uri>
        </maml:uri>
      </maml:navigationLink>
      <maml:navigationLink>
        <maml:linkText>Troubleshooting packaging, deployment, and query of Windows Store apps</maml:linkText>
        <maml:uri>
        </maml:uri>
      </maml:navigationLink>
      <maml:navigationLink>
        <maml:linkText>Get-AppxPackage</maml:linkText>
        <maml:uri />
      </maml:navigationLink>
      <maml:navigationLink>
        <maml:linkText>Get-AppxPackageManifest</maml:linkText>
        <maml:uri />
      </maml:navigationLink>
      <maml:navigationLink>
        <maml:linkText>Remove-AppxPackage</maml:linkText>
        <maml:uri />
      </maml:navigationLink>
      <maml:navigationLink>
        <maml:linkText>Add-AppxPackage</maml:linkText>
        <maml:uri />
      </maml:navigationLink>
      <maml:navigationLink>
        <maml:linkText>Get-AppxLastError</maml:linkText>
        <maml:uri />
      </maml:navigationLink>
    </maml:relatedLinks>
  </command:command>
  <command:command xmlns:maml="http://schemas.microsoft.com/maml/2004/10" xmlns:command="http://schemas.microsoft.com/maml/dev/command/2004/10" xmlns:dev="http://schemas.microsoft.com/maml/dev/2004/10" xmlns:MSHelp="http://msdn.microsoft.com/mshelp">
    <command:details>
      <command:name>Get-AppxPackage</command:name>
      <maml:description>
        <maml:para>Gets a list of the app packages (.appx) that are installed in a user profile.</maml:para>
      </maml:description>
      <maml:copyright>
        <maml:para />
      </maml:copyright>
      <command:verb>Get</command:verb>
      <command:noun>AppxPackage</command:noun>
      <dev:version />
    </command:details>
    <maml:description>
      <maml:para>The Get-AppxPackage cmdlet gets a list of the app packages (.appx) that are installed in a user profile. To get the list of packages for a user profile other than the profile for the current user, you must run this command by using administrator permissions.</maml:para>
    </maml:description>
    <command:syntax>
      <command:syntaxItem>
        <maml:name>Get-AppxPackage</maml:name>
        <command:parameter required="false" variableLength="false" globbing="false" pipelineInput="true (ByValue)" position="1" aliases="">
          <maml:name>Name</maml:name>
          <maml:description>
            <maml:para>Specifies the name of a particular package. If you use this parameter, the cmdlets will return only results for this package. Wildcards are permitted.</maml:para>
          </maml:description>
          <command:parameterValue required="true" variableLength="false">String</command:parameterValue>
        </command:parameter>
        <command:parameter required="false" variableLength="false" globbing="false" pipelineInput="true (ByValue)" position="2" aliases="">
          <maml:name>Publisher</maml:name>
          <maml:description>
            <maml:para>Specifies the publisher of a particular package. If you use this parameter, the cmdlets will return only results for this publisher. Wildcards are permitted.</maml:para>
          </maml:description>
          <command:parameterValue required="true" variableLength="false">String</command:parameterValue>
        </command:parameter>
        <command:parameter required="false" variableLength="false" globbing="false" pipelineInput="true (ByValue, ByPropertyName)" position="named" aliases="">
          <maml:name>AllUsers</maml:name>
          <maml:description>
            <maml:para>Lists app packages (.appx) for all user accounts on the computer. To use this parameter, you must run the command by using administrator permissions.</maml:para>
          </maml:description>
        </command:parameter>
        <command:parameter required="false" variableLength="false" globbing="false" pipelineInput="True (ByValue, ByPropertyName)" position="named" aliases="">
          <maml:name>PackageTypeFilter</maml:name>
          <maml:description>
            <maml:para>Specifies one or multiple types of packages that should be returned from the package repository. The PackageTypeFilter value can be:</maml:para>
            <maml:para>     -- bundle</maml:para>
            <maml:para>     -- framework</maml:para>
            <maml:para>     -- main</maml:para>
            <maml:para>     -- resource</maml:para>
            <maml:para>     -- none</maml:para>
            <maml:para>

By default, Get-AppxPackage only returns packages of type: Main and Framework.</maml:para>
          </maml:description>
          <command:parameterValueGroup>
            <command:parameterValue required="true" variableLength="false">Bundle</command:parameterValue>
            <command:parameterValue required="true" variableLength="false">Framework</command:parameterValue>
            <command:parameterValue required="true" variableLength="false">Main</command:parameterValue>
            <command:parameterValue required="true" variableLength="false">None</command:parameterValue>
            <command:parameterValue required="true" variableLength="false">Resource</command:parameterValue>
          </command:parameterValueGroup>
        </command:parameter>
        <command:parameter required="false" variableLength="false" globbing="false" pipelineInput="true (ByValue)" position="named" aliases="">
          <maml:name>User</maml:name>
          <maml:description>
            <maml:para>Specifies a user name. If you use this parameter, the cmdlets will return only a list of app packages (.appx) that are installed for the specified user. To get the list of packages for a user profile other than the profile for the current user, you must run this command by using administrator permissions. The user name can be in one of these formats: </maml:para>
            <maml:para>     -- domain\user_name</maml:para>
            <maml:para>     -- user_name@fqn.domain.tld</maml:para>
            <maml:para>     -- user_name</maml:para>
            <maml:para>     -- SID-string</maml:para>
          </maml:description>
          <command:parameterValue required="true" variableLength="false">String</command:parameterValue>
        </command:parameter>
      </command:syntaxItem>
    </command:syntax>
    <command:parameters>
      <command:parameter required="false" variableLength="false" globbing="false" pipelineInput="true (ByValue, ByPropertyName)" position="named" aliases="">
        <maml:name>AllUsers</maml:name>
        <maml:description>
          <maml:para>Lists app packages (.appx) for all user accounts on the computer. To use this parameter, you must run the command by using administrator permissions.</maml:para>
        </maml:description>
        <command:parameterValue required="false" variableLength="false">SwitchParameter</command:parameterValue>
        <dev:type>
          <maml:name>SwitchParameter</maml:name>
          <maml:uri />
        </dev:type>
        <dev:defaultValue>
        </dev:defaultValue>
      </command:parameter>
      <command:parameter required="false" variableLength="false" globbing="false" pipelineInput="true (ByValue)" position="1" aliases="">
        <maml:name>Name</maml:name>
        <maml:description>
          <maml:para>Specifies the name of a particular package. If you use this parameter, the cmdlets will return only results for this package. Wildcards are permitted.</maml:para>
        </maml:description>
        <command:parameterValue required="true" variableLength="false">String</command:parameterValue>
        <dev:type>
          <maml:name>String</maml:name>
          <maml:uri />
        </dev:type>
        <dev:defaultValue>
        </dev:defaultValue>
      </command:parameter>
      <command:parameter required="false" variableLength="false" globbing="false" pipelineInput="True (ByValue, ByPropertyName)" position="named" aliases="">
        <maml:name>PackageTypeFilter</maml:name>
        <maml:description>
          <maml:para>Specifies one or multiple types of packages that should be returned from the package repository. The PackageTypeFilter value can be:</maml:para>
          <maml:para>     -- bundle</maml:para>
          <maml:para>     -- framework</maml:para>
          <maml:para>     -- main</maml:para>
          <maml:para>     -- resource</maml:para>
          <maml:para>     -- none</maml:para>
          <maml:para>

By default, Get-AppxPackage only returns packages of type: Main and Framework.</maml:para>
        </maml:description>
        <command:parameterValue required="true" variableLength="false">PackageTypes</command:parameterValue>
        <dev:type>
          <maml:name>PackageTypes</maml:name>
          <maml:uri />
        </dev:type>
        <dev:defaultValue>
        </dev:defaultValue>
      </command:parameter>
      <command:parameter required="false" variableLength="false" globbing="false" pipelineInput="true (ByValue)" position="2" aliases="">
        <maml:name>Publisher</maml:name>
        <maml:description>
          <maml:para>Specifies the publisher of a particular package. If you use this parameter, the cmdlets will return only results for this publisher. Wildcards are permitted.</maml:para>
        </maml:description>
        <command:parameterValue required="true" variableLength="false">String</command:parameterValue>
        <dev:type>
          <maml:name>String</maml:name>
          <maml:uri />
        </dev:type>
        <dev:defaultValue>
        </dev:defaultValue>
      </command:parameter>
      <command:parameter required="false" variableLength="false" globbing="false" pipelineInput="true (ByValue)" position="named" aliases="">
        <maml:name>User</maml:name>
        <maml:description>
          <maml:para>Specifies a user name. If you use this parameter, the cmdlets will return only a list of app packages (.appx) that are installed for the specified user. To get the list of packages for a user profile other than the profile for the current user, you must run this command by using administrator permissions. The user name can be in one of these formats: </maml:para>
          <maml:para>     -- domain\user_name</maml:para>
          <maml:para>     -- user_name@fqn.domain.tld</maml:para>
          <maml:para>     -- user_name</maml:para>
          <maml:para>     -- SID-string</maml:para>
        </maml:description>
        <command:parameterValue required="true" variableLength="false">String</command:parameterValue>
        <dev:type>
          <maml:name>String</maml:name>
          <maml:uri />
        </dev:type>
        <dev:defaultValue>
        </dev:defaultValue>
      </command:parameter>
    </command:parameters>
    <command:inputTypes>
      <command:inputType>
        <dev:type>
          <maml:name>System.String[]</maml:name>
          <maml:uri>
          </maml:uri>
          <maml:description>
            <maml:para />
          </maml:description>
        </dev:type>
        <maml:description>
        </maml:description>
      </command:inputType>
    </command:inputTypes>
    <command:returnValues>
      <command:returnValue>
        <dev:type>
          <maml:name>Microsoft.Windows.Appx.PackageManager.Commands.AppxPackage</maml:name>
          <maml:uri>
          </maml:uri>
          <maml:description>
            <maml:para />
          </maml:description>
        </dev:type>
        <maml:description>
          <maml:para>An AppxPackage object that contain information, including the full name of the app package.</maml:para>
        </maml:description>
      </command:returnValue>
    </command:returnValues>
    <command:terminatingErrors />
    <command:nonTerminatingErrors />
    <command:examples>
      <command:example>
        <maml:title>Example 1</maml:title>
        <maml:introduction>
          <maml:para>
          </maml:para>
        </maml:introduction>
        <dev:code>PS C:\&gt;Get-AppxPackage -AllUsers
</dev:code>
        <dev:remarks>
          <maml:para>This command lists the app packages (.appx) that are installed for every user account on the computer.</maml:para>
        </dev:remarks>
        <command:commandLines>
          <command:commandLine>
            <command:commandText />
          </command:commandLine>
        </command:commandLines>
      </command:example>
      <command:example>
        <maml:title>Example 2</maml:title>
        <maml:introduction>
          <maml:para>
          </maml:para>
        </maml:introduction>
        <dev:code>PS C:\&gt;Get-AppxPackage -Name Package1 –User domain\username
</dev:code>
        <dev:remarks>
          <maml:para>This command displays information about Package1 if it's installed in the specified user profile.</maml:para>
        </dev:remarks>
        <command:commandLines>
          <command:commandLine>
            <command:commandText />
          </command:commandLine>
        </command:commandLines>
      </command:example>
    </command:examples>
    <maml:relatedLinks>
      <maml:navigationLink>
        <maml:linkText>Online Version:</maml:linkText>
        <maml:uri>http://go.microsoft.com/fwlink/?LinkId=288121</maml:uri>
      </maml:navigationLink>
      <maml:navigationLink>
        <maml:linkText>Package Manager API</maml:linkText>
        <maml:uri>
        </maml:uri>
      </maml:navigationLink>
      <maml:navigationLink>
        <maml:linkText>How to Add and Remove Apps</maml:linkText>
        <maml:uri>
        </maml:uri>
      </maml:navigationLink>
      <maml:navigationLink>
        <maml:linkText>Add-AppxPackage</maml:linkText>
        <maml:uri />
      </maml:navigationLink>
      <maml:navigationLink>
        <maml:linkText>Get-AppxPackageManifest</maml:linkText>
        <maml:uri />
      </maml:navigationLink>
      <maml:navigationLink>
        <maml:linkText>Remove-AppxPackage</maml:linkText>
        <maml:uri />
      </maml:navigationLink>
      <maml:navigationLink>
        <maml:linkText>Get-AppxLog</maml:linkText>
        <maml:uri />
      </maml:navigationLink>
      <maml:navigationLink>
        <maml:linkText>Get-AppxLastError</maml:linkText>
        <maml:uri />
      </maml:navigationLink>
    </maml:relatedLinks>
  </command:command>
  <command:command xmlns:maml="http://schemas.microsoft.com/maml/2004/10" xmlns:command="http://schemas.microsoft.com/maml/dev/command/2004/10" xmlns:dev="http://schemas.microsoft.com/maml/dev/2004/10" xmlns:MSHelp="http://msdn.microsoft.com/mshelp">
    <command:details>
      <command:name>Get-AppxPackageManifest</command:name>
      <maml:description>
        <maml:para>Gets the manifest of an app package (.appx).</maml:para>
      </maml:description>
      <maml:copyright>
        <maml:para />
      </maml:copyright>
      <command:verb>Get</command:verb>
      <command:noun>AppxPackageManifest</command:noun>
      <dev:version />
    </command:details>
    <maml:description>
      <maml:para>The Get-AppxPackageManifest cmdlet gets the manifest of an app package (.appx). The manifest is a .xml document that contains information about the package, like the package ID.</maml:para>
    </maml:description>
    <command:syntax>
      <command:syntaxItem>
        <maml:name>Get-AppxPackageManifest</maml:name>
        <command:parameter required="true" variableLength="false" globbing="false" pipelineInput="true (ByValue)" position="1" aliases="">
          <maml:name>Package</maml:name>
          <maml:description>
            <maml:para>Specifies an AppxPackage object or the full name of a package. To get the manifest of a package on the computer that isn't installed for the current user, you must run this command by using administrator permissions. Wildcards are permitted.</maml:para>
          </maml:description>
          <command:parameterValue required="true" variableLength="false">String</command:parameterValue>
        </command:parameter>
        <command:parameter required="false" variableLength="false" globbing="false" pipelineInput="true (ByValue)" position="2" aliases="">
          <maml:name>User</maml:name>
          <maml:description>
            <maml:para>that are installed for the specified user. To get the list of packages for a user profile other than the profile for the current user, you must run this command by using administrator permissions. The user name can be in one of these formats: </maml:para>
            <maml:para>     -- domain\user_name</maml:para>
            <maml:para>     -- user_name@fqn.domain.tld</maml:para>
            <maml:para>     -- user_name</maml:para>
            <maml:para>     -- SID-string</maml:para>
          </maml:description>
          <command:parameterValue required="true" variableLength="false">String</command:parameterValue>
        </command:parameter>
      </command:syntaxItem>
    </command:syntax>
    <command:parameters>
      <command:parameter required="true" variableLength="false" globbing="false" pipelineInput="true (ByValue)" position="1" aliases="">
        <maml:name>Package</maml:name>
        <maml:description>
          <maml:para>Specifies an AppxPackage object or the full name of a package. To get the manifest of a package on the computer that isn't installed for the current user, you must run this command by using administrator permissions. Wildcards are permitted.</maml:para>
        </maml:description>
        <command:parameterValue required="true" variableLength="false">String</command:parameterValue>
        <dev:type>
          <maml:name>String</maml:name>
          <maml:uri />
        </dev:type>
        <dev:defaultValue>
        </dev:defaultValue>
      </command:parameter>
      <command:parameter required="false" variableLength="false" globbing="false" pipelineInput="true (ByValue)" position="2" aliases="">
        <maml:name>User</maml:name>
        <maml:description>
          <maml:para>that are installed for the specified user. To get the list of packages for a user profile other than the profile for the current user, you must run this command by using administrator permissions. The user name can be in one of these formats: </maml:para>
          <maml:para>     -- domain\user_name</maml:para>
          <maml:para>     -- user_name@fqn.domain.tld</maml:para>
          <maml:para>     -- user_name</maml:para>
          <maml:para>     -- SID-string</maml:para>
        </maml:description>
        <command:parameterValue required="true" variableLength="false">String</command:parameterValue>
        <dev:type>
          <maml:name>String</maml:name>
          <maml:uri />
        </dev:type>
        <dev:defaultValue>
        </dev:defaultValue>
      </command:parameter>
    </command:parameters>
    <command:inputTypes>
      <command:inputType>
        <dev:type>
          <maml:name>Microsoft.Windows.Appx.PackageManager.Commands.AppxPackage[]</maml:name>
          <maml:uri>
          </maml:uri>
          <maml:description>
            <maml:para />
          </maml:description>
        </dev:type>
        <maml:description>
          <maml:para>An array of AppxPackage objects that contain information, including the full name of the app package (.appx).</maml:para>
        </maml:description>
      </command:inputType>
    </command:inputTypes>
    <command:returnValues>
      <command:returnValue>
        <dev:type>
          <maml:name>System.XML.XMLDocument</maml:name>
          <maml:uri>
          </maml:uri>
          <maml:description>
            <maml:para />
          </maml:description>
        </dev:type>
        <maml:description>
          <maml:para>A read-only .xml document that contains information about the app package (.appx), like the package ID.</maml:para>
        </maml:description>
      </command:returnValue>
    </command:returnValues>
    <command:terminatingErrors />
    <command:nonTerminatingErrors />
    <command:examples>
      <command:example>
        <maml:title>Example 1</maml:title>
        <maml:introduction>
          <maml:para>
          </maml:para>
        </maml:introduction>
        <dev:code>PS C:\&gt;Get-AppxPackageManifest -Package package1_1.0.0.0_neutral__8wekyb3d8bbwe
</dev:code>
        <dev:remarks>
          <maml:para>This command gets the manifest for an app package that's named package1_1.0.0.0_neutral__8wekyb3d8bbwe.</maml:para>
        </dev:remarks>
        <command:commandLines>
          <command:commandLine>
            <command:commandText />
          </command:commandLine>
        </command:commandLines>
      </command:example>
      <command:example>
        <maml:title>Example 2</maml:title>
        <maml:introduction>
          <maml:para>
          </maml:para>
        </maml:introduction>
        <dev:code>PS C:\&gt;(Get-AppxPackage -Name "*WinJS*" | Get-AppxPackageManifest).package.applications.application.id
</dev:code>
        <dev:remarks>
          <maml:para>This command gets the application ID for an app package (.appx) that has "WinJS" in the name.</maml:para>
        </dev:remarks>
        <command:commandLines>
          <command:commandLine>
            <command:commandText />
          </command:commandLine>
        </command:commandLines>
      </command:example>
      <command:example>
        <maml:title>Example 3</maml:title>
        <maml:introduction>
          <maml:para>
          </maml:para>
        </maml:introduction>
        <dev:code>PS C:\&gt;(Get-AppxPackage -Name "*ZuneMusic*" | Get-AppxPackageManifest).Package.Capabilities
</dev:code>
        <dev:remarks>
          <maml:para>This command gets the capabilities for an app package (.appx) that has "ZuneMusic" in the name.</maml:para>
        </dev:remarks>
        <command:commandLines>
          <command:commandLine>
            <command:commandText />
          </command:commandLine>
        </command:commandLines>
      </command:example>
    </command:examples>
    <maml:relatedLinks>
      <maml:navigationLink>
        <maml:linkText>Online Version:</maml:linkText>
        <maml:uri>http://go.microsoft.com/fwlink/?LinkId=288125</maml:uri>
      </maml:navigationLink>
      <maml:navigationLink>
        <maml:linkText>Package Manager API</maml:linkText>
        <maml:uri>
        </maml:uri>
      </maml:navigationLink>
      <maml:navigationLink>
        <maml:linkText>How to Add and Remove Apps</maml:linkText>
        <maml:uri>
        </maml:uri>
      </maml:navigationLink>
      <maml:navigationLink>
        <maml:linkText>Get-AppxPackage</maml:linkText>
        <maml:uri />
      </maml:navigationLink>
      <maml:navigationLink>
        <maml:linkText>Add-AppxPackage</maml:linkText>
        <maml:uri />
      </maml:navigationLink>
      <maml:navigationLink>
        <maml:linkText>Remove-AppxPackage</maml:linkText>
        <maml:uri />
      </maml:navigationLink>
      <maml:navigationLink>
        <maml:linkText>Get-AppxLog</maml:linkText>
        <maml:uri />
      </maml:navigationLink>
      <maml:navigationLink>
        <maml:linkText>Get-AppxLastError</maml:linkText>
        <maml:uri />
      </maml:navigationLink>
    </maml:relatedLinks>
  </command:command>
  <command:command xmlns:maml="http://schemas.microsoft.com/maml/2004/10" xmlns:command="http://schemas.microsoft.com/maml/dev/command/2004/10" xmlns:dev="http://schemas.microsoft.com/maml/dev/2004/10" xmlns:MSHelp="http://msdn.microsoft.com/mshelp">
    <command:details>
      <command:name>Remove-AppxPackage</command:name>
      <maml:description>
        <maml:para>Removes an app package (.appx) from a user account.</maml:para>
      </maml:description>
      <maml:copyright>
        <maml:para />
      </maml:copyright>
      <command:verb>Remove</command:verb>
      <command:noun>AppxPackage</command:noun>
      <dev:version />
    </command:details>
    <maml:description>
      <maml:para>The Remove-AppxPackage cmdlet removes an app package (.appx) from a user account.</maml:para>
    </maml:description>
    <command:syntax>
      <command:syntaxItem>
        <maml:name>Remove-AppxPackage</maml:name>
        <command:parameter required="true" variableLength="false" globbing="false" pipelineInput="true (ByValue)" position="1" aliases="">
          <maml:name>Package</maml:name>
          <maml:description>
            <maml:para>Specifies an AppxPackage object or the full name of a package.</maml:para>
          </maml:description>
          <command:parameterValue required="true" variableLength="false">String</command:parameterValue>
        </command:parameter>
        <command:parameter required="false" variableLength="false" globbing="false" pipelineInput="false" position="named" aliases="">
          <maml:name>PreserveApplicationData</maml:name>
          <maml:description>
            <maml:para>Specifies whether the application data should be preserved during the package removal. The application data will then be available for later use.</maml:para>
          </maml:description>
        </command:parameter>
        <command:parameter required="false" variableLength="true" globbing="false" pipelineInput="false" position="named">
          <maml:name>Confirm</maml:name>
          <maml:description>
            <maml:para>Prompts you for confirmation before running the cmdlet.</maml:para>
          </maml:description>
        </command:parameter>
        <command:parameter required="false" variableLength="true" globbing="false" pipelineInput="false" position="named">
          <maml:name>WhatIf</maml:name>
          <maml:description>
            <maml:para>Shows what would happen if the cmdlet runs. The cmdlet is not run.</maml:para>
          </maml:description>
        </command:parameter>
      </command:syntaxItem>
    </command:syntax>
    <command:parameters>
      <command:parameter required="true" variableLength="false" globbing="false" pipelineInput="true (ByValue)" position="1" aliases="">
        <maml:name>Package</maml:name>
        <maml:description>
          <maml:para>Specifies an AppxPackage object or the full name of a package.</maml:para>
        </maml:description>
        <command:parameterValue required="true" variableLength="false">String</command:parameterValue>
        <dev:type>
          <maml:name>String</maml:name>
          <maml:uri />
        </dev:type>
        <dev:defaultValue>
        </dev:defaultValue>
      </command:parameter>
      <command:parameter required="false" variableLength="false" globbing="false" pipelineInput="false" position="named" aliases="">
        <maml:name>PreserveApplicationData</maml:name>
        <maml:description>
          <maml:para>Specifies whether the application data should be preserved during the package removal. The application data will then be available for later use.</maml:para>
        </maml:description>
        <command:parameterValue required="false" variableLength="false">SwitchParameter</command:parameterValue>
        <dev:type>
          <maml:name>SwitchParameter</maml:name>
          <maml:uri />
        </dev:type>
        <dev:defaultValue>
        </dev:defaultValue>
      </command:parameter>
      <command:parameter required="false" variableLength="true" globbing="false" pipelineInput="false" position="named">
        <maml:name>Confirm</maml:name>
        <maml:description>
          <maml:para>Prompts you for confirmation before running the cmdlet.</maml:para>
        </maml:description>
        <command:parameterValue required="false" variableLength="false">SwitchParameter</command:parameterValue>
        <dev:type>
          <maml:name>SwitchParameter</maml:name>
          <maml:uri />
        </dev:type>
        <dev:defaultValue>false</dev:defaultValue>
      </command:parameter>
      <command:parameter required="false" variableLength="true" globbing="false" pipelineInput="false" position="named">
        <maml:name>WhatIf</maml:name>
        <maml:description>
          <maml:para>Shows what would happen if the cmdlet runs. The cmdlet is not run.</maml:para>
        </maml:description>
        <command:parameterValue required="false" variableLength="false">SwitchParameter</command:parameterValue>
        <dev:type>
          <maml:name>SwitchParameter</maml:name>
          <maml:uri />
        </dev:type>
        <dev:defaultValue>false</dev:defaultValue>
      </command:parameter>
    </command:parameters>
    <command:inputTypes>
      <command:inputType>
        <dev:type>
          <maml:name>System.String[]</maml:name>
          <maml:uri>
          </maml:uri>
          <maml:description>
            <maml:para />
          </maml:description>
        </dev:type>
        <maml:description>
        </maml:description>
      </command:inputType>
      <command:inputType>
        <dev:type>
          <maml:name>Microsoft.Windows.Appx.PackageManager.Commands.AppxPackage</maml:name>
          <maml:uri>
          </maml:uri>
          <maml:description>
            <maml:para />
          </maml:description>
        </dev:type>
        <maml:description>
          <maml:para>An AppxPackage object that contain information, including the full name of the app package.</maml:para>
        </maml:description>
      </command:inputType>
    </command:inputTypes>
    <command:returnValues>
      <command:returnValue>
        <dev:type>
          <maml:name>None</maml:name>
          <maml:uri>
          </maml:uri>
          <maml:description>
            <maml:para />
          </maml:description>
        </dev:type>
        <maml:description>
        </maml:description>
      </command:returnValue>
    </command:returnValues>
    <command:terminatingErrors />
    <command:nonTerminatingErrors />
    <command:examples>
      <command:example>
        <maml:title>Example 1</maml:title>
        <maml:introduction>
          <maml:para>
          </maml:para>
        </maml:introduction>
        <dev:code>PS C:\&gt;Remove-AppxPackage package1_1.0.0.0_neutral__8wekyb3d8bbwe
</dev:code>
        <dev:remarks>
          <maml:para>This command removes an app package named package1_1.0.0.0_neutral__8wekyb3d8bbwe from the account of the currently logged-on user.</maml:para>
        </dev:remarks>
        <command:commandLines>
          <command:commandLine>
            <command:commandText />
          </command:commandLine>
        </command:commandLines>
      </command:example>
    </command:examples>
    <maml:relatedLinks>
      <maml:navigationLink>
        <maml:linkText>Online Version:</maml:linkText>
        <maml:uri>http://go.microsoft.com/fwlink/?LinkId=288127</maml:uri>
      </maml:navigationLink>
      <maml:navigationLink>
        <maml:linkText>Package Manager API</maml:linkText>
        <maml:uri>
        </maml:uri>
      </maml:navigationLink>
      <maml:navigationLink>
        <maml:linkText>How to Add and Remove Apps</maml:linkText>
        <maml:uri>
        </maml:uri>
      </maml:navigationLink>
      <maml:navigationLink>
        <maml:linkText>Get-AppxPackage</maml:linkText>
        <maml:uri />
      </maml:navigationLink>
      <maml:navigationLink>
        <maml:linkText>Get-AppxPackageManifest</maml:linkText>
        <maml:uri />
      </maml:navigationLink>
      <maml:navigationLink>
        <maml:linkText>Add-AppxPackage</maml:linkText>
        <maml:uri />
      </maml:navigationLink>
      <maml:navigationLink>
        <maml:linkText>Get-AppxLog</maml:linkText>
        <maml:uri />
      </maml:navigationLink>
      <maml:navigationLink>
        <maml:linkText>Get-AppxLastError</maml:linkText>
        <maml:uri />
      </maml:navigationLink>
    </maml:relatedLinks>
  </command:command>
</helpItems>