﻿<?xml version = "1.0" encoding = "utf-8" ?>

<helpItems schema="maml">

<command:command xmlns:maml="http://schemas.microsoft.com/maml/2004/10" xmlns:command="http://schemas.microsoft.com/maml/dev/command/2004/10" xmlns:dev="http://schemas.microsoft.com/maml/dev/2004/10" xmlns:MSHelp="http://msdn.microsoft.com/mshelp"><command:details><command:name>Get-UalDailyDeviceAccess</command:name><maml:description><maml:para>Gets UAL records of client requests per device for each day. </maml:para></maml:description><maml:copyright><maml:para /></maml:copyright><command:verb>Get</command:verb><command:noun>UalDailyDeviceAccess</command:noun><dev:version /></command:details><maml:description><maml:para>The Get-UalDailyDeviceAccess cmdlet gets User Access Logging (UAL) records for client requests by device for services on a server. Use the CimSession parameter to run the cmdlet on a remote server.</maml:para><maml:para>This cmdlet organizes information by device for each day. For each device that accesses a service, the cmdlet returns a record that specifies the IP address of the device, the server role that the client requested, and the name of the server product. The record also includes the date that the user accessed the service and how many times the user accessed the service during that day.</maml:para><maml:para>You can specify parameter values to narrow the records that this cmdlet returns. For instance, you can get records for only a specified IP address or role.</maml:para><maml:para>For more information about UAL, see the <maml:navigationLink><maml:linkText>User Access Logging Overview</maml:linkText><maml:uri></maml:uri></maml:navigationLink> topic in the TechNet library at http://technet.microsoft.com/library/hh849634.aspx.</maml:para></maml:description><command:syntax><command:syntaxItem><maml:name>Get-UalDailyDeviceAccess</maml:name><command:parameter required="false" variableLength="true" globbing="false" pipelineInput="true (ByPropertyName)" position="named" aliases=""><maml:name>AccessCount</maml:name><maml:description><maml:para>Specifies an array of the number of access requests by a client during a single day.</maml:para></maml:description><command:parameterValue required="true" variableLength="true">UInt32[]</command:parameterValue></command:parameter><command:parameter required="false" variableLength="true" globbing="false" pipelineInput="true (ByPropertyName)" position="named" aliases=""><maml:name>AccessDate</maml:name><maml:description><maml:para>Specifies an array of dates, as DateTime objects. A client can make one or more access requests per date.</maml:para></maml:description><command:parameterValue required="true" variableLength="true">DateTime[]</command:parameterValue></command:parameter><command:parameter required="false" variableLength="false" globbing="false" pipelineInput="false" position="named" aliases=""><maml:name>AsJob</maml:name><maml:description><maml:para>Runs the cmdlet as a background job. Use this parameter to run commands that take a long time to complete. 
 The cmdlet immediately returns an object that represents the job and then displays the command prompt. You can continue to work in the session while the job completes. To manage the job, use the *-Job cmdlets. To get the job results, use the <maml:navigationLink><maml:linkText>Receive-Job</maml:linkText><maml:uri></maml:uri></maml:navigationLink> cmdlet. 
 For more information about Windows PowerShell® background jobs, see <maml:navigationLink><maml:linkText>about_Jobs</maml:linkText><maml:uri></maml:uri></maml:navigationLink>.</maml:para></maml:description></command:parameter><command:parameter required="false" variableLength="true" globbing="false" pipelineInput="false" position="named" aliases=""><maml:name>CimSession</maml:name><maml:description><maml:para>Runs the cmdlet in a remote session or on a remote computer. Enter a computer name or a session object, such as the output of a <maml:navigationLink><maml:linkText>New-CimSession</maml:linkText><maml:uri></maml:uri></maml:navigationLink> or <maml:navigationLink><maml:linkText>Get-CimSession</maml:linkText><maml:uri></maml:uri></maml:navigationLink> cmdlet. The default is the current session on the local computer.</maml:para></maml:description><command:parameterValue required="true" variableLength="true">CimSession[]</command:parameterValue></command:parameter><command:parameter required="false" variableLength="true" globbing="true" pipelineInput="true (ByPropertyName)" position="named" aliases=""><maml:name>IPAddress</maml:name><maml:description><maml:para>Specifies an array of IP addresses for clients that request a service. </maml:para></maml:description><command:parameterValue required="true" variableLength="true">String[]</command:parameterValue></command:parameter><command:parameter required="false" variableLength="true" globbing="true" pipelineInput="true (ByPropertyName)" position="named" aliases=""><maml:name>ProductName</maml:name><maml:description><maml:para>Specifies the name of a product. The installed role or specific product in the request is a component of this product.</maml:para></maml:description><command:parameterValue required="true" variableLength="true">String[]</command:parameterValue></command:parameter><command:parameter required="false" variableLength="true" globbing="true" pipelineInput="true (ByPropertyName)" position="named" aliases=""><maml:name>RoleGuid</maml:name><maml:description><maml:para>Specifies an array of GUIDs for roles that clients access. </maml:para></maml:description><command:parameterValue required="true" variableLength="true">String[]</command:parameterValue></command:parameter><command:parameter required="false" variableLength="true" globbing="true" pipelineInput="true (ByPropertyName)" position="named" aliases=""><maml:name>RoleName</maml:name><maml:description><maml:para>Specifies an array of names for roles that clients access. </maml:para></maml:description><command:parameterValue required="true" variableLength="true">String[]</command:parameterValue></command:parameter><command:parameter required="false" variableLength="false" globbing="false" pipelineInput="false" position="named" aliases=""><maml:name>ThrottleLimit</maml:name><maml:description><maml:para>Specifies the maximum number of concurrent operations that can be established to run the cmdlet. If this parameter is omitted or a value of 0 is entered, then Windows PowerShell® calculates an optimum throttle limit for the cmdlet based on the number of CIM cmdlets that are running on the computer. The throttle limit applies only to the current cmdlet, not to the session or to the computer.</maml:para></maml:description><command:parameterValue required="true" variableLength="false">Int32</command:parameterValue></command:parameter></command:syntaxItem></command:syntax><command:parameters><command:parameter required="false" variableLength="true" globbing="false" pipelineInput="true (ByPropertyName)" position="named" aliases=""><maml:name>AccessCount</maml:name><maml:description><maml:para>Specifies an array of the number of access requests by a client during a single day.</maml:para></maml:description><command:parameterValue required="true" variableLength="true">UInt32[]</command:parameterValue><dev:type><maml:name>UInt32[]</maml:name><maml:uri /></dev:type><dev:defaultValue></dev:defaultValue></command:parameter><command:parameter required="false" variableLength="true" globbing="false" pipelineInput="true (ByPropertyName)" position="named" aliases=""><maml:name>AccessDate</maml:name><maml:description><maml:para>Specifies an array of dates, as DateTime objects. A client can make one or more access requests per date.</maml:para></maml:description><command:parameterValue required="true" variableLength="true">DateTime[]</command:parameterValue><dev:type><maml:name>DateTime[]</maml:name><maml:uri /></dev:type><dev:defaultValue></dev:defaultValue></command:parameter><command:parameter required="false" variableLength="false" globbing="false" pipelineInput="false" position="named" aliases=""><maml:name>AsJob</maml:name><maml:description><maml:para>Runs the cmdlet as a background job. Use this parameter to run commands that take a long time to complete. 
 The cmdlet immediately returns an object that represents the job and then displays the command prompt. You can continue to work in the session while the job completes. To manage the job, use the *-Job cmdlets. To get the job results, use the <maml:navigationLink><maml:linkText>Receive-Job</maml:linkText><maml:uri></maml:uri></maml:navigationLink> cmdlet. 
 For more information about Windows PowerShell® background jobs, see <maml:navigationLink><maml:linkText>about_Jobs</maml:linkText><maml:uri></maml:uri></maml:navigationLink>.</maml:para></maml:description><command:parameterValue required="false" variableLength="false">SwitchParameter</command:parameterValue><dev:type><maml:name>SwitchParameter</maml:name><maml:uri /></dev:type><dev:defaultValue></dev:defaultValue></command:parameter><command:parameter required="false" variableLength="true" globbing="false" pipelineInput="false" position="named" aliases=""><maml:name>CimSession</maml:name><maml:description><maml:para>Runs the cmdlet in a remote session or on a remote computer. Enter a computer name or a session object, such as the output of a <maml:navigationLink><maml:linkText>New-CimSession</maml:linkText><maml:uri></maml:uri></maml:navigationLink> or <maml:navigationLink><maml:linkText>Get-CimSession</maml:linkText><maml:uri></maml:uri></maml:navigationLink> cmdlet. The default is the current session on the local computer.</maml:para></maml:description><command:parameterValue required="true" variableLength="true">CimSession[]</command:parameterValue><dev:type><maml:name>CimSession[]</maml:name><maml:uri /></dev:type><dev:defaultValue></dev:defaultValue></command:parameter><command:parameter required="false" variableLength="true" globbing="true" pipelineInput="true (ByPropertyName)" position="named" aliases=""><maml:name>IPAddress</maml:name><maml:description><maml:para>Specifies an array of IP addresses for clients that request a service. </maml:para></maml:description><command:parameterValue required="true" variableLength="true">String[]</command:parameterValue><dev:type><maml:name>String[]</maml:name><maml:uri /></dev:type><dev:defaultValue></dev:defaultValue></command:parameter><command:parameter required="false" variableLength="true" globbing="true" pipelineInput="true (ByPropertyName)" position="named" aliases=""><maml:name>ProductName</maml:name><maml:description><maml:para>Specifies the name of a product. The installed role or specific product in the request is a component of this product.</maml:para></maml:description><command:parameterValue required="true" variableLength="true">String[]</command:parameterValue><dev:type><maml:name>String[]</maml:name><maml:uri /></dev:type><dev:defaultValue></dev:defaultValue></command:parameter><command:parameter required="false" variableLength="true" globbing="true" pipelineInput="true (ByPropertyName)" position="named" aliases=""><maml:name>RoleGuid</maml:name><maml:description><maml:para>Specifies an array of GUIDs for roles that clients access. </maml:para></maml:description><command:parameterValue required="true" variableLength="true">String[]</command:parameterValue><dev:type><maml:name>String[]</maml:name><maml:uri /></dev:type><dev:defaultValue></dev:defaultValue></command:parameter><command:parameter required="false" variableLength="true" globbing="true" pipelineInput="true (ByPropertyName)" position="named" aliases=""><maml:name>RoleName</maml:name><maml:description><maml:para>Specifies an array of names for roles that clients access. </maml:para></maml:description><command:parameterValue required="true" variableLength="true">String[]</command:parameterValue><dev:type><maml:name>String[]</maml:name><maml:uri /></dev:type><dev:defaultValue></dev:defaultValue></command:parameter><command:parameter required="false" variableLength="false" globbing="false" pipelineInput="false" position="named" aliases=""><maml:name>ThrottleLimit</maml:name><maml:description><maml:para>Specifies the maximum number of concurrent operations that can be established to run the cmdlet. If this parameter is omitted or a value of 0 is entered, then Windows PowerShell® calculates an optimum throttle limit for the cmdlet based on the number of CIM cmdlets that are running on the computer. The throttle limit applies only to the current cmdlet, not to the session or to the computer.</maml:para></maml:description><command:parameterValue required="true" variableLength="false">Int32</command:parameterValue><dev:type><maml:name>Int32</maml:name><maml:uri /></dev:type><dev:defaultValue></dev:defaultValue></command:parameter></command:parameters><command:inputTypes><command:inputType><dev:type><maml:name></maml:name><maml:uri></maml:uri><maml:description><maml:para /></maml:description></dev:type><maml:description></maml:description></command:inputType></command:inputTypes><command:returnValues><command:returnValue><dev:type><maml:name></maml:name><maml:uri></maml:uri><maml:description><maml:para /></maml:description></dev:type><maml:description></maml:description></command:returnValue></command:returnValues><command:terminatingErrors /><command:nonTerminatingErrors /><command:examples><command:example><maml:title>Example 1: Get daily access information for a specific device</maml:title><maml:introduction><maml:para></maml:para></maml:introduction><dev:code>PS C:\&gt;Get-UalDailyDeviceAccess -IPAddress "10.17.44.6"
AccessCount    : 34

AccessDate     : 8/25/2012

IPAddress      : 10.17.44.6

ProductName    : Windows Server 2012 Datacenter

RoleGuid       : 10a9226f-50ee-49d8-a393-9a501d47ce04

RoleName       : File Server

PSComputerName : 


AccessCount    : 11

AccessDate     : 9/2/2012

IPAddress      : 10.17.44.6

ProductName    : Windows Server 2012 Datacenter

RoleGuid       : 10a9226f-50ee-49d8-a393-9a501d47ce04

RoleName       : File Server

PSComputerName :
</dev:code><dev:remarks><maml:para>This command gets the UAL records for a client with the specified IP address. The results show access requests on sample dates  8/25/2012 and 9/2/2012.</maml:para></dev:remarks><command:commandLines><command:commandLine><command:commandText /></command:commandLine></command:commandLines></command:example></command:examples><maml:relatedLinks><maml:navigationLink><maml:linkText>Online Version:</maml:linkText><maml:uri>http://go.microsoft.com/fwlink/p/?linkid=287590</maml:uri></maml:navigationLink><maml:navigationLink><maml:linkText>Get-UalDailyAccess</maml:linkText><maml:uri /></maml:navigationLink><maml:navigationLink><maml:linkText>Get-UalDailyUserAccess</maml:linkText><maml:uri /></maml:navigationLink><maml:navigationLink><maml:linkText>Get-UalDeviceAccess</maml:linkText><maml:uri /></maml:navigationLink><maml:navigationLink><maml:linkText>Get-UalUserAccess</maml:linkText><maml:uri /></maml:navigationLink></maml:relatedLinks></command:command>

</helpItems>

