﻿<?xml version = "1.0" encoding = "utf-8" ?>

<helpItems schema="maml">

<command:command xmlns:maml="http://schemas.microsoft.com/maml/2004/10" xmlns:command="http://schemas.microsoft.com/maml/dev/command/2004/10" xmlns:dev="http://schemas.microsoft.com/maml/dev/2004/10" xmlns:MSHelp="http://msdn.microsoft.com/mshelp"><command:details><command:name>Get-UalSystemId</command:name><maml:description><maml:para>Gets information that can uniquely identify a server. </maml:para></maml:description><maml:copyright><maml:para /></maml:copyright><command:verb>Get</command:verb><command:noun>UalSystemId</command:noun><dev:version /></command:details><maml:description><maml:para>The Get-UalSystemId cmdlet gets information that can uniquely identify a server. Use the CimSession parameter to run the cmdlet on a remote server. Otherwise, the cmdlet refers to the local server.</maml:para><maml:para>This cmdlet returns an MsftUal_SystemId object. You can specify one or more parameters, such as the CoresPerPhysicalProcessor parameter. If you do so, the cmdlet only returns an object if it matches the specified value. </maml:para></maml:description><command:syntax><command:syntaxItem><maml:name>Get-UalSystemId</maml:name><command:parameter required="false" variableLength="false" globbing="false" pipelineInput="false" position="named" aliases=""><maml:name>AsJob</maml:name><maml:description><maml:para>Runs the cmdlet as a background job. Use this parameter to run commands that take a long time to complete. 
 The cmdlet immediately returns an object that represents the job and then displays the command prompt. You can continue to work in the session while the job completes. To manage the job, use the *-Job cmdlets. To get the job results, use the <maml:navigationLink><maml:linkText>Receive-Job</maml:linkText><maml:uri></maml:uri></maml:navigationLink> cmdlet. 
 For more information about Windows PowerShell® background jobs, see <maml:navigationLink><maml:linkText>about_Jobs</maml:linkText><maml:uri></maml:uri></maml:navigationLink>.</maml:para></maml:description></command:parameter><command:parameter required="false" variableLength="true" globbing="false" pipelineInput="false" position="named" aliases=""><maml:name>CimSession</maml:name><maml:description><maml:para>Runs the cmdlet in a remote session or on a remote computer. Enter a computer name or a session object, such as the output of a <maml:navigationLink><maml:linkText>New-CimSession</maml:linkText><maml:uri></maml:uri></maml:navigationLink> or <maml:navigationLink><maml:linkText>Get-CimSession</maml:linkText><maml:uri></maml:uri></maml:navigationLink> cmdlet. The default is the current session on the local computer.</maml:para></maml:description><command:parameterValue required="true" variableLength="true">CimSession[]</command:parameterValue></command:parameter><command:parameter required="false" variableLength="true" globbing="false" pipelineInput="true (ByPropertyName)" position="named" aliases=""><maml:name>CoresPerPhysicalProcessor</maml:name><maml:description><maml:para>Specifies an array of values. Each value specifies the number of cores for the physical processor of the system.</maml:para></maml:description><command:parameterValue required="true" variableLength="true">UInt32[]</command:parameterValue></command:parameter><command:parameter required="false" variableLength="true" globbing="false" pipelineInput="true (ByPropertyName)" position="named" aliases=""><maml:name>CreationTime</maml:name><maml:description><maml:para>Specifies an array of DateTime objects. Each object is the date and time that the current operating system became operational with this set of system identity properties. If the properties of a system change, the operating system creates a new MsftUal_SystemId object.</maml:para></maml:description><command:parameterValue required="true" variableLength="true">DateTime[]</command:parameterValue></command:parameter><command:parameter required="false" variableLength="true" globbing="false" pipelineInput="true (ByPropertyName)" position="named" aliases=""><maml:name>LogicalProcessorsPerPhysicalProcessor</maml:name><maml:description><maml:para>Specifies an array of values. Each value specifies the number of logical processors for an instance of a Hyper-Thread capable physical processor in the system.</maml:para></maml:description><command:parameterValue required="true" variableLength="true">UInt32[]</command:parameterValue></command:parameter><command:parameter required="false" variableLength="true" globbing="false" pipelineInput="true (ByPropertyName)" position="named" aliases=""><maml:name>MaximumMemory</maml:name><maml:description><maml:para>Specifies an array of values. Each value represents the maximum memory size, in bytes, for the system. For a virtual machine, this value represents the memory size of the virtual machine as configured by the hypervisor. .</maml:para></maml:description><command:parameterValue required="true" variableLength="true">UInt64[]</command:parameterValue></command:parameter><command:parameter required="false" variableLength="true" globbing="false" pipelineInput="true (ByPropertyName)" position="named" aliases=""><maml:name>OSBuildNumber</maml:name><maml:description><maml:para>Specifies an array of values. Each value represents the build number for the operating system.</maml:para></maml:description><command:parameterValue required="true" variableLength="true">UInt32[]</command:parameterValue></command:parameter><command:parameter required="false" variableLength="true" globbing="true" pipelineInput="true (ByPropertyName)" position="named" aliases=""><maml:name>OSCountryCode</maml:name><maml:description><maml:para>Specifies an array of strings. Each value is a code for the country or region that an operating system uses, based on international phone prefixes.</maml:para></maml:description><command:parameterValue required="true" variableLength="true">String[]</command:parameterValue></command:parameter><command:parameter required="false" variableLength="true" globbing="false" pipelineInput="true (ByPropertyName)" position="named" aliases=""><maml:name>OSCurrentTimeZone</maml:name><maml:description><maml:para>Specifies an array of values. Each value represents an offset, in minutes, between the operating system time and Greenwich Mean Time (GMT). The value can be positive, negative, or zero.</maml:para></maml:description><command:parameterValue required="true" variableLength="true">Int16[]</command:parameterValue></command:parameter><command:parameter required="false" variableLength="true" globbing="false" pipelineInput="true (ByPropertyName)" position="named" aliases=""><maml:name>OSDaylightInEffect</maml:name><maml:description><maml:para>Specifies an array of Boolean values. If a value is $True, daylight saving time is in effect. </maml:para></maml:description><command:parameterValue required="true" variableLength="true">Boolean[]</command:parameterValue></command:parameter><command:parameter required="false" variableLength="true" globbing="false" pipelineInput="true (ByPropertyName)" position="named" aliases=""><maml:name>OSLastBootUpTime</maml:name><maml:description><maml:para>Specifies an array of DateTime objects. A value represents the last time the operating system was restarted.</maml:para></maml:description><command:parameterValue required="true" variableLength="true">DateTime[]</command:parameterValue></command:parameter><command:parameter required="false" variableLength="true" globbing="false" pipelineInput="true (ByPropertyName)" position="named" aliases=""><maml:name>OSMajor</maml:name><maml:description><maml:para>Specifies an array of values. Each value represents the major portion of the version number of an operating system.</maml:para></maml:description><command:parameterValue required="true" variableLength="true">UInt32[]</command:parameterValue></command:parameter><command:parameter required="false" variableLength="true" globbing="false" pipelineInput="true (ByPropertyName)" position="named" aliases=""><maml:name>OSMinor</maml:name><maml:description><maml:para>Specifies an array of values. Each value represents the minor portion of the version number of an operating system.</maml:para></maml:description><command:parameterValue required="true" variableLength="true">UInt32[]</command:parameterValue></command:parameter><command:parameter required="false" variableLength="true" globbing="false" pipelineInput="true (ByPropertyName)" position="named" aliases=""><maml:name>OSPlatformId</maml:name><maml:description><maml:para>Specifies an array of values. Each value represents an operating system platform. The acceptable values for this parameter are: 
-- 1. An unsupported Windows system.
-- 2. A supported Windows system.</maml:para></maml:description><command:parameterValue required="true" variableLength="true">UInt32[]</command:parameterValue></command:parameter><command:parameter required="false" variableLength="true" globbing="false" pipelineInput="true (ByPropertyName)" position="named" aliases=""><maml:name>OSProductType</maml:name><maml:description><maml:para>Specifies an array of values. Each value represents an operating system product type. The acceptable values for this parameter are: 
-- 1. Standard Edition of a server product. 
-- 2. Enterprise Edition of a server product.</maml:para></maml:description><command:parameterValue required="true" variableLength="true">UInt32[]</command:parameterValue></command:parameter><command:parameter required="false" variableLength="true" globbing="true" pipelineInput="true (ByPropertyName)" position="named" aliases=""><maml:name>OSSerialNumber</maml:name><maml:description><maml:para>Specifies an array of strings. Each string is an operating system product serial number.</maml:para></maml:description><command:parameterValue required="true" variableLength="true">String[]</command:parameterValue></command:parameter><command:parameter required="false" variableLength="true" globbing="false" pipelineInput="true (ByPropertyName)" position="named" aliases=""><maml:name>OSSuiteMask</maml:name><maml:description><maml:para>Specifies an array of values. Each value represents the suite mask for an system. A suite mask is a combination of bit flags that identify the product suites available on the system. </maml:para></maml:description><command:parameterValue required="true" variableLength="true">UInt32[]</command:parameterValue></command:parameter><command:parameter required="false" variableLength="true" globbing="false" pipelineInput="true (ByPropertyName)" position="named" aliases=""><maml:name>PhysicalProcessorCount</maml:name><maml:description><maml:para>Specifies an array of values. Each value represents the number of physical processors available on the local system. This number does not include the disabled processors.</maml:para></maml:description><command:parameterValue required="true" variableLength="true">UInt32[]</command:parameterValue></command:parameter><command:parameter required="false" variableLength="true" globbing="false" pipelineInput="true (ByPropertyName)" position="named" aliases=""><maml:name>ServicePackMajor</maml:name><maml:description><maml:para>Specifies an array of values. Each value represents the major portion of the version number of a service pack.</maml:para></maml:description><command:parameterValue required="true" variableLength="true">UInt32[]</command:parameterValue></command:parameter><command:parameter required="false" variableLength="true" globbing="false" pipelineInput="true (ByPropertyName)" position="named" aliases=""><maml:name>ServicePackMinor</maml:name><maml:description><maml:para>Specifies an array of values. Each value represents the minor portion of the version number of a service pack.</maml:para></maml:description><command:parameterValue required="true" variableLength="true">UInt32[]</command:parameterValue></command:parameter><command:parameter required="false" variableLength="true" globbing="true" pipelineInput="true (ByPropertyName)" position="named" aliases=""><maml:name>SystemDNSHostName</maml:name><maml:description><maml:para>Specifies an array of strings. Each string is a server name according to the Domain Name System (DNS) server.</maml:para></maml:description><command:parameterValue required="true" variableLength="true">String[]</command:parameterValue></command:parameter><command:parameter required="false" variableLength="true" globbing="false" pipelineInput="true (ByPropertyName)" position="named" aliases=""><maml:name>SystemDomainName</maml:name><maml:description><maml:para>Specifies an array of strings. Each sting is the name of the domain or workgroup that the server belongs to. </maml:para></maml:description><command:parameterValue required="true" variableLength="true">String[]</command:parameterValue></command:parameter><command:parameter required="false" variableLength="true" globbing="true" pipelineInput="true (ByPropertyName)" position="named" aliases=""><maml:name>SystemManufacturer</maml:name><maml:description><maml:para>Specifies an array of strings. Each string represents the name of the BIOS manufacturer.</maml:para></maml:description><command:parameterValue required="true" variableLength="true">String[]</command:parameterValue></command:parameter><command:parameter required="false" variableLength="true" globbing="true" pipelineInput="true (ByPropertyName)" position="named" aliases=""><maml:name>SystemProductName</maml:name><maml:description><maml:para>Specifies an array of strings. Each string represents the product name specified in the system BIOS.</maml:para></maml:description><command:parameterValue required="true" variableLength="true">String[]</command:parameterValue></command:parameter><command:parameter required="false" variableLength="true" globbing="true" pipelineInput="true (ByPropertyName)" position="named" aliases=""><maml:name>SystemSerialNumber</maml:name><maml:description><maml:para>Specifies an array of strings. Each string represents a unit identification for a server.</maml:para></maml:description><command:parameterValue required="true" variableLength="true">String[]</command:parameterValue></command:parameter><command:parameter required="false" variableLength="true" globbing="true" pipelineInput="true (ByPropertyName)" position="named" aliases=""><maml:name>SystemSMBIOSUUID</maml:name><maml:description><maml:para>Specifies an array of strings. Each string represents the universally unique identifier (UUID) for this server unit as reported by the SMBIOS.</maml:para></maml:description><command:parameterValue required="true" variableLength="true">String[]</command:parameterValue></command:parameter><command:parameter required="false" variableLength="false" globbing="false" pipelineInput="false" position="named" aliases=""><maml:name>ThrottleLimit</maml:name><maml:description><maml:para>Specifies the maximum number of concurrent operations that can be established to run the cmdlet. If this parameter is omitted or a value of 0 is entered, then Windows PowerShell® calculates an optimum throttle limit for the cmdlet based on the number of CIM cmdlets that are running on the computer. The throttle limit applies only to the current cmdlet, not to the session or to the computer.</maml:para></maml:description><command:parameterValue required="true" variableLength="false">Int32</command:parameterValue></command:parameter></command:syntaxItem></command:syntax><command:parameters><command:parameter required="false" variableLength="false" globbing="false" pipelineInput="false" position="named" aliases=""><maml:name>AsJob</maml:name><maml:description><maml:para>Runs the cmdlet as a background job. Use this parameter to run commands that take a long time to complete. 
 The cmdlet immediately returns an object that represents the job and then displays the command prompt. You can continue to work in the session while the job completes. To manage the job, use the *-Job cmdlets. To get the job results, use the <maml:navigationLink><maml:linkText>Receive-Job</maml:linkText><maml:uri></maml:uri></maml:navigationLink> cmdlet. 
 For more information about Windows PowerShell® background jobs, see <maml:navigationLink><maml:linkText>about_Jobs</maml:linkText><maml:uri></maml:uri></maml:navigationLink>.</maml:para></maml:description><command:parameterValue required="false" variableLength="false">SwitchParameter</command:parameterValue><dev:type><maml:name>SwitchParameter</maml:name><maml:uri /></dev:type><dev:defaultValue></dev:defaultValue></command:parameter><command:parameter required="false" variableLength="true" globbing="false" pipelineInput="false" position="named" aliases=""><maml:name>CimSession</maml:name><maml:description><maml:para>Runs the cmdlet in a remote session or on a remote computer. Enter a computer name or a session object, such as the output of a <maml:navigationLink><maml:linkText>New-CimSession</maml:linkText><maml:uri></maml:uri></maml:navigationLink> or <maml:navigationLink><maml:linkText>Get-CimSession</maml:linkText><maml:uri></maml:uri></maml:navigationLink> cmdlet. The default is the current session on the local computer.</maml:para></maml:description><command:parameterValue required="true" variableLength="true">CimSession[]</command:parameterValue><dev:type><maml:name>CimSession[]</maml:name><maml:uri /></dev:type><dev:defaultValue></dev:defaultValue></command:parameter><command:parameter required="false" variableLength="true" globbing="false" pipelineInput="true (ByPropertyName)" position="named" aliases=""><maml:name>CoresPerPhysicalProcessor</maml:name><maml:description><maml:para>Specifies an array of values. Each value specifies the number of cores for the physical processor of the system.</maml:para></maml:description><command:parameterValue required="true" variableLength="true">UInt32[]</command:parameterValue><dev:type><maml:name>UInt32[]</maml:name><maml:uri /></dev:type><dev:defaultValue></dev:defaultValue></command:parameter><command:parameter required="false" variableLength="true" globbing="false" pipelineInput="true (ByPropertyName)" position="named" aliases=""><maml:name>CreationTime</maml:name><maml:description><maml:para>Specifies an array of DateTime objects. Each object is the date and time that the current operating system became operational with this set of system identity properties. If the properties of a system change, the operating system creates a new MsftUal_SystemId object.</maml:para></maml:description><command:parameterValue required="true" variableLength="true">DateTime[]</command:parameterValue><dev:type><maml:name>DateTime[]</maml:name><maml:uri /></dev:type><dev:defaultValue></dev:defaultValue></command:parameter><command:parameter required="false" variableLength="true" globbing="false" pipelineInput="true (ByPropertyName)" position="named" aliases=""><maml:name>LogicalProcessorsPerPhysicalProcessor</maml:name><maml:description><maml:para>Specifies an array of values. Each value specifies the number of logical processors for an instance of a Hyper-Thread capable physical processor in the system.</maml:para></maml:description><command:parameterValue required="true" variableLength="true">UInt32[]</command:parameterValue><dev:type><maml:name>UInt32[]</maml:name><maml:uri /></dev:type><dev:defaultValue></dev:defaultValue></command:parameter><command:parameter required="false" variableLength="true" globbing="false" pipelineInput="true (ByPropertyName)" position="named" aliases=""><maml:name>MaximumMemory</maml:name><maml:description><maml:para>Specifies an array of values. Each value represents the maximum memory size, in bytes, for the system. For a virtual machine, this value represents the memory size of the virtual machine as configured by the hypervisor. .</maml:para></maml:description><command:parameterValue required="true" variableLength="true">UInt64[]</command:parameterValue><dev:type><maml:name>UInt64[]</maml:name><maml:uri /></dev:type><dev:defaultValue></dev:defaultValue></command:parameter><command:parameter required="false" variableLength="true" globbing="false" pipelineInput="true (ByPropertyName)" position="named" aliases=""><maml:name>OSBuildNumber</maml:name><maml:description><maml:para>Specifies an array of values. Each value represents the build number for the operating system.</maml:para></maml:description><command:parameterValue required="true" variableLength="true">UInt32[]</command:parameterValue><dev:type><maml:name>UInt32[]</maml:name><maml:uri /></dev:type><dev:defaultValue></dev:defaultValue></command:parameter><command:parameter required="false" variableLength="true" globbing="true" pipelineInput="true (ByPropertyName)" position="named" aliases=""><maml:name>OSCountryCode</maml:name><maml:description><maml:para>Specifies an array of strings. Each value is a code for the country or region that an operating system uses, based on international phone prefixes.</maml:para></maml:description><command:parameterValue required="true" variableLength="true">String[]</command:parameterValue><dev:type><maml:name>String[]</maml:name><maml:uri /></dev:type><dev:defaultValue></dev:defaultValue></command:parameter><command:parameter required="false" variableLength="true" globbing="false" pipelineInput="true (ByPropertyName)" position="named" aliases=""><maml:name>OSCurrentTimeZone</maml:name><maml:description><maml:para>Specifies an array of values. Each value represents an offset, in minutes, between the operating system time and Greenwich Mean Time (GMT). The value can be positive, negative, or zero.</maml:para></maml:description><command:parameterValue required="true" variableLength="true">Int16[]</command:parameterValue><dev:type><maml:name>Int16[]</maml:name><maml:uri /></dev:type><dev:defaultValue></dev:defaultValue></command:parameter><command:parameter required="false" variableLength="true" globbing="false" pipelineInput="true (ByPropertyName)" position="named" aliases=""><maml:name>OSDaylightInEffect</maml:name><maml:description><maml:para>Specifies an array of Boolean values. If a value is $True, daylight saving time is in effect. </maml:para></maml:description><command:parameterValue required="true" variableLength="true">Boolean[]</command:parameterValue><dev:type><maml:name>Boolean[]</maml:name><maml:uri /></dev:type><dev:defaultValue></dev:defaultValue></command:parameter><command:parameter required="false" variableLength="true" globbing="false" pipelineInput="true (ByPropertyName)" position="named" aliases=""><maml:name>OSLastBootUpTime</maml:name><maml:description><maml:para>Specifies an array of DateTime objects. A value represents the last time the operating system was restarted.</maml:para></maml:description><command:parameterValue required="true" variableLength="true">DateTime[]</command:parameterValue><dev:type><maml:name>DateTime[]</maml:name><maml:uri /></dev:type><dev:defaultValue></dev:defaultValue></command:parameter><command:parameter required="false" variableLength="true" globbing="false" pipelineInput="true (ByPropertyName)" position="named" aliases=""><maml:name>OSMajor</maml:name><maml:description><maml:para>Specifies an array of values. Each value represents the major portion of the version number of an operating system.</maml:para></maml:description><command:parameterValue required="true" variableLength="true">UInt32[]</command:parameterValue><dev:type><maml:name>UInt32[]</maml:name><maml:uri /></dev:type><dev:defaultValue></dev:defaultValue></command:parameter><command:parameter required="false" variableLength="true" globbing="false" pipelineInput="true (ByPropertyName)" position="named" aliases=""><maml:name>OSMinor</maml:name><maml:description><maml:para>Specifies an array of values. Each value represents the minor portion of the version number of an operating system.</maml:para></maml:description><command:parameterValue required="true" variableLength="true">UInt32[]</command:parameterValue><dev:type><maml:name>UInt32[]</maml:name><maml:uri /></dev:type><dev:defaultValue></dev:defaultValue></command:parameter><command:parameter required="false" variableLength="true" globbing="false" pipelineInput="true (ByPropertyName)" position="named" aliases=""><maml:name>OSPlatformId</maml:name><maml:description><maml:para>Specifies an array of values. Each value represents an operating system platform. The acceptable values for this parameter are: 
-- 1. An unsupported Windows system.
-- 2. A supported Windows system.</maml:para></maml:description><command:parameterValue required="true" variableLength="true">UInt32[]</command:parameterValue><dev:type><maml:name>UInt32[]</maml:name><maml:uri /></dev:type><dev:defaultValue></dev:defaultValue></command:parameter><command:parameter required="false" variableLength="true" globbing="false" pipelineInput="true (ByPropertyName)" position="named" aliases=""><maml:name>OSProductType</maml:name><maml:description><maml:para>Specifies an array of values. Each value represents an operating system product type. The acceptable values for this parameter are: 
-- 1. Standard Edition of a server product. 
-- 2. Enterprise Edition of a server product.</maml:para></maml:description><command:parameterValue required="true" variableLength="true">UInt32[]</command:parameterValue><dev:type><maml:name>UInt32[]</maml:name><maml:uri /></dev:type><dev:defaultValue></dev:defaultValue></command:parameter><command:parameter required="false" variableLength="true" globbing="true" pipelineInput="true (ByPropertyName)" position="named" aliases=""><maml:name>OSSerialNumber</maml:name><maml:description><maml:para>Specifies an array of strings. Each string is an operating system product serial number.</maml:para></maml:description><command:parameterValue required="true" variableLength="true">String[]</command:parameterValue><dev:type><maml:name>String[]</maml:name><maml:uri /></dev:type><dev:defaultValue></dev:defaultValue></command:parameter><command:parameter required="false" variableLength="true" globbing="false" pipelineInput="true (ByPropertyName)" position="named" aliases=""><maml:name>OSSuiteMask</maml:name><maml:description><maml:para>Specifies an array of values. Each value represents the suite mask for an system. A suite mask is a combination of bit flags that identify the product suites available on the system. </maml:para></maml:description><command:parameterValue required="true" variableLength="true">UInt32[]</command:parameterValue><dev:type><maml:name>UInt32[]</maml:name><maml:uri /></dev:type><dev:defaultValue></dev:defaultValue></command:parameter><command:parameter required="false" variableLength="true" globbing="false" pipelineInput="true (ByPropertyName)" position="named" aliases=""><maml:name>PhysicalProcessorCount</maml:name><maml:description><maml:para>Specifies an array of values. Each value represents the number of physical processors available on the local system. This number does not include the disabled processors.</maml:para></maml:description><command:parameterValue required="true" variableLength="true">UInt32[]</command:parameterValue><dev:type><maml:name>UInt32[]</maml:name><maml:uri /></dev:type><dev:defaultValue></dev:defaultValue></command:parameter><command:parameter required="false" variableLength="true" globbing="false" pipelineInput="true (ByPropertyName)" position="named" aliases=""><maml:name>ServicePackMajor</maml:name><maml:description><maml:para>Specifies an array of values. Each value represents the major portion of the version number of a service pack.</maml:para></maml:description><command:parameterValue required="true" variableLength="true">UInt32[]</command:parameterValue><dev:type><maml:name>UInt32[]</maml:name><maml:uri /></dev:type><dev:defaultValue></dev:defaultValue></command:parameter><command:parameter required="false" variableLength="true" globbing="false" pipelineInput="true (ByPropertyName)" position="named" aliases=""><maml:name>ServicePackMinor</maml:name><maml:description><maml:para>Specifies an array of values. Each value represents the minor portion of the version number of a service pack.</maml:para></maml:description><command:parameterValue required="true" variableLength="true">UInt32[]</command:parameterValue><dev:type><maml:name>UInt32[]</maml:name><maml:uri /></dev:type><dev:defaultValue></dev:defaultValue></command:parameter><command:parameter required="false" variableLength="true" globbing="true" pipelineInput="true (ByPropertyName)" position="named" aliases=""><maml:name>SystemDNSHostName</maml:name><maml:description><maml:para>Specifies an array of strings. Each string is a server name according to the Domain Name System (DNS) server.</maml:para></maml:description><command:parameterValue required="true" variableLength="true">String[]</command:parameterValue><dev:type><maml:name>String[]</maml:name><maml:uri /></dev:type><dev:defaultValue></dev:defaultValue></command:parameter><command:parameter required="false" variableLength="true" globbing="false" pipelineInput="true (ByPropertyName)" position="named" aliases=""><maml:name>SystemDomainName</maml:name><maml:description><maml:para>Specifies an array of strings. Each sting is the name of the domain or workgroup that the server belongs to. </maml:para></maml:description><command:parameterValue required="true" variableLength="true">String[]</command:parameterValue><dev:type><maml:name>String[]</maml:name><maml:uri /></dev:type><dev:defaultValue></dev:defaultValue></command:parameter><command:parameter required="false" variableLength="true" globbing="true" pipelineInput="true (ByPropertyName)" position="named" aliases=""><maml:name>SystemManufacturer</maml:name><maml:description><maml:para>Specifies an array of strings. Each string represents the name of the BIOS manufacturer.</maml:para></maml:description><command:parameterValue required="true" variableLength="true">String[]</command:parameterValue><dev:type><maml:name>String[]</maml:name><maml:uri /></dev:type><dev:defaultValue></dev:defaultValue></command:parameter><command:parameter required="false" variableLength="true" globbing="true" pipelineInput="true (ByPropertyName)" position="named" aliases=""><maml:name>SystemProductName</maml:name><maml:description><maml:para>Specifies an array of strings. Each string represents the product name specified in the system BIOS.</maml:para></maml:description><command:parameterValue required="true" variableLength="true">String[]</command:parameterValue><dev:type><maml:name>String[]</maml:name><maml:uri /></dev:type><dev:defaultValue></dev:defaultValue></command:parameter><command:parameter required="false" variableLength="true" globbing="true" pipelineInput="true (ByPropertyName)" position="named" aliases=""><maml:name>SystemSerialNumber</maml:name><maml:description><maml:para>Specifies an array of strings. Each string represents a unit identification for a server.</maml:para></maml:description><command:parameterValue required="true" variableLength="true">String[]</command:parameterValue><dev:type><maml:name>String[]</maml:name><maml:uri /></dev:type><dev:defaultValue></dev:defaultValue></command:parameter><command:parameter required="false" variableLength="true" globbing="true" pipelineInput="true (ByPropertyName)" position="named" aliases=""><maml:name>SystemSMBIOSUUID</maml:name><maml:description><maml:para>Specifies an array of strings. Each string represents the universally unique identifier (UUID) for this server unit as reported by the SMBIOS.</maml:para></maml:description><command:parameterValue required="true" variableLength="true">String[]</command:parameterValue><dev:type><maml:name>String[]</maml:name><maml:uri /></dev:type><dev:defaultValue></dev:defaultValue></command:parameter><command:parameter required="false" variableLength="false" globbing="false" pipelineInput="false" position="named" aliases=""><maml:name>ThrottleLimit</maml:name><maml:description><maml:para>Specifies the maximum number of concurrent operations that can be established to run the cmdlet. If this parameter is omitted or a value of 0 is entered, then Windows PowerShell® calculates an optimum throttle limit for the cmdlet based on the number of CIM cmdlets that are running on the computer. The throttle limit applies only to the current cmdlet, not to the session or to the computer.</maml:para></maml:description><command:parameterValue required="true" variableLength="false">Int32</command:parameterValue><dev:type><maml:name>Int32</maml:name><maml:uri /></dev:type><dev:defaultValue></dev:defaultValue></command:parameter></command:parameters><command:inputTypes><command:inputType><dev:type><maml:name></maml:name><maml:uri></maml:uri><maml:description><maml:para /></maml:description></dev:type><maml:description></maml:description></command:inputType></command:inputTypes><command:returnValues><command:returnValue><dev:type><maml:name></maml:name><maml:uri></maml:uri><maml:description><maml:para /></maml:description></dev:type><maml:description></maml:description></command:returnValue></command:returnValues><command:terminatingErrors /><command:nonTerminatingErrors /><command:examples><command:example><maml:title>Example 1: Get system information</maml:title><maml:introduction><maml:para></maml:para></maml:introduction><dev:code>PS C:\&gt;Get-UalSystemId
</dev:code><dev:remarks><maml:para>This command gets an MsftUal_SystemId object for the current system.</maml:para></dev:remarks><command:commandLines><command:commandLine><command:commandText /></command:commandLine></command:commandLines></command:example></command:examples><maml:relatedLinks><maml:navigationLink><maml:linkText>Online Version:</maml:linkText><maml:uri>http://go.microsoft.com/fwlink/p/?linkid=287598</maml:uri></maml:navigationLink><maml:navigationLink><maml:linkText>Get-UalOverview</maml:linkText><maml:uri /></maml:navigationLink><maml:navigationLink><maml:linkText>Get-Ual</maml:linkText><maml:uri /></maml:navigationLink></maml:relatedLinks></command:command>

</helpItems>

