﻿<?xml version = "1.0" encoding = "utf-8" ?>

<helpItems schema="maml">

<command:command xmlns:maml="http://schemas.microsoft.com/maml/2004/10" xmlns:command="http://schemas.microsoft.com/maml/dev/command/2004/10" xmlns:dev="http://schemas.microsoft.com/maml/dev/2004/10" xmlns:MSHelp="http://msdn.microsoft.com/mshelp"><command:details><command:name>Set-VpnConnectionIPsecConfiguration</command:name><maml:description><maml:para>Sets the IPsec parameters of a VPN connection. </maml:para></maml:description><maml:copyright><maml:para /></maml:copyright><command:verb>Set</command:verb><command:noun>VpnConnectionIPsecConfiguration</command:noun><dev:version /></command:details><maml:description><maml:para>The Set-VpnConnectionIpsecConfiguration cmdlet sets the IPsec parameters of a VPN connection. The settings apply only to IKEv2 and L2TP VPN connections.
</maml:para></maml:description><command:syntax><command:syntaxItem><maml:name>Set-VpnConnectionIPsecConfiguration</maml:name><command:parameter required="true" variableLength="false" globbing="false" pipelineInput="True (ByPropertyName)" position="2" aliases="Name"><maml:name>ConnectionName</maml:name><maml:description><maml:para>Specifies the name of a VPN connection profile to modify. To view existing VPN connection profiles, use the Get-VpnConnection cmdlet.</maml:para></maml:description><command:parameterValue required="true" variableLength="false">String</command:parameterValue></command:parameter><command:parameter required="true" variableLength="false" globbing="false" pipelineInput="false" position="3" aliases=""><maml:name>RevertToDefault</maml:name><maml:description><maml:para>Indicates that the cmdlet sets the IPsec parameters to the default values. </maml:para></maml:description></command:parameter><command:parameter required="false" variableLength="false" globbing="false" pipelineInput="false" position="named" aliases=""><maml:name>AllUserConnection</maml:name><maml:description><maml:para>Indicates that the VPN connection being modified is in the global phone book. </maml:para></maml:description></command:parameter><command:parameter required="false" variableLength="false" globbing="false" pipelineInput="false" position="named" aliases=""><maml:name>AsJob</maml:name><maml:description><maml:para>Runs the cmdlet as a background job. Use this parameter to run commands that take a long time to complete. 
 The cmdlet immediately returns an object that represents the job and then displays the command prompt. You can continue to work in the session while the job completes. To manage the job, use the *-Job cmdlets. To get the job results, use the <maml:navigationLink><maml:linkText>Receive-Job</maml:linkText><maml:uri></maml:uri></maml:navigationLink> cmdlet. 
 For more information about Windows PowerShell® background jobs, see <maml:navigationLink><maml:linkText>about_Jobs</maml:linkText><maml:uri></maml:uri></maml:navigationLink>.</maml:para></maml:description></command:parameter><command:parameter required="false" variableLength="true" globbing="false" pipelineInput="false" position="named" aliases="Session"><maml:name>CimSession</maml:name><maml:description><maml:para>Runs the cmdlet in a remote session or on a remote computer. Enter a computer name or a session object, such as the output of a <maml:navigationLink><maml:linkText>New-CimSession</maml:linkText><maml:uri></maml:uri></maml:navigationLink> or <maml:navigationLink><maml:linkText>Get-CimSession</maml:linkText><maml:uri></maml:uri></maml:navigationLink> cmdlet. The default is the current session on the local computer.</maml:para></maml:description><command:parameterValue required="true" variableLength="true">CimSession[]</command:parameterValue></command:parameter><command:parameter required="false" variableLength="false" globbing="false" pipelineInput="false" position="named" aliases=""><maml:name>Force</maml:name><maml:description><maml:para>Performs the action without a confirmation message.</maml:para></maml:description></command:parameter><command:parameter required="false" variableLength="false" globbing="false" pipelineInput="false" position="named" aliases=""><maml:name>ThrottleLimit</maml:name><maml:description><maml:para>Specifies the maximum number of concurrent operations that can be established to run the cmdlet. If this parameter is omitted or a value of 0 is entered, then Windows PowerShell® calculates an optimum throttle limit for the cmdlet based on the number of CIM cmdlets that are running on the computer. The throttle limit applies only to the current cmdlet, not to the session or to the computer.</maml:para></maml:description><command:parameterValue required="true" variableLength="false">Int32</command:parameterValue></command:parameter><command:parameter required="false" variableLength="true" globbing="false" pipelineInput="false" position="named"><maml:name>Confirm</maml:name><maml:description><maml:para>Prompts you for confirmation before running the cmdlet.</maml:para></maml:description></command:parameter><command:parameter required="false" variableLength="true" globbing="false" pipelineInput="false" position="named"><maml:name>WhatIf</maml:name><maml:description><maml:para>Shows what would happen if the cmdlet runs. The cmdlet is not run.</maml:para></maml:description></command:parameter></command:syntaxItem><command:syntaxItem><maml:name>Set-VpnConnectionIPsecConfiguration</maml:name><command:parameter required="true" variableLength="false" globbing="false" pipelineInput="True (ByPropertyName)" position="2" aliases="Name"><maml:name>ConnectionName</maml:name><maml:description><maml:para>Specifies the name of a VPN connection profile to modify. To view existing VPN connection profiles, use the Get-VpnConnection cmdlet.</maml:para></maml:description><command:parameterValue required="true" variableLength="false">String</command:parameterValue></command:parameter><command:parameter required="true" variableLength="false" globbing="false" pipelineInput="True (ByPropertyName)" position="3" aliases=""><maml:name>AuthenticationTransformConstants</maml:name><maml:description><maml:para>Specifies authentication header (AH) transform in the IPsec policy. For more information, see Set-VpnServerIPsecConfiguration. Acceptable values for this parameter are: 

-- MD596
-- SHA196
-- SHA256128
-- GCMAES128
-- GCMAES192
-- GCMAES256
-- None </maml:para></maml:description><command:parameterValue required="true" variableLength="false">AuthenticationTransformConstants</command:parameterValue></command:parameter><command:parameter required="true" variableLength="false" globbing="false" pipelineInput="True (ByPropertyName)" position="4" aliases=""><maml:name>CipherTransformConstants</maml:name><maml:description><maml:para>Specifies Encapsulating Security Payload (ESP) cipher transform in the IPsec policy. Acceptable values for this parameter are: 

-- DES
-- DES3
-- AES128
-- AES192
-- AES256
-- GCMAES128
-- GCMAES192
-- GCMAES256
-- None</maml:para></maml:description><command:parameterValue required="true" variableLength="false">CipherTransformConstants</command:parameterValue></command:parameter><command:parameter required="true" variableLength="false" globbing="false" pipelineInput="True (ByPropertyName)" position="5" aliases=""><maml:name>DHGroup</maml:name><maml:description><maml:para>Specifies the Diffie-Hellman (DH) Group to use during IKE key exchanges. Acceptable values for this parameter are: 

-- None
-- Group1
-- Group2
-- Group14
-- ECP256
-- ECP384
-- Group24</maml:para></maml:description><command:parameterValue required="true" variableLength="false">DHGroup</command:parameterValue></command:parameter><command:parameter required="true" variableLength="false" globbing="false" pipelineInput="True (ByPropertyName)" position="6" aliases=""><maml:name>EncryptionMethod</maml:name><maml:description><maml:para>Specifies the encryption method. Acceptable values for this parameter are: 

-- DES
-- DES3
-- AES128
-- AES192
-- AES256</maml:para></maml:description><command:parameterValue required="true" variableLength="false">EncryptionMethod</command:parameterValue></command:parameter><command:parameter required="true" variableLength="false" globbing="false" pipelineInput="True (ByPropertyName)" position="7" aliases=""><maml:name>IntegrityCheckMethod</maml:name><maml:description><maml:para>Specifies the integrity check method used to protect data from tampering. Acceptable values for this parameter are: 

-- MD5
-- SHA196
-- SHA256
-- SHA384</maml:para></maml:description><command:parameterValue required="true" variableLength="false">IntegrityCheckMethod</command:parameterValue></command:parameter><command:parameter required="true" variableLength="false" globbing="false" pipelineInput="True (ByPropertyName)" position="8" aliases=""><maml:name>PfsGroup</maml:name><maml:description><maml:para>Specifies the Perfect Forwarding Secrecy (PFS) Group in the IPsec policy. Acceptable values for this parameter are: 

-- None
-- PFS1
-- PFS2
-- PFS2048
-- ECP256
-- ECP384
-- PFSMM
-- PFS24</maml:para></maml:description><command:parameterValue required="true" variableLength="false">PfsGroup</command:parameterValue></command:parameter><command:parameter required="false" variableLength="false" globbing="false" pipelineInput="false" position="named" aliases=""><maml:name>AllUserConnection</maml:name><maml:description><maml:para>Indicates that the VPN connection being modified is in the global phone book. </maml:para></maml:description></command:parameter><command:parameter required="false" variableLength="false" globbing="false" pipelineInput="false" position="named" aliases=""><maml:name>AsJob</maml:name><maml:description><maml:para>Runs the cmdlet as a background job. Use this parameter to run commands that take a long time to complete. 
 The cmdlet immediately returns an object that represents the job and then displays the command prompt. You can continue to work in the session while the job completes. To manage the job, use the *-Job cmdlets. To get the job results, use the <maml:navigationLink><maml:linkText>Receive-Job</maml:linkText><maml:uri></maml:uri></maml:navigationLink> cmdlet. 
 For more information about Windows PowerShell® background jobs, see <maml:navigationLink><maml:linkText>about_Jobs</maml:linkText><maml:uri></maml:uri></maml:navigationLink>.</maml:para></maml:description></command:parameter><command:parameter required="false" variableLength="true" globbing="false" pipelineInput="false" position="named" aliases="Session"><maml:name>CimSession</maml:name><maml:description><maml:para>Runs the cmdlet in a remote session or on a remote computer. Enter a computer name or a session object, such as the output of a <maml:navigationLink><maml:linkText>New-CimSession</maml:linkText><maml:uri></maml:uri></maml:navigationLink> or <maml:navigationLink><maml:linkText>Get-CimSession</maml:linkText><maml:uri></maml:uri></maml:navigationLink> cmdlet. The default is the current session on the local computer.</maml:para></maml:description><command:parameterValue required="true" variableLength="true">CimSession[]</command:parameterValue></command:parameter><command:parameter required="false" variableLength="false" globbing="false" pipelineInput="false" position="named" aliases=""><maml:name>Force</maml:name><maml:description><maml:para>Performs the action without a confirmation message.</maml:para></maml:description></command:parameter><command:parameter required="false" variableLength="false" globbing="false" pipelineInput="false" position="named" aliases=""><maml:name>PassThru</maml:name><maml:description><maml:para>Returns an object representing the item with which you are working. By default, this cmdlet does not generate any output. If you specify this parameter, the cmdlet returns the VpnConnection object that contains the VpnConnection configuration settings.</maml:para></maml:description></command:parameter><command:parameter required="false" variableLength="false" globbing="false" pipelineInput="false" position="named" aliases=""><maml:name>ThrottleLimit</maml:name><maml:description><maml:para>Specifies the maximum number of concurrent operations that can be established to run the cmdlet. If this parameter is omitted or a value of 0 is entered, then Windows PowerShell® calculates an optimum throttle limit for the cmdlet based on the number of CIM cmdlets that are running on the computer. The throttle limit applies only to the current cmdlet, not to the session or to the computer.</maml:para></maml:description><command:parameterValue required="true" variableLength="false">Int32</command:parameterValue></command:parameter><command:parameter required="false" variableLength="true" globbing="false" pipelineInput="false" position="named"><maml:name>Confirm</maml:name><maml:description><maml:para>Prompts you for confirmation before running the cmdlet.</maml:para></maml:description></command:parameter><command:parameter required="false" variableLength="true" globbing="false" pipelineInput="false" position="named"><maml:name>WhatIf</maml:name><maml:description><maml:para>Shows what would happen if the cmdlet runs. The cmdlet is not run.</maml:para></maml:description></command:parameter></command:syntaxItem></command:syntax><command:parameters><command:parameter required="false" variableLength="false" globbing="false" pipelineInput="false" position="named" aliases=""><maml:name>AllUserConnection</maml:name><maml:description><maml:para>Indicates that the VPN connection being modified is in the global phone book. </maml:para></maml:description><command:parameterValue required="false" variableLength="false">SwitchParameter</command:parameterValue><dev:type><maml:name>SwitchParameter</maml:name><maml:uri /></dev:type><dev:defaultValue></dev:defaultValue></command:parameter><command:parameter required="false" variableLength="false" globbing="false" pipelineInput="false" position="named" aliases=""><maml:name>AsJob</maml:name><maml:description><maml:para>Runs the cmdlet as a background job. Use this parameter to run commands that take a long time to complete. 
 The cmdlet immediately returns an object that represents the job and then displays the command prompt. You can continue to work in the session while the job completes. To manage the job, use the *-Job cmdlets. To get the job results, use the <maml:navigationLink><maml:linkText>Receive-Job</maml:linkText><maml:uri></maml:uri></maml:navigationLink> cmdlet. 
 For more information about Windows PowerShell® background jobs, see <maml:navigationLink><maml:linkText>about_Jobs</maml:linkText><maml:uri></maml:uri></maml:navigationLink>.</maml:para></maml:description><command:parameterValue required="false" variableLength="false">SwitchParameter</command:parameterValue><dev:type><maml:name>SwitchParameter</maml:name><maml:uri /></dev:type><dev:defaultValue></dev:defaultValue></command:parameter><command:parameter required="true" variableLength="false" globbing="false" pipelineInput="True (ByPropertyName)" position="3" aliases=""><maml:name>AuthenticationTransformConstants</maml:name><maml:description><maml:para>Specifies authentication header (AH) transform in the IPsec policy. For more information, see Set-VpnServerIPsecConfiguration. Acceptable values for this parameter are: 

-- MD596
-- SHA196
-- SHA256128
-- GCMAES128
-- GCMAES192
-- GCMAES256
-- None </maml:para></maml:description><command:parameterValue required="true" variableLength="false">AuthenticationTransformConstants</command:parameterValue><dev:type><maml:name>AuthenticationTransformConstants</maml:name><maml:uri /></dev:type><dev:defaultValue></dev:defaultValue></command:parameter><command:parameter required="false" variableLength="true" globbing="false" pipelineInput="false" position="named" aliases="Session"><maml:name>CimSession</maml:name><maml:description><maml:para>Runs the cmdlet in a remote session or on a remote computer. Enter a computer name or a session object, such as the output of a <maml:navigationLink><maml:linkText>New-CimSession</maml:linkText><maml:uri></maml:uri></maml:navigationLink> or <maml:navigationLink><maml:linkText>Get-CimSession</maml:linkText><maml:uri></maml:uri></maml:navigationLink> cmdlet. The default is the current session on the local computer.</maml:para></maml:description><command:parameterValue required="true" variableLength="true">CimSession[]</command:parameterValue><dev:type><maml:name>CimSession[]</maml:name><maml:uri /></dev:type><dev:defaultValue></dev:defaultValue></command:parameter><command:parameter required="true" variableLength="false" globbing="false" pipelineInput="True (ByPropertyName)" position="4" aliases=""><maml:name>CipherTransformConstants</maml:name><maml:description><maml:para>Specifies Encapsulating Security Payload (ESP) cipher transform in the IPsec policy. Acceptable values for this parameter are: 

-- DES
-- DES3
-- AES128
-- AES192
-- AES256
-- GCMAES128
-- GCMAES192
-- GCMAES256
-- None</maml:para></maml:description><command:parameterValue required="true" variableLength="false">CipherTransformConstants</command:parameterValue><dev:type><maml:name>CipherTransformConstants</maml:name><maml:uri /></dev:type><dev:defaultValue></dev:defaultValue></command:parameter><command:parameter required="true" variableLength="false" globbing="false" pipelineInput="True (ByPropertyName)" position="2" aliases="Name"><maml:name>ConnectionName</maml:name><maml:description><maml:para>Specifies the name of a VPN connection profile to modify. To view existing VPN connection profiles, use the Get-VpnConnection cmdlet.</maml:para></maml:description><command:parameterValue required="true" variableLength="false">String</command:parameterValue><dev:type><maml:name>String</maml:name><maml:uri /></dev:type><dev:defaultValue></dev:defaultValue></command:parameter><command:parameter required="true" variableLength="false" globbing="false" pipelineInput="True (ByPropertyName)" position="5" aliases=""><maml:name>DHGroup</maml:name><maml:description><maml:para>Specifies the Diffie-Hellman (DH) Group to use during IKE key exchanges. Acceptable values for this parameter are: 

-- None
-- Group1
-- Group2
-- Group14
-- ECP256
-- ECP384
-- Group24</maml:para></maml:description><command:parameterValue required="true" variableLength="false">DHGroup</command:parameterValue><dev:type><maml:name>DHGroup</maml:name><maml:uri /></dev:type><dev:defaultValue></dev:defaultValue></command:parameter><command:parameter required="true" variableLength="false" globbing="false" pipelineInput="True (ByPropertyName)" position="6" aliases=""><maml:name>EncryptionMethod</maml:name><maml:description><maml:para>Specifies the encryption method. Acceptable values for this parameter are: 

-- DES
-- DES3
-- AES128
-- AES192
-- AES256</maml:para></maml:description><command:parameterValue required="true" variableLength="false">EncryptionMethod</command:parameterValue><dev:type><maml:name>EncryptionMethod</maml:name><maml:uri /></dev:type><dev:defaultValue></dev:defaultValue></command:parameter><command:parameter required="false" variableLength="false" globbing="false" pipelineInput="false" position="named" aliases=""><maml:name>Force</maml:name><maml:description><maml:para>Performs the action without a confirmation message.</maml:para></maml:description><command:parameterValue required="false" variableLength="false">SwitchParameter</command:parameterValue><dev:type><maml:name>SwitchParameter</maml:name><maml:uri /></dev:type><dev:defaultValue></dev:defaultValue></command:parameter><command:parameter required="true" variableLength="false" globbing="false" pipelineInput="True (ByPropertyName)" position="7" aliases=""><maml:name>IntegrityCheckMethod</maml:name><maml:description><maml:para>Specifies the integrity check method used to protect data from tampering. Acceptable values for this parameter are: 

-- MD5
-- SHA196
-- SHA256
-- SHA384</maml:para></maml:description><command:parameterValue required="true" variableLength="false">IntegrityCheckMethod</command:parameterValue><dev:type><maml:name>IntegrityCheckMethod</maml:name><maml:uri /></dev:type><dev:defaultValue></dev:defaultValue></command:parameter><command:parameter required="false" variableLength="false" globbing="false" pipelineInput="false" position="named" aliases=""><maml:name>PassThru</maml:name><maml:description><maml:para>Returns an object representing the item with which you are working. By default, this cmdlet does not generate any output. If you specify this parameter, the cmdlet returns the VpnConnection object that contains the VpnConnection configuration settings.</maml:para></maml:description><command:parameterValue required="false" variableLength="false">SwitchParameter</command:parameterValue><dev:type><maml:name>SwitchParameter</maml:name><maml:uri /></dev:type><dev:defaultValue></dev:defaultValue></command:parameter><command:parameter required="true" variableLength="false" globbing="false" pipelineInput="True (ByPropertyName)" position="8" aliases=""><maml:name>PfsGroup</maml:name><maml:description><maml:para>Specifies the Perfect Forwarding Secrecy (PFS) Group in the IPsec policy. Acceptable values for this parameter are: 

-- None
-- PFS1
-- PFS2
-- PFS2048
-- ECP256
-- ECP384
-- PFSMM
-- PFS24</maml:para></maml:description><command:parameterValue required="true" variableLength="false">PfsGroup</command:parameterValue><dev:type><maml:name>PfsGroup</maml:name><maml:uri /></dev:type><dev:defaultValue></dev:defaultValue></command:parameter><command:parameter required="true" variableLength="false" globbing="false" pipelineInput="false" position="3" aliases=""><maml:name>RevertToDefault</maml:name><maml:description><maml:para>Indicates that the cmdlet sets the IPsec parameters to the default values. </maml:para></maml:description><command:parameterValue required="false" variableLength="false">SwitchParameter</command:parameterValue><dev:type><maml:name>SwitchParameter</maml:name><maml:uri /></dev:type><dev:defaultValue></dev:defaultValue></command:parameter><command:parameter required="false" variableLength="false" globbing="false" pipelineInput="false" position="named" aliases=""><maml:name>ThrottleLimit</maml:name><maml:description><maml:para>Specifies the maximum number of concurrent operations that can be established to run the cmdlet. If this parameter is omitted or a value of 0 is entered, then Windows PowerShell® calculates an optimum throttle limit for the cmdlet based on the number of CIM cmdlets that are running on the computer. The throttle limit applies only to the current cmdlet, not to the session or to the computer.</maml:para></maml:description><command:parameterValue required="true" variableLength="false">Int32</command:parameterValue><dev:type><maml:name>Int32</maml:name><maml:uri /></dev:type><dev:defaultValue></dev:defaultValue></command:parameter><command:parameter required="false" variableLength="true" globbing="false" pipelineInput="false" position="named"><maml:name>Confirm</maml:name><maml:description><maml:para>Prompts you for confirmation before running the cmdlet.</maml:para></maml:description><command:parameterValue required="false" variableLength="false">SwitchParameter</command:parameterValue><dev:type><maml:name>SwitchParameter</maml:name><maml:uri /></dev:type><dev:defaultValue>false</dev:defaultValue></command:parameter><command:parameter required="false" variableLength="true" globbing="false" pipelineInput="false" position="named"><maml:name>WhatIf</maml:name><maml:description><maml:para>Shows what would happen if the cmdlet runs. The cmdlet is not run.</maml:para></maml:description><command:parameterValue required="false" variableLength="false">SwitchParameter</command:parameterValue><dev:type><maml:name>SwitchParameter</maml:name><maml:uri /></dev:type><dev:defaultValue>false</dev:defaultValue></command:parameter></command:parameters><command:inputTypes><command:inputType><dev:type><maml:name></maml:name><maml:uri></maml:uri><maml:description><maml:para /></maml:description></dev:type><maml:description></maml:description></command:inputType></command:inputTypes><command:returnValues><command:returnValue><dev:type><maml:name>Microsoft.Management.Infrastructure.CimInstance#VpnConnectionIPsecConfiguration</maml:name><maml:uri></maml:uri><maml:description><maml:para /></maml:description></dev:type><maml:description></maml:description></command:returnValue></command:returnValues><command:terminatingErrors /><command:nonTerminatingErrors /><command:examples><command:example><maml:title>Example 1: Set the IPsec configuration for an IKEv2 tunnel </maml:title><maml:introduction><maml:para></maml:para></maml:introduction><dev:code>PS C:\&gt; Add-VpnConnection -Name "Contoso" -ServerAddress 176.16.1.2 -TunnelType Ikev2
PS C:\&gt; Set-VpnConnectionIPsecConfiguration -ConnectionName "Contoso" -AuthenticationTransformConstants None -CipherTransformConstants AES256 -EncryptionMethod AES256 -IntegrityCheckMethod SHA384 -PfsGroup None -DHGroup ECP384 -PassThru -Force
AuthenticationTransformConstants : None

CipherTransformConstants         : AES256

DHGroup                          : ECP384

IntegrityCheckMethod             : SHA384

PfsGroup                         : None

EncryptionMethod                 : AES256


</dev:code><dev:remarks><maml:para>This example sets the IPsec configuration for a VPN connection using IKEv2.</maml:para><maml:para>The first command uses the Add-VpnConnection cmdlet to add a VPN connection on the server with the address 176.16.1.2. The cmdlet specifies an IKEv2 tunnel.</maml:para><maml:para>The second command uses the Set-VpnConnectionIPsecConfiguration cmdlet to set the configuration by using the ConnectionName parameter. The command also specifies values for the CipherTransformConstants, EncryptionMethod, IntegrityCheckMethod, and DHGroup parameters.</maml:para></dev:remarks><command:commandLines><command:commandLine><command:commandText /></command:commandLine></command:commandLines></command:example><command:example><maml:title>Example 2: Set the IPsec configuration for an L2TP tunnel</maml:title><maml:introduction><maml:para></maml:para></maml:introduction><dev:code>PS C:\&gt; Add-VpnConnection -Name "Contoso" -ServerAddress 176.16.1.2 -TunnelType L2tp
PS C:\&gt; Set-VpnConnectionIPsecConfiguration -ConnectionName "Contoso" -AuthenticationTransformConstants None -CipherTransformConstants AES128 -EncryptionMethod AES128 -IntegrityCheckMethod SHA256 -PfsGroup None -DHGroup ECP256 -PassThru -Force
AuthenticationTransformConstants : None

CipherTransformConstants         : AES128

DHGroup                          : ECP256

IntegrityCheckMethod             : SHA256

PfsGroup                         : None

EncryptionMethod                 : AES128


</dev:code><dev:remarks><maml:para>This example sets the IPsec configuration for an L2TP tunnel.</maml:para><maml:para>The first command uses the Add-VpnConnection cmdlet to add a VPN connection on the server with the address 176.16.1.2. The command also specifies an L2TP tunnel.</maml:para><maml:para>The second command uses the Set-VpnConnectionIPsecConfiguration cmdlet to set the configuration. The command also specifies values for the CipherTransformConstants, EncryptionMethod, IntegrityCheckMethod, and DHGroup parameters.</maml:para></dev:remarks><command:commandLines><command:commandLine><command:commandText /></command:commandLine></command:commandLines></command:example><command:example><maml:title>Example 3: Set the IPsec configuration for an IKEv2 tunnel with 128-bit data blocks</maml:title><maml:introduction><maml:para></maml:para></maml:introduction><dev:code>PS C:\&gt;Add-VpnConnection -Name "Contoso" -ServerAddress 176.16.1.2 -TunnelType Ikev2
PS C:\&gt; Set-VpnConnectionIPsecConfiguration -ConnectionName "Contoso" -AuthenticationTransformConstants GCMAES128 -CipherTransformConstants None -EncryptionMethod AES128 -IntegrityCheckMethod SHA256 -PfsGroup None -DHGroup ECP256 -PassThru -Force
AuthenticationTransformConstants : GCMAES128

CipherTransformConstants         : None

DHGroup                          : ECP256

IntegrityCheckMethod             : SHA256

PfsGroup                         : None

EncryptionMethod                 : AES128



</dev:code><dev:remarks><maml:para>This example sets the IPsec configuration for an IKEv2 tunnel with authentication transform constants.</maml:para><maml:para>The first command uses the Add-VpnConnection cmdlet to add a VPN connection on the server with the address 176.16.1.2. The cmdlet specifies an IKEv2 tunnel.</maml:para><maml:para>The second command uses the Set-VpnConnectionIPsecConfiguration cmdlet to set the configuration. The command also specifies values for the CipherTransformConstants, EncryptionMethod, IntegrityCheckMethod, and DHGroup parameters, as well as specifying a value for the AuthenticationTransformConstants parameter.</maml:para></dev:remarks><command:commandLines><command:commandLine><command:commandText /></command:commandLine></command:commandLines></command:example><command:example><maml:title>Example 4: Set the IPsec configuration for an IKEv2 tunnel with 256-bit data blocks</maml:title><maml:introduction><maml:para></maml:para></maml:introduction><dev:code>PS C:\&gt;Add-VpnConnection -Name "Contoso" -ServerAddress 176.16.1.2 -TunnelType Ikev2
PS C:\&gt; Set-VpnConnectionIPsecConfiguration -ConnectionName "Contoso" -AuthenticationTransformConstants GCMAES256 -CipherTransformConstants None -EncryptionMethod AES256 -IntegrityCheckMethod SHA384 -PfsGroup None -DHGroup ECP384 -PassThru -Force
AuthenticationTransformConstants : GCMAES256

CipherTransformConstants         : None

DHGroup                          : ECP384

IntegrityCheckMethod             : SHA384

PfsGroup                         : None

EncryptionMethod                 : AES256


</dev:code><dev:remarks><maml:para>This example sets the IPsec configuration for an IKEv2 tunnel, and specifies authentication transform constants.</maml:para><maml:para>The first command uses the Add-VpnConnection cmdlet to add a VPN connection on the server with the address 176.16.1.2. The cmdlet specifies an IKEv2 tunnel.</maml:para><maml:para>The second command uses the Set-VpnConnectionIPsecConfiguration cmdlet to set the configuration. The command also specifies values for the CipherTransformConstants, EncryptionMethod, IntegrityCheckMethod, and DHGroup parameters, as well as specifying a value for the AuthenticationTransformConstants parameter.</maml:para></dev:remarks><command:commandLines><command:commandLine><command:commandText /></command:commandLine></command:commandLines></command:example></command:examples><maml:relatedLinks><maml:navigationLink><maml:linkText>Online Version:</maml:linkText><maml:uri>http://go.microsoft.com/fwlink/?LinkId=290789</maml:uri></maml:navigationLink><maml:navigationLink><maml:linkText>Set-VpnServerIPsecConfiguration</maml:linkText><maml:uri /></maml:navigationLink></maml:relatedLinks></command:command>

</helpItems>

