﻿<?xml version = "1.0" encoding = "utf-8" ?>

<helpItems schema="maml">

<command:command xmlns:maml="http://schemas.microsoft.com/maml/2004/10" xmlns:command="http://schemas.microsoft.com/maml/dev/command/2004/10" xmlns:dev="http://schemas.microsoft.com/maml/dev/2004/10" xmlns:MSHelp="http://msdn.microsoft.com/mshelp"><command:details><command:name>Get-WindowsDeveloperLicense</command:name><maml:description><maml:para>Provides information about a developer license for the current computer.</maml:para></maml:description><maml:copyright><maml:para /></maml:copyright><command:verb>Get</command:verb><command:noun>WindowsDeveloperLicense</command:noun><dev:version /></command:details><maml:description><maml:para>The Get-WindowsDeveloperLicense cmdlet provides information about the developer license present on the current computer. For more information about developer licenses, see <maml:navigationLink><maml:linkText>Get a developer license (Windows Store apps) (Windows)</maml:linkText><maml:uri></maml:uri></maml:navigationLink> (http://msdn.microsoft.com/en-us/library/windows/apps/hh974578.aspx) in the Microsoft Developer Network library. </maml:para><maml:para>The cmdlet gets an object that contains the expiration date for the developer license and a Boolean value that indicates whether that license is valid. If the cmdlet does not find a developer license, it informs you that there is no developer license on the current computer.</maml:para></maml:description><command:syntax><command:syntaxItem><maml:name>Get-WindowsDeveloperLicense</maml:name></command:syntaxItem></command:syntax><command:parameters></command:parameters><command:inputTypes><command:inputType><dev:type><maml:name></maml:name><maml:uri></maml:uri><maml:description><maml:para /></maml:description></dev:type><maml:description></maml:description></command:inputType></command:inputTypes><command:returnValues><command:returnValue><dev:type><maml:name>WindowsDeveloperLicense</maml:name><maml:uri></maml:uri><maml:description><maml:para /></maml:description></dev:type><maml:description></maml:description></command:returnValue></command:returnValues><command:terminatingErrors /><command:nonTerminatingErrors /><command:examples><command:example><maml:title>Example 1: Get developer license status</maml:title><maml:introduction><maml:para></maml:para></maml:introduction><dev:code>PS C:\&gt; Get-WindowsDeveloperLicense
</dev:code><dev:remarks><maml:para>This command checks for a developer license for the current computer. If there is a license on the computer, the cmdlet displays whether it is valid and when it expires. If the computer does not have a developer license, the cmdlet returns an error.</maml:para></dev:remarks><command:commandLines><command:commandLine><command:commandText /></command:commandLine></command:commandLines></command:example></command:examples><maml:relatedLinks><maml:navigationLink><maml:linkText>Online Version:</maml:linkText><maml:uri>http://go.microsoft.com/fwlink/p/?linkid=287614</maml:uri></maml:navigationLink><maml:navigationLink><maml:linkText>Unregister-WindowsDeveloperLicense</maml:linkText><maml:uri /></maml:navigationLink><maml:navigationLink><maml:linkText>Show-WindowsDeveloperLicenseRegistration</maml:linkText><maml:uri /></maml:navigationLink></maml:relatedLinks></command:command>

<command:command xmlns:maml="http://schemas.microsoft.com/maml/2004/10" xmlns:command="http://schemas.microsoft.com/maml/dev/command/2004/10" xmlns:dev="http://schemas.microsoft.com/maml/dev/2004/10" xmlns:MSHelp="http://msdn.microsoft.com/mshelp"><command:details><command:name>Show-WindowsDeveloperLicenseRegistration</command:name><maml:description><maml:para>Starts the developer license registration workflow that allows a user to register a developer license. </maml:para></maml:description><maml:copyright><maml:para /></maml:copyright><command:verb>Show</command:verb><command:noun>WindowsDeveloperLicenseRegistration</command:noun><dev:version /></command:details><maml:description><maml:para>The Show-WindowsDeveloperLicenseRegistration cmdlet starts the developer license registration workflow that allows you to create and register a developer license for the current computer. For more information about developer licenses, see <maml:navigationLink><maml:linkText>Get a developer license (Windows Store apps) (Windows)</maml:linkText><maml:uri></maml:uri></maml:navigationLink> (http://msdn.microsoft.com/en-us/library/windows/apps/hh974578.aspx) in the MSDN library. </maml:para><maml:para>You need to run the Windows PowerShell® console as Administrator to register a developer license. You need a valid LiveID. The Developer License dialog box provides additional information about obtaining a developer license. If the cmdlet cannot obtain a developer license for you, it returns an error stating that the cmdlet did not register a license. </maml:para><maml:para></maml:para></maml:description><command:syntax><command:syntaxItem><maml:name>Show-WindowsDeveloperLicenseRegistration</maml:name></command:syntaxItem></command:syntax><command:parameters></command:parameters><command:inputTypes><command:inputType><dev:type><maml:name></maml:name><maml:uri></maml:uri><maml:description><maml:para /></maml:description></dev:type><maml:description></maml:description></command:inputType></command:inputTypes><command:returnValues><command:returnValue><dev:type><maml:name></maml:name><maml:uri></maml:uri><maml:description><maml:para /></maml:description></dev:type><maml:description></maml:description></command:returnValue></command:returnValues><command:terminatingErrors /><command:nonTerminatingErrors /><command:examples><command:example><maml:title>Example 1: Register a developer license</maml:title><maml:introduction><maml:para></maml:para></maml:introduction><dev:code>PS C:\&gt; Show-WindowsDeveloperLicenseRegistration
</dev:code><dev:remarks><maml:para>This command opens a dialog box that allows you to register a developer license. </maml:para></dev:remarks><command:commandLines><command:commandLine><command:commandText /></command:commandLine></command:commandLines></command:example></command:examples><maml:relatedLinks><maml:navigationLink><maml:linkText>Online Version:</maml:linkText><maml:uri>http://go.microsoft.com/fwlink/p/?linkid=287615</maml:uri></maml:navigationLink><maml:navigationLink><maml:linkText>Get-WindowsDeveloperLicense</maml:linkText><maml:uri /></maml:navigationLink><maml:navigationLink><maml:linkText>Unregister-WindowsStoreDeveloperLicense</maml:linkText><maml:uri /></maml:navigationLink></maml:relatedLinks></command:command>

<command:command xmlns:maml="http://schemas.microsoft.com/maml/2004/10" xmlns:command="http://schemas.microsoft.com/maml/dev/command/2004/10" xmlns:dev="http://schemas.microsoft.com/maml/dev/2004/10" xmlns:MSHelp="http://msdn.microsoft.com/mshelp"><command:details><command:name>Unregister-WindowsDeveloperLicense</command:name><maml:description><maml:para>Removes the developer license from the current computer.</maml:para></maml:description><maml:copyright><maml:para /></maml:copyright><command:verb>Unregister</command:verb><command:noun>WindowsDeveloperLicense</command:noun><dev:version /></command:details><maml:description><maml:para>The Unregister-WindowsDeveloperLicense cmdlet removes a developer license from the current computer. If you remove the developer license, you can no longer install and test your apps. Any developer apps no longer run on the current computer. For more information about developer licenses, see <maml:navigationLink><maml:linkText>Get a developer license (Windows Store apps) (Windows)</maml:linkText><maml:uri></maml:uri></maml:navigationLink> at http://msdn.microsoft.com/en-us/library/windows/apps/hh974578.aspx in the MSDN library.</maml:para><maml:para>You need Administrator permissions to remove a developer license. If the cmdlet cannot find a developer license, it returns an error that informs you that there is no developer license on the current computer. </maml:para></maml:description><command:syntax><command:syntaxItem><maml:name>Unregister-WindowsDeveloperLicense</maml:name><command:parameter required="false" variableLength="false" globbing="false" pipelineInput="false" position="named" aliases=""><maml:name>Force</maml:name><maml:description><maml:para>Removes a developer license without prompting you for confirmation. By default, the cmdlet prompts you for confirmation before it proceeds.</maml:para></maml:description></command:parameter><command:parameter required="false" variableLength="true" globbing="false" pipelineInput="false" position="named"><maml:name>Confirm</maml:name><maml:description><maml:para>Prompts you for confirmation before running the cmdlet.</maml:para></maml:description></command:parameter><command:parameter required="false" variableLength="true" globbing="false" pipelineInput="false" position="named"><maml:name>WhatIf</maml:name><maml:description><maml:para>Shows what would happen if the cmdlet runs. The cmdlet is not run.</maml:para></maml:description></command:parameter></command:syntaxItem></command:syntax><command:parameters><command:parameter required="false" variableLength="false" globbing="false" pipelineInput="false" position="named" aliases=""><maml:name>Force</maml:name><maml:description><maml:para>Removes a developer license without prompting you for confirmation. By default, the cmdlet prompts you for confirmation before it proceeds.</maml:para></maml:description><command:parameterValue required="false" variableLength="false">SwitchParameter</command:parameterValue><dev:type><maml:name>SwitchParameter</maml:name><maml:uri /></dev:type><dev:defaultValue>false</dev:defaultValue></command:parameter><command:parameter required="false" variableLength="true" globbing="false" pipelineInput="false" position="named"><maml:name>Confirm</maml:name><maml:description><maml:para>Prompts you for confirmation before running the cmdlet.</maml:para></maml:description><command:parameterValue required="false" variableLength="false">SwitchParameter</command:parameterValue><dev:type><maml:name>SwitchParameter</maml:name><maml:uri /></dev:type><dev:defaultValue>false</dev:defaultValue></command:parameter><command:parameter required="false" variableLength="true" globbing="false" pipelineInput="false" position="named"><maml:name>WhatIf</maml:name><maml:description><maml:para>Shows what would happen if the cmdlet runs. The cmdlet is not run.</maml:para></maml:description><command:parameterValue required="false" variableLength="false">SwitchParameter</command:parameterValue><dev:type><maml:name>SwitchParameter</maml:name><maml:uri /></dev:type><dev:defaultValue>false</dev:defaultValue></command:parameter></command:parameters><command:inputTypes><command:inputType><dev:type><maml:name></maml:name><maml:uri></maml:uri><maml:description><maml:para /></maml:description></dev:type><maml:description></maml:description></command:inputType></command:inputTypes><command:returnValues><command:returnValue><dev:type><maml:name></maml:name><maml:uri></maml:uri><maml:description><maml:para /></maml:description></dev:type><maml:description></maml:description></command:returnValue></command:returnValues><command:terminatingErrors /><command:nonTerminatingErrors /><command:examples><command:example><maml:title>Example 1: Remove a developer license</maml:title><maml:introduction><maml:para></maml:para></maml:introduction><dev:code>PS C:\&gt; Unregister-WindowsDeveloperLicense
</dev:code><dev:remarks><maml:para>This command removes a developer license from the current computer. The cmdlet prompts you for confirmation before it removes the license. To skip this prompt, use the Force parameter.</maml:para></dev:remarks><command:commandLines><command:commandLine><command:commandText /></command:commandLine></command:commandLines></command:example></command:examples><maml:relatedLinks><maml:navigationLink><maml:linkText>Online Version:</maml:linkText><maml:uri>http://go.microsoft.com/fwlink/p/?linkid=287616</maml:uri></maml:navigationLink><maml:navigationLink><maml:linkText>Get-WindowsDeveloperLicense</maml:linkText><maml:uri /></maml:navigationLink><maml:navigationLink><maml:linkText>Show-WindowsDeveloperLicenseRegistration</maml:linkText><maml:uri /></maml:navigationLink></maml:relatedLinks></command:command>

</helpItems>

