﻿<?xml version = "1.0" encoding = "utf-8" ?>

<helpItems schema="maml">

<command:command xmlns:maml="http://schemas.microsoft.com/maml/2004/10" xmlns:command="http://schemas.microsoft.com/maml/dev/command/2004/10" xmlns:dev="http://schemas.microsoft.com/maml/dev/2004/10" xmlns:MSHelp="http://msdn.microsoft.com/mshelp"><command:details><command:name>Export-NpsConfiguration</command:name><maml:description><maml:para>Exports NPS settings. </maml:para></maml:description><maml:copyright><maml:para /></maml:copyright><command:verb>Export</command:verb><command:noun>NpsConfiguration</command:noun><dev:version /></command:details><maml:description><maml:para>The Export-NpsConfiguration cmdlet exports settings for Network Policy Server (NPS). NPS manages network access policies for client health, connection request authentication, and connection request authorization. You can use NPS as a Remote Authentication Dial-In User Service (RADIUS) proxy to forward connection requests to NPS or other RADIUS servers that you configure in remote RADIUS server groups. For more information about NPS, see <maml:navigationLink><maml:linkText>Network Policy Server</maml:linkText><maml:uri></maml:uri></maml:navigationLink> (http://technet.microsoft.com/en-us/library/cc732912.aspx) on TechNet.</maml:para><maml:para>The exported file contains unencrypted shared secrets for RADIUS clients and members of remote RADIUS server groups. Because of this, make sure that you save the file to a secure location. </maml:para><maml:para>The export process does not include Logging settings for Microsoft SQL Server in the exported file. After you import the exported file to another NPS server, you must manually configure SQL Server Logging on the new server.</maml:para></maml:description><command:syntax><command:syntaxItem><maml:name>Export-NpsConfiguration</maml:name><command:parameter required="true" variableLength="false" globbing="false" pipelineInput="True (ByValue)" position="1" aliases=""><maml:name>Path</maml:name><maml:description><maml:para>Specifies the full path of the export file.
</maml:para></maml:description><command:parameterValue required="true" variableLength="false">String</command:parameterValue></command:parameter></command:syntaxItem></command:syntax><command:parameters><command:parameter required="true" variableLength="false" globbing="false" pipelineInput="True (ByValue)" position="1" aliases=""><maml:name>Path</maml:name><maml:description><maml:para>Specifies the full path of the export file.
</maml:para></maml:description><command:parameterValue required="true" variableLength="false">String</command:parameterValue><dev:type><maml:name>String</maml:name><maml:uri /></dev:type><dev:defaultValue></dev:defaultValue></command:parameter></command:parameters><command:inputTypes><command:inputType><dev:type><maml:name></maml:name><maml:uri></maml:uri><maml:description><maml:para /></maml:description></dev:type><maml:description></maml:description></command:inputType></command:inputTypes><command:returnValues><command:returnValue><dev:type><maml:name>None</maml:name><maml:uri></maml:uri><maml:description><maml:para /></maml:description></dev:type><maml:description></maml:description></command:returnValue></command:returnValues><command:terminatingErrors /><command:nonTerminatingErrors /><command:examples><command:example><maml:title>Example 1: Export settings from a Network Policy Server to a file</maml:title><maml:introduction><maml:para></maml:para></maml:introduction><dev:code>PS C:\&gt;Export-NpsConfiguration -Path C:\Npsconfig.xml

</dev:code><dev:remarks><maml:para>This command exports settings from NPS to the file named C:\Npsconfig.xml.</maml:para></dev:remarks><command:commandLines><command:commandLine><command:commandText /></command:commandLine></command:commandLines></command:example></command:examples><maml:relatedLinks><maml:navigationLink><maml:linkText>Online Version:</maml:linkText><maml:uri>http://go.microsoft.com/fwlink/?linkid=287808</maml:uri></maml:navigationLink><maml:navigationLink><maml:linkText>Import-NpsSettings</maml:linkText><maml:uri /></maml:navigationLink></maml:relatedLinks></command:command>

<command:command xmlns:maml="http://schemas.microsoft.com/maml/2004/10" xmlns:command="http://schemas.microsoft.com/maml/dev/command/2004/10" xmlns:dev="http://schemas.microsoft.com/maml/dev/2004/10" xmlns:MSHelp="http://msdn.microsoft.com/mshelp"><command:details><command:name>Get-NpsRadiusClient</command:name><maml:description><maml:para>Gets RADIUS clients.</maml:para></maml:description><maml:copyright><maml:para /></maml:copyright><command:verb>Get</command:verb><command:noun>NpsRadiusClient</command:noun><dev:version /></command:details><maml:description><maml:para>The Get-NpsRadiusClient cmdlet gets Remote Authentication Dial-In User Service (RADIUS) clients. A RADIUS client uses a RADIUS server to manage authentication, authorization, and accounting requests that the client sends. A RADIUS client can be an access server, such as a dial-up server or wireless access point, or a RADIUS proxy.</maml:para></maml:description><command:syntax><command:syntaxItem><maml:name>Get-NpsRadiusClient</maml:name></command:syntaxItem></command:syntax><command:parameters></command:parameters><command:inputTypes><command:inputType><dev:type><maml:name></maml:name><maml:uri></maml:uri><maml:description><maml:para /></maml:description></dev:type><maml:description></maml:description></command:inputType></command:inputTypes><command:returnValues><command:returnValue><dev:type><maml:name>NpsRadiusClient[]</maml:name><maml:uri></maml:uri><maml:description><maml:para /></maml:description></dev:type><maml:description></maml:description></command:returnValue></command:returnValues><command:terminatingErrors /><command:nonTerminatingErrors /><command:examples><command:example><maml:title>Example 1: Get all RADIUS clients</maml:title><maml:introduction><maml:para></maml:para></maml:introduction><dev:code>PS C:\&gt;$MyRadiusClients = Get-NpsRadiusClient
</dev:code><dev:remarks><maml:para>This command gets a list of all RADIUS clients and puts the list in the variable named $MyRadiusClients.</maml:para></dev:remarks><command:commandLines><command:commandLine><command:commandText /></command:commandLine></command:commandLines></command:example></command:examples><maml:relatedLinks><maml:navigationLink><maml:linkText>Online Version:</maml:linkText><maml:uri>http://go.microsoft.com/fwlink/?linkid=287809</maml:uri></maml:navigationLink><maml:navigationLink><maml:linkText></maml:linkText><maml:uri /></maml:navigationLink><maml:navigationLink><maml:linkText>New-NpsRadiusClient</maml:linkText><maml:uri /></maml:navigationLink><maml:navigationLink><maml:linkText>Remove-NpsRadiusClient</maml:linkText><maml:uri /></maml:navigationLink><maml:navigationLink><maml:linkText>Set-NpsRadiusClient</maml:linkText><maml:uri /></maml:navigationLink></maml:relatedLinks></command:command>

<command:command xmlns:maml="http://schemas.microsoft.com/maml/2004/10" xmlns:command="http://schemas.microsoft.com/maml/dev/command/2004/10" xmlns:dev="http://schemas.microsoft.com/maml/dev/2004/10" xmlns:MSHelp="http://msdn.microsoft.com/mshelp"><command:details><command:name>Get-NpsRemediationServer</command:name><maml:description><maml:para>Retrieves a list of remediation servers from a remediation server group.</maml:para></maml:description><maml:copyright><maml:para /></maml:copyright><command:verb>Get</command:verb><command:noun>NpsRemediationServer</command:noun><dev:version /></command:details><maml:description><maml:para>The Get-NpsRemediationServer cmdlet retrieves a list of remediation servers from the specified remediation server group.</maml:para><maml:para>In Network Access Protection (NAP), the network policies on the Microsoft Windows Network Policy Server (NPS) use remediation to enforce NAP for clients whose health state does not comply with policy requirements and to bring those clients into a compliant state. Remediation servers provide the resources that clients need to become compliant including the client management point, the software update point, or distribution points that contain software updates.</maml:para><maml:para>For more information about remediation, see <maml:navigationLink><maml:linkText>NAP Configuration Overview</maml:linkText><maml:uri></maml:uri></maml:navigationLink> (http://technet.microsoft.com/library/dd125319(v=ws.10).aspx) on TechNet.</maml:para></maml:description><command:syntax><command:syntaxItem><maml:name>Get-NpsRemediationServer</maml:name><command:parameter required="true" variableLength="false" globbing="false" pipelineInput="false" position="1" aliases=""><maml:name>RemediationServerGroup</maml:name><maml:description><maml:para>Specifies the name of the remediation server group from which to return remediation servers.</maml:para></maml:description><command:parameterValue required="true" variableLength="false">String</command:parameterValue></command:parameter></command:syntaxItem></command:syntax><command:parameters><command:parameter required="true" variableLength="false" globbing="false" pipelineInput="false" position="1" aliases=""><maml:name>RemediationServerGroup</maml:name><maml:description><maml:para>Specifies the name of the remediation server group from which to return remediation servers.</maml:para></maml:description><command:parameterValue required="true" variableLength="false">String</command:parameterValue><dev:type><maml:name>String</maml:name><maml:uri /></dev:type><dev:defaultValue></dev:defaultValue></command:parameter></command:parameters><command:inputTypes><command:inputType><dev:type><maml:name></maml:name><maml:uri></maml:uri><maml:description><maml:para /></maml:description></dev:type><maml:description></maml:description></command:inputType></command:inputTypes><command:returnValues><command:returnValue><dev:type><maml:name>NpsRemediationServer[]</maml:name><maml:uri></maml:uri><maml:description><maml:para /></maml:description></dev:type><maml:description></maml:description></command:returnValue></command:returnValues><command:terminatingErrors /><command:nonTerminatingErrors /><command:examples><command:example><maml:title>Example 1: Get a list of remediation servers from a remediation server group</maml:title><maml:introduction><maml:para></maml:para></maml:introduction><dev:code>PS C:\&gt;$MyRemediationServers = Get-NpsRemediationServer -RemediationServerGroup "ContosoRemediationServers"

</dev:code><dev:remarks><maml:para>This command gets a list of the remediation servers from the remediation server group named "ContosoRemediationServers" and assigns them to the variable named $MyRemediationServers.</maml:para></dev:remarks><command:commandLines><command:commandLine><command:commandText /></command:commandLine></command:commandLines></command:example></command:examples><maml:relatedLinks><maml:navigationLink><maml:linkText>Online Version:</maml:linkText><maml:uri>http://go.microsoft.com/fwlink/?linkid=287810</maml:uri></maml:navigationLink><maml:navigationLink><maml:linkText>Get-NpsRemediationServerGroup</maml:linkText><maml:uri /></maml:navigationLink><maml:navigationLink><maml:linkText>New-NpsRemediationServer</maml:linkText><maml:uri /></maml:navigationLink><maml:navigationLink><maml:linkText>New-NpsRemediationServerGroup</maml:linkText><maml:uri /></maml:navigationLink><maml:navigationLink><maml:linkText>Remove-NpsRemediationServer</maml:linkText><maml:uri /></maml:navigationLink><maml:navigationLink><maml:linkText>Remove-NpsRemediationServerGroup</maml:linkText><maml:uri /></maml:navigationLink></maml:relatedLinks></command:command>

<command:command xmlns:maml="http://schemas.microsoft.com/maml/2004/10" xmlns:command="http://schemas.microsoft.com/maml/dev/command/2004/10" xmlns:dev="http://schemas.microsoft.com/maml/dev/2004/10" xmlns:MSHelp="http://msdn.microsoft.com/mshelp"><command:details><command:name>Get-NpsRemediationServerGroup</command:name><maml:description><maml:para>Retrieves all remediation server groups from a Network Policy Server.</maml:para></maml:description><maml:copyright><maml:para /></maml:copyright><command:verb>Get</command:verb><command:noun>NpsRemediationServerGroup</command:noun><dev:version /></command:details><maml:description><maml:para>The Get-NpsRemediationServerGroup retrieves all remediation server groups from a Network Policy Server (NPS). A remediation server group is a group of remediation servers in a Microsoft Windows NPS configuration. In Network Access Protection (NAP), the network policies on an NPS use remediation to enforce NAP for clients whose health state does not comply with policy requirements and to bring those clients into a compliant state. Remediation servers provide the resources that clients need to become compliant including the client management point, the software update point, or distribution points that contain software updates.</maml:para></maml:description><command:syntax><command:syntaxItem><maml:name>Get-NpsRemediationServerGroup</maml:name></command:syntaxItem></command:syntax><command:parameters></command:parameters><command:inputTypes><command:inputType><dev:type><maml:name></maml:name><maml:uri></maml:uri><maml:description><maml:para /></maml:description></dev:type><maml:description></maml:description></command:inputType></command:inputTypes><command:returnValues><command:returnValue><dev:type><maml:name>RemediationServerGroup[]</maml:name><maml:uri></maml:uri><maml:description><maml:para /></maml:description></dev:type><maml:description></maml:description></command:returnValue></command:returnValues><command:terminatingErrors /><command:nonTerminatingErrors /><command:examples><command:example><maml:title>Example 1: Get remediation groups from a Network Policy Server</maml:title><maml:introduction><maml:para></maml:para></maml:introduction><dev:code>PS C:\&gt;$NPSRemedGroups01 = Get-NpsRemediationServerGroup
</dev:code><dev:remarks><maml:para>This command gets the remediation groups from an NPS and assigns them to the variable named $NPSRemedGroups01.</maml:para></dev:remarks><command:commandLines><command:commandLine><command:commandText /></command:commandLine></command:commandLines></command:example></command:examples><maml:relatedLinks><maml:navigationLink><maml:linkText>Online Version:</maml:linkText><maml:uri>http://go.microsoft.com/fwlink/?linkid=287811</maml:uri></maml:navigationLink><maml:navigationLink><maml:linkText>Get-NpsRemediationServer</maml:linkText><maml:uri /></maml:navigationLink><maml:navigationLink><maml:linkText>New-NpsRemediationServer</maml:linkText><maml:uri /></maml:navigationLink><maml:navigationLink><maml:linkText>New-NpsRemediationServerGroup</maml:linkText><maml:uri /></maml:navigationLink><maml:navigationLink><maml:linkText>Remove-NpsRemediationServer</maml:linkText><maml:uri /></maml:navigationLink><maml:navigationLink><maml:linkText>Remove-NpsRemediationServerGroup</maml:linkText><maml:uri /></maml:navigationLink></maml:relatedLinks></command:command>

<command:command xmlns:maml="http://schemas.microsoft.com/maml/2004/10" xmlns:command="http://schemas.microsoft.com/maml/dev/command/2004/10" xmlns:dev="http://schemas.microsoft.com/maml/dev/2004/10" xmlns:MSHelp="http://msdn.microsoft.com/mshelp"><command:details><command:name>Get-NpsSharedSecretTemplate</command:name><maml:description><maml:para>Returns a list of available shared secret templates. </maml:para></maml:description><maml:copyright><maml:para /></maml:copyright><command:verb>Get</command:verb><command:noun>NpsSharedSecretTemplate</command:noun><dev:version /></command:details><maml:description><maml:para>The Get-NpsSharedSecretTemplate cmdlet returns a list of available shared secret templates. Network Policy Server (NPS) includes a template type that you can use to assign a shared secret when you configure a Remote Authentication Dial-In User Service (RADIUS) client or server.</maml:para><maml:para>A shared secret is a text string that serves as a password between a Remote Authentication Dial-In User Service (RADIUS) client and a RADIUS server, a RADIUS client and a RADIUS proxy, or a RADIUS proxy and a RADIUS server. RADIUS clients, servers, and proxies use shared secrets to verify that the RADIUS messages they receive originate with a RADIUS-enabled device that is configured with the same shared secret.</maml:para></maml:description><command:syntax><command:syntaxItem><maml:name>Get-NpsSharedSecretTemplate</maml:name><command:parameter required="false" variableLength="false" globbing="false" pipelineInput="True (ByValue)" position="named" aliases=""><maml:name>Name</maml:name><maml:description><maml:para>Specifies the name of the shared secret template to return. If you do not specify this parameter, the cmdlet returns all shared secret templates.</maml:para></maml:description><command:parameterValue required="true" variableLength="false">String</command:parameterValue></command:parameter></command:syntaxItem></command:syntax><command:parameters><command:parameter required="false" variableLength="false" globbing="false" pipelineInput="True (ByValue)" position="named" aliases=""><maml:name>Name</maml:name><maml:description><maml:para>Specifies the name of the shared secret template to return. If you do not specify this parameter, the cmdlet returns all shared secret templates.</maml:para></maml:description><command:parameterValue required="true" variableLength="false">String</command:parameterValue><dev:type><maml:name>String</maml:name><maml:uri /></dev:type><dev:defaultValue></dev:defaultValue></command:parameter></command:parameters><command:inputTypes><command:inputType><dev:type><maml:name></maml:name><maml:uri></maml:uri><maml:description><maml:para /></maml:description></dev:type><maml:description></maml:description></command:inputType></command:inputTypes><command:returnValues><command:returnValue><dev:type><maml:name>NpsSharedSecretTemplate[]</maml:name><maml:uri></maml:uri><maml:description><maml:para /></maml:description></dev:type><maml:description></maml:description></command:returnValue></command:returnValues><command:terminatingErrors /><command:nonTerminatingErrors /><command:examples><command:example><maml:title>Example 1: Get shared secrets templates from a Network Policy Server</maml:title><maml:introduction><maml:para></maml:para></maml:introduction><dev:code>PS C:\&gt;$NPSSharedSecrets01 = Get-NPSSharedSecretTemplate

</dev:code><dev:remarks><maml:para>This command gets the shared secrets templates from an NPS and puts them in the variable named $NPSSharedSecrets01.</maml:para></dev:remarks><command:commandLines><command:commandLine><command:commandText /></command:commandLine></command:commandLines></command:example></command:examples><maml:relatedLinks><maml:navigationLink><maml:linkText>Online Version:</maml:linkText><maml:uri>http://go.microsoft.com/fwlink/?linkid=287812</maml:uri></maml:navigationLink><maml:navigationLink><maml:linkText></maml:linkText><maml:uri /></maml:navigationLink></maml:relatedLinks></command:command>

<command:command xmlns:maml="http://schemas.microsoft.com/maml/2004/10" xmlns:command="http://schemas.microsoft.com/maml/dev/command/2004/10" xmlns:dev="http://schemas.microsoft.com/maml/dev/2004/10" xmlns:MSHelp="http://msdn.microsoft.com/mshelp"><command:details><command:name>Import-NpsConfiguration</command:name><maml:description><maml:para>Imports NPS settings.</maml:para></maml:description><maml:copyright><maml:para /></maml:copyright><command:verb>Import</command:verb><command:noun>NpsConfiguration</command:noun><dev:version /></command:details><maml:description><maml:para>The Import-NpsConfiguration cmdlet imports settings for Network Policy Server (NPS). NPS manages network access policies for client health, connection request authentication, and connection request authorization. You can use NPS as a Remote Authentication Dial-In User Service (RADIUS) proxy to forward connection requests to NPS or other RADIUS servers that you configure in remote RADIUS server groups. For more information about NPS, see <maml:navigationLink><maml:linkText>Network Policy Server</maml:linkText><maml:uri></maml:uri></maml:navigationLink> (http://technet.microsoft.com/en-us/library/cc732912.aspx) on TechNet.</maml:para></maml:description><command:syntax><command:syntaxItem><maml:name>Import-NpsConfiguration</maml:name><command:parameter required="true" variableLength="false" globbing="false" pipelineInput="True (ByValue)" position="1" aliases=""><maml:name>Path</maml:name><maml:description><maml:para>Specifies the full file path of the NPS configuration to import.</maml:para></maml:description><command:parameterValue required="true" variableLength="false">String</command:parameterValue></command:parameter></command:syntaxItem></command:syntax><command:parameters><command:parameter required="true" variableLength="false" globbing="false" pipelineInput="True (ByValue)" position="1" aliases=""><maml:name>Path</maml:name><maml:description><maml:para>Specifies the full file path of the NPS configuration to import.</maml:para></maml:description><command:parameterValue required="true" variableLength="false">String</command:parameterValue><dev:type><maml:name>String</maml:name><maml:uri /></dev:type><dev:defaultValue></dev:defaultValue></command:parameter></command:parameters><command:inputTypes><command:inputType><dev:type><maml:name></maml:name><maml:uri></maml:uri><maml:description><maml:para /></maml:description></dev:type><maml:description></maml:description></command:inputType></command:inputTypes><command:returnValues><command:returnValue><dev:type><maml:name>None</maml:name><maml:uri></maml:uri><maml:description><maml:para /></maml:description></dev:type><maml:description></maml:description></command:returnValue></command:returnValues><command:terminatingErrors /><command:nonTerminatingErrors /><command:examples><command:example><maml:title>Example 1: Import settings to a Network Policy Server</maml:title><maml:introduction><maml:para></maml:para></maml:introduction><dev:code>PS C:\&gt;Import-NpsConfiguration -Path "C:\Npsconfig.xml"

</dev:code><dev:remarks><maml:para>This command imports settings from the file named C:\Npsconfig.xml to NPS.</maml:para></dev:remarks><command:commandLines><command:commandLine><command:commandText /></command:commandLine></command:commandLines></command:example></command:examples><maml:relatedLinks><maml:navigationLink><maml:linkText>Online Version:</maml:linkText><maml:uri>http://go.microsoft.com/fwlink/?linkid=287813</maml:uri></maml:navigationLink><maml:navigationLink><maml:linkText>Export-NpsConfiguration</maml:linkText><maml:uri /></maml:navigationLink></maml:relatedLinks></command:command>

<command:command xmlns:maml="http://schemas.microsoft.com/maml/2004/10" xmlns:command="http://schemas.microsoft.com/maml/dev/command/2004/10" xmlns:dev="http://schemas.microsoft.com/maml/dev/2004/10" xmlns:MSHelp="http://msdn.microsoft.com/mshelp"><command:details><command:name>New-NpsRadiusClient</command:name><maml:description><maml:para>Creates a RADIUS client.</maml:para></maml:description><maml:copyright><maml:para /></maml:copyright><command:verb>New</command:verb><command:noun>NpsRadiusClient</command:noun><dev:version /></command:details><maml:description><maml:para>The New-NpsRadiusClient cmdlet creates a Remote Authentication Dial-In User Service (RADIUS) client. A RADIUS client uses a RADIUS server to manage authentication, authorization, and accounting requests that the client sends. A RADIUS client can be an access server, such as a dial-up server or wireless access point, or a RADIUS proxy.</maml:para></maml:description><command:syntax><command:syntaxItem><maml:name>New-NpsRadiusClient</maml:name><command:parameter required="true" variableLength="false" globbing="false" pipelineInput="false" position="1" aliases=""><maml:name>Name</maml:name><maml:description><maml:para>Specifies a string that contains the name of the RADIUS client. This name must be unique.</maml:para></maml:description><command:parameterValue required="true" variableLength="false">String</command:parameterValue></command:parameter><command:parameter required="true" variableLength="false" globbing="false" pipelineInput="True (ByPropertyName)" position="2" aliases=""><maml:name>Address</maml:name><maml:description><maml:para>Specifies a fully qualified domain name (FQDN) or IP address of the RADIUS client. </maml:para></maml:description><command:parameterValue required="true" variableLength="false">String</command:parameterValue></command:parameter><command:parameter required="false" variableLength="false" globbing="false" pipelineInput="True (ByPropertyName)" position="named" aliases=""><maml:name>AuthAttributeRequired</maml:name><maml:description><maml:para>Indicates whether the server has enabled verification for Access-Request messages. The default is disabled.</maml:para></maml:description><command:parameterValue required="true" variableLength="false">Boolean</command:parameterValue></command:parameter><command:parameter required="false" variableLength="false" globbing="false" pipelineInput="false" position="named" aliases=""><maml:name>Disabled</maml:name><maml:description><maml:para>Indicates that the RADIUS client is disabled.</maml:para></maml:description></command:parameter><command:parameter required="false" variableLength="false" globbing="false" pipelineInput="True (ByPropertyName)" position="named" aliases=""><maml:name>NapCompatible</maml:name><maml:description><maml:para>Indicates whether the RADIUS client is compatible with Network Access Protection (NAP). The default is $False, which means that the RADIUS client is not compatible with NAP. </maml:para></maml:description><command:parameterValue required="true" variableLength="false">Boolean</command:parameterValue></command:parameter><command:parameter required="false" variableLength="false" globbing="false" pipelineInput="True (ByPropertyName)" position="named" aliases=""><maml:name>SharedSecret</maml:name><maml:description><maml:para>Specifies a shared secret key that is configured at the RADIUS client. Windows Server® 2012 uses the shared secret key to validate messages between the RADIUS client and NPS.</maml:para></maml:description><command:parameterValue required="true" variableLength="false">String</command:parameterValue></command:parameter><command:parameter required="false" variableLength="false" globbing="false" pipelineInput="True (ByPropertyName)" position="named" aliases=""><maml:name>VendorName</maml:name><maml:description><maml:para>Specifies the RADIUS client vendor name. The default is "RADIUS standard".</maml:para></maml:description><command:parameterValue required="true" variableLength="false">String</command:parameterValue></command:parameter></command:syntaxItem></command:syntax><command:parameters><command:parameter required="true" variableLength="false" globbing="false" pipelineInput="True (ByPropertyName)" position="2" aliases=""><maml:name>Address</maml:name><maml:description><maml:para>Specifies a fully qualified domain name (FQDN) or IP address of the RADIUS client. </maml:para></maml:description><command:parameterValue required="true" variableLength="false">String</command:parameterValue><dev:type><maml:name>String</maml:name><maml:uri /></dev:type><dev:defaultValue></dev:defaultValue></command:parameter><command:parameter required="false" variableLength="false" globbing="false" pipelineInput="True (ByPropertyName)" position="named" aliases=""><maml:name>AuthAttributeRequired</maml:name><maml:description><maml:para>Indicates whether the server has enabled verification for Access-Request messages. The default is disabled.</maml:para></maml:description><command:parameterValue required="true" variableLength="false">Boolean</command:parameterValue><dev:type><maml:name>Boolean</maml:name><maml:uri /></dev:type><dev:defaultValue>False</dev:defaultValue></command:parameter><command:parameter required="false" variableLength="false" globbing="false" pipelineInput="false" position="named" aliases=""><maml:name>Disabled</maml:name><maml:description><maml:para>Indicates that the RADIUS client is disabled.</maml:para></maml:description><command:parameterValue required="false" variableLength="false">SwitchParameter</command:parameterValue><dev:type><maml:name>SwitchParameter</maml:name><maml:uri /></dev:type><dev:defaultValue></dev:defaultValue></command:parameter><command:parameter required="true" variableLength="false" globbing="false" pipelineInput="false" position="1" aliases=""><maml:name>Name</maml:name><maml:description><maml:para>Specifies a string that contains the name of the RADIUS client. This name must be unique.</maml:para></maml:description><command:parameterValue required="true" variableLength="false">String</command:parameterValue><dev:type><maml:name>String</maml:name><maml:uri /></dev:type><dev:defaultValue></dev:defaultValue></command:parameter><command:parameter required="false" variableLength="false" globbing="false" pipelineInput="True (ByPropertyName)" position="named" aliases=""><maml:name>NapCompatible</maml:name><maml:description><maml:para>Indicates whether the RADIUS client is compatible with Network Access Protection (NAP). The default is $False, which means that the RADIUS client is not compatible with NAP. </maml:para></maml:description><command:parameterValue required="true" variableLength="false">Boolean</command:parameterValue><dev:type><maml:name>Boolean</maml:name><maml:uri /></dev:type><dev:defaultValue>False</dev:defaultValue></command:parameter><command:parameter required="false" variableLength="false" globbing="false" pipelineInput="True (ByPropertyName)" position="named" aliases=""><maml:name>SharedSecret</maml:name><maml:description><maml:para>Specifies a shared secret key that is configured at the RADIUS client. Windows Server® 2012 uses the shared secret key to validate messages between the RADIUS client and NPS.</maml:para></maml:description><command:parameterValue required="true" variableLength="false">String</command:parameterValue><dev:type><maml:name>String</maml:name><maml:uri /></dev:type><dev:defaultValue></dev:defaultValue></command:parameter><command:parameter required="false" variableLength="false" globbing="false" pipelineInput="True (ByPropertyName)" position="named" aliases=""><maml:name>VendorName</maml:name><maml:description><maml:para>Specifies the RADIUS client vendor name. The default is "RADIUS standard".</maml:para></maml:description><command:parameterValue required="true" variableLength="false">String</command:parameterValue><dev:type><maml:name>String</maml:name><maml:uri /></dev:type><dev:defaultValue></dev:defaultValue></command:parameter></command:parameters><command:inputTypes><command:inputType><dev:type><maml:name></maml:name><maml:uri></maml:uri><maml:description><maml:para /></maml:description></dev:type><maml:description></maml:description></command:inputType></command:inputTypes><command:returnValues><command:returnValue><dev:type><maml:name>NpsRadiusClient</maml:name><maml:uri></maml:uri><maml:description><maml:para /></maml:description></dev:type><maml:description></maml:description></command:returnValue></command:returnValues><command:terminatingErrors /><command:nonTerminatingErrors /><command:examples><command:example><maml:title>Example 1: Add a new RADIUS client</maml:title><maml:introduction><maml:para></maml:para></maml:introduction><dev:code>PS C:\&gt;New-NpsRadiusClient –Address "10.0.0.200" –Name "WirelessAP" –NapCompatible $True –SharedSecret "9vq7822hFsJ8rm"

</dev:code><dev:remarks><maml:para>This command adds an NAP-compatible wireless access point as a RADIUS client to the NPS configuration. This RADIUS client has the IP address 10.0.0.200, the name WirelessAP, an enabled state, and a shared secret of 9vq7822hFsJ8rm.</maml:para></dev:remarks><command:commandLines><command:commandLine><command:commandText /></command:commandLine></command:commandLines></command:example></command:examples><maml:relatedLinks><maml:navigationLink><maml:linkText>Online Version:</maml:linkText><maml:uri>http://go.microsoft.com/fwlink/?linkid=287814</maml:uri></maml:navigationLink><maml:navigationLink><maml:linkText>Get-NpsRadiusClient</maml:linkText><maml:uri /></maml:navigationLink><maml:navigationLink><maml:linkText>Remove-NpsRadiusClient</maml:linkText><maml:uri /></maml:navigationLink><maml:navigationLink><maml:linkText>Set-NpsRadiusClient</maml:linkText><maml:uri /></maml:navigationLink></maml:relatedLinks></command:command>

<command:command xmlns:maml="http://schemas.microsoft.com/maml/2004/10" xmlns:command="http://schemas.microsoft.com/maml/dev/command/2004/10" xmlns:dev="http://schemas.microsoft.com/maml/dev/2004/10" xmlns:MSHelp="http://msdn.microsoft.com/mshelp"><command:details><command:name>New-NpsRemediationServer</command:name><maml:description><maml:para>Creates a remediation server.</maml:para></maml:description><maml:copyright><maml:para /></maml:copyright><command:verb>New</command:verb><command:noun>NpsRemediationServer</command:noun><dev:version /></command:details><maml:description><maml:para>The New-NpsRemediationServer cmdlet creates a remediation server in a remediation server group that you specify. </maml:para><maml:para>In Network Access Protection (NAP), the network policies on the Microsoft Windows Network Policy Server (NPS) use remediation to enforce NAP for clients whose health state does not comply with policy requirements and to bring those clients into a compliant state. Remediation servers provide the resources that clients need to become compliant including the client management point, the software update point, or distribution points that contain software updates.</maml:para></maml:description><command:syntax><command:syntaxItem><maml:name>New-NpsRemediationServer</maml:name><command:parameter required="true" variableLength="false" globbing="false" pipelineInput="false" position="1" aliases=""><maml:name>RemediationServerGroup</maml:name><maml:description><maml:para>Specifies the name of the remediation server group to which you add the server.</maml:para></maml:description><command:parameterValue required="true" variableLength="false">String</command:parameterValue></command:parameter><command:parameter required="true" variableLength="false" globbing="false" pipelineInput="false" position="2" aliases=""><maml:name>Address</maml:name><maml:description><maml:para>Specifies the fully qualified domain name (FQDN) or IP address of the remediation server to add. The address must be unique.</maml:para></maml:description><command:parameterValue required="true" variableLength="false">String</command:parameterValue></command:parameter><command:parameter required="false" variableLength="false" globbing="false" pipelineInput="false" position="named" aliases=""><maml:name>Name</maml:name><maml:description><maml:para>Specifies the name of the remediation server to add.</maml:para></maml:description><command:parameterValue required="true" variableLength="false">String</command:parameterValue></command:parameter></command:syntaxItem></command:syntax><command:parameters><command:parameter required="true" variableLength="false" globbing="false" pipelineInput="false" position="2" aliases=""><maml:name>Address</maml:name><maml:description><maml:para>Specifies the fully qualified domain name (FQDN) or IP address of the remediation server to add. The address must be unique.</maml:para></maml:description><command:parameterValue required="true" variableLength="false">String</command:parameterValue><dev:type><maml:name>String</maml:name><maml:uri /></dev:type><dev:defaultValue></dev:defaultValue></command:parameter><command:parameter required="false" variableLength="false" globbing="false" pipelineInput="false" position="named" aliases=""><maml:name>Name</maml:name><maml:description><maml:para>Specifies the name of the remediation server to add.</maml:para></maml:description><command:parameterValue required="true" variableLength="false">String</command:parameterValue><dev:type><maml:name>String</maml:name><maml:uri /></dev:type><dev:defaultValue></dev:defaultValue></command:parameter><command:parameter required="true" variableLength="false" globbing="false" pipelineInput="false" position="1" aliases=""><maml:name>RemediationServerGroup</maml:name><maml:description><maml:para>Specifies the name of the remediation server group to which you add the server.</maml:para></maml:description><command:parameterValue required="true" variableLength="false">String</command:parameterValue><dev:type><maml:name>String</maml:name><maml:uri /></dev:type><dev:defaultValue></dev:defaultValue></command:parameter></command:parameters><command:inputTypes><command:inputType><dev:type><maml:name></maml:name><maml:uri></maml:uri><maml:description><maml:para /></maml:description></dev:type><maml:description></maml:description></command:inputType></command:inputTypes><command:returnValues><command:returnValue><dev:type><maml:name>NpsRemediationServer</maml:name><maml:uri></maml:uri><maml:description><maml:para /></maml:description></dev:type><maml:description></maml:description></command:returnValue></command:returnValues><command:terminatingErrors /><command:nonTerminatingErrors /><command:examples><command:example><maml:title>Example 1: Add a new remediation server</maml:title><maml:introduction><maml:para></maml:para></maml:introduction><dev:code>PS C:\&gt;New-NpsRemediationServer –Address "Server1.adatum.com" –Name "Seattle Remediation Server" –RemediationServerGroup "Servers1" 
</dev:code><dev:remarks><maml:para>This command adds a remediation server with the FQDN Server1.adatum.com to a remediation server group named Servers1. The server name is Seattle Remediation Server.</maml:para></dev:remarks><command:commandLines><command:commandLine><command:commandText /></command:commandLine></command:commandLines></command:example></command:examples><maml:relatedLinks><maml:navigationLink><maml:linkText>Online Version:</maml:linkText><maml:uri>http://go.microsoft.com/fwlink/?linkid=287815</maml:uri></maml:navigationLink><maml:navigationLink><maml:linkText>Get-NpsRemediationServer</maml:linkText><maml:uri /></maml:navigationLink><maml:navigationLink><maml:linkText>Get-NpsRemediationServerGroup</maml:linkText><maml:uri /></maml:navigationLink><maml:navigationLink><maml:linkText>New-NpsRemediationServerGroup</maml:linkText><maml:uri /></maml:navigationLink><maml:navigationLink><maml:linkText>Remove-NpsRemediationServer</maml:linkText><maml:uri /></maml:navigationLink><maml:navigationLink><maml:linkText>Remove-NpsRemediationServerGroup</maml:linkText><maml:uri /></maml:navigationLink></maml:relatedLinks></command:command>

<command:command xmlns:maml="http://schemas.microsoft.com/maml/2004/10" xmlns:command="http://schemas.microsoft.com/maml/dev/command/2004/10" xmlns:dev="http://schemas.microsoft.com/maml/dev/2004/10" xmlns:MSHelp="http://msdn.microsoft.com/mshelp"><command:details><command:name>New-NpsRemediationServerGroup</command:name><maml:description><maml:para>Creates a remediation server group.</maml:para></maml:description><maml:copyright><maml:para /></maml:copyright><command:verb>New</command:verb><command:noun>NpsRemediationServerGroup</command:noun><dev:version /></command:details><maml:description><maml:para>The New-NpsRemediationServerGroup cmdlet creates a remediation server group. A remediation server group is a group of remediation servers in a Microsoft Windows Network Policy Server (NPS) configuration. In Network Access Protection (NAP), the network policies on an NPS use remediation to enforce NAP for clients whose health state does not comply with policy requirements and to bring those clients into a compliant state. Remediation servers provide the resources that clients need to become compliant including the client management point, the software update point, or distribution points that contain software updates.</maml:para><maml:para>You must configure remediation servers in a remediation server group on NPS if you use Dynamic Host Configuration Protocol (DHCP) enforcement. A remediation server group usually includes infrastructure servers such as Domain Name Service (DNS) servers, Windows Internet Naming Service (WINS) servers, and domain controllers. However, do not add servers that are configured as management points, software update points, and distribution points to a remediation server group because clients that undergo remediation dynamically supply these servers.</maml:para></maml:description><command:syntax><command:syntaxItem><maml:name>New-NpsRemediationServerGroup</maml:name><command:parameter required="true" variableLength="false" globbing="false" pipelineInput="false" position="1" aliases=""><maml:name>Name</maml:name><maml:description><maml:para>Specifies the name of a remediation server group that you add to a Network Policy Server (NPS) configuration. </maml:para></maml:description><command:parameterValue required="true" variableLength="false">String</command:parameterValue></command:parameter></command:syntaxItem></command:syntax><command:parameters><command:parameter required="true" variableLength="false" globbing="false" pipelineInput="false" position="1" aliases=""><maml:name>Name</maml:name><maml:description><maml:para>Specifies the name of a remediation server group that you add to a Network Policy Server (NPS) configuration. </maml:para></maml:description><command:parameterValue required="true" variableLength="false">String</command:parameterValue><dev:type><maml:name>String</maml:name><maml:uri /></dev:type><dev:defaultValue></dev:defaultValue></command:parameter></command:parameters><command:inputTypes><command:inputType><dev:type><maml:name></maml:name><maml:uri></maml:uri><maml:description><maml:para /></maml:description></dev:type><maml:description></maml:description></command:inputType></command:inputTypes><command:returnValues><command:returnValue><dev:type><maml:name>NpsRemediationServerGroup</maml:name><maml:uri></maml:uri><maml:description><maml:para /></maml:description></dev:type><maml:description></maml:description></command:returnValue></command:returnValues><command:terminatingErrors /><command:nonTerminatingErrors /><command:examples><command:example><maml:title>Example 1: Create a remediation server group</maml:title><maml:introduction><maml:para></maml:para></maml:introduction><dev:code>PS C:\&gt;$NWRemedServers01 = New-NpsRemediationServerGroup -Name "NWRemedServers01"
</dev:code><dev:remarks><maml:para>This command creates a remediation server group named NWRemedServers01 and assigns it to the variable named $NWRemedServers01.</maml:para></dev:remarks><command:commandLines><command:commandLine><command:commandText /></command:commandLine></command:commandLines></command:example></command:examples><maml:relatedLinks><maml:navigationLink><maml:linkText>Online Version:</maml:linkText><maml:uri>http://go.microsoft.com/fwlink/?linkid=287816</maml:uri></maml:navigationLink><maml:navigationLink><maml:linkText>Get-NpsRemediationServer</maml:linkText><maml:uri /></maml:navigationLink><maml:navigationLink><maml:linkText>Get-NpsRemediationServerGroup</maml:linkText><maml:uri /></maml:navigationLink><maml:navigationLink><maml:linkText>New-NpsRemediationServer</maml:linkText><maml:uri /></maml:navigationLink><maml:navigationLink><maml:linkText>Remove-NpsRemediationServer</maml:linkText><maml:uri /></maml:navigationLink><maml:navigationLink><maml:linkText>Remove-NpsRemediationServerGroup</maml:linkText><maml:uri /></maml:navigationLink></maml:relatedLinks></command:command>

<command:command xmlns:maml="http://schemas.microsoft.com/maml/2004/10" xmlns:command="http://schemas.microsoft.com/maml/dev/command/2004/10" xmlns:dev="http://schemas.microsoft.com/maml/dev/2004/10" xmlns:MSHelp="http://msdn.microsoft.com/mshelp"><command:details><command:name>Remove-NpsRadiusClient</command:name><maml:description><maml:para>Removes a RADIUS client.</maml:para></maml:description><maml:copyright><maml:para /></maml:copyright><command:verb>Remove</command:verb><command:noun>NpsRadiusClient</command:noun><dev:version /></command:details><maml:description><maml:para>The Remove-NpsRadiusClient cmdlet removes a Remote Authentication Dial-In User Service (RADIUS) client. A RADIUS client uses a RADIUS server to manage authentication, authorization, and accounting requests that the client sends. A RADIUS client can be an access server, such as a dial-up server or wireless access point, or a RADIUS proxy.</maml:para></maml:description><command:syntax><command:syntaxItem><maml:name>Remove-NpsRadiusClient</maml:name><command:parameter required="true" variableLength="false" globbing="false" pipelineInput="True (ByValue)" position="1" aliases=""><maml:name>Name</maml:name><maml:description><maml:para>Specifies the name of the RADIUS client to remove.</maml:para></maml:description><command:parameterValue required="true" variableLength="false">String</command:parameterValue></command:parameter></command:syntaxItem></command:syntax><command:parameters><command:parameter required="true" variableLength="false" globbing="false" pipelineInput="True (ByValue)" position="1" aliases=""><maml:name>Name</maml:name><maml:description><maml:para>Specifies the name of the RADIUS client to remove.</maml:para></maml:description><command:parameterValue required="true" variableLength="false">String</command:parameterValue><dev:type><maml:name>String</maml:name><maml:uri /></dev:type><dev:defaultValue></dev:defaultValue></command:parameter></command:parameters><command:inputTypes><command:inputType><dev:type><maml:name></maml:name><maml:uri></maml:uri><maml:description><maml:para /></maml:description></dev:type><maml:description></maml:description></command:inputType></command:inputTypes><command:returnValues><command:returnValue><dev:type><maml:name>None</maml:name><maml:uri></maml:uri><maml:description><maml:para /></maml:description></dev:type><maml:description></maml:description></command:returnValue></command:returnValues><command:terminatingErrors /><command:nonTerminatingErrors /><command:examples><command:example><maml:title>Example 1: Remove a RADIUS client</maml:title><maml:introduction><maml:para></maml:para></maml:introduction><dev:code>PS C:\&gt;Remove-NpsRadiusClient -Name "RadiusClient01"

</dev:code><dev:remarks><maml:para>This command removes a RADIUS client named RadiusClient01.</maml:para></dev:remarks><command:commandLines><command:commandLine><command:commandText /></command:commandLine></command:commandLines></command:example></command:examples><maml:relatedLinks><maml:navigationLink><maml:linkText>Online Version:</maml:linkText><maml:uri>http://go.microsoft.com/fwlink/?linkid=287817</maml:uri></maml:navigationLink><maml:navigationLink><maml:linkText>Get-NpsRadiusClient</maml:linkText><maml:uri /></maml:navigationLink><maml:navigationLink><maml:linkText>New-NpsRadiusClient</maml:linkText><maml:uri /></maml:navigationLink><maml:navigationLink><maml:linkText>Set-NpsRadiusClient</maml:linkText><maml:uri /></maml:navigationLink><maml:navigationLink><maml:linkText></maml:linkText><maml:uri /></maml:navigationLink></maml:relatedLinks></command:command>

<command:command xmlns:maml="http://schemas.microsoft.com/maml/2004/10" xmlns:command="http://schemas.microsoft.com/maml/dev/command/2004/10" xmlns:dev="http://schemas.microsoft.com/maml/dev/2004/10" xmlns:MSHelp="http://msdn.microsoft.com/mshelp"><command:details><command:name>Remove-NpsRemediationServer</command:name><maml:description><maml:para>Removes a remediation server from a remediation server group.</maml:para></maml:description><maml:copyright><maml:para /></maml:copyright><command:verb>Remove</command:verb><command:noun>NpsRemediationServer</command:noun><dev:version /></command:details><maml:description><maml:para>The Remove-NpsRemediationServer cmdlet removes a remediation server from a remediation server group that you specify. </maml:para><maml:para>In Network Access Protection (NAP), the network policies on the Microsoft Windows Network Policy Server (NPS) use remediation to enforce NAP for clients whose health state does not comply with policy requirements and to bring those clients into a compliant state. Remediation servers provide the resources that clients need to become compliant including the client management point, the software update point, or distribution points that contain software updates. For more information about remediation, see <maml:navigationLink><maml:linkText>NAP Configuration Overview</maml:linkText><maml:uri></maml:uri></maml:navigationLink> (http://technet.microsoft.com/library/dd125319(v=ws.10).aspx) on TechNet.</maml:para></maml:description><command:syntax><command:syntaxItem><maml:name>Remove-NpsRemediationServer</maml:name><command:parameter required="true" variableLength="false" globbing="false" pipelineInput="false" position="1" aliases=""><maml:name>RemediationServerGroup</maml:name><maml:description><maml:para>Specifies the name of the remediation server group from which you delete a server.</maml:para></maml:description><command:parameterValue required="true" variableLength="false">String</command:parameterValue></command:parameter><command:parameter required="true" variableLength="false" globbing="false" pipelineInput="false" position="2" aliases=""><maml:name>Address</maml:name><maml:description><maml:para>Specifies the fully qualified domain name (FQDN) or IP address of the remediation server. If more than one server with the address specified exists, the cmdlet removes all of them.</maml:para></maml:description><command:parameterValue required="true" variableLength="false">String</command:parameterValue></command:parameter></command:syntaxItem></command:syntax><command:parameters><command:parameter required="true" variableLength="false" globbing="false" pipelineInput="false" position="2" aliases=""><maml:name>Address</maml:name><maml:description><maml:para>Specifies the fully qualified domain name (FQDN) or IP address of the remediation server. If more than one server with the address specified exists, the cmdlet removes all of them.</maml:para></maml:description><command:parameterValue required="true" variableLength="false">String</command:parameterValue><dev:type><maml:name>String</maml:name><maml:uri /></dev:type><dev:defaultValue></dev:defaultValue></command:parameter><command:parameter required="true" variableLength="false" globbing="false" pipelineInput="false" position="1" aliases=""><maml:name>RemediationServerGroup</maml:name><maml:description><maml:para>Specifies the name of the remediation server group from which you delete a server.</maml:para></maml:description><command:parameterValue required="true" variableLength="false">String</command:parameterValue><dev:type><maml:name>String</maml:name><maml:uri /></dev:type><dev:defaultValue></dev:defaultValue></command:parameter></command:parameters><command:inputTypes><command:inputType><dev:type><maml:name></maml:name><maml:uri></maml:uri><maml:description><maml:para /></maml:description></dev:type><maml:description></maml:description></command:inputType></command:inputTypes><command:returnValues><command:returnValue><dev:type><maml:name>None</maml:name><maml:uri></maml:uri><maml:description><maml:para /></maml:description></dev:type><maml:description></maml:description></command:returnValue></command:returnValues><command:terminatingErrors /><command:nonTerminatingErrors /><command:examples><command:example><maml:title>Example 1: Remove a remediation server</maml:title><maml:introduction><maml:para></maml:para></maml:introduction><dev:code>PS C:\&gt;Remove-NpsRemediationServer –Address "Server1.adatum.com" –RemediationServerGroup "Servers1"

</dev:code><dev:remarks><maml:para>This command removes the remediation server with the FQDN Server1.adatum.com from the remediation server group named Servers1.</maml:para></dev:remarks><command:commandLines><command:commandLine><command:commandText /></command:commandLine></command:commandLines></command:example></command:examples><maml:relatedLinks><maml:navigationLink><maml:linkText>Online Version:</maml:linkText><maml:uri>http://go.microsoft.com/fwlink/?linkid=287818</maml:uri></maml:navigationLink><maml:navigationLink><maml:linkText>Get-NpsRemediationServer</maml:linkText><maml:uri /></maml:navigationLink><maml:navigationLink><maml:linkText>Get-NpsRemediationServerGroup</maml:linkText><maml:uri /></maml:navigationLink><maml:navigationLink><maml:linkText>New-NpsRemediationServer</maml:linkText><maml:uri /></maml:navigationLink><maml:navigationLink><maml:linkText>New-NpsRemediationServerGroup</maml:linkText><maml:uri /></maml:navigationLink><maml:navigationLink><maml:linkText>Remove-NpsRemediationServerGroup</maml:linkText><maml:uri /></maml:navigationLink></maml:relatedLinks></command:command>

<command:command xmlns:maml="http://schemas.microsoft.com/maml/2004/10" xmlns:command="http://schemas.microsoft.com/maml/dev/command/2004/10" xmlns:dev="http://schemas.microsoft.com/maml/dev/2004/10" xmlns:MSHelp="http://msdn.microsoft.com/mshelp"><command:details><command:name>Remove-NpsRemediationServerGroup</command:name><maml:description><maml:para>Removes a remediation server group from an NPS.</maml:para></maml:description><maml:copyright><maml:para /></maml:copyright><command:verb>Remove</command:verb><command:noun>NpsRemediationServerGroup</command:noun><dev:version /></command:details><maml:description><maml:para>The Remove-NpsRemediationServerGroup cmdlet removes a remediation server group from a Network Policy Server (NPS). A remediation server group is a group of remediation servers in a Microsoft Windows NPS configuration.</maml:para><maml:para>In Network Access Protection (NAP), the network policies on an NPS use remediation to enforce NAP for clients whose health state does not comply with policy requirements and to bring those clients into a compliant state. Remediation servers provide the resources that clients need to become compliant including the client management point, the software update point, or distribution points that contain software updates.</maml:para></maml:description><command:syntax><command:syntaxItem><maml:name>Remove-NpsRemediationServerGroup</maml:name><command:parameter required="true" variableLength="false" globbing="false" pipelineInput="True (ByValue)" position="named" aliases=""><maml:name>Name</maml:name><maml:description><maml:para>Specifies the name of a remediation server group.</maml:para></maml:description><command:parameterValue required="true" variableLength="false">String</command:parameterValue></command:parameter></command:syntaxItem></command:syntax><command:parameters><command:parameter required="true" variableLength="false" globbing="false" pipelineInput="True (ByValue)" position="named" aliases=""><maml:name>Name</maml:name><maml:description><maml:para>Specifies the name of a remediation server group.</maml:para></maml:description><command:parameterValue required="true" variableLength="false">String</command:parameterValue><dev:type><maml:name>String</maml:name><maml:uri /></dev:type><dev:defaultValue></dev:defaultValue></command:parameter></command:parameters><command:inputTypes><command:inputType><dev:type><maml:name></maml:name><maml:uri></maml:uri><maml:description><maml:para /></maml:description></dev:type><maml:description></maml:description></command:inputType></command:inputTypes><command:returnValues><command:returnValue><dev:type><maml:name>None</maml:name><maml:uri></maml:uri><maml:description><maml:para /></maml:description></dev:type><maml:description></maml:description></command:returnValue></command:returnValues><command:terminatingErrors /><command:nonTerminatingErrors /><command:examples><command:example><maml:title>Example 1: Remove a remediation server group</maml:title><maml:introduction><maml:para></maml:para></maml:introduction><dev:code>PS C:\&gt;Remove-NpsRemediationServerGroup -Name "RemServers01"
</dev:code><dev:remarks><maml:para>The following command removes a remediation server group named RemServers01.</maml:para></dev:remarks><command:commandLines><command:commandLine><command:commandText /></command:commandLine></command:commandLines></command:example></command:examples><maml:relatedLinks><maml:navigationLink><maml:linkText>Online Version:</maml:linkText><maml:uri>http://go.microsoft.com/fwlink/?linkid=287819</maml:uri></maml:navigationLink><maml:navigationLink><maml:linkText>Get-NpsRemediationServer</maml:linkText><maml:uri /></maml:navigationLink><maml:navigationLink><maml:linkText>Get-NpsRemediationServerGroup</maml:linkText><maml:uri /></maml:navigationLink><maml:navigationLink><maml:linkText>New-NpsRemediationServer</maml:linkText><maml:uri /></maml:navigationLink><maml:navigationLink><maml:linkText>New-NpsRemediationServerGroup</maml:linkText><maml:uri /></maml:navigationLink><maml:navigationLink><maml:linkText>Remove-NpsRemediationServer</maml:linkText><maml:uri /></maml:navigationLink></maml:relatedLinks></command:command>

<command:command xmlns:maml="http://schemas.microsoft.com/maml/2004/10" xmlns:command="http://schemas.microsoft.com/maml/dev/command/2004/10" xmlns:dev="http://schemas.microsoft.com/maml/dev/2004/10" xmlns:MSHelp="http://msdn.microsoft.com/mshelp"><command:details><command:name>Set-NpsRadiusClient</command:name><maml:description><maml:para>Specifies configuration settings for a RADIUS client. </maml:para></maml:description><maml:copyright><maml:para /></maml:copyright><command:verb>Set</command:verb><command:noun>NpsRadiusClient</command:noun><dev:version /></command:details><maml:description><maml:para>The Set-NpsRadiusClient cmdlet specifies configuration settings for a Remote Authentication Dial-In User Service (RADIUS) client. A RADIUS client uses a RADIUS server to manage authentication, authorization, and accounting requests that the client sends. A RADIUS client can be an access server, such as a dial-up server or wireless access point, or a RADIUS proxy.</maml:para><maml:para>For more information about RADIUS client options, see <maml:navigationLink><maml:linkText>Managing RADIUS Clients</maml:linkText><maml:uri></maml:uri></maml:navigationLink> (http://technet.microsoft.com/library/cc754717(v=ws.10).aspx) on TechNet.</maml:para></maml:description><command:syntax><command:syntaxItem><maml:name>Set-NpsRadiusClient</maml:name><command:parameter required="true" variableLength="false" globbing="false" pipelineInput="True (ByValue)" position="1" aliases=""><maml:name>Name</maml:name><maml:description><maml:para>Specifies the name of the RADIUS client to update.</maml:para></maml:description><command:parameterValue required="true" variableLength="false">String</command:parameterValue></command:parameter><command:parameter required="false" variableLength="false" globbing="false" pipelineInput="false" position="named" aliases=""><maml:name>Address</maml:name><maml:description><maml:para>Specifies the fully qualified domain name (FQDN) or IP address of a RADIUS client.</maml:para></maml:description><command:parameterValue required="true" variableLength="false">String</command:parameterValue></command:parameter><command:parameter required="false" variableLength="false" globbing="false" pipelineInput="false" position="named" aliases=""><maml:name>AuthAttributeRequired</maml:name><maml:description><maml:para>Indicates whether verification for Access-Request messages is enabled. The default value for this parameter is $False, which indicates that verification is disabled.</maml:para><maml:para>Set this parameter to $True if your access server supports use of the Message Authenticator attribute, also known as the signature attribute, for additional security.</maml:para></maml:description><command:parameterValue required="true" variableLength="false">Boolean</command:parameterValue></command:parameter><command:parameter required="false" variableLength="false" globbing="false" pipelineInput="false" position="named" aliases=""><maml:name>Enabled</maml:name><maml:description><maml:para>Indicates whether the RADIUS client is enabled.</maml:para></maml:description><command:parameterValue required="true" variableLength="false">Boolean</command:parameterValue></command:parameter><command:parameter required="false" variableLength="false" globbing="false" pipelineInput="false" position="named" aliases=""><maml:name>NapCompatible</maml:name><maml:description><maml:para>Indicates whether the RADIUS client is compatible with Network Access Protection (NAP).</maml:para></maml:description><command:parameterValue required="true" variableLength="false">Boolean</command:parameterValue></command:parameter><command:parameter required="false" variableLength="false" globbing="false" pipelineInput="false" position="named" aliases=""><maml:name>SharedSecret</maml:name><maml:description><maml:para>Specifies a shared secret key that is configured at the RADIUS client. Windows Server® 2012 uses the shared secret key to validate messages between the RADIUS client and NPS.</maml:para></maml:description><command:parameterValue required="true" variableLength="false">String</command:parameterValue></command:parameter><command:parameter required="false" variableLength="false" globbing="false" pipelineInput="false" position="named" aliases=""><maml:name>VendorName</maml:name><maml:description><maml:para>Specifies the vendor name for the RADIUS client. The default name is "RADIUS standard".</maml:para></maml:description><command:parameterValue required="true" variableLength="false">String</command:parameterValue></command:parameter></command:syntaxItem></command:syntax><command:parameters><command:parameter required="false" variableLength="false" globbing="false" pipelineInput="false" position="named" aliases=""><maml:name>Address</maml:name><maml:description><maml:para>Specifies the fully qualified domain name (FQDN) or IP address of a RADIUS client.</maml:para></maml:description><command:parameterValue required="true" variableLength="false">String</command:parameterValue><dev:type><maml:name>String</maml:name><maml:uri /></dev:type><dev:defaultValue></dev:defaultValue></command:parameter><command:parameter required="false" variableLength="false" globbing="false" pipelineInput="false" position="named" aliases=""><maml:name>AuthAttributeRequired</maml:name><maml:description><maml:para>Indicates whether verification for Access-Request messages is enabled. The default value for this parameter is $False, which indicates that verification is disabled.</maml:para><maml:para>Set this parameter to $True if your access server supports use of the Message Authenticator attribute, also known as the signature attribute, for additional security.</maml:para></maml:description><command:parameterValue required="true" variableLength="false">Boolean</command:parameterValue><dev:type><maml:name>Boolean</maml:name><maml:uri /></dev:type><dev:defaultValue></dev:defaultValue></command:parameter><command:parameter required="false" variableLength="false" globbing="false" pipelineInput="false" position="named" aliases=""><maml:name>Enabled</maml:name><maml:description><maml:para>Indicates whether the RADIUS client is enabled.</maml:para></maml:description><command:parameterValue required="true" variableLength="false">Boolean</command:parameterValue><dev:type><maml:name>Boolean</maml:name><maml:uri /></dev:type><dev:defaultValue></dev:defaultValue></command:parameter><command:parameter required="true" variableLength="false" globbing="false" pipelineInput="True (ByValue)" position="1" aliases=""><maml:name>Name</maml:name><maml:description><maml:para>Specifies the name of the RADIUS client to update.</maml:para></maml:description><command:parameterValue required="true" variableLength="false">String</command:parameterValue><dev:type><maml:name>String</maml:name><maml:uri /></dev:type><dev:defaultValue></dev:defaultValue></command:parameter><command:parameter required="false" variableLength="false" globbing="false" pipelineInput="false" position="named" aliases=""><maml:name>NapCompatible</maml:name><maml:description><maml:para>Indicates whether the RADIUS client is compatible with Network Access Protection (NAP).</maml:para></maml:description><command:parameterValue required="true" variableLength="false">Boolean</command:parameterValue><dev:type><maml:name>Boolean</maml:name><maml:uri /></dev:type><dev:defaultValue></dev:defaultValue></command:parameter><command:parameter required="false" variableLength="false" globbing="false" pipelineInput="false" position="named" aliases=""><maml:name>SharedSecret</maml:name><maml:description><maml:para>Specifies a shared secret key that is configured at the RADIUS client. Windows Server® 2012 uses the shared secret key to validate messages between the RADIUS client and NPS.</maml:para></maml:description><command:parameterValue required="true" variableLength="false">String</command:parameterValue><dev:type><maml:name>String</maml:name><maml:uri /></dev:type><dev:defaultValue></dev:defaultValue></command:parameter><command:parameter required="false" variableLength="false" globbing="false" pipelineInput="false" position="named" aliases=""><maml:name>VendorName</maml:name><maml:description><maml:para>Specifies the vendor name for the RADIUS client. The default name is "RADIUS standard".</maml:para></maml:description><command:parameterValue required="true" variableLength="false">String</command:parameterValue><dev:type><maml:name>String</maml:name><maml:uri /></dev:type><dev:defaultValue></dev:defaultValue></command:parameter></command:parameters><command:inputTypes><command:inputType><dev:type><maml:name></maml:name><maml:uri></maml:uri><maml:description><maml:para /></maml:description></dev:type><maml:description></maml:description></command:inputType></command:inputTypes><command:returnValues><command:returnValue><dev:type><maml:name>NpsRadiusClient</maml:name><maml:uri></maml:uri><maml:description><maml:para /></maml:description></dev:type><maml:description></maml:description></command:returnValue></command:returnValues><command:terminatingErrors /><command:nonTerminatingErrors /><command:examples><command:example><maml:title>Example 1: Set a RADIUS client's settings</maml:title><maml:introduction><maml:para></maml:para></maml:introduction><dev:code>PS C:\&gt;Set-NpsRadiusClient –Name "WirelessAP" –Address "10.0.0.201" –NapCompatible $False –SharedSecret "1234567890"

</dev:code><dev:remarks><maml:para>This command changes the following settings for the RADIUS client named WirelessAP: sets the IP address to 10.0.0.201, the client to not NAP-compatible, and the shared secret to 1234567890.</maml:para></dev:remarks><command:commandLines><command:commandLine><command:commandText /></command:commandLine></command:commandLines></command:example></command:examples><maml:relatedLinks><maml:navigationLink><maml:linkText>Online Version:</maml:linkText><maml:uri>http://go.microsoft.com/fwlink/?linkid=287820</maml:uri></maml:navigationLink><maml:navigationLink><maml:linkText></maml:linkText><maml:uri /></maml:navigationLink></maml:relatedLinks></command:command>

</helpItems>

