﻿<?xml version = "1.0" encoding = "utf-8" ?>

<helpItems schema="maml">

<command:command xmlns:maml="http://schemas.microsoft.com/maml/2004/10" xmlns:command="http://schemas.microsoft.com/maml/dev/command/2004/10" xmlns:dev="http://schemas.microsoft.com/maml/dev/2004/10" xmlns:MSHelp="http://msdn.microsoft.com/mshelp"><command:details><command:name>Get-NetTCPConnection</command:name><maml:description><maml:para>Gets TCP connections. </maml:para></maml:description><maml:copyright><maml:para /></maml:copyright><command:verb>Get</command:verb><command:noun>NetTCPConnection</command:noun><dev:version /></command:details><maml:description><maml:para>The Get-NetTCPConnection cmdlet gets current TCP connections. Use this cmdlet to view TCP connection properties such as local or remote IP address, local or remote port, and connection state. </maml:para></maml:description><command:syntax><command:syntaxItem><maml:name>Get-NetTCPConnection</maml:name><command:parameter required="false" variableLength="true" globbing="false" pipelineInput="true (ByPropertyName)" position="1" aliases=""><maml:name>LocalAddress</maml:name><maml:description><maml:para>Specifies an array of local IP addresses. The cmdlet gets connections for the addresses that you specify.</maml:para></maml:description><command:parameterValue required="true" variableLength="true">String[]</command:parameterValue></command:parameter><command:parameter required="false" variableLength="true" globbing="false" pipelineInput="false" position="2" aliases=""><maml:name>LocalPort</maml:name><maml:description><maml:para>Specifies an array of local ports. The cmdlet gets connections for the ports that you specify.</maml:para></maml:description><command:parameterValue required="true" variableLength="true">UInt16[]</command:parameterValue></command:parameter><command:parameter required="false" variableLength="true" globbing="false" pipelineInput="false" position="named" aliases=""><maml:name>AppliedSetting</maml:name><maml:description><maml:para>Specifies an array of values of applied settings. The cmdlet gets connections that match the settings that you specify. The acceptable values for this parameter are: 

-- Internet
-- Datacenter
-- Compat
-- Custom</maml:para></maml:description><command:parameterValue required="true" variableLength="true">AppliedSetting[]</command:parameterValue></command:parameter><command:parameter required="false" variableLength="false" globbing="false" pipelineInput="false" position="named" aliases=""><maml:name>AsJob</maml:name><maml:description><maml:para>Runs the cmdlet as a background job. Use this parameter to run commands that take a long time to complete. 
 The cmdlet immediately returns an object that represents the job and then displays the command prompt. You can continue to work in the session while the job completes. To manage the job, use the *-Job cmdlets. To get the job results, use the <maml:navigationLink><maml:linkText>Receive-Job</maml:linkText><maml:uri></maml:uri></maml:navigationLink> cmdlet. 
 For more information about Windows PowerShell® background jobs, see <maml:navigationLink><maml:linkText>about_Jobs</maml:linkText><maml:uri></maml:uri></maml:navigationLink>.</maml:para></maml:description></command:parameter><command:parameter required="false" variableLength="true" globbing="false" pipelineInput="false" position="named" aliases=""><maml:name>CimSession</maml:name><maml:description><maml:para>Runs the cmdlet in a remote session or on a remote computer. Enter a computer name or a session object, such as the output of a <maml:navigationLink><maml:linkText>New-CimSession</maml:linkText><maml:uri></maml:uri></maml:navigationLink> or <maml:navigationLink><maml:linkText>Get-CimSession</maml:linkText><maml:uri></maml:uri></maml:navigationLink> cmdlet. The default is the current session on the local computer.</maml:para></maml:description><command:parameterValue required="true" variableLength="true">CimSession[]</command:parameterValue></command:parameter><command:parameter required="false" variableLength="true" globbing="false" pipelineInput="false" position="named" aliases=""><maml:name>RemoteAddress</maml:name><maml:description><maml:para>Specifies an array of remote IP addresses. The cmdlet gets connections for the addresses that you specify.</maml:para></maml:description><command:parameterValue required="true" variableLength="true">String[]</command:parameterValue></command:parameter><command:parameter required="false" variableLength="true" globbing="false" pipelineInput="false" position="named" aliases=""><maml:name>RemotePort</maml:name><maml:description><maml:para>Specifies an array of remote ports. The cmdlet gets connections for the ports that you specify.</maml:para></maml:description><command:parameterValue required="true" variableLength="true">UInt16[]</command:parameterValue></command:parameter><command:parameter required="false" variableLength="true" globbing="false" pipelineInput="false" position="named" aliases=""><maml:name>State</maml:name><maml:description><maml:para>Specifies an array of TCP states. The cmdlet gets connections that match the states that you specify. The acceptable values for this parameter are: 

-- Closed
-- CloseWait
-- Closing
-- DeleteTCB
-- Established
-- FinWait1
-- FinWait2
-- LastAck
-- Listen
-- SynReceived
-- SynSent
-- TimeWait </maml:para></maml:description><command:parameterValue required="true" variableLength="true">State[]</command:parameterValue></command:parameter><command:parameter required="false" variableLength="false" globbing="false" pipelineInput="false" position="named" aliases=""><maml:name>ThrottleLimit</maml:name><maml:description><maml:para>Specifies the maximum number of concurrent operations that can be established to run the cmdlet. If this parameter is omitted or a value of 0 is entered, then Windows PowerShell® calculates an optimum throttle limit for the cmdlet based on the number of CIM cmdlets that are running on the computer. The throttle limit applies only to the current cmdlet, not to the session or to the computer.</maml:para></maml:description><command:parameterValue required="true" variableLength="false">Int32</command:parameterValue></command:parameter></command:syntaxItem></command:syntax><command:parameters><command:parameter required="false" variableLength="true" globbing="false" pipelineInput="false" position="named" aliases=""><maml:name>AppliedSetting</maml:name><maml:description><maml:para>Specifies an array of values of applied settings. The cmdlet gets connections that match the settings that you specify. The acceptable values for this parameter are: 

-- Internet
-- Datacenter
-- Compat
-- Custom</maml:para></maml:description><command:parameterValue required="true" variableLength="true">AppliedSetting[]</command:parameterValue><dev:type><maml:name>AppliedSetting[]</maml:name><maml:uri /></dev:type><dev:defaultValue></dev:defaultValue></command:parameter><command:parameter required="false" variableLength="false" globbing="false" pipelineInput="false" position="named" aliases=""><maml:name>AsJob</maml:name><maml:description><maml:para>Runs the cmdlet as a background job. Use this parameter to run commands that take a long time to complete. 
 The cmdlet immediately returns an object that represents the job and then displays the command prompt. You can continue to work in the session while the job completes. To manage the job, use the *-Job cmdlets. To get the job results, use the <maml:navigationLink><maml:linkText>Receive-Job</maml:linkText><maml:uri></maml:uri></maml:navigationLink> cmdlet. 
 For more information about Windows PowerShell® background jobs, see <maml:navigationLink><maml:linkText>about_Jobs</maml:linkText><maml:uri></maml:uri></maml:navigationLink>.</maml:para></maml:description><command:parameterValue required="false" variableLength="false">SwitchParameter</command:parameterValue><dev:type><maml:name>SwitchParameter</maml:name><maml:uri /></dev:type><dev:defaultValue></dev:defaultValue></command:parameter><command:parameter required="false" variableLength="true" globbing="false" pipelineInput="false" position="named" aliases=""><maml:name>CimSession</maml:name><maml:description><maml:para>Runs the cmdlet in a remote session or on a remote computer. Enter a computer name or a session object, such as the output of a <maml:navigationLink><maml:linkText>New-CimSession</maml:linkText><maml:uri></maml:uri></maml:navigationLink> or <maml:navigationLink><maml:linkText>Get-CimSession</maml:linkText><maml:uri></maml:uri></maml:navigationLink> cmdlet. The default is the current session on the local computer.</maml:para></maml:description><command:parameterValue required="true" variableLength="true">CimSession[]</command:parameterValue><dev:type><maml:name>CimSession[]</maml:name><maml:uri /></dev:type><dev:defaultValue></dev:defaultValue></command:parameter><command:parameter required="false" variableLength="true" globbing="false" pipelineInput="true (ByPropertyName)" position="1" aliases=""><maml:name>LocalAddress</maml:name><maml:description><maml:para>Specifies an array of local IP addresses. The cmdlet gets connections for the addresses that you specify.</maml:para></maml:description><command:parameterValue required="true" variableLength="true">String[]</command:parameterValue><dev:type><maml:name>String[]</maml:name><maml:uri /></dev:type><dev:defaultValue></dev:defaultValue></command:parameter><command:parameter required="false" variableLength="true" globbing="false" pipelineInput="false" position="2" aliases=""><maml:name>LocalPort</maml:name><maml:description><maml:para>Specifies an array of local ports. The cmdlet gets connections for the ports that you specify.</maml:para></maml:description><command:parameterValue required="true" variableLength="true">UInt16[]</command:parameterValue><dev:type><maml:name>UInt16[]</maml:name><maml:uri /></dev:type><dev:defaultValue></dev:defaultValue></command:parameter><command:parameter required="false" variableLength="true" globbing="false" pipelineInput="false" position="named" aliases=""><maml:name>RemoteAddress</maml:name><maml:description><maml:para>Specifies an array of remote IP addresses. The cmdlet gets connections for the addresses that you specify.</maml:para></maml:description><command:parameterValue required="true" variableLength="true">String[]</command:parameterValue><dev:type><maml:name>String[]</maml:name><maml:uri /></dev:type><dev:defaultValue></dev:defaultValue></command:parameter><command:parameter required="false" variableLength="true" globbing="false" pipelineInput="false" position="named" aliases=""><maml:name>RemotePort</maml:name><maml:description><maml:para>Specifies an array of remote ports. The cmdlet gets connections for the ports that you specify.</maml:para></maml:description><command:parameterValue required="true" variableLength="true">UInt16[]</command:parameterValue><dev:type><maml:name>UInt16[]</maml:name><maml:uri /></dev:type><dev:defaultValue></dev:defaultValue></command:parameter><command:parameter required="false" variableLength="true" globbing="false" pipelineInput="false" position="named" aliases=""><maml:name>State</maml:name><maml:description><maml:para>Specifies an array of TCP states. The cmdlet gets connections that match the states that you specify. The acceptable values for this parameter are: 

-- Closed
-- CloseWait
-- Closing
-- DeleteTCB
-- Established
-- FinWait1
-- FinWait2
-- LastAck
-- Listen
-- SynReceived
-- SynSent
-- TimeWait </maml:para></maml:description><command:parameterValue required="true" variableLength="true">State[]</command:parameterValue><dev:type><maml:name>State[]</maml:name><maml:uri /></dev:type><dev:defaultValue></dev:defaultValue></command:parameter><command:parameter required="false" variableLength="false" globbing="false" pipelineInput="false" position="named" aliases=""><maml:name>ThrottleLimit</maml:name><maml:description><maml:para>Specifies the maximum number of concurrent operations that can be established to run the cmdlet. If this parameter is omitted or a value of 0 is entered, then Windows PowerShell® calculates an optimum throttle limit for the cmdlet based on the number of CIM cmdlets that are running on the computer. The throttle limit applies only to the current cmdlet, not to the session or to the computer.</maml:para></maml:description><command:parameterValue required="true" variableLength="false">Int32</command:parameterValue><dev:type><maml:name>Int32</maml:name><maml:uri /></dev:type><dev:defaultValue></dev:defaultValue></command:parameter></command:parameters><command:inputTypes><command:inputType><dev:type><maml:name>None</maml:name><maml:uri></maml:uri><maml:description><maml:para /></maml:description></dev:type><maml:description><maml:para></maml:para></maml:description></command:inputType></command:inputTypes><command:returnValues><command:returnValue><dev:type><maml:name>Microsoft.Management.Infrastructure.CimInstance#root\StandardCimv2\MSFT_NetTCPConnection</maml:name><maml:uri></maml:uri><maml:description><maml:para /></maml:description></dev:type><maml:description><maml:para>The Microsoft.Management.Infrastructure.CimInstance object is a wrapper class that displays Windows Management Instrumentation (WMI) objects. The path after the pound sign (#) provides the namespace and class name for the underlying WMI object.</maml:para></maml:description></command:returnValue></command:returnValues><command:terminatingErrors /><command:nonTerminatingErrors /><command:examples><command:example><maml:title>Example 1: Get all connections</maml:title><maml:introduction><maml:para></maml:para></maml:introduction><dev:code>PS C:\&gt;Get-NetTCPConnection

</dev:code><dev:remarks><maml:para>This command gets all current TCP connections. </maml:para></dev:remarks><command:commandLines><command:commandLine><command:commandText /></command:commandLine></command:commandLines></command:example><command:example><maml:title>Example 2: Get established connections</maml:title><maml:introduction><maml:para></maml:para></maml:introduction><dev:code>PS C:\&gt;Get-NetTCPConnection –State Established

</dev:code><dev:remarks><maml:para>This command gets all TCP connections that have an Established state.</maml:para></dev:remarks><command:commandLines><command:commandLine><command:commandText /></command:commandLine></command:commandLines></command:example><command:example><maml:title>Example 3: Get Internet TCP connections</maml:title><maml:introduction><maml:para></maml:para></maml:introduction><dev:code>PS C:\&gt;Get-NetTCPConnection –AppliedSetting Internet

</dev:code><dev:remarks><maml:para>This command gets all TCP connections that use a TCP applied setting of Internet.</maml:para></dev:remarks><command:commandLines><command:commandLine><command:commandText /></command:commandLine></command:commandLines></command:example></command:examples><maml:relatedLinks><maml:navigationLink><maml:linkText>Online Version:</maml:linkText><maml:uri>http://go.microsoft.com/fwlink/?LinkID=288389</maml:uri></maml:navigationLink><maml:navigationLink><maml:linkText>Get-NetUDPConnection</maml:linkText><maml:uri /></maml:navigationLink></maml:relatedLinks></command:command>

</helpItems>

