﻿<?xml version = "1.0" encoding = "utf-8" ?>

<helpItems schema="maml">

<command:command xmlns:maml="http://schemas.microsoft.com/maml/2004/10" xmlns:command="http://schemas.microsoft.com/maml/dev/command/2004/10" xmlns:dev="http://schemas.microsoft.com/maml/dev/2004/10" xmlns:MSHelp="http://msdn.microsoft.com/mshelp"><command:details><command:name>Get-NetTransportFilter</command:name><maml:description><maml:para>Gets transport filters.</maml:para></maml:description><maml:copyright><maml:para /></maml:copyright><command:verb>Get</command:verb><command:noun>NetTransportFilter</command:noun><dev:version /></command:details><maml:description><maml:para>The Get-NetTransportFilter cmdlet gets transport filters. A transport filter specifies the TCP settings, as a NetTcpSetting object, to apply to an IP address prefix or a TCP port range. Use the cmdlet without parameters to get all transport filters for the computer. </maml:para><maml:para>Use the New-NetTransportFilter cmdlet to create transport filters, and use the Remove-NetTransportFilter cmdlet to remove filters.</maml:para></maml:description><command:syntax><command:syntaxItem><maml:name>Get-NetTransportFilter</maml:name><command:parameter required="false" variableLength="false" globbing="false" pipelineInput="false" position="named" aliases=""><maml:name>AsJob</maml:name><maml:description><maml:para>Runs the cmdlet as a background job. Use this parameter to run commands that take a long time to complete. 
 The cmdlet immediately returns an object that represents the job and then displays the command prompt. You can continue to work in the session while the job completes. To manage the job, use the *-Job cmdlets. To get the job results, use the <maml:navigationLink><maml:linkText>Receive-Job</maml:linkText><maml:uri></maml:uri></maml:navigationLink> cmdlet. 
 For more information about Windows PowerShell® background jobs, see <maml:navigationLink><maml:linkText>about_Jobs</maml:linkText><maml:uri></maml:uri></maml:navigationLink>.</maml:para></maml:description></command:parameter><command:parameter required="false" variableLength="false" globbing="false" pipelineInput="true (ByValue)" position="named" aliases=""><maml:name>AssociatedTCPSetting</maml:name><maml:description><maml:para>Specifies a NetTCPSetting object. The cmdlet gets transport filters associated with the setting that you specify. To obtain a NetTCPSetting object, use the Get-NetTCPSetting cmdlet.</maml:para></maml:description><command:parameterValue required="true" variableLength="false">CimInstance</command:parameterValue></command:parameter><command:parameter required="false" variableLength="true" globbing="false" pipelineInput="false" position="named" aliases=""><maml:name>CimSession</maml:name><maml:description><maml:para>Runs the cmdlet in a remote session or on a remote computer. Enter a computer name or a session object, such as the output of a <maml:navigationLink><maml:linkText>New-CimSession</maml:linkText><maml:uri></maml:uri></maml:navigationLink> or <maml:navigationLink><maml:linkText>Get-CimSession</maml:linkText><maml:uri></maml:uri></maml:navigationLink> cmdlet. The default is the current session on the local computer.</maml:para></maml:description><command:parameterValue required="true" variableLength="true">CimSession[]</command:parameterValue></command:parameter><command:parameter required="false" variableLength="true" globbing="false" pipelineInput="false" position="named" aliases=""><maml:name>DestinationPrefix</maml:name><maml:description><maml:para>Specifies an array of destination prefixes of IP routes. The cmdlet gets transport filters that have the prefixes that you specify. A destination prefix consists of an IP address prefix and a prefix length, separated by a slash (/).</maml:para></maml:description><command:parameterValue required="true" variableLength="true">String[]</command:parameterValue></command:parameter><command:parameter required="false" variableLength="true" globbing="false" pipelineInput="false" position="named" aliases=""><maml:name>LocalPortEnd</maml:name><maml:description><maml:para>Specifies an array of upper bounds of ranges of local TCP ports. The cmdlet removes transport filters that have the upper bounds that you specify. </maml:para></maml:description><command:parameterValue required="true" variableLength="true">UInt16[]</command:parameterValue></command:parameter><command:parameter required="false" variableLength="true" globbing="false" pipelineInput="false" position="named" aliases=""><maml:name>LocalPortStart</maml:name><maml:description><maml:para>Specifies an array of lower bounds of ranges of local TCP ports. The cmdlet removes transport filters that have the lower bounds that you specify. </maml:para></maml:description><command:parameterValue required="true" variableLength="true">UInt16[]</command:parameterValue></command:parameter><command:parameter required="false" variableLength="true" globbing="false" pipelineInput="false" position="named" aliases=""><maml:name>Protocol</maml:name><maml:description><maml:para>Specifies an array of types of routing protocols.  The cmdlet gets transport filters based on the protocols that you specify. The acceptable values for this parameter are: 

-- Bbn
-- Bgp
-- Dhcp
-- Dvmrp
-- Egp
-- Eigrp
-- EsIs
-- Ggp
-- Hello
-- Icmp
-- Idpr
-- Igrp
-- IsIs
-- Local
-- NetMgmt
-- Ospf
-- Rip
-- Rpl
-- Other</maml:para></maml:description><command:parameterValue required="true" variableLength="true">Protocol[]</command:parameterValue></command:parameter><command:parameter required="false" variableLength="true" globbing="false" pipelineInput="false" position="named" aliases=""><maml:name>RemotePortEnd</maml:name><maml:description><maml:para>Specifies an array of upper bounds of ranges of remote TCP ports. The cmdlet removes transport filters that have the upper bounds that you specify.</maml:para></maml:description><command:parameterValue required="true" variableLength="true">UInt16[]</command:parameterValue></command:parameter><command:parameter required="false" variableLength="true" globbing="false" pipelineInput="false" position="named" aliases=""><maml:name>RemotePortStart</maml:name><maml:description><maml:para>Specifies an array of lower bounds of a ranges of remote TCP ports. The cmdlet removes transport filters that have the lower bounds that you specify. </maml:para></maml:description><command:parameterValue required="true" variableLength="true">UInt16[]</command:parameterValue></command:parameter><command:parameter required="false" variableLength="true" globbing="false" pipelineInput="false" position="named" aliases=""><maml:name>SettingName</maml:name><maml:description><maml:para>Specifies an array of setting names. The cmdlet gets transport filters that have the settings that you specify. The acceptable values for this parameter are: 

-- Internet
-- Datacenter
-- Compat
-- Custom</maml:para></maml:description><command:parameterValue required="true" variableLength="true">String[]</command:parameterValue></command:parameter><command:parameter required="false" variableLength="false" globbing="false" pipelineInput="false" position="named" aliases=""><maml:name>ThrottleLimit</maml:name><maml:description><maml:para>Specifies the maximum number of concurrent operations that can be established to run the cmdlet. If this parameter is omitted or a value of 0 is entered, then Windows PowerShell® calculates an optimum throttle limit for the cmdlet based on the number of CIM cmdlets that are running on the computer. The throttle limit applies only to the current cmdlet, not to the session or to the computer.</maml:para></maml:description><command:parameterValue required="true" variableLength="false">Int32</command:parameterValue></command:parameter></command:syntaxItem></command:syntax><command:parameters><command:parameter required="false" variableLength="false" globbing="false" pipelineInput="false" position="named" aliases=""><maml:name>AsJob</maml:name><maml:description><maml:para>Runs the cmdlet as a background job. Use this parameter to run commands that take a long time to complete. 
 The cmdlet immediately returns an object that represents the job and then displays the command prompt. You can continue to work in the session while the job completes. To manage the job, use the *-Job cmdlets. To get the job results, use the <maml:navigationLink><maml:linkText>Receive-Job</maml:linkText><maml:uri></maml:uri></maml:navigationLink> cmdlet. 
 For more information about Windows PowerShell® background jobs, see <maml:navigationLink><maml:linkText>about_Jobs</maml:linkText><maml:uri></maml:uri></maml:navigationLink>.</maml:para></maml:description><command:parameterValue required="false" variableLength="false">SwitchParameter</command:parameterValue><dev:type><maml:name>SwitchParameter</maml:name><maml:uri /></dev:type><dev:defaultValue></dev:defaultValue></command:parameter><command:parameter required="false" variableLength="false" globbing="false" pipelineInput="true (ByValue)" position="named" aliases=""><maml:name>AssociatedTCPSetting</maml:name><maml:description><maml:para>Specifies a NetTCPSetting object. The cmdlet gets transport filters associated with the setting that you specify. To obtain a NetTCPSetting object, use the Get-NetTCPSetting cmdlet.</maml:para></maml:description><command:parameterValue required="true" variableLength="false">CimInstance</command:parameterValue><dev:type><maml:name>CimInstance</maml:name><maml:uri /></dev:type><dev:defaultValue></dev:defaultValue></command:parameter><command:parameter required="false" variableLength="true" globbing="false" pipelineInput="false" position="named" aliases=""><maml:name>CimSession</maml:name><maml:description><maml:para>Runs the cmdlet in a remote session or on a remote computer. Enter a computer name or a session object, such as the output of a <maml:navigationLink><maml:linkText>New-CimSession</maml:linkText><maml:uri></maml:uri></maml:navigationLink> or <maml:navigationLink><maml:linkText>Get-CimSession</maml:linkText><maml:uri></maml:uri></maml:navigationLink> cmdlet. The default is the current session on the local computer.</maml:para></maml:description><command:parameterValue required="true" variableLength="true">CimSession[]</command:parameterValue><dev:type><maml:name>CimSession[]</maml:name><maml:uri /></dev:type><dev:defaultValue></dev:defaultValue></command:parameter><command:parameter required="false" variableLength="true" globbing="false" pipelineInput="false" position="named" aliases=""><maml:name>DestinationPrefix</maml:name><maml:description><maml:para>Specifies an array of destination prefixes of IP routes. The cmdlet gets transport filters that have the prefixes that you specify. A destination prefix consists of an IP address prefix and a prefix length, separated by a slash (/).</maml:para></maml:description><command:parameterValue required="true" variableLength="true">String[]</command:parameterValue><dev:type><maml:name>String[]</maml:name><maml:uri /></dev:type><dev:defaultValue></dev:defaultValue></command:parameter><command:parameter required="false" variableLength="true" globbing="false" pipelineInput="false" position="named" aliases=""><maml:name>LocalPortEnd</maml:name><maml:description><maml:para>Specifies an array of upper bounds of ranges of local TCP ports. The cmdlet removes transport filters that have the upper bounds that you specify. </maml:para></maml:description><command:parameterValue required="true" variableLength="true">UInt16[]</command:parameterValue><dev:type><maml:name>UInt16[]</maml:name><maml:uri /></dev:type><dev:defaultValue></dev:defaultValue></command:parameter><command:parameter required="false" variableLength="true" globbing="false" pipelineInput="false" position="named" aliases=""><maml:name>LocalPortStart</maml:name><maml:description><maml:para>Specifies an array of lower bounds of ranges of local TCP ports. The cmdlet removes transport filters that have the lower bounds that you specify. </maml:para></maml:description><command:parameterValue required="true" variableLength="true">UInt16[]</command:parameterValue><dev:type><maml:name>UInt16[]</maml:name><maml:uri /></dev:type><dev:defaultValue></dev:defaultValue></command:parameter><command:parameter required="false" variableLength="true" globbing="false" pipelineInput="false" position="named" aliases=""><maml:name>Protocol</maml:name><maml:description><maml:para>Specifies an array of types of routing protocols.  The cmdlet gets transport filters based on the protocols that you specify. The acceptable values for this parameter are: 

-- Bbn
-- Bgp
-- Dhcp
-- Dvmrp
-- Egp
-- Eigrp
-- EsIs
-- Ggp
-- Hello
-- Icmp
-- Idpr
-- Igrp
-- IsIs
-- Local
-- NetMgmt
-- Ospf
-- Rip
-- Rpl
-- Other</maml:para></maml:description><command:parameterValue required="true" variableLength="true">Protocol[]</command:parameterValue><dev:type><maml:name>Protocol[]</maml:name><maml:uri /></dev:type><dev:defaultValue></dev:defaultValue></command:parameter><command:parameter required="false" variableLength="true" globbing="false" pipelineInput="false" position="named" aliases=""><maml:name>RemotePortEnd</maml:name><maml:description><maml:para>Specifies an array of upper bounds of ranges of remote TCP ports. The cmdlet removes transport filters that have the upper bounds that you specify.</maml:para></maml:description><command:parameterValue required="true" variableLength="true">UInt16[]</command:parameterValue><dev:type><maml:name>UInt16[]</maml:name><maml:uri /></dev:type><dev:defaultValue></dev:defaultValue></command:parameter><command:parameter required="false" variableLength="true" globbing="false" pipelineInput="false" position="named" aliases=""><maml:name>RemotePortStart</maml:name><maml:description><maml:para>Specifies an array of lower bounds of a ranges of remote TCP ports. The cmdlet removes transport filters that have the lower bounds that you specify. </maml:para></maml:description><command:parameterValue required="true" variableLength="true">UInt16[]</command:parameterValue><dev:type><maml:name>UInt16[]</maml:name><maml:uri /></dev:type><dev:defaultValue></dev:defaultValue></command:parameter><command:parameter required="false" variableLength="true" globbing="false" pipelineInput="false" position="named" aliases=""><maml:name>SettingName</maml:name><maml:description><maml:para>Specifies an array of setting names. The cmdlet gets transport filters that have the settings that you specify. The acceptable values for this parameter are: 

-- Internet
-- Datacenter
-- Compat
-- Custom</maml:para></maml:description><command:parameterValue required="true" variableLength="true">String[]</command:parameterValue><dev:type><maml:name>String[]</maml:name><maml:uri /></dev:type><dev:defaultValue></dev:defaultValue></command:parameter><command:parameter required="false" variableLength="false" globbing="false" pipelineInput="false" position="named" aliases=""><maml:name>ThrottleLimit</maml:name><maml:description><maml:para>Specifies the maximum number of concurrent operations that can be established to run the cmdlet. If this parameter is omitted or a value of 0 is entered, then Windows PowerShell® calculates an optimum throttle limit for the cmdlet based on the number of CIM cmdlets that are running on the computer. The throttle limit applies only to the current cmdlet, not to the session or to the computer.</maml:para></maml:description><command:parameterValue required="true" variableLength="false">Int32</command:parameterValue><dev:type><maml:name>Int32</maml:name><maml:uri /></dev:type><dev:defaultValue></dev:defaultValue></command:parameter></command:parameters><command:inputTypes><command:inputType><dev:type><maml:name>None</maml:name><maml:uri></maml:uri><maml:description><maml:para /></maml:description></dev:type><maml:description><maml:para></maml:para></maml:description></command:inputType></command:inputTypes><command:returnValues><command:returnValue><dev:type><maml:name>Microsoft.Management.Infrastructure.CimInstance#root\StandardCimv2\MSFT_NetTransportFilter</maml:name><maml:uri></maml:uri><maml:description><maml:para /></maml:description></dev:type><maml:description><maml:para>The Microsoft.Management.Infrastructure.CimInstance object is a wrapper class that displays Windows Management Instrumentation (WMI) objects. The path after the pound sign (#) provides the namespace and class name for the underlying WMI object.</maml:para></maml:description></command:returnValue></command:returnValues><command:terminatingErrors /><command:nonTerminatingErrors /><command:examples><command:example><maml:title>Example 1: Get all transport filters</maml:title><maml:introduction><maml:para></maml:para></maml:introduction><dev:code>PS C:\&gt;Get-NetTransportFilter

</dev:code><dev:remarks><maml:para>This command gets all the transport filters on the computer. </maml:para></dev:remarks><command:commandLines><command:commandLine><command:commandText /></command:commandLine></command:commandLines></command:example><command:example><maml:title>Example 2: Get transport filters that apply specified settings</maml:title><maml:introduction><maml:para></maml:para></maml:introduction><dev:code>PS C:\&gt;Get-NetTransportFilter –SettingName Internet

</dev:code><dev:remarks><maml:para>This command gets transport filters that apply Internet settings.</maml:para></dev:remarks><command:commandLines><command:commandLine><command:commandText /></command:commandLine></command:commandLines></command:example></command:examples><maml:relatedLinks><maml:navigationLink><maml:linkText>Online Version:</maml:linkText><maml:uri>http://go.microsoft.com/fwlink/?LinkID=288391</maml:uri></maml:navigationLink><maml:navigationLink><maml:linkText>Get-NetUDPSetting</maml:linkText><maml:uri /></maml:navigationLink><maml:navigationLink><maml:linkText>New-NetTransportFilter</maml:linkText><maml:uri /></maml:navigationLink><maml:navigationLink><maml:linkText>Remove-NetTransportFilter</maml:linkText><maml:uri /></maml:navigationLink><maml:navigationLink><maml:linkText>Set-NetTCPSetting</maml:linkText><maml:uri /></maml:navigationLink><maml:navigationLink><maml:linkText>Set-NetUDPSetting</maml:linkText><maml:uri /></maml:navigationLink></maml:relatedLinks></command:command>

<command:command xmlns:maml="http://schemas.microsoft.com/maml/2004/10" xmlns:command="http://schemas.microsoft.com/maml/dev/command/2004/10" xmlns:dev="http://schemas.microsoft.com/maml/dev/2004/10" xmlns:MSHelp="http://msdn.microsoft.com/mshelp"><command:details><command:name>New-NetTransportFilter</command:name><maml:description><maml:para>Creates a transport filter.</maml:para></maml:description><maml:copyright><maml:para /></maml:copyright><command:verb>New</command:verb><command:noun>NetTransportFilter</command:noun><dev:version /></command:details><maml:description><maml:para>The New-NetTransportFilter cmdlet creates a transport filter. A transport filter specifies the TCP settings, as a NetTcpSetting object, to apply to an IP address prefix or a TCP port range. Specify the setting to apply by name. You can use the Set-NetTCPSetting to modify a setting.</maml:para></maml:description><command:syntax><command:syntaxItem><maml:name>New-NetTransportFilter</maml:name><command:parameter required="false" variableLength="false" globbing="false" pipelineInput="false" position="named" aliases=""><maml:name>AsJob</maml:name><maml:description><maml:para>Runs the cmdlet as a background job. Use this parameter to run commands that take a long time to complete. 
 The cmdlet immediately returns an object that represents the job and then displays the command prompt. You can continue to work in the session while the job completes. To manage the job, use the *-Job cmdlets. To get the job results, use the <maml:navigationLink><maml:linkText>Receive-Job</maml:linkText><maml:uri></maml:uri></maml:navigationLink> cmdlet. 
 For more information about Windows PowerShell® background jobs, see <maml:navigationLink><maml:linkText>about_Jobs</maml:linkText><maml:uri></maml:uri></maml:navigationLink>.</maml:para></maml:description></command:parameter><command:parameter required="false" variableLength="true" globbing="false" pipelineInput="false" position="named" aliases=""><maml:name>CimSession</maml:name><maml:description><maml:para>Runs the cmdlet in a remote session or on a remote computer. Enter a computer name or a session object, such as the output of a <maml:navigationLink><maml:linkText>New-CimSession</maml:linkText><maml:uri></maml:uri></maml:navigationLink> or <maml:navigationLink><maml:linkText>Get-CimSession</maml:linkText><maml:uri></maml:uri></maml:navigationLink> cmdlet. The default is the current session on the local computer.</maml:para></maml:description><command:parameterValue required="true" variableLength="true">CimSession[]</command:parameterValue></command:parameter><command:parameter required="false" variableLength="false" globbing="false" pipelineInput="false" position="named" aliases=""><maml:name>DestinationPrefix</maml:name><maml:description><maml:para>Specifies a destination prefix of an IP route. The cmdlet associates the transport filter that to the prefix that you specify. A destination prefix consists of an IP address prefix and a prefix length, separated by a slash (/).</maml:para></maml:description><command:parameterValue required="true" variableLength="false">String</command:parameterValue></command:parameter><command:parameter required="false" variableLength="false" globbing="false" pipelineInput="false" position="named" aliases=""><maml:name>LocalPortEnd</maml:name><maml:description><maml:para>Specifies the upper bound of a range of local TCP ports. The cmdlet assigns the upper bound that you specify to the transport filter. If you do not specify this parameter, the cmdlet uses the lower range value of 1025.</maml:para></maml:description><command:parameterValue required="true" variableLength="false">UInt16</command:parameterValue></command:parameter><command:parameter required="false" variableLength="false" globbing="false" pipelineInput="false" position="named" aliases=""><maml:name>LocalPortStart</maml:name><maml:description><maml:para>Specifies the lower bound of a range of local TCP ports. The cmdlet assigns the lower bound that you specify to the transport filter. If you do not specify this parameter, the cmdlet uses the lower range value of 65535.</maml:para></maml:description><command:parameterValue required="true" variableLength="false">UInt16</command:parameterValue></command:parameter><command:parameter required="false" variableLength="false" globbing="false" pipelineInput="false" position="named" aliases=""><maml:name>Protocol</maml:name><maml:description><maml:para>Specifies the type of routing protocol. The cmdlet assigns the protocol that you specify to the routing filter. The acceptable values for this parameter are: 

-- Bbn
-- Bgp
-- Dhcp
-- Dvmrp
-- Egp
-- Eigrp
-- EsIs
-- Ggp
-- Hello
-- Icmp
-- Idpr
-- Igrp
-- IsIs
-- Local
-- NetMgmt
-- Ospf
-- Rip
-- Rpl
-- Other</maml:para></maml:description><command:parameterValue required="true" variableLength="false">Protocol</command:parameterValue></command:parameter><command:parameter required="false" variableLength="false" globbing="false" pipelineInput="false" position="named" aliases=""><maml:name>RemotePortEnd</maml:name><maml:description><maml:para>Specifies the upper bound of a range of remote TCP ports. The cmdlet assigns the upper bound that you specify to the transport filter. </maml:para></maml:description><command:parameterValue required="true" variableLength="false">UInt16</command:parameterValue></command:parameter><command:parameter required="false" variableLength="false" globbing="false" pipelineInput="false" position="named" aliases=""><maml:name>RemotePortStart</maml:name><maml:description><maml:para>Specifies the lower bound of a range of remote TCP ports. The cmdlet assigns the lower bound that you specify to the transport filter. </maml:para></maml:description><command:parameterValue required="true" variableLength="false">UInt16</command:parameterValue></command:parameter><command:parameter required="false" variableLength="false" globbing="false" pipelineInput="false" position="named" aliases=""><maml:name>ThrottleLimit</maml:name><maml:description><maml:para>Specifies the maximum number of concurrent operations that can be established to run the cmdlet. If this parameter is omitted or a value of 0 is entered, then Windows PowerShell® calculates an optimum throttle limit for the cmdlet based on the number of CIM cmdlets that are running on the computer. The throttle limit applies only to the current cmdlet, not to the session or to the computer.</maml:para></maml:description><command:parameterValue required="true" variableLength="false">Int32</command:parameterValue></command:parameter><command:parameter required="true" variableLength="false" globbing="false" pipelineInput="false" position="named" aliases=""><maml:name>SettingName</maml:name><maml:description><maml:para>Specifies a setting name. The cmdlet associates the setting that you specify to the transport filter. The acceptable values for this parameter are: 

-- Internet
-- Datacenter
-- Compat
-- Custom</maml:para></maml:description><command:parameterValue required="true" variableLength="false">String</command:parameterValue></command:parameter><command:parameter required="false" variableLength="true" globbing="false" pipelineInput="false" position="named"><maml:name>Confirm</maml:name><maml:description><maml:para>Prompts you for confirmation before running the cmdlet.</maml:para></maml:description></command:parameter><command:parameter required="false" variableLength="true" globbing="false" pipelineInput="false" position="named"><maml:name>WhatIf</maml:name><maml:description><maml:para>Shows what would happen if the cmdlet runs. The cmdlet is not run.</maml:para></maml:description></command:parameter></command:syntaxItem></command:syntax><command:parameters><command:parameter required="false" variableLength="false" globbing="false" pipelineInput="false" position="named" aliases=""><maml:name>AsJob</maml:name><maml:description><maml:para>Runs the cmdlet as a background job. Use this parameter to run commands that take a long time to complete. 
 The cmdlet immediately returns an object that represents the job and then displays the command prompt. You can continue to work in the session while the job completes. To manage the job, use the *-Job cmdlets. To get the job results, use the <maml:navigationLink><maml:linkText>Receive-Job</maml:linkText><maml:uri></maml:uri></maml:navigationLink> cmdlet. 
 For more information about Windows PowerShell® background jobs, see <maml:navigationLink><maml:linkText>about_Jobs</maml:linkText><maml:uri></maml:uri></maml:navigationLink>.</maml:para></maml:description><command:parameterValue required="false" variableLength="false">SwitchParameter</command:parameterValue><dev:type><maml:name>SwitchParameter</maml:name><maml:uri /></dev:type><dev:defaultValue></dev:defaultValue></command:parameter><command:parameter required="false" variableLength="true" globbing="false" pipelineInput="false" position="named" aliases=""><maml:name>CimSession</maml:name><maml:description><maml:para>Runs the cmdlet in a remote session or on a remote computer. Enter a computer name or a session object, such as the output of a <maml:navigationLink><maml:linkText>New-CimSession</maml:linkText><maml:uri></maml:uri></maml:navigationLink> or <maml:navigationLink><maml:linkText>Get-CimSession</maml:linkText><maml:uri></maml:uri></maml:navigationLink> cmdlet. The default is the current session on the local computer.</maml:para></maml:description><command:parameterValue required="true" variableLength="true">CimSession[]</command:parameterValue><dev:type><maml:name>CimSession[]</maml:name><maml:uri /></dev:type><dev:defaultValue></dev:defaultValue></command:parameter><command:parameter required="false" variableLength="false" globbing="false" pipelineInput="false" position="named" aliases=""><maml:name>DestinationPrefix</maml:name><maml:description><maml:para>Specifies a destination prefix of an IP route. The cmdlet associates the transport filter that to the prefix that you specify. A destination prefix consists of an IP address prefix and a prefix length, separated by a slash (/).</maml:para></maml:description><command:parameterValue required="true" variableLength="false">String</command:parameterValue><dev:type><maml:name>String</maml:name><maml:uri /></dev:type><dev:defaultValue></dev:defaultValue></command:parameter><command:parameter required="false" variableLength="false" globbing="false" pipelineInput="false" position="named" aliases=""><maml:name>LocalPortEnd</maml:name><maml:description><maml:para>Specifies the upper bound of a range of local TCP ports. The cmdlet assigns the upper bound that you specify to the transport filter. If you do not specify this parameter, the cmdlet uses the lower range value of 1025.</maml:para></maml:description><command:parameterValue required="true" variableLength="false">UInt16</command:parameterValue><dev:type><maml:name>UInt16</maml:name><maml:uri /></dev:type><dev:defaultValue></dev:defaultValue></command:parameter><command:parameter required="false" variableLength="false" globbing="false" pipelineInput="false" position="named" aliases=""><maml:name>LocalPortStart</maml:name><maml:description><maml:para>Specifies the lower bound of a range of local TCP ports. The cmdlet assigns the lower bound that you specify to the transport filter. If you do not specify this parameter, the cmdlet uses the lower range value of 65535.</maml:para></maml:description><command:parameterValue required="true" variableLength="false">UInt16</command:parameterValue><dev:type><maml:name>UInt16</maml:name><maml:uri /></dev:type><dev:defaultValue></dev:defaultValue></command:parameter><command:parameter required="false" variableLength="false" globbing="false" pipelineInput="false" position="named" aliases=""><maml:name>Protocol</maml:name><maml:description><maml:para>Specifies the type of routing protocol. The cmdlet assigns the protocol that you specify to the routing filter. The acceptable values for this parameter are: 

-- Bbn
-- Bgp
-- Dhcp
-- Dvmrp
-- Egp
-- Eigrp
-- EsIs
-- Ggp
-- Hello
-- Icmp
-- Idpr
-- Igrp
-- IsIs
-- Local
-- NetMgmt
-- Ospf
-- Rip
-- Rpl
-- Other</maml:para></maml:description><command:parameterValue required="true" variableLength="false">Protocol</command:parameterValue><dev:type><maml:name>Protocol</maml:name><maml:uri /></dev:type><dev:defaultValue></dev:defaultValue></command:parameter><command:parameter required="false" variableLength="false" globbing="false" pipelineInput="false" position="named" aliases=""><maml:name>RemotePortEnd</maml:name><maml:description><maml:para>Specifies the upper bound of a range of remote TCP ports. The cmdlet assigns the upper bound that you specify to the transport filter. </maml:para></maml:description><command:parameterValue required="true" variableLength="false">UInt16</command:parameterValue><dev:type><maml:name>UInt16</maml:name><maml:uri /></dev:type><dev:defaultValue></dev:defaultValue></command:parameter><command:parameter required="false" variableLength="false" globbing="false" pipelineInput="false" position="named" aliases=""><maml:name>RemotePortStart</maml:name><maml:description><maml:para>Specifies the lower bound of a range of remote TCP ports. The cmdlet assigns the lower bound that you specify to the transport filter. </maml:para></maml:description><command:parameterValue required="true" variableLength="false">UInt16</command:parameterValue><dev:type><maml:name>UInt16</maml:name><maml:uri /></dev:type><dev:defaultValue></dev:defaultValue></command:parameter><command:parameter required="true" variableLength="false" globbing="false" pipelineInput="false" position="named" aliases=""><maml:name>SettingName</maml:name><maml:description><maml:para>Specifies a setting name. The cmdlet associates the setting that you specify to the transport filter. The acceptable values for this parameter are: 

-- Internet
-- Datacenter
-- Compat
-- Custom</maml:para></maml:description><command:parameterValue required="true" variableLength="false">String</command:parameterValue><dev:type><maml:name>String</maml:name><maml:uri /></dev:type><dev:defaultValue></dev:defaultValue></command:parameter><command:parameter required="false" variableLength="false" globbing="false" pipelineInput="false" position="named" aliases=""><maml:name>ThrottleLimit</maml:name><maml:description><maml:para>Specifies the maximum number of concurrent operations that can be established to run the cmdlet. If this parameter is omitted or a value of 0 is entered, then Windows PowerShell® calculates an optimum throttle limit for the cmdlet based on the number of CIM cmdlets that are running on the computer. The throttle limit applies only to the current cmdlet, not to the session or to the computer.</maml:para></maml:description><command:parameterValue required="true" variableLength="false">Int32</command:parameterValue><dev:type><maml:name>Int32</maml:name><maml:uri /></dev:type><dev:defaultValue></dev:defaultValue></command:parameter><command:parameter required="false" variableLength="true" globbing="false" pipelineInput="false" position="named"><maml:name>Confirm</maml:name><maml:description><maml:para>Prompts you for confirmation before running the cmdlet.</maml:para></maml:description><command:parameterValue required="false" variableLength="false">SwitchParameter</command:parameterValue><dev:type><maml:name>SwitchParameter</maml:name><maml:uri /></dev:type><dev:defaultValue>false</dev:defaultValue></command:parameter><command:parameter required="false" variableLength="true" globbing="false" pipelineInput="false" position="named"><maml:name>WhatIf</maml:name><maml:description><maml:para>Shows what would happen if the cmdlet runs. The cmdlet is not run.</maml:para></maml:description><command:parameterValue required="false" variableLength="false">SwitchParameter</command:parameterValue><dev:type><maml:name>SwitchParameter</maml:name><maml:uri /></dev:type><dev:defaultValue>false</dev:defaultValue></command:parameter></command:parameters><command:inputTypes><command:inputType><dev:type><maml:name>None</maml:name><maml:uri></maml:uri><maml:description><maml:para /></maml:description></dev:type><maml:description><maml:para></maml:para></maml:description></command:inputType></command:inputTypes><command:returnValues><command:returnValue><dev:type><maml:name>Microsoft.Management.Infrastructure.CimInstance#root\StandardCimv2\MSFT_NetTransportFilter</maml:name><maml:uri></maml:uri><maml:description><maml:para /></maml:description></dev:type><maml:description><maml:para>The Microsoft.Management.Infrastructure.CimInstance object is a wrapper class that displays Windows Management Instrumentation (WMI) objects. The path after the pound sign (#) provides the namespace and class name for the underlying WMI object.</maml:para></maml:description></command:returnValue></command:returnValues><command:terminatingErrors /><command:nonTerminatingErrors /><command:examples><command:example><maml:title>Example 1: Create a transport filter</maml:title><maml:introduction><maml:para></maml:para></maml:introduction><dev:code>PS C:\&gt;New-NetTransportFilter –SettingName Datacenter –DestinationPrefix 192.168.0.0/16

</dev:code><dev:remarks><maml:para>This command creates a transport filter for the 192.168.0.0/16 network. The data center TCP settings applies to all TCP connections between the computer and other computers in this network.</maml:para></dev:remarks><command:commandLines><command:commandLine><command:commandText /></command:commandLine></command:commandLines></command:example><command:example><maml:title>Example 2: Create a transport filter for an app</maml:title><maml:introduction><maml:para></maml:para></maml:introduction><dev:code>PS C:\&gt;Get-NetTransportFilter –SettingName Compat –LocalPortStart 5000 –LocalPortEnd 5000 –RemotePortStart 6000 –RemotePortEnd 6000

</dev:code><dev:remarks><maml:para>This command creates a transport filter for a compatibility setting. The command specifies port ranges for both local and remote computers.</maml:para></dev:remarks><command:commandLines><command:commandLine><command:commandText /></command:commandLine></command:commandLines></command:example></command:examples><maml:relatedLinks><maml:navigationLink><maml:linkText>Online Version:</maml:linkText><maml:uri>http://go.microsoft.com/fwlink/?LinkID=288397</maml:uri></maml:navigationLink><maml:navigationLink><maml:linkText>Get-NetTransportFilter</maml:linkText><maml:uri /></maml:navigationLink><maml:navigationLink><maml:linkText>Remove-NetTransportFilter</maml:linkText><maml:uri /></maml:navigationLink><maml:navigationLink><maml:linkText>Set-NetTCPSetting</maml:linkText><maml:uri /></maml:navigationLink></maml:relatedLinks></command:command>

<command:command xmlns:maml="http://schemas.microsoft.com/maml/2004/10" xmlns:command="http://schemas.microsoft.com/maml/dev/command/2004/10" xmlns:dev="http://schemas.microsoft.com/maml/dev/2004/10" xmlns:MSHelp="http://msdn.microsoft.com/mshelp"><command:details><command:name>Remove-NetTransportFilter</command:name><maml:description><maml:para>Removes transport filters.</maml:para></maml:description><maml:copyright><maml:para /></maml:copyright><command:verb>Remove</command:verb><command:noun>NetTransportFilter</command:noun><dev:version /></command:details><maml:description><maml:para>The Remove-NetTransportFilter cmdlet removes transport filters. </maml:para></maml:description><command:syntax><command:syntaxItem><maml:name>Remove-NetTransportFilter</maml:name><command:parameter required="false" variableLength="false" globbing="false" pipelineInput="false" position="named" aliases=""><maml:name>AsJob</maml:name><maml:description><maml:para>Runs the cmdlet as a background job. Use this parameter to run commands that take a long time to complete. 
 The cmdlet immediately returns an object that represents the job and then displays the command prompt. You can continue to work in the session while the job completes. To manage the job, use the *-Job cmdlets. To get the job results, use the <maml:navigationLink><maml:linkText>Receive-Job</maml:linkText><maml:uri></maml:uri></maml:navigationLink> cmdlet. 
 For more information about Windows PowerShell® background jobs, see <maml:navigationLink><maml:linkText>about_Jobs</maml:linkText><maml:uri></maml:uri></maml:navigationLink>.</maml:para></maml:description></command:parameter><command:parameter required="false" variableLength="false" globbing="false" pipelineInput="True (ByValue)" position="named" aliases=""><maml:name>AssociatedTCPSetting</maml:name><maml:description><maml:para>Specifies a NetTCPSetting object. The cmdlet removes transport filters associated with the setting that you specify. To obtain a NetTCPSetting object, use the Get-NetTCPSetting cmdlet. </maml:para></maml:description><command:parameterValue required="true" variableLength="false">CimInstance</command:parameterValue></command:parameter><command:parameter required="false" variableLength="true" globbing="false" pipelineInput="false" position="named" aliases="Session"><maml:name>CimSession</maml:name><maml:description><maml:para>Runs the cmdlet in a remote session or on a remote computer. Enter a computer name or a session object, such as the output of a <maml:navigationLink><maml:linkText>New-CimSession</maml:linkText><maml:uri></maml:uri></maml:navigationLink> or <maml:navigationLink><maml:linkText>Get-CimSession</maml:linkText><maml:uri></maml:uri></maml:navigationLink> cmdlet. The default is the current session on the local computer.</maml:para></maml:description><command:parameterValue required="true" variableLength="true">CimSession[]</command:parameterValue></command:parameter><command:parameter required="false" variableLength="true" globbing="false" pipelineInput="false" position="named" aliases=""><maml:name>DestinationPrefix</maml:name><maml:description><maml:para>Specifies an array of destination prefixes of IP routes. The cmdlet removes transport filters that have the prefixes that you specify. A destination prefix consists of an IP address prefix and a prefix length, separated by a slash (/).</maml:para></maml:description><command:parameterValue required="true" variableLength="true">String[]</command:parameterValue></command:parameter><command:parameter required="false" variableLength="true" globbing="false" pipelineInput="false" position="named" aliases=""><maml:name>LocalPortEnd</maml:name><maml:description><maml:para>Specifies an array of upper bounds of ranges of local TCP ports. The cmdlet removes transport filters that have the upper bounds that you specify.</maml:para></maml:description><command:parameterValue required="true" variableLength="true">UInt16[]</command:parameterValue></command:parameter><command:parameter required="false" variableLength="true" globbing="false" pipelineInput="false" position="named" aliases=""><maml:name>LocalPortStart</maml:name><maml:description><maml:para>Specifies an array of lower bounds of ranges of local TCP ports. The cmdlet removes transport filters that have the lower bounds that you specify.</maml:para></maml:description><command:parameterValue required="true" variableLength="true">UInt16[]</command:parameterValue></command:parameter><command:parameter required="false" variableLength="false" globbing="false" pipelineInput="false" position="named" aliases=""><maml:name>PassThru</maml:name><maml:description><maml:para>Returns an object representing the item with which you are working. By default, this cmdlet does not generate any output.</maml:para></maml:description></command:parameter><command:parameter required="false" variableLength="true" globbing="false" pipelineInput="false" position="named" aliases=""><maml:name>Protocol</maml:name><maml:description><maml:para>Specifies an array of types of routing protocols. The cmdlet removes transport filters based on the protocols that you specify. The acceptable values for this parameter are: 

-- Bbn
-- Bgp
-- Dhcp
-- Dvmrp
-- Egp
-- Eigrp
-- EsIs
-- Ggp
-- Hello
-- Icmp
-- Idpr
-- Igrp
-- IsIs
-- Local
-- NetMgmt
-- Ospf
-- Rip
-- Rpl
-- Other</maml:para></maml:description><command:parameterValue required="true" variableLength="true">Protocol[]</command:parameterValue></command:parameter><command:parameter required="false" variableLength="true" globbing="false" pipelineInput="false" position="named" aliases=""><maml:name>RemotePortEnd</maml:name><maml:description><maml:para>Specifies an array of upper bounds of ranges of remote TCP ports.  The cmdlet removes transport filters that have the upper bounds that you specify.</maml:para></maml:description><command:parameterValue required="true" variableLength="true">UInt16[]</command:parameterValue></command:parameter><command:parameter required="false" variableLength="true" globbing="false" pipelineInput="false" position="named" aliases=""><maml:name>RemotePortStart</maml:name><maml:description><maml:para>Specifies an array of lower bounds of ranges of remote TCP ports. The cmdlet removes transport filters that have the lower bounds that you specify.</maml:para></maml:description><command:parameterValue required="true" variableLength="true">UInt16[]</command:parameterValue></command:parameter><command:parameter required="false" variableLength="true" globbing="false" pipelineInput="false" position="named" aliases=""><maml:name>SettingName</maml:name><maml:description><maml:para>Specifies an array of setting names. The cmdlet removes transport filters that have the settings that you specify. The acceptable values for this parameter are: 

-- Internet 
-- Datacenter
-- Compat
-- Custom</maml:para></maml:description><command:parameterValue required="true" variableLength="true">String[]</command:parameterValue></command:parameter><command:parameter required="false" variableLength="false" globbing="false" pipelineInput="false" position="named" aliases=""><maml:name>ThrottleLimit</maml:name><maml:description><maml:para>Specifies the maximum number of concurrent operations that can be established to run the cmdlet. If this parameter is omitted or a value of 0 is entered, then Windows PowerShell® calculates an optimum throttle limit for the cmdlet based on the number of CIM cmdlets that are running on the computer. The throttle limit applies only to the current cmdlet, not to the session or to the computer.</maml:para></maml:description><command:parameterValue required="true" variableLength="false">Int32</command:parameterValue></command:parameter><command:parameter required="false" variableLength="true" globbing="false" pipelineInput="false" position="named"><maml:name>Confirm</maml:name><maml:description><maml:para>Prompts you for confirmation before running the cmdlet.</maml:para></maml:description></command:parameter><command:parameter required="false" variableLength="true" globbing="false" pipelineInput="false" position="named"><maml:name>WhatIf</maml:name><maml:description><maml:para>Shows what would happen if the cmdlet runs. The cmdlet is not run.</maml:para></maml:description></command:parameter></command:syntaxItem><command:syntaxItem><maml:name>Remove-NetTransportFilter</maml:name><command:parameter required="false" variableLength="false" globbing="false" pipelineInput="false" position="named" aliases=""><maml:name>AsJob</maml:name><maml:description><maml:para>Runs the cmdlet as a background job. Use this parameter to run commands that take a long time to complete. 
 The cmdlet immediately returns an object that represents the job and then displays the command prompt. You can continue to work in the session while the job completes. To manage the job, use the *-Job cmdlets. To get the job results, use the <maml:navigationLink><maml:linkText>Receive-Job</maml:linkText><maml:uri></maml:uri></maml:navigationLink> cmdlet. 
 For more information about Windows PowerShell® background jobs, see <maml:navigationLink><maml:linkText>about_Jobs</maml:linkText><maml:uri></maml:uri></maml:navigationLink>.</maml:para></maml:description></command:parameter><command:parameter required="false" variableLength="true" globbing="false" pipelineInput="false" position="named" aliases="Session"><maml:name>CimSession</maml:name><maml:description><maml:para>Runs the cmdlet in a remote session or on a remote computer. Enter a computer name or a session object, such as the output of a <maml:navigationLink><maml:linkText>New-CimSession</maml:linkText><maml:uri></maml:uri></maml:navigationLink> or <maml:navigationLink><maml:linkText>Get-CimSession</maml:linkText><maml:uri></maml:uri></maml:navigationLink> cmdlet. The default is the current session on the local computer.</maml:para></maml:description><command:parameterValue required="true" variableLength="true">CimSession[]</command:parameterValue></command:parameter><command:parameter required="false" variableLength="false" globbing="false" pipelineInput="false" position="named" aliases=""><maml:name>PassThru</maml:name><maml:description><maml:para>Returns an object representing the item with which you are working. By default, this cmdlet does not generate any output.</maml:para></maml:description></command:parameter><command:parameter required="false" variableLength="false" globbing="false" pipelineInput="false" position="named" aliases=""><maml:name>ThrottleLimit</maml:name><maml:description><maml:para>Specifies the maximum number of concurrent operations that can be established to run the cmdlet. If this parameter is omitted or a value of 0 is entered, then Windows PowerShell® calculates an optimum throttle limit for the cmdlet based on the number of CIM cmdlets that are running on the computer. The throttle limit applies only to the current cmdlet, not to the session or to the computer.</maml:para></maml:description><command:parameterValue required="true" variableLength="false">Int32</command:parameterValue></command:parameter><command:parameter required="true" variableLength="true" globbing="false" pipelineInput="True (ByValue)" position="named" aliases=""><maml:name>InputObject</maml:name><maml:description><maml:para>Specifies the input to this cmdlet. You can use this parameter, or you can pipe the input to this cmdlet.</maml:para></maml:description><command:parameterValue required="true" variableLength="true">CimInstance[]</command:parameterValue></command:parameter><command:parameter required="false" variableLength="true" globbing="false" pipelineInput="false" position="named"><maml:name>Confirm</maml:name><maml:description><maml:para>Prompts you for confirmation before running the cmdlet.</maml:para></maml:description></command:parameter><command:parameter required="false" variableLength="true" globbing="false" pipelineInput="false" position="named"><maml:name>WhatIf</maml:name><maml:description><maml:para>Shows what would happen if the cmdlet runs. The cmdlet is not run.</maml:para></maml:description></command:parameter></command:syntaxItem></command:syntax><command:parameters><command:parameter required="false" variableLength="false" globbing="false" pipelineInput="false" position="named" aliases=""><maml:name>AsJob</maml:name><maml:description><maml:para>Runs the cmdlet as a background job. Use this parameter to run commands that take a long time to complete. 
 The cmdlet immediately returns an object that represents the job and then displays the command prompt. You can continue to work in the session while the job completes. To manage the job, use the *-Job cmdlets. To get the job results, use the <maml:navigationLink><maml:linkText>Receive-Job</maml:linkText><maml:uri></maml:uri></maml:navigationLink> cmdlet. 
 For more information about Windows PowerShell® background jobs, see <maml:navigationLink><maml:linkText>about_Jobs</maml:linkText><maml:uri></maml:uri></maml:navigationLink>.</maml:para></maml:description><command:parameterValue required="false" variableLength="false">SwitchParameter</command:parameterValue><dev:type><maml:name>SwitchParameter</maml:name><maml:uri /></dev:type><dev:defaultValue></dev:defaultValue></command:parameter><command:parameter required="false" variableLength="false" globbing="false" pipelineInput="True (ByValue)" position="named" aliases=""><maml:name>AssociatedTCPSetting</maml:name><maml:description><maml:para>Specifies a NetTCPSetting object. The cmdlet removes transport filters associated with the setting that you specify. To obtain a NetTCPSetting object, use the Get-NetTCPSetting cmdlet. </maml:para></maml:description><command:parameterValue required="true" variableLength="false">CimInstance</command:parameterValue><dev:type><maml:name>CimInstance</maml:name><maml:uri /></dev:type><dev:defaultValue></dev:defaultValue></command:parameter><command:parameter required="false" variableLength="true" globbing="false" pipelineInput="false" position="named" aliases="Session"><maml:name>CimSession</maml:name><maml:description><maml:para>Runs the cmdlet in a remote session or on a remote computer. Enter a computer name or a session object, such as the output of a <maml:navigationLink><maml:linkText>New-CimSession</maml:linkText><maml:uri></maml:uri></maml:navigationLink> or <maml:navigationLink><maml:linkText>Get-CimSession</maml:linkText><maml:uri></maml:uri></maml:navigationLink> cmdlet. The default is the current session on the local computer.</maml:para></maml:description><command:parameterValue required="true" variableLength="true">CimSession[]</command:parameterValue><dev:type><maml:name>CimSession[]</maml:name><maml:uri /></dev:type><dev:defaultValue></dev:defaultValue></command:parameter><command:parameter required="false" variableLength="true" globbing="false" pipelineInput="false" position="named" aliases=""><maml:name>DestinationPrefix</maml:name><maml:description><maml:para>Specifies an array of destination prefixes of IP routes. The cmdlet removes transport filters that have the prefixes that you specify. A destination prefix consists of an IP address prefix and a prefix length, separated by a slash (/).</maml:para></maml:description><command:parameterValue required="true" variableLength="true">String[]</command:parameterValue><dev:type><maml:name>String[]</maml:name><maml:uri /></dev:type><dev:defaultValue></dev:defaultValue></command:parameter><command:parameter required="true" variableLength="true" globbing="false" pipelineInput="True (ByValue)" position="named" aliases=""><maml:name>InputObject</maml:name><maml:description><maml:para>Specifies the input to this cmdlet. You can use this parameter, or you can pipe the input to this cmdlet.</maml:para></maml:description><command:parameterValue required="true" variableLength="true">CimInstance[]</command:parameterValue><dev:type><maml:name>CimInstance[]</maml:name><maml:uri /></dev:type><dev:defaultValue></dev:defaultValue></command:parameter><command:parameter required="false" variableLength="true" globbing="false" pipelineInput="false" position="named" aliases=""><maml:name>LocalPortEnd</maml:name><maml:description><maml:para>Specifies an array of upper bounds of ranges of local TCP ports. The cmdlet removes transport filters that have the upper bounds that you specify.</maml:para></maml:description><command:parameterValue required="true" variableLength="true">UInt16[]</command:parameterValue><dev:type><maml:name>UInt16[]</maml:name><maml:uri /></dev:type><dev:defaultValue></dev:defaultValue></command:parameter><command:parameter required="false" variableLength="true" globbing="false" pipelineInput="false" position="named" aliases=""><maml:name>LocalPortStart</maml:name><maml:description><maml:para>Specifies an array of lower bounds of ranges of local TCP ports. The cmdlet removes transport filters that have the lower bounds that you specify.</maml:para></maml:description><command:parameterValue required="true" variableLength="true">UInt16[]</command:parameterValue><dev:type><maml:name>UInt16[]</maml:name><maml:uri /></dev:type><dev:defaultValue></dev:defaultValue></command:parameter><command:parameter required="false" variableLength="false" globbing="false" pipelineInput="false" position="named" aliases=""><maml:name>PassThru</maml:name><maml:description><maml:para>Returns an object representing the item with which you are working. By default, this cmdlet does not generate any output.</maml:para></maml:description><command:parameterValue required="false" variableLength="false">SwitchParameter</command:parameterValue><dev:type><maml:name>SwitchParameter</maml:name><maml:uri /></dev:type><dev:defaultValue></dev:defaultValue></command:parameter><command:parameter required="false" variableLength="true" globbing="false" pipelineInput="false" position="named" aliases=""><maml:name>Protocol</maml:name><maml:description><maml:para>Specifies an array of types of routing protocols. The cmdlet removes transport filters based on the protocols that you specify. The acceptable values for this parameter are: 

-- Bbn
-- Bgp
-- Dhcp
-- Dvmrp
-- Egp
-- Eigrp
-- EsIs
-- Ggp
-- Hello
-- Icmp
-- Idpr
-- Igrp
-- IsIs
-- Local
-- NetMgmt
-- Ospf
-- Rip
-- Rpl
-- Other</maml:para></maml:description><command:parameterValue required="true" variableLength="true">Protocol[]</command:parameterValue><dev:type><maml:name>Protocol[]</maml:name><maml:uri /></dev:type><dev:defaultValue></dev:defaultValue></command:parameter><command:parameter required="false" variableLength="true" globbing="false" pipelineInput="false" position="named" aliases=""><maml:name>RemotePortEnd</maml:name><maml:description><maml:para>Specifies an array of upper bounds of ranges of remote TCP ports.  The cmdlet removes transport filters that have the upper bounds that you specify.</maml:para></maml:description><command:parameterValue required="true" variableLength="true">UInt16[]</command:parameterValue><dev:type><maml:name>UInt16[]</maml:name><maml:uri /></dev:type><dev:defaultValue></dev:defaultValue></command:parameter><command:parameter required="false" variableLength="true" globbing="false" pipelineInput="false" position="named" aliases=""><maml:name>RemotePortStart</maml:name><maml:description><maml:para>Specifies an array of lower bounds of ranges of remote TCP ports. The cmdlet removes transport filters that have the lower bounds that you specify.</maml:para></maml:description><command:parameterValue required="true" variableLength="true">UInt16[]</command:parameterValue><dev:type><maml:name>UInt16[]</maml:name><maml:uri /></dev:type><dev:defaultValue></dev:defaultValue></command:parameter><command:parameter required="false" variableLength="true" globbing="false" pipelineInput="false" position="named" aliases=""><maml:name>SettingName</maml:name><maml:description><maml:para>Specifies an array of setting names. The cmdlet removes transport filters that have the settings that you specify. The acceptable values for this parameter are: 

-- Internet 
-- Datacenter
-- Compat
-- Custom</maml:para></maml:description><command:parameterValue required="true" variableLength="true">String[]</command:parameterValue><dev:type><maml:name>String[]</maml:name><maml:uri /></dev:type><dev:defaultValue></dev:defaultValue></command:parameter><command:parameter required="false" variableLength="false" globbing="false" pipelineInput="false" position="named" aliases=""><maml:name>ThrottleLimit</maml:name><maml:description><maml:para>Specifies the maximum number of concurrent operations that can be established to run the cmdlet. If this parameter is omitted or a value of 0 is entered, then Windows PowerShell® calculates an optimum throttle limit for the cmdlet based on the number of CIM cmdlets that are running on the computer. The throttle limit applies only to the current cmdlet, not to the session or to the computer.</maml:para></maml:description><command:parameterValue required="true" variableLength="false">Int32</command:parameterValue><dev:type><maml:name>Int32</maml:name><maml:uri /></dev:type><dev:defaultValue></dev:defaultValue></command:parameter><command:parameter required="false" variableLength="true" globbing="false" pipelineInput="false" position="named"><maml:name>Confirm</maml:name><maml:description><maml:para>Prompts you for confirmation before running the cmdlet.</maml:para></maml:description><command:parameterValue required="false" variableLength="false">SwitchParameter</command:parameterValue><dev:type><maml:name>SwitchParameter</maml:name><maml:uri /></dev:type><dev:defaultValue>false</dev:defaultValue></command:parameter><command:parameter required="false" variableLength="true" globbing="false" pipelineInput="false" position="named"><maml:name>WhatIf</maml:name><maml:description><maml:para>Shows what would happen if the cmdlet runs. The cmdlet is not run.</maml:para></maml:description><command:parameterValue required="false" variableLength="false">SwitchParameter</command:parameterValue><dev:type><maml:name>SwitchParameter</maml:name><maml:uri /></dev:type><dev:defaultValue>false</dev:defaultValue></command:parameter></command:parameters><command:inputTypes><command:inputType><dev:type><maml:name>Microsoft.Management.Infrastructure.CimInstance#root\StandardCimv2\MSFT_NetTransportFilter</maml:name><maml:uri></maml:uri><maml:description><maml:para /></maml:description></dev:type><maml:description><maml:para>The Microsoft.Management.Infrastructure.CimInstance object is a wrapper class that displays Windows Management Instrumentation (WMI) objects. The path after the pound sign (#) provides the namespace and class name for the underlying WMI object.</maml:para></maml:description></command:inputType></command:inputTypes><command:returnValues><command:returnValue><dev:type><maml:name>None</maml:name><maml:uri></maml:uri><maml:description><maml:para /></maml:description></dev:type><maml:description><maml:para></maml:para></maml:description></command:returnValue></command:returnValues><command:terminatingErrors /><command:nonTerminatingErrors /><command:examples><command:example><maml:title>Example 1: Remove transport filters for a setting name</maml:title><maml:introduction><maml:para></maml:para></maml:introduction><dev:code>PS C:\&gt;Remove-NetTransportFilter –SettingName Custom

</dev:code><dev:remarks><maml:para>This command removes all of the transport filters on the server that have the setting name of Custom. </maml:para></dev:remarks><command:commandLines><command:commandLine><command:commandText /></command:commandLine></command:commandLines></command:example><command:example><maml:title>Example 2: Remove transit filters for objects with a specified congestion window</maml:title><maml:introduction><maml:para></maml:para></maml:introduction><dev:code>PS C:\&gt;Get-NetTCPSetting –InitialCongestionWindowMss 4 | Remove-NetTransportFilter

</dev:code><dev:remarks><maml:para>This command uses the Get-NetTCPSetting cmdlet to get all of the NetTcpSetting objects that have an initial congestion window of 4 maximum segment size (MSS) units, and then passes them to the current cmdlet by using the pipeline operator. The command removes transport filters for these settings.</maml:para></dev:remarks><command:commandLines><command:commandLine><command:commandText /></command:commandLine></command:commandLines></command:example></command:examples><maml:relatedLinks><maml:navigationLink><maml:linkText>Online Version:</maml:linkText><maml:uri>http://go.microsoft.com/fwlink/?LinkID=288401</maml:uri></maml:navigationLink><maml:navigationLink><maml:linkText>Get-NetTCPSetting</maml:linkText><maml:uri /></maml:navigationLink><maml:navigationLink><maml:linkText>Get-NetTransportFilter</maml:linkText><maml:uri /></maml:navigationLink><maml:navigationLink><maml:linkText>New-NetTransportFilter</maml:linkText><maml:uri /></maml:navigationLink></maml:relatedLinks></command:command>

</helpItems>

