﻿<?xml version = "1.0" encoding = "utf-8" ?>

<helpItems schema="maml">

<command:command xmlns:maml="http://schemas.microsoft.com/maml/2004/10" xmlns:command="http://schemas.microsoft.com/maml/dev/command/2004/10" xmlns:dev="http://schemas.microsoft.com/maml/dev/2004/10" xmlns:MSHelp="http://msdn.microsoft.com/mshelp"><command:details><command:name>Get-DisplayResolution</command:name><maml:description><maml:para>Shows the current display resolution for a Server Core server. </maml:para></maml:description><maml:copyright><maml:para /></maml:copyright><command:verb>Get</command:verb><command:noun>DisplayResolution</command:noun><dev:version /></command:details><maml:description><maml:para>The Get-DisplayResolution cmdlet shows the display resolution for Windows Server® 2012 in Server Core mode. For a width of 1920 pixels and a height of 1080 pixels, the cmdlet displays 1920x1080. You can use the Set-DisplayResolution cmdlet to change the resolution.</maml:para><maml:para>For more information about Server Core mode, see <maml:navigationLink><maml:linkText>Configure and Manage Server Core Installations</maml:linkText><maml:uri></maml:uri></maml:navigationLink> (http://technet.microsoft.com/en-us/library/jj574091).</maml:para></maml:description><command:syntax><command:syntaxItem><maml:name>Get-DisplayResolution</maml:name></command:syntaxItem></command:syntax><command:parameters></command:parameters><command:inputTypes><command:inputType><dev:type><maml:name></maml:name><maml:uri></maml:uri><maml:description><maml:para /></maml:description></dev:type><maml:description></maml:description></command:inputType></command:inputTypes><command:returnValues><command:returnValue><dev:type><maml:name></maml:name><maml:uri></maml:uri><maml:description><maml:para /></maml:description></dev:type><maml:description></maml:description></command:returnValue></command:returnValues><command:terminatingErrors /><command:nonTerminatingErrors /><command:examples><command:example><maml:title>Example 1: Get display resolution</maml:title><maml:introduction><maml:para></maml:para></maml:introduction><dev:code>PS C:\&gt; Get-DisplayResolution
1920x1080
</dev:code><dev:remarks><maml:para>This command gets the current display resolution, which is a width of 1920 and a height of 1080.</maml:para></dev:remarks><command:commandLines><command:commandLine><command:commandText /></command:commandLine></command:commandLines></command:example></command:examples><maml:relatedLinks><maml:navigationLink><maml:linkText>Online Version:</maml:linkText><maml:uri>http://go.microsoft.com/fwlink/p/?linkid=287564</maml:uri></maml:navigationLink><maml:navigationLink><maml:linkText>Set-DisplayResolution</maml:linkText><maml:uri /></maml:navigationLink></maml:relatedLinks></command:command>

<command:command xmlns:maml="http://schemas.microsoft.com/maml/2004/10" xmlns:command="http://schemas.microsoft.com/maml/dev/command/2004/10" xmlns:dev="http://schemas.microsoft.com/maml/dev/2004/10" xmlns:MSHelp="http://msdn.microsoft.com/mshelp"><command:details><command:name>Set-DisplayResolution</command:name><maml:description><maml:para>Changes the display resolution for a Server Core server. </maml:para></maml:description><maml:copyright><maml:para /></maml:copyright><command:verb>Set</command:verb><command:noun>DisplayResolution</command:noun><dev:version /></command:details><maml:description><maml:para>The Set-DisplayResolution cmdlet changes the display resolution for Windows Server® 2012 in Server Core mode. Specify both the width and the height in pixels. Unless you use the Force parameter, the cmdlet prompts you before it changes the settings. You can use the Get-DisplayResolution cmdlet to view the current resolution.</maml:para><maml:para>For more information about Server Core mode, see <maml:navigationLink><maml:linkText>Configure and Manage Server Core Installations</maml:linkText><maml:uri></maml:uri></maml:navigationLink> (http://technet.microsoft.com/en-us/library/jj574091).</maml:para></maml:description><command:syntax><command:syntaxItem><maml:name>Set-DisplayResolution</maml:name><command:parameter required="true" variableLength="false" globbing="false" pipelineInput="false" position="1" aliases=""><maml:name>Width</maml:name><maml:description><maml:para>Specifies a width, in pixels, for the display.</maml:para></maml:description><command:parameterValue required="true" variableLength="false">Object</command:parameterValue></command:parameter><command:parameter required="true" variableLength="false" globbing="false" pipelineInput="True (ByPropertyName)" position="2" aliases=""><maml:name>Height</maml:name><maml:description><maml:para>Specifies a height, in pixels, for the display.</maml:para></maml:description><command:parameterValue required="true" variableLength="false">Object</command:parameterValue></command:parameter><command:parameter required="false" variableLength="false" globbing="false" pipelineInput="false" position="named" aliases=""><maml:name>Force</maml:name><maml:description><maml:para>Performs the action without a confirmation message.</maml:para></maml:description></command:parameter></command:syntaxItem></command:syntax><command:parameters><command:parameter required="false" variableLength="false" globbing="false" pipelineInput="false" position="named" aliases=""><maml:name>Force</maml:name><maml:description><maml:para>Performs the action without a confirmation message.</maml:para></maml:description><command:parameterValue required="false" variableLength="false">SwitchParameter</command:parameterValue><dev:type><maml:name>SwitchParameter</maml:name><maml:uri /></dev:type><dev:defaultValue></dev:defaultValue></command:parameter><command:parameter required="true" variableLength="false" globbing="false" pipelineInput="True (ByPropertyName)" position="2" aliases=""><maml:name>Height</maml:name><maml:description><maml:para>Specifies a height, in pixels, for the display.</maml:para></maml:description><command:parameterValue required="true" variableLength="false">Object</command:parameterValue><dev:type><maml:name>Object</maml:name><maml:uri /></dev:type><dev:defaultValue></dev:defaultValue></command:parameter><command:parameter required="true" variableLength="false" globbing="false" pipelineInput="false" position="1" aliases=""><maml:name>Width</maml:name><maml:description><maml:para>Specifies a width, in pixels, for the display.</maml:para></maml:description><command:parameterValue required="true" variableLength="false">Object</command:parameterValue><dev:type><maml:name>Object</maml:name><maml:uri /></dev:type><dev:defaultValue></dev:defaultValue></command:parameter></command:parameters><command:inputTypes><command:inputType><dev:type><maml:name></maml:name><maml:uri></maml:uri><maml:description><maml:para /></maml:description></dev:type><maml:description></maml:description></command:inputType></command:inputTypes><command:returnValues><command:returnValue><dev:type><maml:name></maml:name><maml:uri></maml:uri><maml:description><maml:para /></maml:description></dev:type><maml:description></maml:description></command:returnValue></command:returnValues><command:terminatingErrors /><command:nonTerminatingErrors /><command:examples><command:example><maml:title>Example 1: Set resolution</maml:title><maml:introduction><maml:para></maml:para></maml:introduction><dev:code>PS C:\&gt; Set-DisplayResolution -Width 1920 -Height 1200
setres will now attempt to apply the following display settings: 
  Width:          1920
  Height:         1200
Your screen may go blank for a moment. If your screen remains blank, press N
or restart your computer to revert the display settings. 
Do you want to save the display settings? 
[Y,N]?_
</dev:code><dev:remarks><maml:para>This command sets the display resolution to a width of 1920 pixels and a height of 1200 pixels. The system prompts you for confirmation.</maml:para></dev:remarks><command:commandLines><command:commandLine><command:commandText /></command:commandLine></command:commandLines></command:example><command:example><maml:title>Example 2: Set resolution without confirmation</maml:title><maml:introduction><maml:para></maml:para></maml:introduction><dev:code>PS C:\&gt;Set-DisplayResolution -Width 1024 -Height 768 -Force
setres will now attempt to apply the following display settings: 
  Width:          1024
  Height:         768
The new display settings have been saved.
</dev:code><dev:remarks><maml:para>This command sets the display resolution to a width of 1024 pixels and a height of 768 pixels. The command includes the Force parameter. It attempts to make the change without prompting you.</maml:para></dev:remarks><command:commandLines><command:commandLine><command:commandText /></command:commandLine></command:commandLines></command:example></command:examples><maml:relatedLinks><maml:navigationLink><maml:linkText>Online Version:</maml:linkText><maml:uri>http://go.microsoft.com/fwlink/p/?linkid=287565</maml:uri></maml:navigationLink><maml:navigationLink><maml:linkText>Get-DisplayResolution</maml:linkText><maml:uri /></maml:navigationLink></maml:relatedLinks></command:command>

</helpItems>

