﻿<?xml version = "1.0" encoding = "utf-8" ?>

<helpItems schema="maml">

<command:command xmlns:maml="http://schemas.microsoft.com/maml/2004/10" xmlns:command="http://schemas.microsoft.com/maml/dev/command/2004/10" xmlns:dev="http://schemas.microsoft.com/maml/dev/2004/10" xmlns:MSHelp="http://msdn.microsoft.com/mshelp"><command:details><command:name>Get-NetTeredoConfiguration</command:name><maml:description><maml:para>Gets the Teredo configuration of a computer or a Group Policy Object (GPO).</maml:para></maml:description><maml:copyright><maml:para /></maml:copyright><command:verb>Get</command:verb><command:noun>NetTeredoConfiguration</command:noun><dev:version /></command:details><maml:description><maml:para>The Get-NetTeredoConfiguration cmdlet gets the Teredo configuration of a computer or a Group Policy Object (GPO).</maml:para></maml:description><command:syntax><command:syntaxItem><maml:name>Get-NetTeredoConfiguration</maml:name><command:parameter required="false" variableLength="false" globbing="false" pipelineInput="false" position="named" aliases=""><maml:name>AsJob</maml:name><maml:description><maml:para>Runs the cmdlet as a background job. Use this parameter to run commands that take a long time to complete. 
 The cmdlet immediately returns an object that represents the job and then displays the command prompt. You can continue to work in the session while the job completes. To manage the job, use the *-Job cmdlets. To get the job results, use the <maml:navigationLink><maml:linkText>Receive-Job</maml:linkText><maml:uri></maml:uri></maml:navigationLink> cmdlet. 
 For more information about Windows PowerShell® background jobs, see <maml:navigationLink><maml:linkText>about_Jobs</maml:linkText><maml:uri></maml:uri></maml:navigationLink>.</maml:para></maml:description></command:parameter><command:parameter required="false" variableLength="true" globbing="false" pipelineInput="false" position="named" aliases=""><maml:name>CimSession</maml:name><maml:description><maml:para>Runs the cmdlet in a remote session or on a remote computer. Enter a computer name or a session object, such as the output of a <maml:navigationLink><maml:linkText>New-CimSession</maml:linkText><maml:uri></maml:uri></maml:navigationLink> or <maml:navigationLink><maml:linkText>Get-CimSession</maml:linkText><maml:uri></maml:uri></maml:navigationLink> cmdlet. The default is the current session on the local computer.</maml:para></maml:description><command:parameterValue required="true" variableLength="true">CimSession[]</command:parameterValue></command:parameter><command:parameter required="false" variableLength="false" globbing="false" pipelineInput="false" position="named" aliases=""><maml:name>GPOSession</maml:name><maml:description><maml:para>Specifies the Group Policy session from which to get the Teredo configuration information. 

You can use this parameter with the NetGPO cmdlets to aggregate multiple operations performed on a GPO. 

You cannot use this parameter with the PolicyStore parameter. </maml:para></maml:description><command:parameterValue required="true" variableLength="false">String</command:parameterValue></command:parameter><command:parameter required="false" variableLength="false" globbing="false" pipelineInput="true (ByValue)" position="named" aliases=""><maml:name>IPInterface</maml:name><maml:description><maml:para>Specifies the interface for which to get the Teredo configuration. If the interface is not a Teredo interface, then the cmdlet does not return any Teredo configuration information.</maml:para></maml:description><command:parameterValue required="true" variableLength="false">CimInstance</command:parameterValue></command:parameter><command:parameter required="false" variableLength="false" globbing="false" pipelineInput="false" position="named" aliases=""><maml:name>PolicyStore</maml:name><maml:description><maml:para>Specifies the policy store from which to retrieve the configuration. 
The acceptable values for this parameter are: 

 -- PersistentStore 

 -- ActiveStore 

 -- GPO 

The default value is ActiveStore. 

To retrieve the configuration from a GPO, specify the GPO name using the following format: Domain\GPOName

You cannot use this parameter with the GPOSession parameter. </maml:para></maml:description><command:parameterValue required="true" variableLength="false">String</command:parameterValue></command:parameter><command:parameter required="false" variableLength="false" globbing="false" pipelineInput="false" position="named" aliases=""><maml:name>ThrottleLimit</maml:name><maml:description><maml:para>Specifies the maximum number of concurrent operations that can be established to run the cmdlet. If this parameter is omitted or a value of 0 is entered, then Windows PowerShell® calculates an optimum throttle limit for the cmdlet based on the number of CIM cmdlets that are running on the computer. The throttle limit applies only to the current cmdlet, not to the session or to the computer.</maml:para></maml:description><command:parameterValue required="true" variableLength="false">Int32</command:parameterValue></command:parameter></command:syntaxItem></command:syntax><command:parameters><command:parameter required="false" variableLength="false" globbing="false" pipelineInput="false" position="named" aliases=""><maml:name>AsJob</maml:name><maml:description><maml:para>Runs the cmdlet as a background job. Use this parameter to run commands that take a long time to complete. 
 The cmdlet immediately returns an object that represents the job and then displays the command prompt. You can continue to work in the session while the job completes. To manage the job, use the *-Job cmdlets. To get the job results, use the <maml:navigationLink><maml:linkText>Receive-Job</maml:linkText><maml:uri></maml:uri></maml:navigationLink> cmdlet. 
 For more information about Windows PowerShell® background jobs, see <maml:navigationLink><maml:linkText>about_Jobs</maml:linkText><maml:uri></maml:uri></maml:navigationLink>.</maml:para></maml:description><command:parameterValue required="false" variableLength="false">SwitchParameter</command:parameterValue><dev:type><maml:name>SwitchParameter</maml:name><maml:uri /></dev:type><dev:defaultValue></dev:defaultValue></command:parameter><command:parameter required="false" variableLength="true" globbing="false" pipelineInput="false" position="named" aliases=""><maml:name>CimSession</maml:name><maml:description><maml:para>Runs the cmdlet in a remote session or on a remote computer. Enter a computer name or a session object, such as the output of a <maml:navigationLink><maml:linkText>New-CimSession</maml:linkText><maml:uri></maml:uri></maml:navigationLink> or <maml:navigationLink><maml:linkText>Get-CimSession</maml:linkText><maml:uri></maml:uri></maml:navigationLink> cmdlet. The default is the current session on the local computer.</maml:para></maml:description><command:parameterValue required="true" variableLength="true">CimSession[]</command:parameterValue><dev:type><maml:name>CimSession[]</maml:name><maml:uri /></dev:type><dev:defaultValue></dev:defaultValue></command:parameter><command:parameter required="false" variableLength="false" globbing="false" pipelineInput="false" position="named" aliases=""><maml:name>GPOSession</maml:name><maml:description><maml:para>Specifies the Group Policy session from which to get the Teredo configuration information. 

You can use this parameter with the NetGPO cmdlets to aggregate multiple operations performed on a GPO. 

You cannot use this parameter with the PolicyStore parameter. </maml:para></maml:description><command:parameterValue required="true" variableLength="false">String</command:parameterValue><dev:type><maml:name>String</maml:name><maml:uri /></dev:type><dev:defaultValue></dev:defaultValue></command:parameter><command:parameter required="false" variableLength="false" globbing="false" pipelineInput="true (ByValue)" position="named" aliases=""><maml:name>IPInterface</maml:name><maml:description><maml:para>Specifies the interface for which to get the Teredo configuration. If the interface is not a Teredo interface, then the cmdlet does not return any Teredo configuration information.</maml:para></maml:description><command:parameterValue required="true" variableLength="false">CimInstance</command:parameterValue><dev:type><maml:name>CimInstance</maml:name><maml:uri /></dev:type><dev:defaultValue></dev:defaultValue></command:parameter><command:parameter required="false" variableLength="false" globbing="false" pipelineInput="false" position="named" aliases=""><maml:name>PolicyStore</maml:name><maml:description><maml:para>Specifies the policy store from which to retrieve the configuration. 
The acceptable values for this parameter are: 

 -- PersistentStore 

 -- ActiveStore 

 -- GPO 

The default value is ActiveStore. 

To retrieve the configuration from a GPO, specify the GPO name using the following format: Domain\GPOName

You cannot use this parameter with the GPOSession parameter. </maml:para></maml:description><command:parameterValue required="true" variableLength="false">String</command:parameterValue><dev:type><maml:name>String</maml:name><maml:uri /></dev:type><dev:defaultValue></dev:defaultValue></command:parameter><command:parameter required="false" variableLength="false" globbing="false" pipelineInput="false" position="named" aliases=""><maml:name>ThrottleLimit</maml:name><maml:description><maml:para>Specifies the maximum number of concurrent operations that can be established to run the cmdlet. If this parameter is omitted or a value of 0 is entered, then Windows PowerShell® calculates an optimum throttle limit for the cmdlet based on the number of CIM cmdlets that are running on the computer. The throttle limit applies only to the current cmdlet, not to the session or to the computer.</maml:para></maml:description><command:parameterValue required="true" variableLength="false">Int32</command:parameterValue><dev:type><maml:name>Int32</maml:name><maml:uri /></dev:type><dev:defaultValue></dev:defaultValue></command:parameter></command:parameters><command:inputTypes><command:inputType><dev:type><maml:name>None</maml:name><maml:uri></maml:uri><maml:description><maml:para /></maml:description></dev:type><maml:description><maml:para>This cmdlet accepts no input objects.</maml:para></maml:description></command:inputType></command:inputTypes><command:returnValues><command:returnValue><dev:type><maml:name>Microsoft.Management.Infrastructure.CimInstance#root\StandardCimv2\MSFT_NetTeredoConfiguration</maml:name><maml:uri></maml:uri><maml:description><maml:para /></maml:description></dev:type><maml:description><maml:para>The Microsoft.Management.Infrastructure.CimInstance object is a wrapper class that displays Windows Management Instrumentation (WMI) objects. The path after the pound sign (#) provides the namespace and class name for the underlying WMI object.

This cmdlet returns a Teredo configuration object. </maml:para></maml:description></command:returnValue></command:returnValues><command:terminatingErrors /><command:nonTerminatingErrors /><command:examples><command:example><maml:title>Example 1: Get the Teredo configuration of a computer</maml:title><maml:introduction><maml:para></maml:para></maml:introduction><dev:code>PS C:\&gt;Get-NetTeredoConfiguration

</dev:code><dev:remarks><maml:para>This command gets the Teredo configuration from the active store on the local computer.</maml:para></dev:remarks><command:commandLines><command:commandLine><command:commandText /></command:commandLine></command:commandLines></command:example></command:examples><maml:relatedLinks><maml:navigationLink><maml:linkText>Online Version:</maml:linkText><maml:uri>http://go.microsoft.com/fwlink/?linkid=287464</maml:uri></maml:navigationLink><maml:navigationLink><maml:linkText>Reset-NetTeredoConfiguration</maml:linkText><maml:uri /></maml:navigationLink><maml:navigationLink><maml:linkText>Set-NetTeredoConfiguration</maml:linkText><maml:uri /></maml:navigationLink></maml:relatedLinks></command:command>

<command:command xmlns:maml="http://schemas.microsoft.com/maml/2004/10" xmlns:command="http://schemas.microsoft.com/maml/dev/command/2004/10" xmlns:dev="http://schemas.microsoft.com/maml/dev/2004/10" xmlns:MSHelp="http://msdn.microsoft.com/mshelp"><command:details><command:name>Reset-NetTeredoConfiguration</command:name><maml:description><maml:para>Resets the Teredo configuration elements in a Group Policy Object (GPO).</maml:para></maml:description><maml:copyright><maml:para /></maml:copyright><command:verb>Reset</command:verb><command:noun>NetTeredoConfiguration</command:noun><dev:version /></command:details><maml:description><maml:para>The Reset-NetTeredoConfiguration cmdlet resets the Teredo configuration elements in a Group Policy Object (GPO) configurations to the not configured state. Group Policy settings have three possible states: not configured, enabled, and disabled.</maml:para><maml:para>If used with no parameters, this cmdlet resets all Teredo configurations on the specified store.</maml:para></maml:description><command:syntax><command:syntaxItem><maml:name>Reset-NetTeredoConfiguration</maml:name><command:parameter required="false" variableLength="false" globbing="false" pipelineInput="false" position="named" aliases=""><maml:name>AsJob</maml:name><maml:description><maml:para>Runs the cmdlet as a background job. Use this parameter to run commands that take a long time to complete. 
 The cmdlet immediately returns an object that represents the job and then displays the command prompt. You can continue to work in the session while the job completes. To manage the job, use the *-Job cmdlets. To get the job results, use the <maml:navigationLink><maml:linkText>Receive-Job</maml:linkText><maml:uri></maml:uri></maml:navigationLink> cmdlet. 
 For more information about Windows PowerShell® background jobs, see <maml:navigationLink><maml:linkText>about_Jobs</maml:linkText><maml:uri></maml:uri></maml:navigationLink>.</maml:para></maml:description></command:parameter><command:parameter required="false" variableLength="true" globbing="false" pipelineInput="false" position="named" aliases="Session"><maml:name>CimSession</maml:name><maml:description><maml:para>Runs the cmdlet in a remote session or on a remote computer. Enter a computer name or a session object, such as the output of a <maml:navigationLink><maml:linkText>New-CimSession</maml:linkText><maml:uri></maml:uri></maml:navigationLink> or <maml:navigationLink><maml:linkText>Get-CimSession</maml:linkText><maml:uri></maml:uri></maml:navigationLink> cmdlet. The default is the current session on the local computer.</maml:para></maml:description><command:parameterValue required="true" variableLength="true">CimSession[]</command:parameterValue></command:parameter><command:parameter required="false" variableLength="false" globbing="false" pipelineInput="false" position="named" aliases=""><maml:name>ClientPort</maml:name><maml:description><maml:para>Resets the UDP port of the client to not configured.</maml:para></maml:description></command:parameter><command:parameter required="false" variableLength="false" globbing="false" pipelineInput="false" position="named" aliases=""><maml:name>DefaultQualified</maml:name><maml:description><maml:para>Resets the Teredo qualification configuration to false. This parameter can only be specified on GPOs.</maml:para></maml:description></command:parameter><command:parameter required="false" variableLength="false" globbing="false" pipelineInput="false" position="named" aliases=""><maml:name>GPOSession</maml:name><maml:description><maml:para>Specifies the Group Policy session that contains the Teredo configuration to reset. 
                         
You can use this parameter with the NetGPO cmdlets to aggregate multiple operations performed on a GPO. 
                         
You cannot use this parameter with the PolicyStore parameter. </maml:para></maml:description><command:parameterValue required="true" variableLength="false">String</command:parameterValue></command:parameter><command:parameter required="false" variableLength="false" globbing="false" pipelineInput="True (ByValue)" position="named" aliases=""><maml:name>IPInterface</maml:name><maml:description><maml:para>Specifies the interface on which to reset the Teredo configuration. If the interface specified is not a Teredo interface, then the cmdlet does not return any configuration.</maml:para></maml:description><command:parameterValue required="true" variableLength="false">CimInstance</command:parameterValue></command:parameter><command:parameter required="false" variableLength="false" globbing="false" pipelineInput="false" position="named" aliases=""><maml:name>PassThru</maml:name><maml:description><maml:para>Returns an object representing the item with which you are working. By default, this cmdlet does not generate any output.</maml:para></maml:description></command:parameter><command:parameter required="false" variableLength="false" globbing="false" pipelineInput="false" position="named" aliases=""><maml:name>PolicyStore</maml:name><maml:description><maml:para>Specifies the policy store that contains the Teredo configuration to reset. 
The acceptable values for this parameter are: 
                         
 -- PersistentStore 
                         
 -- ActiveStore 
                         
 -- GPO 
                         
To reset the configuration of a GPO, specify the GPO name using the following format: Domain\GPOName
                         
You cannot use this parameter with the GPOSession parameter. </maml:para></maml:description><command:parameterValue required="true" variableLength="false">String</command:parameterValue></command:parameter><command:parameter required="false" variableLength="false" globbing="false" pipelineInput="false" position="named" aliases="RefreshInterval"><maml:name>RefreshIntervalSeconds</maml:name><maml:description><maml:para>Resets the client refresh interval to 30 (seconds).</maml:para></maml:description></command:parameter><command:parameter required="false" variableLength="false" globbing="false" pipelineInput="false" position="named" aliases=""><maml:name>ServerName</maml:name><maml:description><maml:para>Resets the server name to teredo.ipv6.contoso.com.</maml:para></maml:description></command:parameter><command:parameter required="false" variableLength="false" globbing="false" pipelineInput="false" position="named" aliases=""><maml:name>ServerShunt</maml:name><maml:description><maml:para>Resets the server shunt configuration to False.</maml:para></maml:description></command:parameter><command:parameter required="false" variableLength="false" globbing="false" pipelineInput="false" position="named" aliases=""><maml:name>ServerVirtualIP</maml:name><maml:description><maml:para>Resets the IPv4 address of the Teredo configuration to 0.0.0.0.</maml:para></maml:description></command:parameter><command:parameter required="false" variableLength="false" globbing="false" pipelineInput="false" position="named" aliases=""><maml:name>ThrottleLimit</maml:name><maml:description><maml:para>Specifies the maximum number of concurrent operations that can be established to run the cmdlet. If this parameter is omitted or a value of 0 is entered, then Windows PowerShell® calculates an optimum throttle limit for the cmdlet based on the number of CIM cmdlets that are running on the computer. The throttle limit applies only to the current cmdlet, not to the session or to the computer.</maml:para></maml:description><command:parameterValue required="true" variableLength="false">Int32</command:parameterValue></command:parameter><command:parameter required="false" variableLength="false" globbing="false" pipelineInput="false" position="named" aliases=""><maml:name>Type</maml:name><maml:description><maml:para>Resets the type of the Teredo configuration to default.</maml:para></maml:description></command:parameter><command:parameter required="false" variableLength="true" globbing="false" pipelineInput="false" position="named"><maml:name>Confirm</maml:name><maml:description><maml:para>Prompts you for confirmation before running the cmdlet.</maml:para></maml:description></command:parameter><command:parameter required="false" variableLength="true" globbing="false" pipelineInput="false" position="named"><maml:name>WhatIf</maml:name><maml:description><maml:para>Shows what would happen if the cmdlet runs. The cmdlet is not run.</maml:para></maml:description></command:parameter></command:syntaxItem><command:syntaxItem><maml:name>Reset-NetTeredoConfiguration</maml:name><command:parameter required="false" variableLength="false" globbing="false" pipelineInput="false" position="named" aliases=""><maml:name>AsJob</maml:name><maml:description><maml:para>Runs the cmdlet as a background job. Use this parameter to run commands that take a long time to complete. 
 The cmdlet immediately returns an object that represents the job and then displays the command prompt. You can continue to work in the session while the job completes. To manage the job, use the *-Job cmdlets. To get the job results, use the <maml:navigationLink><maml:linkText>Receive-Job</maml:linkText><maml:uri></maml:uri></maml:navigationLink> cmdlet. 
 For more information about Windows PowerShell® background jobs, see <maml:navigationLink><maml:linkText>about_Jobs</maml:linkText><maml:uri></maml:uri></maml:navigationLink>.</maml:para></maml:description></command:parameter><command:parameter required="false" variableLength="true" globbing="false" pipelineInput="false" position="named" aliases="Session"><maml:name>CimSession</maml:name><maml:description><maml:para>Runs the cmdlet in a remote session or on a remote computer. Enter a computer name or a session object, such as the output of a <maml:navigationLink><maml:linkText>New-CimSession</maml:linkText><maml:uri></maml:uri></maml:navigationLink> or <maml:navigationLink><maml:linkText>Get-CimSession</maml:linkText><maml:uri></maml:uri></maml:navigationLink> cmdlet. The default is the current session on the local computer.</maml:para></maml:description><command:parameterValue required="true" variableLength="true">CimSession[]</command:parameterValue></command:parameter><command:parameter required="false" variableLength="false" globbing="false" pipelineInput="false" position="named" aliases=""><maml:name>ClientPort</maml:name><maml:description><maml:para>Resets the UDP port of the client to not configured.</maml:para></maml:description></command:parameter><command:parameter required="false" variableLength="false" globbing="false" pipelineInput="false" position="named" aliases=""><maml:name>DefaultQualified</maml:name><maml:description><maml:para>Resets the Teredo qualification configuration to false. This parameter can only be specified on GPOs.</maml:para></maml:description></command:parameter><command:parameter required="false" variableLength="false" globbing="false" pipelineInput="false" position="named" aliases=""><maml:name>PassThru</maml:name><maml:description><maml:para>Returns an object representing the item with which you are working. By default, this cmdlet does not generate any output.</maml:para></maml:description></command:parameter><command:parameter required="false" variableLength="false" globbing="false" pipelineInput="false" position="named" aliases="RefreshInterval"><maml:name>RefreshIntervalSeconds</maml:name><maml:description><maml:para>Resets the client refresh interval to 30 (seconds).</maml:para></maml:description></command:parameter><command:parameter required="false" variableLength="false" globbing="false" pipelineInput="false" position="named" aliases=""><maml:name>ServerName</maml:name><maml:description><maml:para>Resets the server name to teredo.ipv6.contoso.com.</maml:para></maml:description></command:parameter><command:parameter required="false" variableLength="false" globbing="false" pipelineInput="false" position="named" aliases=""><maml:name>ServerShunt</maml:name><maml:description><maml:para>Resets the server shunt configuration to False.</maml:para></maml:description></command:parameter><command:parameter required="false" variableLength="false" globbing="false" pipelineInput="false" position="named" aliases=""><maml:name>ServerVirtualIP</maml:name><maml:description><maml:para>Resets the IPv4 address of the Teredo configuration to 0.0.0.0.</maml:para></maml:description></command:parameter><command:parameter required="false" variableLength="false" globbing="false" pipelineInput="false" position="named" aliases=""><maml:name>ThrottleLimit</maml:name><maml:description><maml:para>Specifies the maximum number of concurrent operations that can be established to run the cmdlet. If this parameter is omitted or a value of 0 is entered, then Windows PowerShell® calculates an optimum throttle limit for the cmdlet based on the number of CIM cmdlets that are running on the computer. The throttle limit applies only to the current cmdlet, not to the session or to the computer.</maml:para></maml:description><command:parameterValue required="true" variableLength="false">Int32</command:parameterValue></command:parameter><command:parameter required="false" variableLength="false" globbing="false" pipelineInput="false" position="named" aliases=""><maml:name>Type</maml:name><maml:description><maml:para>Resets the type of the Teredo configuration to default.</maml:para></maml:description></command:parameter><command:parameter required="true" variableLength="true" globbing="false" pipelineInput="True (ByValue)" position="named" aliases=""><maml:name>InputObject</maml:name><maml:description><maml:para>Specifies the object which contains the Teredo configuration information to reset.</maml:para></maml:description><command:parameterValue required="true" variableLength="true">CimInstance[]</command:parameterValue></command:parameter><command:parameter required="false" variableLength="true" globbing="false" pipelineInput="false" position="named"><maml:name>Confirm</maml:name><maml:description><maml:para>Prompts you for confirmation before running the cmdlet.</maml:para></maml:description></command:parameter><command:parameter required="false" variableLength="true" globbing="false" pipelineInput="false" position="named"><maml:name>WhatIf</maml:name><maml:description><maml:para>Shows what would happen if the cmdlet runs. The cmdlet is not run.</maml:para></maml:description></command:parameter></command:syntaxItem></command:syntax><command:parameters><command:parameter required="false" variableLength="false" globbing="false" pipelineInput="false" position="named" aliases=""><maml:name>AsJob</maml:name><maml:description><maml:para>Runs the cmdlet as a background job. Use this parameter to run commands that take a long time to complete. 
 The cmdlet immediately returns an object that represents the job and then displays the command prompt. You can continue to work in the session while the job completes. To manage the job, use the *-Job cmdlets. To get the job results, use the <maml:navigationLink><maml:linkText>Receive-Job</maml:linkText><maml:uri></maml:uri></maml:navigationLink> cmdlet. 
 For more information about Windows PowerShell® background jobs, see <maml:navigationLink><maml:linkText>about_Jobs</maml:linkText><maml:uri></maml:uri></maml:navigationLink>.</maml:para></maml:description><command:parameterValue required="false" variableLength="false">SwitchParameter</command:parameterValue><dev:type><maml:name>SwitchParameter</maml:name><maml:uri /></dev:type><dev:defaultValue></dev:defaultValue></command:parameter><command:parameter required="false" variableLength="true" globbing="false" pipelineInput="false" position="named" aliases="Session"><maml:name>CimSession</maml:name><maml:description><maml:para>Runs the cmdlet in a remote session or on a remote computer. Enter a computer name or a session object, such as the output of a <maml:navigationLink><maml:linkText>New-CimSession</maml:linkText><maml:uri></maml:uri></maml:navigationLink> or <maml:navigationLink><maml:linkText>Get-CimSession</maml:linkText><maml:uri></maml:uri></maml:navigationLink> cmdlet. The default is the current session on the local computer.</maml:para></maml:description><command:parameterValue required="true" variableLength="true">CimSession[]</command:parameterValue><dev:type><maml:name>CimSession[]</maml:name><maml:uri /></dev:type><dev:defaultValue></dev:defaultValue></command:parameter><command:parameter required="false" variableLength="false" globbing="false" pipelineInput="false" position="named" aliases=""><maml:name>ClientPort</maml:name><maml:description><maml:para>Resets the UDP port of the client to not configured.</maml:para></maml:description><command:parameterValue required="false" variableLength="false">SwitchParameter</command:parameterValue><dev:type><maml:name>SwitchParameter</maml:name><maml:uri /></dev:type><dev:defaultValue></dev:defaultValue></command:parameter><command:parameter required="false" variableLength="false" globbing="false" pipelineInput="false" position="named" aliases=""><maml:name>DefaultQualified</maml:name><maml:description><maml:para>Resets the Teredo qualification configuration to false. This parameter can only be specified on GPOs.</maml:para></maml:description><command:parameterValue required="false" variableLength="false">SwitchParameter</command:parameterValue><dev:type><maml:name>SwitchParameter</maml:name><maml:uri /></dev:type><dev:defaultValue></dev:defaultValue></command:parameter><command:parameter required="false" variableLength="false" globbing="false" pipelineInput="false" position="named" aliases=""><maml:name>GPOSession</maml:name><maml:description><maml:para>Specifies the Group Policy session that contains the Teredo configuration to reset. 
                         
You can use this parameter with the NetGPO cmdlets to aggregate multiple operations performed on a GPO. 
                         
You cannot use this parameter with the PolicyStore parameter. </maml:para></maml:description><command:parameterValue required="true" variableLength="false">String</command:parameterValue><dev:type><maml:name>String</maml:name><maml:uri /></dev:type><dev:defaultValue></dev:defaultValue></command:parameter><command:parameter required="true" variableLength="true" globbing="false" pipelineInput="True (ByValue)" position="named" aliases=""><maml:name>InputObject</maml:name><maml:description><maml:para>Specifies the object which contains the Teredo configuration information to reset.</maml:para></maml:description><command:parameterValue required="true" variableLength="true">CimInstance[]</command:parameterValue><dev:type><maml:name>CimInstance[]</maml:name><maml:uri /></dev:type><dev:defaultValue></dev:defaultValue></command:parameter><command:parameter required="false" variableLength="false" globbing="false" pipelineInput="True (ByValue)" position="named" aliases=""><maml:name>IPInterface</maml:name><maml:description><maml:para>Specifies the interface on which to reset the Teredo configuration. If the interface specified is not a Teredo interface, then the cmdlet does not return any configuration.</maml:para></maml:description><command:parameterValue required="true" variableLength="false">CimInstance</command:parameterValue><dev:type><maml:name>CimInstance</maml:name><maml:uri /></dev:type><dev:defaultValue></dev:defaultValue></command:parameter><command:parameter required="false" variableLength="false" globbing="false" pipelineInput="false" position="named" aliases=""><maml:name>PassThru</maml:name><maml:description><maml:para>Returns an object representing the item with which you are working. By default, this cmdlet does not generate any output.</maml:para></maml:description><command:parameterValue required="false" variableLength="false">SwitchParameter</command:parameterValue><dev:type><maml:name>SwitchParameter</maml:name><maml:uri /></dev:type><dev:defaultValue></dev:defaultValue></command:parameter><command:parameter required="false" variableLength="false" globbing="false" pipelineInput="false" position="named" aliases=""><maml:name>PolicyStore</maml:name><maml:description><maml:para>Specifies the policy store that contains the Teredo configuration to reset. 
The acceptable values for this parameter are: 
                         
 -- PersistentStore 
                         
 -- ActiveStore 
                         
 -- GPO 
                         
To reset the configuration of a GPO, specify the GPO name using the following format: Domain\GPOName
                         
You cannot use this parameter with the GPOSession parameter. </maml:para></maml:description><command:parameterValue required="true" variableLength="false">String</command:parameterValue><dev:type><maml:name>String</maml:name><maml:uri /></dev:type><dev:defaultValue></dev:defaultValue></command:parameter><command:parameter required="false" variableLength="false" globbing="false" pipelineInput="false" position="named" aliases="RefreshInterval"><maml:name>RefreshIntervalSeconds</maml:name><maml:description><maml:para>Resets the client refresh interval to 30 (seconds).</maml:para></maml:description><command:parameterValue required="false" variableLength="false">SwitchParameter</command:parameterValue><dev:type><maml:name>SwitchParameter</maml:name><maml:uri /></dev:type><dev:defaultValue></dev:defaultValue></command:parameter><command:parameter required="false" variableLength="false" globbing="false" pipelineInput="false" position="named" aliases=""><maml:name>ServerName</maml:name><maml:description><maml:para>Resets the server name to teredo.ipv6.contoso.com.</maml:para></maml:description><command:parameterValue required="false" variableLength="false">SwitchParameter</command:parameterValue><dev:type><maml:name>SwitchParameter</maml:name><maml:uri /></dev:type><dev:defaultValue></dev:defaultValue></command:parameter><command:parameter required="false" variableLength="false" globbing="false" pipelineInput="false" position="named" aliases=""><maml:name>ServerShunt</maml:name><maml:description><maml:para>Resets the server shunt configuration to False.</maml:para></maml:description><command:parameterValue required="false" variableLength="false">SwitchParameter</command:parameterValue><dev:type><maml:name>SwitchParameter</maml:name><maml:uri /></dev:type><dev:defaultValue></dev:defaultValue></command:parameter><command:parameter required="false" variableLength="false" globbing="false" pipelineInput="false" position="named" aliases=""><maml:name>ServerVirtualIP</maml:name><maml:description><maml:para>Resets the IPv4 address of the Teredo configuration to 0.0.0.0.</maml:para></maml:description><command:parameterValue required="false" variableLength="false">SwitchParameter</command:parameterValue><dev:type><maml:name>SwitchParameter</maml:name><maml:uri /></dev:type><dev:defaultValue></dev:defaultValue></command:parameter><command:parameter required="false" variableLength="false" globbing="false" pipelineInput="false" position="named" aliases=""><maml:name>ThrottleLimit</maml:name><maml:description><maml:para>Specifies the maximum number of concurrent operations that can be established to run the cmdlet. If this parameter is omitted or a value of 0 is entered, then Windows PowerShell® calculates an optimum throttle limit for the cmdlet based on the number of CIM cmdlets that are running on the computer. The throttle limit applies only to the current cmdlet, not to the session or to the computer.</maml:para></maml:description><command:parameterValue required="true" variableLength="false">Int32</command:parameterValue><dev:type><maml:name>Int32</maml:name><maml:uri /></dev:type><dev:defaultValue></dev:defaultValue></command:parameter><command:parameter required="false" variableLength="false" globbing="false" pipelineInput="false" position="named" aliases=""><maml:name>Type</maml:name><maml:description><maml:para>Resets the type of the Teredo configuration to default.</maml:para></maml:description><command:parameterValue required="false" variableLength="false">SwitchParameter</command:parameterValue><dev:type><maml:name>SwitchParameter</maml:name><maml:uri /></dev:type><dev:defaultValue></dev:defaultValue></command:parameter><command:parameter required="false" variableLength="true" globbing="false" pipelineInput="false" position="named"><maml:name>Confirm</maml:name><maml:description><maml:para>Prompts you for confirmation before running the cmdlet.</maml:para></maml:description><command:parameterValue required="false" variableLength="false">SwitchParameter</command:parameterValue><dev:type><maml:name>SwitchParameter</maml:name><maml:uri /></dev:type><dev:defaultValue>false</dev:defaultValue></command:parameter><command:parameter required="false" variableLength="true" globbing="false" pipelineInput="false" position="named"><maml:name>WhatIf</maml:name><maml:description><maml:para>Shows what would happen if the cmdlet runs. The cmdlet is not run.</maml:para></maml:description><command:parameterValue required="false" variableLength="false">SwitchParameter</command:parameterValue><dev:type><maml:name>SwitchParameter</maml:name><maml:uri /></dev:type><dev:defaultValue>false</dev:defaultValue></command:parameter></command:parameters><command:inputTypes><command:inputType><dev:type><maml:name>None</maml:name><maml:uri></maml:uri><maml:description><maml:para /></maml:description></dev:type><maml:description><maml:para>This cmdlet accepts no input objects.</maml:para></maml:description></command:inputType></command:inputTypes><command:returnValues><command:returnValue><dev:type><maml:name>Microsoft.Management.Infrastructure.CimInstance#root\StandardCimv2\MSFT_NetTeredoConfiguration</maml:name><maml:uri></maml:uri><maml:description><maml:para /></maml:description></dev:type><maml:description><maml:para>The Microsoft.Management.Infrastructure.CimInstance object is a wrapper class that displays Windows Management Instrumentation (WMI) objects. The path after the pound sign (#) provides the namespace and class name for the underlying WMI object.
                         
When the Passthru parameter is specified, this cmdlet outputs a modified Windows Management Instrumentation (WMI) object.</maml:para></maml:description></command:returnValue></command:returnValues><command:terminatingErrors /><command:nonTerminatingErrors /><command:examples><command:example><maml:title>Example 1: Reset the Teredo configuration</maml:title><maml:introduction><maml:para></maml:para></maml:introduction><dev:code>PS C:\&gt;Reset-NetTeredoConfiguration

</dev:code><dev:remarks><maml:para>This command resets the Teredo configuration to the not configured state.</maml:para></dev:remarks><command:commandLines><command:commandLine><command:commandText /></command:commandLine></command:commandLines></command:example></command:examples><maml:relatedLinks><maml:navigationLink><maml:linkText>Online Version:</maml:linkText><maml:uri>http://go.microsoft.com/fwlink/?linkid=287476</maml:uri></maml:navigationLink><maml:navigationLink><maml:linkText>Get-NetTeredoConfiguration</maml:linkText><maml:uri /></maml:navigationLink><maml:navigationLink><maml:linkText>Set-NetTeredoConfiguration</maml:linkText><maml:uri /></maml:navigationLink></maml:relatedLinks></command:command>

<command:command xmlns:maml="http://schemas.microsoft.com/maml/2004/10" xmlns:command="http://schemas.microsoft.com/maml/dev/command/2004/10" xmlns:dev="http://schemas.microsoft.com/maml/dev/2004/10" xmlns:MSHelp="http://msdn.microsoft.com/mshelp"><command:details><command:name>Set-NetTeredoConfiguration</command:name><maml:description><maml:para>Modifies the Teredo configuration of a computer or a Group Policy object (GPO).</maml:para></maml:description><maml:copyright><maml:para /></maml:copyright><command:verb>Set</command:verb><command:noun>NetTeredoConfiguration</command:noun><dev:version /></command:details><maml:description><maml:para>The Set-NetTeredoConfiguration cmdlet modifies the Teredo configuration of either a computer or a Group Policy Object (GPO).</maml:para></maml:description><command:syntax><command:syntaxItem><maml:name>Set-NetTeredoConfiguration</maml:name><command:parameter required="false" variableLength="false" globbing="false" pipelineInput="false" position="2" aliases=""><maml:name>Type</maml:name><maml:description><maml:para>Specifies the state of Teredo. 
The acceptable values for this parameter are: 
                         
 -- Disabled: Disables the Teredo service. 
                         
 -- Client: Enables the Teredo client. 
                         
 -- Enterpriseclient: Skips the managed network detection. 
                         
 -- Server: Enables the Teredo server. 
                         
 -- Default: The default state is client. </maml:para></maml:description><command:parameterValue required="true" variableLength="false">Type</command:parameterValue></command:parameter><command:parameter required="false" variableLength="false" globbing="false" pipelineInput="false" position="3" aliases=""><maml:name>ServerName</maml:name><maml:description><maml:para>Specifies the name or IPv4 address of the Teredo server.</maml:para></maml:description><command:parameterValue required="true" variableLength="false">String</command:parameterValue></command:parameter><command:parameter required="false" variableLength="false" globbing="false" pipelineInput="false" position="4" aliases="RefreshInterval"><maml:name>RefreshIntervalSeconds</maml:name><maml:description><maml:para>Specifies the client refresh interval in seconds.</maml:para></maml:description><command:parameterValue required="true" variableLength="false">UInt32</command:parameterValue></command:parameter><command:parameter required="false" variableLength="false" globbing="false" pipelineInput="false" position="5" aliases=""><maml:name>ClientPort</maml:name><maml:description><maml:para>Specifies the UDP port of the client computer. If this parameter is not specified, then the port is chosen by the operating system.</maml:para></maml:description><command:parameterValue required="true" variableLength="false">UInt32</command:parameterValue></command:parameter><command:parameter required="false" variableLength="false" globbing="false" pipelineInput="false" position="6" aliases=""><maml:name>ServerVirtualIP</maml:name><maml:description><maml:para>Specifies the virtual IPv4 address of the server. This parameter is not applicable if the computer is a Teredo client. This parameter can only be specified on GPOs.</maml:para></maml:description><command:parameterValue required="true" variableLength="false">String</command:parameterValue></command:parameter><command:parameter required="false" variableLength="false" globbing="false" pipelineInput="false" position="7" aliases=""><maml:name>DefaultQualified</maml:name><maml:description><maml:para>Determines if this cmdlet qualifies Teredo by default. The default value is False. This parameter can only be specified on GPOs.</maml:para></maml:description><command:parameterValue required="true" variableLength="false">Boolean</command:parameterValue></command:parameter><command:parameter required="false" variableLength="false" globbing="false" pipelineInput="false" position="8" aliases=""><maml:name>ServerShunt</maml:name><maml:description><maml:para>Indicates that the tunnel miniport and IPv4 routing layer are bypassed for high throughput on the Teredo relay functionality of the Teredo server.</maml:para></maml:description><command:parameterValue required="true" variableLength="false">Boolean</command:parameterValue></command:parameter><command:parameter required="false" variableLength="false" globbing="false" pipelineInput="false" position="named" aliases=""><maml:name>AsJob</maml:name><maml:description><maml:para>Runs the cmdlet as a background job. Use this parameter to run commands that take a long time to complete. 
 The cmdlet immediately returns an object that represents the job and then displays the command prompt. You can continue to work in the session while the job completes. To manage the job, use the *-Job cmdlets. To get the job results, use the <maml:navigationLink><maml:linkText>Receive-Job</maml:linkText><maml:uri></maml:uri></maml:navigationLink> cmdlet. 
 For more information about Windows PowerShell® background jobs, see <maml:navigationLink><maml:linkText>about_Jobs</maml:linkText><maml:uri></maml:uri></maml:navigationLink>.</maml:para></maml:description></command:parameter><command:parameter required="false" variableLength="true" globbing="false" pipelineInput="false" position="named" aliases="Session"><maml:name>CimSession</maml:name><maml:description><maml:para>Runs the cmdlet in a remote session or on a remote computer. Enter a computer name or a session object, such as the output of a <maml:navigationLink><maml:linkText>New-CimSession</maml:linkText><maml:uri></maml:uri></maml:navigationLink> or <maml:navigationLink><maml:linkText>Get-CimSession</maml:linkText><maml:uri></maml:uri></maml:navigationLink> cmdlet. The default is the current session on the local computer.</maml:para></maml:description><command:parameterValue required="true" variableLength="true">CimSession[]</command:parameterValue></command:parameter><command:parameter required="false" variableLength="false" globbing="false" pipelineInput="false" position="named" aliases=""><maml:name>GPOSession</maml:name><maml:description><maml:para>Specifies the Group Policy session to which to store the configuration information. 
                         
You can use this parameter with the NetGPO cmdlets to aggregate multiple operations performed on a GPO. 
                         
You cannot use this parameter with the PolicyStore parameter. </maml:para></maml:description><command:parameterValue required="true" variableLength="false">String</command:parameterValue></command:parameter><command:parameter required="false" variableLength="false" globbing="false" pipelineInput="True (ByValue)" position="named" aliases=""><maml:name>IPInterface</maml:name><maml:description><maml:para>Specifies the interface on which to set the Teredo configuration. If the specified interface is not a Teredo interface, then the cmdlet does not return any configuration.</maml:para></maml:description><command:parameterValue required="true" variableLength="false">CimInstance</command:parameterValue></command:parameter><command:parameter required="false" variableLength="false" globbing="false" pipelineInput="false" position="named" aliases=""><maml:name>PassThru</maml:name><maml:description><maml:para>Returns an object representing the item with which you are working. By default, this cmdlet does not generate any output.</maml:para></maml:description></command:parameter><command:parameter required="false" variableLength="false" globbing="false" pipelineInput="false" position="named" aliases=""><maml:name>PolicyStore</maml:name><maml:description><maml:para> Specifies the policy store that contains the configuration to set. 
The acceptable values for this parameter are: 
                         
 -- PersistentStore 
                         
 -- GPO 
                         
The default value is PersistentStore. 
                         
To set the configuration of a GPO, specify the GPO name using the following format: Domain\GPOName
                         
You cannot use this parameter with the GPOSession parameter. </maml:para></maml:description><command:parameterValue required="true" variableLength="false">String</command:parameterValue></command:parameter><command:parameter required="false" variableLength="false" globbing="false" pipelineInput="false" position="named" aliases=""><maml:name>ThrottleLimit</maml:name><maml:description><maml:para>Specifies the maximum number of concurrent operations that can be established to run the cmdlet. If this parameter is omitted or a value of 0 is entered, then Windows PowerShell® calculates an optimum throttle limit for the cmdlet based on the number of CIM cmdlets that are running on the computer. The throttle limit applies only to the current cmdlet, not to the session or to the computer.</maml:para></maml:description><command:parameterValue required="true" variableLength="false">Int32</command:parameterValue></command:parameter><command:parameter required="false" variableLength="true" globbing="false" pipelineInput="false" position="named"><maml:name>Confirm</maml:name><maml:description><maml:para>Prompts you for confirmation before running the cmdlet.</maml:para></maml:description></command:parameter><command:parameter required="false" variableLength="true" globbing="false" pipelineInput="false" position="named"><maml:name>WhatIf</maml:name><maml:description><maml:para>Shows what would happen if the cmdlet runs. The cmdlet is not run.</maml:para></maml:description></command:parameter></command:syntaxItem><command:syntaxItem><maml:name>Set-NetTeredoConfiguration</maml:name><command:parameter required="false" variableLength="false" globbing="false" pipelineInput="false" position="2" aliases=""><maml:name>Type</maml:name><maml:description><maml:para>Specifies the state of Teredo. 
The acceptable values for this parameter are: 
                         
 -- Disabled: Disables the Teredo service. 
                         
 -- Client: Enables the Teredo client. 
                         
 -- Enterpriseclient: Skips the managed network detection. 
                         
 -- Server: Enables the Teredo server. 
                         
 -- Default: The default state is client. </maml:para></maml:description><command:parameterValue required="true" variableLength="false">Type</command:parameterValue></command:parameter><command:parameter required="false" variableLength="false" globbing="false" pipelineInput="false" position="3" aliases=""><maml:name>ServerName</maml:name><maml:description><maml:para>Specifies the name or IPv4 address of the Teredo server.</maml:para></maml:description><command:parameterValue required="true" variableLength="false">String</command:parameterValue></command:parameter><command:parameter required="false" variableLength="false" globbing="false" pipelineInput="false" position="4" aliases="RefreshInterval"><maml:name>RefreshIntervalSeconds</maml:name><maml:description><maml:para>Specifies the client refresh interval in seconds.</maml:para></maml:description><command:parameterValue required="true" variableLength="false">UInt32</command:parameterValue></command:parameter><command:parameter required="false" variableLength="false" globbing="false" pipelineInput="false" position="5" aliases=""><maml:name>ClientPort</maml:name><maml:description><maml:para>Specifies the UDP port of the client computer. If this parameter is not specified, then the port is chosen by the operating system.</maml:para></maml:description><command:parameterValue required="true" variableLength="false">UInt32</command:parameterValue></command:parameter><command:parameter required="false" variableLength="false" globbing="false" pipelineInput="false" position="6" aliases=""><maml:name>ServerVirtualIP</maml:name><maml:description><maml:para>Specifies the virtual IPv4 address of the server. This parameter is not applicable if the computer is a Teredo client. This parameter can only be specified on GPOs.</maml:para></maml:description><command:parameterValue required="true" variableLength="false">String</command:parameterValue></command:parameter><command:parameter required="false" variableLength="false" globbing="false" pipelineInput="false" position="7" aliases=""><maml:name>DefaultQualified</maml:name><maml:description><maml:para>Determines if this cmdlet qualifies Teredo by default. The default value is False. This parameter can only be specified on GPOs.</maml:para></maml:description><command:parameterValue required="true" variableLength="false">Boolean</command:parameterValue></command:parameter><command:parameter required="false" variableLength="false" globbing="false" pipelineInput="false" position="8" aliases=""><maml:name>ServerShunt</maml:name><maml:description><maml:para>Indicates that the tunnel miniport and IPv4 routing layer are bypassed for high throughput on the Teredo relay functionality of the Teredo server.</maml:para></maml:description><command:parameterValue required="true" variableLength="false">Boolean</command:parameterValue></command:parameter><command:parameter required="false" variableLength="false" globbing="false" pipelineInput="false" position="named" aliases=""><maml:name>AsJob</maml:name><maml:description><maml:para>Runs the cmdlet as a background job. Use this parameter to run commands that take a long time to complete. 
 The cmdlet immediately returns an object that represents the job and then displays the command prompt. You can continue to work in the session while the job completes. To manage the job, use the *-Job cmdlets. To get the job results, use the <maml:navigationLink><maml:linkText>Receive-Job</maml:linkText><maml:uri></maml:uri></maml:navigationLink> cmdlet. 
 For more information about Windows PowerShell® background jobs, see <maml:navigationLink><maml:linkText>about_Jobs</maml:linkText><maml:uri></maml:uri></maml:navigationLink>.</maml:para></maml:description></command:parameter><command:parameter required="false" variableLength="true" globbing="false" pipelineInput="false" position="named" aliases="Session"><maml:name>CimSession</maml:name><maml:description><maml:para>Runs the cmdlet in a remote session or on a remote computer. Enter a computer name or a session object, such as the output of a <maml:navigationLink><maml:linkText>New-CimSession</maml:linkText><maml:uri></maml:uri></maml:navigationLink> or <maml:navigationLink><maml:linkText>Get-CimSession</maml:linkText><maml:uri></maml:uri></maml:navigationLink> cmdlet. The default is the current session on the local computer.</maml:para></maml:description><command:parameterValue required="true" variableLength="true">CimSession[]</command:parameterValue></command:parameter><command:parameter required="false" variableLength="false" globbing="false" pipelineInput="false" position="named" aliases=""><maml:name>PassThru</maml:name><maml:description><maml:para>Returns an object representing the item with which you are working. By default, this cmdlet does not generate any output.</maml:para></maml:description></command:parameter><command:parameter required="false" variableLength="false" globbing="false" pipelineInput="false" position="named" aliases=""><maml:name>ThrottleLimit</maml:name><maml:description><maml:para>Specifies the maximum number of concurrent operations that can be established to run the cmdlet. If this parameter is omitted or a value of 0 is entered, then Windows PowerShell® calculates an optimum throttle limit for the cmdlet based on the number of CIM cmdlets that are running on the computer. The throttle limit applies only to the current cmdlet, not to the session or to the computer.</maml:para></maml:description><command:parameterValue required="true" variableLength="false">Int32</command:parameterValue></command:parameter><command:parameter required="true" variableLength="true" globbing="false" pipelineInput="True (ByValue)" position="named" aliases=""><maml:name>InputObject</maml:name><maml:description><maml:para>Specifies the object which contains the Teredo configuration information to modify.</maml:para></maml:description><command:parameterValue required="true" variableLength="true">CimInstance[]</command:parameterValue></command:parameter><command:parameter required="false" variableLength="true" globbing="false" pipelineInput="false" position="named"><maml:name>Confirm</maml:name><maml:description><maml:para>Prompts you for confirmation before running the cmdlet.</maml:para></maml:description></command:parameter><command:parameter required="false" variableLength="true" globbing="false" pipelineInput="false" position="named"><maml:name>WhatIf</maml:name><maml:description><maml:para>Shows what would happen if the cmdlet runs. The cmdlet is not run.</maml:para></maml:description></command:parameter></command:syntaxItem></command:syntax><command:parameters><command:parameter required="false" variableLength="false" globbing="false" pipelineInput="false" position="named" aliases=""><maml:name>AsJob</maml:name><maml:description><maml:para>Runs the cmdlet as a background job. Use this parameter to run commands that take a long time to complete. 
 The cmdlet immediately returns an object that represents the job and then displays the command prompt. You can continue to work in the session while the job completes. To manage the job, use the *-Job cmdlets. To get the job results, use the <maml:navigationLink><maml:linkText>Receive-Job</maml:linkText><maml:uri></maml:uri></maml:navigationLink> cmdlet. 
 For more information about Windows PowerShell® background jobs, see <maml:navigationLink><maml:linkText>about_Jobs</maml:linkText><maml:uri></maml:uri></maml:navigationLink>.</maml:para></maml:description><command:parameterValue required="false" variableLength="false">SwitchParameter</command:parameterValue><dev:type><maml:name>SwitchParameter</maml:name><maml:uri /></dev:type><dev:defaultValue></dev:defaultValue></command:parameter><command:parameter required="false" variableLength="true" globbing="false" pipelineInput="false" position="named" aliases="Session"><maml:name>CimSession</maml:name><maml:description><maml:para>Runs the cmdlet in a remote session or on a remote computer. Enter a computer name or a session object, such as the output of a <maml:navigationLink><maml:linkText>New-CimSession</maml:linkText><maml:uri></maml:uri></maml:navigationLink> or <maml:navigationLink><maml:linkText>Get-CimSession</maml:linkText><maml:uri></maml:uri></maml:navigationLink> cmdlet. The default is the current session on the local computer.</maml:para></maml:description><command:parameterValue required="true" variableLength="true">CimSession[]</command:parameterValue><dev:type><maml:name>CimSession[]</maml:name><maml:uri /></dev:type><dev:defaultValue></dev:defaultValue></command:parameter><command:parameter required="false" variableLength="false" globbing="false" pipelineInput="false" position="5" aliases=""><maml:name>ClientPort</maml:name><maml:description><maml:para>Specifies the UDP port of the client computer. If this parameter is not specified, then the port is chosen by the operating system.</maml:para></maml:description><command:parameterValue required="true" variableLength="false">UInt32</command:parameterValue><dev:type><maml:name>UInt32</maml:name><maml:uri /></dev:type><dev:defaultValue>False</dev:defaultValue></command:parameter><command:parameter required="false" variableLength="false" globbing="false" pipelineInput="false" position="7" aliases=""><maml:name>DefaultQualified</maml:name><maml:description><maml:para>Determines if this cmdlet qualifies Teredo by default. The default value is False. This parameter can only be specified on GPOs.</maml:para></maml:description><command:parameterValue required="true" variableLength="false">Boolean</command:parameterValue><dev:type><maml:name>Boolean</maml:name><maml:uri /></dev:type><dev:defaultValue>False</dev:defaultValue></command:parameter><command:parameter required="false" variableLength="false" globbing="false" pipelineInput="false" position="named" aliases=""><maml:name>GPOSession</maml:name><maml:description><maml:para>Specifies the Group Policy session to which to store the configuration information. 
                         
You can use this parameter with the NetGPO cmdlets to aggregate multiple operations performed on a GPO. 
                         
You cannot use this parameter with the PolicyStore parameter. </maml:para></maml:description><command:parameterValue required="true" variableLength="false">String</command:parameterValue><dev:type><maml:name>String</maml:name><maml:uri /></dev:type><dev:defaultValue></dev:defaultValue></command:parameter><command:parameter required="true" variableLength="true" globbing="false" pipelineInput="True (ByValue)" position="named" aliases=""><maml:name>InputObject</maml:name><maml:description><maml:para>Specifies the object which contains the Teredo configuration information to modify.</maml:para></maml:description><command:parameterValue required="true" variableLength="true">CimInstance[]</command:parameterValue><dev:type><maml:name>CimInstance[]</maml:name><maml:uri /></dev:type><dev:defaultValue></dev:defaultValue></command:parameter><command:parameter required="false" variableLength="false" globbing="false" pipelineInput="True (ByValue)" position="named" aliases=""><maml:name>IPInterface</maml:name><maml:description><maml:para>Specifies the interface on which to set the Teredo configuration. If the specified interface is not a Teredo interface, then the cmdlet does not return any configuration.</maml:para></maml:description><command:parameterValue required="true" variableLength="false">CimInstance</command:parameterValue><dev:type><maml:name>CimInstance</maml:name><maml:uri /></dev:type><dev:defaultValue></dev:defaultValue></command:parameter><command:parameter required="false" variableLength="false" globbing="false" pipelineInput="false" position="named" aliases=""><maml:name>PassThru</maml:name><maml:description><maml:para>Returns an object representing the item with which you are working. By default, this cmdlet does not generate any output.</maml:para></maml:description><command:parameterValue required="false" variableLength="false">SwitchParameter</command:parameterValue><dev:type><maml:name>SwitchParameter</maml:name><maml:uri /></dev:type><dev:defaultValue></dev:defaultValue></command:parameter><command:parameter required="false" variableLength="false" globbing="false" pipelineInput="false" position="named" aliases=""><maml:name>PolicyStore</maml:name><maml:description><maml:para> Specifies the policy store that contains the configuration to set. 
The acceptable values for this parameter are: 
                         
 -- PersistentStore 
                         
 -- GPO 
                         
The default value is PersistentStore. 
                         
To set the configuration of a GPO, specify the GPO name using the following format: Domain\GPOName
                         
You cannot use this parameter with the GPOSession parameter. </maml:para></maml:description><command:parameterValue required="true" variableLength="false">String</command:parameterValue><dev:type><maml:name>String</maml:name><maml:uri /></dev:type><dev:defaultValue></dev:defaultValue></command:parameter><command:parameter required="false" variableLength="false" globbing="false" pipelineInput="false" position="4" aliases="RefreshInterval"><maml:name>RefreshIntervalSeconds</maml:name><maml:description><maml:para>Specifies the client refresh interval in seconds.</maml:para></maml:description><command:parameterValue required="true" variableLength="false">UInt32</command:parameterValue><dev:type><maml:name>UInt32</maml:name><maml:uri /></dev:type><dev:defaultValue>False</dev:defaultValue></command:parameter><command:parameter required="false" variableLength="false" globbing="false" pipelineInput="false" position="3" aliases=""><maml:name>ServerName</maml:name><maml:description><maml:para>Specifies the name or IPv4 address of the Teredo server.</maml:para></maml:description><command:parameterValue required="true" variableLength="false">String</command:parameterValue><dev:type><maml:name>String</maml:name><maml:uri /></dev:type><dev:defaultValue>False</dev:defaultValue></command:parameter><command:parameter required="false" variableLength="false" globbing="false" pipelineInput="false" position="8" aliases=""><maml:name>ServerShunt</maml:name><maml:description><maml:para>Indicates that the tunnel miniport and IPv4 routing layer are bypassed for high throughput on the Teredo relay functionality of the Teredo server.</maml:para></maml:description><command:parameterValue required="true" variableLength="false">Boolean</command:parameterValue><dev:type><maml:name>Boolean</maml:name><maml:uri /></dev:type><dev:defaultValue></dev:defaultValue></command:parameter><command:parameter required="false" variableLength="false" globbing="false" pipelineInput="false" position="6" aliases=""><maml:name>ServerVirtualIP</maml:name><maml:description><maml:para>Specifies the virtual IPv4 address of the server. This parameter is not applicable if the computer is a Teredo client. This parameter can only be specified on GPOs.</maml:para></maml:description><command:parameterValue required="true" variableLength="false">String</command:parameterValue><dev:type><maml:name>String</maml:name><maml:uri /></dev:type><dev:defaultValue></dev:defaultValue></command:parameter><command:parameter required="false" variableLength="false" globbing="false" pipelineInput="false" position="named" aliases=""><maml:name>ThrottleLimit</maml:name><maml:description><maml:para>Specifies the maximum number of concurrent operations that can be established to run the cmdlet. If this parameter is omitted or a value of 0 is entered, then Windows PowerShell® calculates an optimum throttle limit for the cmdlet based on the number of CIM cmdlets that are running on the computer. The throttle limit applies only to the current cmdlet, not to the session or to the computer.</maml:para></maml:description><command:parameterValue required="true" variableLength="false">Int32</command:parameterValue><dev:type><maml:name>Int32</maml:name><maml:uri /></dev:type><dev:defaultValue></dev:defaultValue></command:parameter><command:parameter required="false" variableLength="false" globbing="false" pipelineInput="false" position="2" aliases=""><maml:name>Type</maml:name><maml:description><maml:para>Specifies the state of Teredo. 
The acceptable values for this parameter are: 
                         
 -- Disabled: Disables the Teredo service. 
                         
 -- Client: Enables the Teredo client. 
                         
 -- Enterpriseclient: Skips the managed network detection. 
                         
 -- Server: Enables the Teredo server. 
                         
 -- Default: The default state is client. </maml:para></maml:description><command:parameterValue required="true" variableLength="false">Type</command:parameterValue><dev:type><maml:name>Type</maml:name><maml:uri /></dev:type><dev:defaultValue></dev:defaultValue></command:parameter><command:parameter required="false" variableLength="true" globbing="false" pipelineInput="false" position="named"><maml:name>Confirm</maml:name><maml:description><maml:para>Prompts you for confirmation before running the cmdlet.</maml:para></maml:description><command:parameterValue required="false" variableLength="false">SwitchParameter</command:parameterValue><dev:type><maml:name>SwitchParameter</maml:name><maml:uri /></dev:type><dev:defaultValue>false</dev:defaultValue></command:parameter><command:parameter required="false" variableLength="true" globbing="false" pipelineInput="false" position="named"><maml:name>WhatIf</maml:name><maml:description><maml:para>Shows what would happen if the cmdlet runs. The cmdlet is not run.</maml:para></maml:description><command:parameterValue required="false" variableLength="false">SwitchParameter</command:parameterValue><dev:type><maml:name>SwitchParameter</maml:name><maml:uri /></dev:type><dev:defaultValue>false</dev:defaultValue></command:parameter></command:parameters><command:inputTypes><command:inputType><dev:type><maml:name>None</maml:name><maml:uri></maml:uri><maml:description><maml:para /></maml:description></dev:type><maml:description><maml:para>This cmdlet accepts no input objects.</maml:para></maml:description></command:inputType></command:inputTypes><command:returnValues><command:returnValue><dev:type><maml:name>Microsoft.Management.Infrastructure.CimInstance#root\StandardCimv2\MSFT_NetTeredoConfiguration</maml:name><maml:uri></maml:uri><maml:description><maml:para /></maml:description></dev:type><maml:description><maml:para>The Microsoft.Management.Infrastructure.CimInstance object is a wrapper class that displays Windows Management Instrumentation (WMI) objects. The path after the pound sign (#) provides the namespace and class name for the underlying WMI object.
                         
When the Passthru parameter is specified, this cmdlet outputs a modified Teredo configuration object. </maml:para></maml:description></command:returnValue></command:returnValues><command:terminatingErrors /><command:nonTerminatingErrors /><command:examples><command:example><maml:title>Example 1: Set the Teredo server name</maml:title><maml:introduction><maml:para></maml:para></maml:introduction><dev:code>PS C:\&gt;Set-NetTeredoConfiguration -ServerName "Test"

</dev:code><dev:remarks><maml:para>This command sets the Teredo server name to Test on the local persistent store.</maml:para></dev:remarks><command:commandLines><command:commandLine><command:commandText /></command:commandLine></command:commandLines></command:example><command:example><maml:title>Example 2: Set the Teredo state</maml:title><maml:introduction><maml:para></maml:para></maml:introduction><dev:code>PS C:\&gt;Set-NetTeredoConfiguration -Type enterpriseclient -PolicyStore "Domain\GPOname"

</dev:code><dev:remarks><maml:para>This command sets the Teredo state to enterpriseclient in a GPO named Domain\GPOname.</maml:para></dev:remarks><command:commandLines><command:commandLine><command:commandText /></command:commandLine></command:commandLines></command:example></command:examples><maml:relatedLinks><maml:navigationLink><maml:linkText>Online Version:</maml:linkText><maml:uri>http://go.microsoft.com/fwlink/?linkid=287482</maml:uri></maml:navigationLink><maml:navigationLink><maml:linkText>Get-NetTeredoConfiguration</maml:linkText><maml:uri /></maml:navigationLink><maml:navigationLink><maml:linkText>Reset-NetTeredoConfiguration</maml:linkText><maml:uri /></maml:navigationLink></maml:relatedLinks></command:command>

</helpItems>

