﻿<?xml version = "1.0" encoding = "utf-8" ?>

<helpItems schema="maml">

<command:command xmlns:maml="http://schemas.microsoft.com/maml/2004/10" xmlns:command="http://schemas.microsoft.com/maml/dev/command/2004/10" xmlns:dev="http://schemas.microsoft.com/maml/dev/2004/10" xmlns:MSHelp="http://msdn.microsoft.com/mshelp"><command:details><command:name>Get-NetIsatapConfiguration</command:name><maml:description><maml:para>Gets the ISATAP configuration of a computer or a Group Policy Object (GPO).</maml:para></maml:description><maml:copyright><maml:para /></maml:copyright><command:verb>Get</command:verb><command:noun>NetIsatapConfiguration</command:noun><dev:version /></command:details><maml:description><maml:para>The Get-NetIsatapConfiguration cmdlet gets the ISATAP configuration of a computer or a Group Policy Object (GPO).</maml:para></maml:description><command:syntax><command:syntaxItem><maml:name>Get-NetIsatapConfiguration</maml:name><command:parameter required="false" variableLength="false" globbing="false" pipelineInput="false" position="named" aliases=""><maml:name>AsJob</maml:name><maml:description><maml:para>Runs the cmdlet as a background job. Use this parameter to run commands that take a long time to complete. 
 The cmdlet immediately returns an object that represents the job and then displays the command prompt. You can continue to work in the session while the job completes. To manage the job, use the *-Job cmdlets. To get the job results, use the <maml:navigationLink><maml:linkText>Receive-Job</maml:linkText><maml:uri></maml:uri></maml:navigationLink> cmdlet. 
 For more information about Windows PowerShell® background jobs, see <maml:navigationLink><maml:linkText>about_Jobs</maml:linkText><maml:uri></maml:uri></maml:navigationLink>.</maml:para></maml:description></command:parameter><command:parameter required="false" variableLength="true" globbing="false" pipelineInput="false" position="named" aliases=""><maml:name>CimSession</maml:name><maml:description><maml:para>Runs the cmdlet in a remote session or on a remote computer. Enter a computer name or a session object, such as the output of a <maml:navigationLink><maml:linkText>New-CimSession</maml:linkText><maml:uri></maml:uri></maml:navigationLink> or <maml:navigationLink><maml:linkText>Get-CimSession</maml:linkText><maml:uri></maml:uri></maml:navigationLink> cmdlet. The default is the current session on the local computer.</maml:para></maml:description><command:parameterValue required="true" variableLength="true">CimSession[]</command:parameterValue></command:parameter><command:parameter required="false" variableLength="false" globbing="false" pipelineInput="false" position="named" aliases=""><maml:name>GPOSession</maml:name><maml:description><maml:para>Specifies the Group Policy session from which to get the configuration information. 

You can use this with the NetGPO cmdlets to aggregate multiple operations performed on a GPO. 

You cannot use this parameter with the PolicyStore parameter. </maml:para></maml:description><command:parameterValue required="true" variableLength="false">String</command:parameterValue></command:parameter><command:parameter required="false" variableLength="false" globbing="false" pipelineInput="true (ByValue)" position="named" aliases=""><maml:name>IPInterface</maml:name><maml:description><maml:para>Specifies the IP interface for which to get the ISATAP configuration. If the interface is not an ISATAP interface, then the cmdlet does not return any configuration information.</maml:para></maml:description><command:parameterValue required="true" variableLength="false">CimInstance</command:parameterValue></command:parameter><command:parameter required="false" variableLength="false" globbing="false" pipelineInput="false" position="named" aliases=""><maml:name>PolicyStore</maml:name><maml:description><maml:para>Specifies the policy store that contains the configuration to get. 
The acceptable values for this parameter are: 

 -- PersistentStore 

 -- ActiveStore 

 -- GPO 

To get the configuration of a GPO, specify the GPO name using the following format: Domain\GPOName

You cannot use this parameter with the GPOSession parameter. </maml:para></maml:description><command:parameterValue required="true" variableLength="false">String</command:parameterValue></command:parameter><command:parameter required="false" variableLength="false" globbing="false" pipelineInput="false" position="named" aliases=""><maml:name>ThrottleLimit</maml:name><maml:description><maml:para>Specifies the maximum number of concurrent operations that can be established to run the cmdlet. If this parameter is omitted or a value of 0 is entered, then Windows PowerShell® calculates an optimum throttle limit for the cmdlet based on the number of CIM cmdlets that are running on the computer. The throttle limit applies only to the current cmdlet, not to the session or to the computer.</maml:para></maml:description><command:parameterValue required="true" variableLength="false">Int32</command:parameterValue></command:parameter></command:syntaxItem></command:syntax><command:parameters><command:parameter required="false" variableLength="false" globbing="false" pipelineInput="false" position="named" aliases=""><maml:name>AsJob</maml:name><maml:description><maml:para>Runs the cmdlet as a background job. Use this parameter to run commands that take a long time to complete. 
 The cmdlet immediately returns an object that represents the job and then displays the command prompt. You can continue to work in the session while the job completes. To manage the job, use the *-Job cmdlets. To get the job results, use the <maml:navigationLink><maml:linkText>Receive-Job</maml:linkText><maml:uri></maml:uri></maml:navigationLink> cmdlet. 
 For more information about Windows PowerShell® background jobs, see <maml:navigationLink><maml:linkText>about_Jobs</maml:linkText><maml:uri></maml:uri></maml:navigationLink>.</maml:para></maml:description><command:parameterValue required="false" variableLength="false">SwitchParameter</command:parameterValue><dev:type><maml:name>SwitchParameter</maml:name><maml:uri /></dev:type><dev:defaultValue></dev:defaultValue></command:parameter><command:parameter required="false" variableLength="true" globbing="false" pipelineInput="false" position="named" aliases=""><maml:name>CimSession</maml:name><maml:description><maml:para>Runs the cmdlet in a remote session or on a remote computer. Enter a computer name or a session object, such as the output of a <maml:navigationLink><maml:linkText>New-CimSession</maml:linkText><maml:uri></maml:uri></maml:navigationLink> or <maml:navigationLink><maml:linkText>Get-CimSession</maml:linkText><maml:uri></maml:uri></maml:navigationLink> cmdlet. The default is the current session on the local computer.</maml:para></maml:description><command:parameterValue required="true" variableLength="true">CimSession[]</command:parameterValue><dev:type><maml:name>CimSession[]</maml:name><maml:uri /></dev:type><dev:defaultValue></dev:defaultValue></command:parameter><command:parameter required="false" variableLength="false" globbing="false" pipelineInput="false" position="named" aliases=""><maml:name>GPOSession</maml:name><maml:description><maml:para>Specifies the Group Policy session from which to get the configuration information. 

You can use this with the NetGPO cmdlets to aggregate multiple operations performed on a GPO. 

You cannot use this parameter with the PolicyStore parameter. </maml:para></maml:description><command:parameterValue required="true" variableLength="false">String</command:parameterValue><dev:type><maml:name>String</maml:name><maml:uri /></dev:type><dev:defaultValue></dev:defaultValue></command:parameter><command:parameter required="false" variableLength="false" globbing="false" pipelineInput="true (ByValue)" position="named" aliases=""><maml:name>IPInterface</maml:name><maml:description><maml:para>Specifies the IP interface for which to get the ISATAP configuration. If the interface is not an ISATAP interface, then the cmdlet does not return any configuration information.</maml:para></maml:description><command:parameterValue required="true" variableLength="false">CimInstance</command:parameterValue><dev:type><maml:name>CimInstance</maml:name><maml:uri /></dev:type><dev:defaultValue></dev:defaultValue></command:parameter><command:parameter required="false" variableLength="false" globbing="false" pipelineInput="false" position="named" aliases=""><maml:name>PolicyStore</maml:name><maml:description><maml:para>Specifies the policy store that contains the configuration to get. 
The acceptable values for this parameter are: 

 -- PersistentStore 

 -- ActiveStore 

 -- GPO 

To get the configuration of a GPO, specify the GPO name using the following format: Domain\GPOName

You cannot use this parameter with the GPOSession parameter. </maml:para></maml:description><command:parameterValue required="true" variableLength="false">String</command:parameterValue><dev:type><maml:name>String</maml:name><maml:uri /></dev:type><dev:defaultValue></dev:defaultValue></command:parameter><command:parameter required="false" variableLength="false" globbing="false" pipelineInput="false" position="named" aliases=""><maml:name>ThrottleLimit</maml:name><maml:description><maml:para>Specifies the maximum number of concurrent operations that can be established to run the cmdlet. If this parameter is omitted or a value of 0 is entered, then Windows PowerShell® calculates an optimum throttle limit for the cmdlet based on the number of CIM cmdlets that are running on the computer. The throttle limit applies only to the current cmdlet, not to the session or to the computer.</maml:para></maml:description><command:parameterValue required="true" variableLength="false">Int32</command:parameterValue><dev:type><maml:name>Int32</maml:name><maml:uri /></dev:type><dev:defaultValue></dev:defaultValue></command:parameter></command:parameters><command:inputTypes><command:inputType><dev:type><maml:name>None</maml:name><maml:uri></maml:uri><maml:description><maml:para /></maml:description></dev:type><maml:description><maml:para>This cmdlet accepts no input objects.</maml:para></maml:description></command:inputType></command:inputTypes><command:returnValues><command:returnValue><dev:type><maml:name>Microsoft.Management.Infrastructure.CimInstance#root\StandardCimv2\MSFT_NetISATAPConfiguration</maml:name><maml:uri></maml:uri><maml:description><maml:para /></maml:description></dev:type><maml:description><maml:para>The Microsoft.Management.Infrastructure.CimInstance object is a wrapper class that displays Windows Management Instrumentation (WMI) objects. The path after the pound sign (#) provides the namespace and class name for the underlying WMI object.

This cmdlet returns an ISATAP configuration object. </maml:para></maml:description></command:returnValue></command:returnValues><command:terminatingErrors /><command:nonTerminatingErrors /><command:examples><command:example><maml:title>Example 1: Get the ISATAP configuration of interface </maml:title><maml:introduction><maml:para></maml:para></maml:introduction><dev:code>PS C:\&gt;Get-NetIPInterface -InterfaceIndex 14 | Get-NetIsatapConfiguration

</dev:code><dev:remarks><maml:para>This command retrieves the interface at index 14 using the Get-NetIPInterface cmdlet, and then gets the ISATAP configuration of that interface using this cmdlet.</maml:para><maml:para>Non-ISATAP interfaces do not have associated ISATAP configurations.</maml:para></dev:remarks><command:commandLines><command:commandLine><command:commandText /></command:commandLine></command:commandLines></command:example></command:examples><maml:relatedLinks><maml:navigationLink><maml:linkText>Online Version:</maml:linkText><maml:uri>http://go.microsoft.com/fwlink/?linkid=287461</maml:uri></maml:navigationLink><maml:navigationLink><maml:linkText>Get-NetIPInterface</maml:linkText><maml:uri /></maml:navigationLink><maml:navigationLink><maml:linkText>Reset-NetIsatapConfiguration</maml:linkText><maml:uri /></maml:navigationLink><maml:navigationLink><maml:linkText>Set-NetIsatapConfiguration</maml:linkText><maml:uri /></maml:navigationLink></maml:relatedLinks></command:command>

<command:command xmlns:maml="http://schemas.microsoft.com/maml/2004/10" xmlns:command="http://schemas.microsoft.com/maml/dev/command/2004/10" xmlns:dev="http://schemas.microsoft.com/maml/dev/2004/10" xmlns:MSHelp="http://msdn.microsoft.com/mshelp"><command:details><command:name>Reset-NetIsatapConfiguration</command:name><maml:description><maml:para>Resets ISATAP configuration elements contained in a Group Policy Object (GPO).</maml:para></maml:description><maml:copyright><maml:para /></maml:copyright><command:verb>Reset</command:verb><command:noun>NetIsatapConfiguration</command:noun><dev:version /></command:details><maml:description><maml:para>The Reset-NetIsatapConfiguration cmdlet resets ISATAP configuration elements contained in a Group Policy Object (GPO) to the not configured state.</maml:para><maml:para>Group Policy settings have one of the following three states: not configured, enabled, or disabled.</maml:para></maml:description><command:syntax><command:syntaxItem><maml:name>Reset-NetIsatapConfiguration</maml:name><command:parameter required="false" variableLength="false" globbing="false" pipelineInput="false" position="named" aliases=""><maml:name>AsJob</maml:name><maml:description><maml:para>Runs the cmdlet as a background job. Use this parameter to run commands that take a long time to complete. 
 The cmdlet immediately returns an object that represents the job and then displays the command prompt. You can continue to work in the session while the job completes. To manage the job, use the *-Job cmdlets. To get the job results, use the <maml:navigationLink><maml:linkText>Receive-Job</maml:linkText><maml:uri></maml:uri></maml:navigationLink> cmdlet. 
 For more information about Windows PowerShell® background jobs, see <maml:navigationLink><maml:linkText>about_Jobs</maml:linkText><maml:uri></maml:uri></maml:navigationLink>.</maml:para></maml:description></command:parameter><command:parameter required="false" variableLength="true" globbing="false" pipelineInput="false" position="named" aliases="Session"><maml:name>CimSession</maml:name><maml:description><maml:para>Runs the cmdlet in a remote session or on a remote computer. Enter a computer name or a session object, such as the output of a <maml:navigationLink><maml:linkText>New-CimSession</maml:linkText><maml:uri></maml:uri></maml:navigationLink> or <maml:navigationLink><maml:linkText>Get-CimSession</maml:linkText><maml:uri></maml:uri></maml:navigationLink> cmdlet. The default is the current session on the local computer.</maml:para></maml:description><command:parameterValue required="true" variableLength="true">CimSession[]</command:parameterValue></command:parameter><command:parameter required="false" variableLength="false" globbing="false" pipelineInput="false" position="named" aliases=""><maml:name>GPOSession</maml:name><maml:description><maml:para>Specifies the Group Policy session that contains the ISATAP configuration to reset. 
                         
You can use this with the NetGPO cmdlets to aggregate multiple operations performed on a GPO. 
                         
You cannot use this parameter with the PolicyStore parameter. </maml:para></maml:description><command:parameterValue required="true" variableLength="false">String</command:parameterValue></command:parameter><command:parameter required="false" variableLength="false" globbing="false" pipelineInput="True (ByValue)" position="named" aliases=""><maml:name>IPInterface</maml:name><maml:description><maml:para>Specifies the IP interface on which to reset the ISATAP configurations.</maml:para></maml:description><command:parameterValue required="true" variableLength="false">CimInstance</command:parameterValue></command:parameter><command:parameter required="false" variableLength="false" globbing="false" pipelineInput="false" position="named" aliases=""><maml:name>PassThru</maml:name><maml:description><maml:para>Returns an object representing the item with which you are working. By default, this cmdlet does not generate any output.</maml:para></maml:description></command:parameter><command:parameter required="false" variableLength="false" globbing="false" pipelineInput="false" position="named" aliases=""><maml:name>PolicyStore</maml:name><maml:description><maml:para>Specifies the policy store that contains the ISATAP configuration to reset. 
The acceptable values for this parameter are: 
                         
 -- ActiveStore 
                         
 -- PersistentStore 
                         
 -- GPO 
                         
To reset the configuration of a GPO, specify the GPO name using the following format: Domain\GPOName
                         
You cannot use this parameter with the GPOSession parameter. </maml:para></maml:description><command:parameterValue required="true" variableLength="false">String</command:parameterValue></command:parameter><command:parameter required="false" variableLength="false" globbing="false" pipelineInput="false" position="named" aliases="ResolutionInterval"><maml:name>ResolutionIntervalSeconds</maml:name><maml:description><maml:para>Resets the resolution interval to not configured. </maml:para></maml:description></command:parameter><command:parameter required="false" variableLength="false" globbing="false" pipelineInput="false" position="named" aliases=""><maml:name>ResolutionState</maml:name><maml:description><maml:para>Resets the resolution state to not configured.</maml:para></maml:description></command:parameter><command:parameter required="false" variableLength="false" globbing="false" pipelineInput="false" position="named" aliases=""><maml:name>Router</maml:name><maml:description><maml:para>Resets the router configuration to not configured.</maml:para></maml:description></command:parameter><command:parameter required="false" variableLength="false" globbing="false" pipelineInput="false" position="named" aliases=""><maml:name>State</maml:name><maml:description><maml:para>Resets the state of the ISATAP configuration to not configured.</maml:para></maml:description></command:parameter><command:parameter required="false" variableLength="false" globbing="false" pipelineInput="false" position="named" aliases=""><maml:name>ThrottleLimit</maml:name><maml:description><maml:para>Specifies the maximum number of concurrent operations that can be established to run the cmdlet. If this parameter is omitted or a value of 0 is entered, then Windows PowerShell® calculates an optimum throttle limit for the cmdlet based on the number of CIM cmdlets that are running on the computer. The throttle limit applies only to the current cmdlet, not to the session or to the computer.</maml:para></maml:description><command:parameterValue required="true" variableLength="false">Int32</command:parameterValue></command:parameter><command:parameter required="false" variableLength="true" globbing="false" pipelineInput="false" position="named"><maml:name>Confirm</maml:name><maml:description><maml:para>Prompts you for confirmation before running the cmdlet.</maml:para></maml:description></command:parameter><command:parameter required="false" variableLength="true" globbing="false" pipelineInput="false" position="named"><maml:name>WhatIf</maml:name><maml:description><maml:para>Shows what would happen if the cmdlet runs. The cmdlet is not run.</maml:para></maml:description></command:parameter></command:syntaxItem><command:syntaxItem><maml:name>Reset-NetIsatapConfiguration</maml:name><command:parameter required="false" variableLength="false" globbing="false" pipelineInput="false" position="named" aliases=""><maml:name>AsJob</maml:name><maml:description><maml:para>Runs the cmdlet as a background job. Use this parameter to run commands that take a long time to complete. 
 The cmdlet immediately returns an object that represents the job and then displays the command prompt. You can continue to work in the session while the job completes. To manage the job, use the *-Job cmdlets. To get the job results, use the <maml:navigationLink><maml:linkText>Receive-Job</maml:linkText><maml:uri></maml:uri></maml:navigationLink> cmdlet. 
 For more information about Windows PowerShell® background jobs, see <maml:navigationLink><maml:linkText>about_Jobs</maml:linkText><maml:uri></maml:uri></maml:navigationLink>.</maml:para></maml:description></command:parameter><command:parameter required="false" variableLength="true" globbing="false" pipelineInput="false" position="named" aliases="Session"><maml:name>CimSession</maml:name><maml:description><maml:para>Runs the cmdlet in a remote session or on a remote computer. Enter a computer name or a session object, such as the output of a <maml:navigationLink><maml:linkText>New-CimSession</maml:linkText><maml:uri></maml:uri></maml:navigationLink> or <maml:navigationLink><maml:linkText>Get-CimSession</maml:linkText><maml:uri></maml:uri></maml:navigationLink> cmdlet. The default is the current session on the local computer.</maml:para></maml:description><command:parameterValue required="true" variableLength="true">CimSession[]</command:parameterValue></command:parameter><command:parameter required="false" variableLength="false" globbing="false" pipelineInput="false" position="named" aliases=""><maml:name>PassThru</maml:name><maml:description><maml:para>Returns an object representing the item with which you are working. By default, this cmdlet does not generate any output.</maml:para></maml:description></command:parameter><command:parameter required="false" variableLength="false" globbing="false" pipelineInput="false" position="named" aliases="ResolutionInterval"><maml:name>ResolutionIntervalSeconds</maml:name><maml:description><maml:para>Resets the resolution interval to not configured. </maml:para></maml:description></command:parameter><command:parameter required="false" variableLength="false" globbing="false" pipelineInput="false" position="named" aliases=""><maml:name>ResolutionState</maml:name><maml:description><maml:para>Resets the resolution state to not configured.</maml:para></maml:description></command:parameter><command:parameter required="false" variableLength="false" globbing="false" pipelineInput="false" position="named" aliases=""><maml:name>Router</maml:name><maml:description><maml:para>Resets the router configuration to not configured.</maml:para></maml:description></command:parameter><command:parameter required="false" variableLength="false" globbing="false" pipelineInput="false" position="named" aliases=""><maml:name>State</maml:name><maml:description><maml:para>Resets the state of the ISATAP configuration to not configured.</maml:para></maml:description></command:parameter><command:parameter required="false" variableLength="false" globbing="false" pipelineInput="false" position="named" aliases=""><maml:name>ThrottleLimit</maml:name><maml:description><maml:para>Specifies the maximum number of concurrent operations that can be established to run the cmdlet. If this parameter is omitted or a value of 0 is entered, then Windows PowerShell® calculates an optimum throttle limit for the cmdlet based on the number of CIM cmdlets that are running on the computer. The throttle limit applies only to the current cmdlet, not to the session or to the computer.</maml:para></maml:description><command:parameterValue required="true" variableLength="false">Int32</command:parameterValue></command:parameter><command:parameter required="true" variableLength="true" globbing="false" pipelineInput="True (ByValue)" position="named" aliases=""><maml:name>InputObject</maml:name><maml:description><maml:para>Specifies the object which contains ISATAP configuration to reset.</maml:para></maml:description><command:parameterValue required="true" variableLength="true">CimInstance[]</command:parameterValue></command:parameter><command:parameter required="false" variableLength="true" globbing="false" pipelineInput="false" position="named"><maml:name>Confirm</maml:name><maml:description><maml:para>Prompts you for confirmation before running the cmdlet.</maml:para></maml:description></command:parameter><command:parameter required="false" variableLength="true" globbing="false" pipelineInput="false" position="named"><maml:name>WhatIf</maml:name><maml:description><maml:para>Shows what would happen if the cmdlet runs. The cmdlet is not run.</maml:para></maml:description></command:parameter></command:syntaxItem></command:syntax><command:parameters><command:parameter required="false" variableLength="false" globbing="false" pipelineInput="false" position="named" aliases=""><maml:name>AsJob</maml:name><maml:description><maml:para>Runs the cmdlet as a background job. Use this parameter to run commands that take a long time to complete. 
 The cmdlet immediately returns an object that represents the job and then displays the command prompt. You can continue to work in the session while the job completes. To manage the job, use the *-Job cmdlets. To get the job results, use the <maml:navigationLink><maml:linkText>Receive-Job</maml:linkText><maml:uri></maml:uri></maml:navigationLink> cmdlet. 
 For more information about Windows PowerShell® background jobs, see <maml:navigationLink><maml:linkText>about_Jobs</maml:linkText><maml:uri></maml:uri></maml:navigationLink>.</maml:para></maml:description><command:parameterValue required="false" variableLength="false">SwitchParameter</command:parameterValue><dev:type><maml:name>SwitchParameter</maml:name><maml:uri /></dev:type><dev:defaultValue></dev:defaultValue></command:parameter><command:parameter required="false" variableLength="true" globbing="false" pipelineInput="false" position="named" aliases="Session"><maml:name>CimSession</maml:name><maml:description><maml:para>Runs the cmdlet in a remote session or on a remote computer. Enter a computer name or a session object, such as the output of a <maml:navigationLink><maml:linkText>New-CimSession</maml:linkText><maml:uri></maml:uri></maml:navigationLink> or <maml:navigationLink><maml:linkText>Get-CimSession</maml:linkText><maml:uri></maml:uri></maml:navigationLink> cmdlet. The default is the current session on the local computer.</maml:para></maml:description><command:parameterValue required="true" variableLength="true">CimSession[]</command:parameterValue><dev:type><maml:name>CimSession[]</maml:name><maml:uri /></dev:type><dev:defaultValue></dev:defaultValue></command:parameter><command:parameter required="false" variableLength="false" globbing="false" pipelineInput="false" position="named" aliases=""><maml:name>GPOSession</maml:name><maml:description><maml:para>Specifies the Group Policy session that contains the ISATAP configuration to reset. 
                         
You can use this with the NetGPO cmdlets to aggregate multiple operations performed on a GPO. 
                         
You cannot use this parameter with the PolicyStore parameter. </maml:para></maml:description><command:parameterValue required="true" variableLength="false">String</command:parameterValue><dev:type><maml:name>String</maml:name><maml:uri /></dev:type><dev:defaultValue></dev:defaultValue></command:parameter><command:parameter required="true" variableLength="true" globbing="false" pipelineInput="True (ByValue)" position="named" aliases=""><maml:name>InputObject</maml:name><maml:description><maml:para>Specifies the object which contains ISATAP configuration to reset.</maml:para></maml:description><command:parameterValue required="true" variableLength="true">CimInstance[]</command:parameterValue><dev:type><maml:name>CimInstance[]</maml:name><maml:uri /></dev:type><dev:defaultValue></dev:defaultValue></command:parameter><command:parameter required="false" variableLength="false" globbing="false" pipelineInput="True (ByValue)" position="named" aliases=""><maml:name>IPInterface</maml:name><maml:description><maml:para>Specifies the IP interface on which to reset the ISATAP configurations.</maml:para></maml:description><command:parameterValue required="true" variableLength="false">CimInstance</command:parameterValue><dev:type><maml:name>CimInstance</maml:name><maml:uri /></dev:type><dev:defaultValue></dev:defaultValue></command:parameter><command:parameter required="false" variableLength="false" globbing="false" pipelineInput="false" position="named" aliases=""><maml:name>PassThru</maml:name><maml:description><maml:para>Returns an object representing the item with which you are working. By default, this cmdlet does not generate any output.</maml:para></maml:description><command:parameterValue required="false" variableLength="false">SwitchParameter</command:parameterValue><dev:type><maml:name>SwitchParameter</maml:name><maml:uri /></dev:type><dev:defaultValue></dev:defaultValue></command:parameter><command:parameter required="false" variableLength="false" globbing="false" pipelineInput="false" position="named" aliases=""><maml:name>PolicyStore</maml:name><maml:description><maml:para>Specifies the policy store that contains the ISATAP configuration to reset. 
The acceptable values for this parameter are: 
                         
 -- ActiveStore 
                         
 -- PersistentStore 
                         
 -- GPO 
                         
To reset the configuration of a GPO, specify the GPO name using the following format: Domain\GPOName
                         
You cannot use this parameter with the GPOSession parameter. </maml:para></maml:description><command:parameterValue required="true" variableLength="false">String</command:parameterValue><dev:type><maml:name>String</maml:name><maml:uri /></dev:type><dev:defaultValue></dev:defaultValue></command:parameter><command:parameter required="false" variableLength="false" globbing="false" pipelineInput="false" position="named" aliases="ResolutionInterval"><maml:name>ResolutionIntervalSeconds</maml:name><maml:description><maml:para>Resets the resolution interval to not configured. </maml:para></maml:description><command:parameterValue required="false" variableLength="false">SwitchParameter</command:parameterValue><dev:type><maml:name>SwitchParameter</maml:name><maml:uri /></dev:type><dev:defaultValue></dev:defaultValue></command:parameter><command:parameter required="false" variableLength="false" globbing="false" pipelineInput="false" position="named" aliases=""><maml:name>ResolutionState</maml:name><maml:description><maml:para>Resets the resolution state to not configured.</maml:para></maml:description><command:parameterValue required="false" variableLength="false">SwitchParameter</command:parameterValue><dev:type><maml:name>SwitchParameter</maml:name><maml:uri /></dev:type><dev:defaultValue></dev:defaultValue></command:parameter><command:parameter required="false" variableLength="false" globbing="false" pipelineInput="false" position="named" aliases=""><maml:name>Router</maml:name><maml:description><maml:para>Resets the router configuration to not configured.</maml:para></maml:description><command:parameterValue required="false" variableLength="false">SwitchParameter</command:parameterValue><dev:type><maml:name>SwitchParameter</maml:name><maml:uri /></dev:type><dev:defaultValue></dev:defaultValue></command:parameter><command:parameter required="false" variableLength="false" globbing="false" pipelineInput="false" position="named" aliases=""><maml:name>State</maml:name><maml:description><maml:para>Resets the state of the ISATAP configuration to not configured.</maml:para></maml:description><command:parameterValue required="false" variableLength="false">SwitchParameter</command:parameterValue><dev:type><maml:name>SwitchParameter</maml:name><maml:uri /></dev:type><dev:defaultValue></dev:defaultValue></command:parameter><command:parameter required="false" variableLength="false" globbing="false" pipelineInput="false" position="named" aliases=""><maml:name>ThrottleLimit</maml:name><maml:description><maml:para>Specifies the maximum number of concurrent operations that can be established to run the cmdlet. If this parameter is omitted or a value of 0 is entered, then Windows PowerShell® calculates an optimum throttle limit for the cmdlet based on the number of CIM cmdlets that are running on the computer. The throttle limit applies only to the current cmdlet, not to the session or to the computer.</maml:para></maml:description><command:parameterValue required="true" variableLength="false">Int32</command:parameterValue><dev:type><maml:name>Int32</maml:name><maml:uri /></dev:type><dev:defaultValue></dev:defaultValue></command:parameter><command:parameter required="false" variableLength="true" globbing="false" pipelineInput="false" position="named"><maml:name>Confirm</maml:name><maml:description><maml:para>Prompts you for confirmation before running the cmdlet.</maml:para></maml:description><command:parameterValue required="false" variableLength="false">SwitchParameter</command:parameterValue><dev:type><maml:name>SwitchParameter</maml:name><maml:uri /></dev:type><dev:defaultValue>false</dev:defaultValue></command:parameter><command:parameter required="false" variableLength="true" globbing="false" pipelineInput="false" position="named"><maml:name>WhatIf</maml:name><maml:description><maml:para>Shows what would happen if the cmdlet runs. The cmdlet is not run.</maml:para></maml:description><command:parameterValue required="false" variableLength="false">SwitchParameter</command:parameterValue><dev:type><maml:name>SwitchParameter</maml:name><maml:uri /></dev:type><dev:defaultValue>false</dev:defaultValue></command:parameter></command:parameters><command:inputTypes><command:inputType><dev:type><maml:name>None</maml:name><maml:uri></maml:uri><maml:description><maml:para /></maml:description></dev:type><maml:description><maml:para>This cmdlet accepts no input objects.</maml:para></maml:description></command:inputType></command:inputTypes><command:returnValues><command:returnValue><dev:type><maml:name>Microsoft.Management.Infrastructure.CimInstance#root\StandardCimv2\MSFT_NetISATAPConfiguration</maml:name><maml:uri></maml:uri><maml:description><maml:para /></maml:description></dev:type><maml:description><maml:para>The Microsoft.Management.Infrastructure.CimInstance object is a wrapper class that displays Windows Management Instrumentation (WMI) objects. The path after the pound sign (#) provides the namespace and class name for the underlying WMI object.
                         
When the Passthru parameter is specified, this cmdlet outputs a modified Windows Management Instrumentation (WMI) object. </maml:para></maml:description></command:returnValue></command:returnValues><command:terminatingErrors /><command:nonTerminatingErrors /><command:examples><command:example><maml:title>Example 1: Reset ISATAP configuration.</maml:title><maml:introduction><maml:para></maml:para></maml:introduction><dev:code>PS C:\&gt;Get-NetIPInterface -InterfaceIndex 14 | Reset-NetIsatapConfiguration -Router

</dev:code><dev:remarks><maml:para>This command retrieves an interface with an index 14 using the Get-NetIPInterface cmdlet, and then resets the router configuration for the ISATAP configuration of the specified interface using this cmdlet.</maml:para></dev:remarks><command:commandLines><command:commandLine><command:commandText /></command:commandLine></command:commandLines></command:example></command:examples><maml:relatedLinks><maml:navigationLink><maml:linkText>Online Version:</maml:linkText><maml:uri>http://go.microsoft.com/fwlink/?linkid=287475</maml:uri></maml:navigationLink><maml:navigationLink><maml:linkText>Get-NetIPInterface</maml:linkText><maml:uri /></maml:navigationLink><maml:navigationLink><maml:linkText>Get-NetIsatapConfiguration</maml:linkText><maml:uri /></maml:navigationLink><maml:navigationLink><maml:linkText>Set-NetIsatapConfiguration</maml:linkText><maml:uri /></maml:navigationLink></maml:relatedLinks></command:command>

<command:command xmlns:maml="http://schemas.microsoft.com/maml/2004/10" xmlns:command="http://schemas.microsoft.com/maml/dev/command/2004/10" xmlns:dev="http://schemas.microsoft.com/maml/dev/2004/10" xmlns:MSHelp="http://msdn.microsoft.com/mshelp"><command:details><command:name>Set-NetIsatapConfiguration</command:name><maml:description><maml:para>Sets an ISATAP configuration on a computer or on a Group Policy Object (GPO).</maml:para></maml:description><maml:copyright><maml:para /></maml:copyright><command:verb>Set</command:verb><command:noun>NetIsatapConfiguration</command:noun><dev:version /></command:details><maml:description><maml:para>The Set-NetIsatapConfiguration cmdlet sets an ISATAP configuration on a computer or on a Group Policy Object (GPO).</maml:para></maml:description><command:syntax><command:syntaxItem><maml:name>Set-NetIsatapConfiguration</maml:name><command:parameter required="false" variableLength="false" globbing="false" pipelineInput="false" position="2" aliases=""><maml:name>State</maml:name><maml:description><maml:para>Specifies the policy setting that allows you to configure ISATAP, an address-to-router and host-to-host, host-to-router and router-to-host automatic tunneling technology that provides unicast IPv6 connectivity between IPv6 hosts across an IPv4 intranet. 
                         
You can specify one of the following three policy setting states: 
                         
 -- Default: If the ISATAP router name is resolved successfully, then ISATAP is configured with a link-local address and an address for each prefix received from the ISATAP router through stateless address auto-configuration. 
                         
 ---- If the ISATAP router name is not resolved successfully, then ISATAP connectivity is not available on the host using the corresponding IPv4 address. 
                         
 -- Enabled: 
                         
 ---- If the ISATAP name is resolved successfully, then ISATAP is configured with a link-local address and an address for each prefix received from the ISATAP router through stateless address auto-configuration. 
                         
 ---- If the ISATAP name is not resolved successfully, then the ISATAP interface is configured with a link-local address. 
                         
 -- Disabled: No ISATAP interfaces are present on the host. </maml:para></maml:description><command:parameterValue required="true" variableLength="false">State</command:parameterValue></command:parameter><command:parameter required="false" variableLength="false" globbing="false" pipelineInput="false" position="3" aliases=""><maml:name>Router</maml:name><maml:description><maml:para>Specifies the policy setting that allows you to specify a router name or IPv4 address for an ISATAP router. 
                         
If you enable this policy setting, then you can specify a router name or IPv4 address for an ISATAP router. If you enter an IPv4 address of the ISATAP router, then DNS services are not required. </maml:para></maml:description><command:parameterValue required="true" variableLength="false">String</command:parameterValue></command:parameter><command:parameter required="false" variableLength="false" globbing="false" pipelineInput="false" position="4" aliases=""><maml:name>ResolutionState</maml:name><maml:description><maml:para>Specifies the state of router name resolution. The state of the router name resolution specifies how often Windows Server 2012 resolves the ISATAP router name.</maml:para></maml:description><command:parameterValue required="true" variableLength="false">State</command:parameterValue></command:parameter><command:parameter required="false" variableLength="false" globbing="false" pipelineInput="false" position="5" aliases="ResolutionInterval"><maml:name>ResolutionIntervalSeconds</maml:name><maml:description><maml:para>Specifies how often in seconds that Windows Server® 2012 attempts to contact the specified ISATAP server.</maml:para></maml:description><command:parameterValue required="true" variableLength="false">UInt32</command:parameterValue></command:parameter><command:parameter required="false" variableLength="false" globbing="false" pipelineInput="false" position="named" aliases=""><maml:name>AsJob</maml:name><maml:description><maml:para>Runs the cmdlet as a background job. Use this parameter to run commands that take a long time to complete. 
 The cmdlet immediately returns an object that represents the job and then displays the command prompt. You can continue to work in the session while the job completes. To manage the job, use the *-Job cmdlets. To get the job results, use the <maml:navigationLink><maml:linkText>Receive-Job</maml:linkText><maml:uri></maml:uri></maml:navigationLink> cmdlet. 
 For more information about Windows PowerShell® background jobs, see <maml:navigationLink><maml:linkText>about_Jobs</maml:linkText><maml:uri></maml:uri></maml:navigationLink>.</maml:para></maml:description></command:parameter><command:parameter required="false" variableLength="true" globbing="false" pipelineInput="false" position="named" aliases="Session"><maml:name>CimSession</maml:name><maml:description><maml:para>Runs the cmdlet in a remote session or on a remote computer. Enter a computer name or a session object, such as the output of a <maml:navigationLink><maml:linkText>New-CimSession</maml:linkText><maml:uri></maml:uri></maml:navigationLink> or <maml:navigationLink><maml:linkText>Get-CimSession</maml:linkText><maml:uri></maml:uri></maml:navigationLink> cmdlet. The default is the current session on the local computer.</maml:para></maml:description><command:parameterValue required="true" variableLength="true">CimSession[]</command:parameterValue></command:parameter><command:parameter required="false" variableLength="false" globbing="false" pipelineInput="false" position="named" aliases=""><maml:name>GPOSession</maml:name><maml:description><maml:para>Specifies the Group Policy session to which to store the configuration information. 
                         
You can use this with the NetGPO cmdlets to aggregate multiple operations performed on a GPO. 
                         
You cannot use this parameter with the PolicyStore parameter. </maml:para></maml:description><command:parameterValue required="true" variableLength="false">String</command:parameterValue></command:parameter><command:parameter required="false" variableLength="false" globbing="false" pipelineInput="True (ByValue)" position="named" aliases=""><maml:name>IPInterface</maml:name><maml:description><maml:para>Specifies the IP interface on which to set the ISATAP configuration.</maml:para></maml:description><command:parameterValue required="true" variableLength="false">CimInstance</command:parameterValue></command:parameter><command:parameter required="false" variableLength="false" globbing="false" pipelineInput="false" position="named" aliases=""><maml:name>PassThru</maml:name><maml:description><maml:para>Returns an object representing the item with which you are working. By default, this cmdlet does not generate any output.</maml:para></maml:description></command:parameter><command:parameter required="false" variableLength="false" globbing="false" pipelineInput="false" position="named" aliases=""><maml:name>PolicyStore</maml:name><maml:description><maml:para>Specifies the policy store that contains the configuration to set. 
The acceptable values for this parameter are: 
                         
 -- PersistentStore 
                         
 -- ActiveStore 
                         
 -- GPO 
                         
To set the configuration of a GPO, specify the GPO name using the following format: Domain\GPOName
                         
You cannot use this parameter with the GPOSession parameter. </maml:para></maml:description><command:parameterValue required="true" variableLength="false">String</command:parameterValue></command:parameter><command:parameter required="false" variableLength="false" globbing="false" pipelineInput="false" position="named" aliases=""><maml:name>ThrottleLimit</maml:name><maml:description><maml:para>Specifies the maximum number of concurrent operations that can be established to run the cmdlet. If this parameter is omitted or a value of 0 is entered, then Windows PowerShell® calculates an optimum throttle limit for the cmdlet based on the number of CIM cmdlets that are running on the computer. The throttle limit applies only to the current cmdlet, not to the session or to the computer.</maml:para></maml:description><command:parameterValue required="true" variableLength="false">Int32</command:parameterValue></command:parameter><command:parameter required="false" variableLength="true" globbing="false" pipelineInput="false" position="named"><maml:name>Confirm</maml:name><maml:description><maml:para>Prompts you for confirmation before running the cmdlet.</maml:para></maml:description></command:parameter><command:parameter required="false" variableLength="true" globbing="false" pipelineInput="false" position="named"><maml:name>WhatIf</maml:name><maml:description><maml:para>Shows what would happen if the cmdlet runs. The cmdlet is not run.</maml:para></maml:description></command:parameter></command:syntaxItem><command:syntaxItem><maml:name>Set-NetIsatapConfiguration</maml:name><command:parameter required="false" variableLength="false" globbing="false" pipelineInput="false" position="2" aliases=""><maml:name>State</maml:name><maml:description><maml:para>Specifies the policy setting that allows you to configure ISATAP, an address-to-router and host-to-host, host-to-router and router-to-host automatic tunneling technology that provides unicast IPv6 connectivity between IPv6 hosts across an IPv4 intranet. 
                         
You can specify one of the following three policy setting states: 
                         
 -- Default: If the ISATAP router name is resolved successfully, then ISATAP is configured with a link-local address and an address for each prefix received from the ISATAP router through stateless address auto-configuration. 
                         
 ---- If the ISATAP router name is not resolved successfully, then ISATAP connectivity is not available on the host using the corresponding IPv4 address. 
                         
 -- Enabled: 
                         
 ---- If the ISATAP name is resolved successfully, then ISATAP is configured with a link-local address and an address for each prefix received from the ISATAP router through stateless address auto-configuration. 
                         
 ---- If the ISATAP name is not resolved successfully, then the ISATAP interface is configured with a link-local address. 
                         
 -- Disabled: No ISATAP interfaces are present on the host. </maml:para></maml:description><command:parameterValue required="true" variableLength="false">State</command:parameterValue></command:parameter><command:parameter required="false" variableLength="false" globbing="false" pipelineInput="false" position="3" aliases=""><maml:name>Router</maml:name><maml:description><maml:para>Specifies the policy setting that allows you to specify a router name or IPv4 address for an ISATAP router. 
                         
If you enable this policy setting, then you can specify a router name or IPv4 address for an ISATAP router. If you enter an IPv4 address of the ISATAP router, then DNS services are not required. </maml:para></maml:description><command:parameterValue required="true" variableLength="false">String</command:parameterValue></command:parameter><command:parameter required="false" variableLength="false" globbing="false" pipelineInput="false" position="4" aliases=""><maml:name>ResolutionState</maml:name><maml:description><maml:para>Specifies the state of router name resolution. The state of the router name resolution specifies how often Windows Server 2012 resolves the ISATAP router name.</maml:para></maml:description><command:parameterValue required="true" variableLength="false">State</command:parameterValue></command:parameter><command:parameter required="false" variableLength="false" globbing="false" pipelineInput="false" position="5" aliases="ResolutionInterval"><maml:name>ResolutionIntervalSeconds</maml:name><maml:description><maml:para>Specifies how often in seconds that Windows Server® 2012 attempts to contact the specified ISATAP server.</maml:para></maml:description><command:parameterValue required="true" variableLength="false">UInt32</command:parameterValue></command:parameter><command:parameter required="false" variableLength="false" globbing="false" pipelineInput="false" position="named" aliases=""><maml:name>AsJob</maml:name><maml:description><maml:para>Runs the cmdlet as a background job. Use this parameter to run commands that take a long time to complete. 
 The cmdlet immediately returns an object that represents the job and then displays the command prompt. You can continue to work in the session while the job completes. To manage the job, use the *-Job cmdlets. To get the job results, use the <maml:navigationLink><maml:linkText>Receive-Job</maml:linkText><maml:uri></maml:uri></maml:navigationLink> cmdlet. 
 For more information about Windows PowerShell® background jobs, see <maml:navigationLink><maml:linkText>about_Jobs</maml:linkText><maml:uri></maml:uri></maml:navigationLink>.</maml:para></maml:description></command:parameter><command:parameter required="false" variableLength="true" globbing="false" pipelineInput="false" position="named" aliases="Session"><maml:name>CimSession</maml:name><maml:description><maml:para>Runs the cmdlet in a remote session or on a remote computer. Enter a computer name or a session object, such as the output of a <maml:navigationLink><maml:linkText>New-CimSession</maml:linkText><maml:uri></maml:uri></maml:navigationLink> or <maml:navigationLink><maml:linkText>Get-CimSession</maml:linkText><maml:uri></maml:uri></maml:navigationLink> cmdlet. The default is the current session on the local computer.</maml:para></maml:description><command:parameterValue required="true" variableLength="true">CimSession[]</command:parameterValue></command:parameter><command:parameter required="false" variableLength="false" globbing="false" pipelineInput="false" position="named" aliases=""><maml:name>PassThru</maml:name><maml:description><maml:para>Returns an object representing the item with which you are working. By default, this cmdlet does not generate any output.</maml:para></maml:description></command:parameter><command:parameter required="false" variableLength="false" globbing="false" pipelineInput="false" position="named" aliases=""><maml:name>ThrottleLimit</maml:name><maml:description><maml:para>Specifies the maximum number of concurrent operations that can be established to run the cmdlet. If this parameter is omitted or a value of 0 is entered, then Windows PowerShell® calculates an optimum throttle limit for the cmdlet based on the number of CIM cmdlets that are running on the computer. The throttle limit applies only to the current cmdlet, not to the session or to the computer.</maml:para></maml:description><command:parameterValue required="true" variableLength="false">Int32</command:parameterValue></command:parameter><command:parameter required="true" variableLength="true" globbing="false" pipelineInput="True (ByValue)" position="named" aliases=""><maml:name>InputObject</maml:name><maml:description><maml:para>Specifies the object which contains ISATAP configuration to set.</maml:para></maml:description><command:parameterValue required="true" variableLength="true">CimInstance[]</command:parameterValue></command:parameter><command:parameter required="false" variableLength="true" globbing="false" pipelineInput="false" position="named"><maml:name>Confirm</maml:name><maml:description><maml:para>Prompts you for confirmation before running the cmdlet.</maml:para></maml:description></command:parameter><command:parameter required="false" variableLength="true" globbing="false" pipelineInput="false" position="named"><maml:name>WhatIf</maml:name><maml:description><maml:para>Shows what would happen if the cmdlet runs. The cmdlet is not run.</maml:para></maml:description></command:parameter></command:syntaxItem></command:syntax><command:parameters><command:parameter required="false" variableLength="false" globbing="false" pipelineInput="false" position="named" aliases=""><maml:name>AsJob</maml:name><maml:description><maml:para>Runs the cmdlet as a background job. Use this parameter to run commands that take a long time to complete. 
 The cmdlet immediately returns an object that represents the job and then displays the command prompt. You can continue to work in the session while the job completes. To manage the job, use the *-Job cmdlets. To get the job results, use the <maml:navigationLink><maml:linkText>Receive-Job</maml:linkText><maml:uri></maml:uri></maml:navigationLink> cmdlet. 
 For more information about Windows PowerShell® background jobs, see <maml:navigationLink><maml:linkText>about_Jobs</maml:linkText><maml:uri></maml:uri></maml:navigationLink>.</maml:para></maml:description><command:parameterValue required="false" variableLength="false">SwitchParameter</command:parameterValue><dev:type><maml:name>SwitchParameter</maml:name><maml:uri /></dev:type><dev:defaultValue></dev:defaultValue></command:parameter><command:parameter required="false" variableLength="true" globbing="false" pipelineInput="false" position="named" aliases="Session"><maml:name>CimSession</maml:name><maml:description><maml:para>Runs the cmdlet in a remote session or on a remote computer. Enter a computer name or a session object, such as the output of a <maml:navigationLink><maml:linkText>New-CimSession</maml:linkText><maml:uri></maml:uri></maml:navigationLink> or <maml:navigationLink><maml:linkText>Get-CimSession</maml:linkText><maml:uri></maml:uri></maml:navigationLink> cmdlet. The default is the current session on the local computer.</maml:para></maml:description><command:parameterValue required="true" variableLength="true">CimSession[]</command:parameterValue><dev:type><maml:name>CimSession[]</maml:name><maml:uri /></dev:type><dev:defaultValue></dev:defaultValue></command:parameter><command:parameter required="false" variableLength="false" globbing="false" pipelineInput="false" position="named" aliases=""><maml:name>GPOSession</maml:name><maml:description><maml:para>Specifies the Group Policy session to which to store the configuration information. 
                         
You can use this with the NetGPO cmdlets to aggregate multiple operations performed on a GPO. 
                         
You cannot use this parameter with the PolicyStore parameter. </maml:para></maml:description><command:parameterValue required="true" variableLength="false">String</command:parameterValue><dev:type><maml:name>String</maml:name><maml:uri /></dev:type><dev:defaultValue></dev:defaultValue></command:parameter><command:parameter required="true" variableLength="true" globbing="false" pipelineInput="True (ByValue)" position="named" aliases=""><maml:name>InputObject</maml:name><maml:description><maml:para>Specifies the object which contains ISATAP configuration to set.</maml:para></maml:description><command:parameterValue required="true" variableLength="true">CimInstance[]</command:parameterValue><dev:type><maml:name>CimInstance[]</maml:name><maml:uri /></dev:type><dev:defaultValue></dev:defaultValue></command:parameter><command:parameter required="false" variableLength="false" globbing="false" pipelineInput="True (ByValue)" position="named" aliases=""><maml:name>IPInterface</maml:name><maml:description><maml:para>Specifies the IP interface on which to set the ISATAP configuration.</maml:para></maml:description><command:parameterValue required="true" variableLength="false">CimInstance</command:parameterValue><dev:type><maml:name>CimInstance</maml:name><maml:uri /></dev:type><dev:defaultValue></dev:defaultValue></command:parameter><command:parameter required="false" variableLength="false" globbing="false" pipelineInput="false" position="named" aliases=""><maml:name>PassThru</maml:name><maml:description><maml:para>Returns an object representing the item with which you are working. By default, this cmdlet does not generate any output.</maml:para></maml:description><command:parameterValue required="false" variableLength="false">SwitchParameter</command:parameterValue><dev:type><maml:name>SwitchParameter</maml:name><maml:uri /></dev:type><dev:defaultValue></dev:defaultValue></command:parameter><command:parameter required="false" variableLength="false" globbing="false" pipelineInput="false" position="named" aliases=""><maml:name>PolicyStore</maml:name><maml:description><maml:para>Specifies the policy store that contains the configuration to set. 
The acceptable values for this parameter are: 
                         
 -- PersistentStore 
                         
 -- ActiveStore 
                         
 -- GPO 
                         
To set the configuration of a GPO, specify the GPO name using the following format: Domain\GPOName
                         
You cannot use this parameter with the GPOSession parameter. </maml:para></maml:description><command:parameterValue required="true" variableLength="false">String</command:parameterValue><dev:type><maml:name>String</maml:name><maml:uri /></dev:type><dev:defaultValue></dev:defaultValue></command:parameter><command:parameter required="false" variableLength="false" globbing="false" pipelineInput="false" position="5" aliases="ResolutionInterval"><maml:name>ResolutionIntervalSeconds</maml:name><maml:description><maml:para>Specifies how often in seconds that Windows Server® 2012 attempts to contact the specified ISATAP server.</maml:para></maml:description><command:parameterValue required="true" variableLength="false">UInt32</command:parameterValue><dev:type><maml:name>UInt32</maml:name><maml:uri /></dev:type><dev:defaultValue>False</dev:defaultValue></command:parameter><command:parameter required="false" variableLength="false" globbing="false" pipelineInput="false" position="4" aliases=""><maml:name>ResolutionState</maml:name><maml:description><maml:para>Specifies the state of router name resolution. The state of the router name resolution specifies how often Windows Server 2012 resolves the ISATAP router name.</maml:para></maml:description><command:parameterValue required="true" variableLength="false">State</command:parameterValue><dev:type><maml:name>State</maml:name><maml:uri /></dev:type><dev:defaultValue>False</dev:defaultValue></command:parameter><command:parameter required="false" variableLength="false" globbing="false" pipelineInput="false" position="3" aliases=""><maml:name>Router</maml:name><maml:description><maml:para>Specifies the policy setting that allows you to specify a router name or IPv4 address for an ISATAP router. 
                         
If you enable this policy setting, then you can specify a router name or IPv4 address for an ISATAP router. If you enter an IPv4 address of the ISATAP router, then DNS services are not required. </maml:para></maml:description><command:parameterValue required="true" variableLength="false">String</command:parameterValue><dev:type><maml:name>String</maml:name><maml:uri /></dev:type><dev:defaultValue>False</dev:defaultValue></command:parameter><command:parameter required="false" variableLength="false" globbing="false" pipelineInput="false" position="2" aliases=""><maml:name>State</maml:name><maml:description><maml:para>Specifies the policy setting that allows you to configure ISATAP, an address-to-router and host-to-host, host-to-router and router-to-host automatic tunneling technology that provides unicast IPv6 connectivity between IPv6 hosts across an IPv4 intranet. 
                         
You can specify one of the following three policy setting states: 
                         
 -- Default: If the ISATAP router name is resolved successfully, then ISATAP is configured with a link-local address and an address for each prefix received from the ISATAP router through stateless address auto-configuration. 
                         
 ---- If the ISATAP router name is not resolved successfully, then ISATAP connectivity is not available on the host using the corresponding IPv4 address. 
                         
 -- Enabled: 
                         
 ---- If the ISATAP name is resolved successfully, then ISATAP is configured with a link-local address and an address for each prefix received from the ISATAP router through stateless address auto-configuration. 
                         
 ---- If the ISATAP name is not resolved successfully, then the ISATAP interface is configured with a link-local address. 
                         
 -- Disabled: No ISATAP interfaces are present on the host. </maml:para></maml:description><command:parameterValue required="true" variableLength="false">State</command:parameterValue><dev:type><maml:name>State</maml:name><maml:uri /></dev:type><dev:defaultValue>False</dev:defaultValue></command:parameter><command:parameter required="false" variableLength="false" globbing="false" pipelineInput="false" position="named" aliases=""><maml:name>ThrottleLimit</maml:name><maml:description><maml:para>Specifies the maximum number of concurrent operations that can be established to run the cmdlet. If this parameter is omitted or a value of 0 is entered, then Windows PowerShell® calculates an optimum throttle limit for the cmdlet based on the number of CIM cmdlets that are running on the computer. The throttle limit applies only to the current cmdlet, not to the session or to the computer.</maml:para></maml:description><command:parameterValue required="true" variableLength="false">Int32</command:parameterValue><dev:type><maml:name>Int32</maml:name><maml:uri /></dev:type><dev:defaultValue></dev:defaultValue></command:parameter><command:parameter required="false" variableLength="true" globbing="false" pipelineInput="false" position="named"><maml:name>Confirm</maml:name><maml:description><maml:para>Prompts you for confirmation before running the cmdlet.</maml:para></maml:description><command:parameterValue required="false" variableLength="false">SwitchParameter</command:parameterValue><dev:type><maml:name>SwitchParameter</maml:name><maml:uri /></dev:type><dev:defaultValue>false</dev:defaultValue></command:parameter><command:parameter required="false" variableLength="true" globbing="false" pipelineInput="false" position="named"><maml:name>WhatIf</maml:name><maml:description><maml:para>Shows what would happen if the cmdlet runs. The cmdlet is not run.</maml:para></maml:description><command:parameterValue required="false" variableLength="false">SwitchParameter</command:parameterValue><dev:type><maml:name>SwitchParameter</maml:name><maml:uri /></dev:type><dev:defaultValue>false</dev:defaultValue></command:parameter></command:parameters><command:inputTypes><command:inputType><dev:type><maml:name>None</maml:name><maml:uri></maml:uri><maml:description><maml:para /></maml:description></dev:type><maml:description><maml:para>This cmdlet accepts no input objects.</maml:para></maml:description></command:inputType></command:inputTypes><command:returnValues><command:returnValue><dev:type><maml:name>Microsoft.Management.Infrastructure.CimInstance#root\StandardCimv2\MSFT_NetISATAPConfiguration</maml:name><maml:uri></maml:uri><maml:description><maml:para /></maml:description></dev:type><maml:description><maml:para>The Microsoft.Management.Infrastructure.CimInstance object is a wrapper class that displays Windows Management Instrumentation (WMI) objects. The path after the pound sign (#) provides the namespace and class name for the underlying WMI object.
                         
When the Passthru parameter is specified, this cmdlet outputs a modified ISATAP configuration object. </maml:para></maml:description></command:returnValue></command:returnValues><command:terminatingErrors /><command:nonTerminatingErrors /><command:examples><command:example><maml:title>Example 1: Set ISATAP configuration</maml:title><maml:introduction><maml:para></maml:para></maml:introduction><dev:code>PS C:\&gt;Set-NetIsatapConfiguration -Router superisatap

</dev:code><dev:remarks><maml:para>This command modifies the router name.</maml:para></dev:remarks><command:commandLines><command:commandLine><command:commandText /></command:commandLine></command:commandLines></command:example><command:example><maml:title>Example 2: Set a router using an input object</maml:title><maml:introduction><maml:para></maml:para></maml:introduction><dev:code>
PS C:\&gt;$config = ( Get-NetIPInterface -InterfaceIndex 14 | Get-NetIPISATAPConfiguration )


PS C:\&gt;$config.Router = "SuperIsatap"



PS C:\&gt;Set-NetIsatapConfiguration -InputObject $config

</dev:code><dev:remarks><maml:para>This set of commands uses the Get-NetIPInterface and Get-NetIsatapConfiguration cmdlets to get the ISATAP configuration of the interface at index 14 and stores it in a variable named $config, and then sets the router name to SuperIsatap using this cmdlet.</maml:para></dev:remarks><command:commandLines><command:commandLine><command:commandText /></command:commandLine></command:commandLines></command:example></command:examples><maml:relatedLinks><maml:navigationLink><maml:linkText>Online Version:</maml:linkText><maml:uri>http://go.microsoft.com/fwlink/?linkid=287480</maml:uri></maml:navigationLink><maml:navigationLink><maml:linkText>Get-NetIPInterface</maml:linkText><maml:uri /></maml:navigationLink><maml:navigationLink><maml:linkText>Get-NetIsatapConfiguration</maml:linkText><maml:uri /></maml:navigationLink><maml:navigationLink><maml:linkText>Set-NetIsatapConfiguration</maml:linkText><maml:uri /></maml:navigationLink></maml:relatedLinks></command:command>

</helpItems>

