﻿<?xml version = "1.0" encoding = "utf-8" ?>

<helpItems schema="maml">

<command:command xmlns:maml="http://schemas.microsoft.com/maml/2004/10" xmlns:command="http://schemas.microsoft.com/maml/dev/command/2004/10" xmlns:dev="http://schemas.microsoft.com/maml/dev/2004/10" xmlns:MSHelp="http://msdn.microsoft.com/mshelp"><command:details><command:name>New-PSWorkflowExecutionOption</command:name><maml:description><maml:para>Creates an object that contains session configuration options for workflow sessions.</maml:para></maml:description><maml:copyright><maml:para /></maml:copyright><command:verb>New</command:verb><command:noun>PSWorkflowExecutionOption</command:noun><dev:version /></command:details><maml:description><maml:para>The New-PSWorkflowExecutionOption cmdlet creates an object that contains advanced options for workflow session configurations, that is session configurations designed to run Windows PowerShell Workflow workflows.</maml:para><maml:para>You can use the PSWorkflowExecutionOption object that New-PSWorkflowExecutionOption generates as the value of the SessionTypeOption parameter of cmdlets that create or change a session configuration, such as the Register-PSSessionConfiguration and Set-PSSessionConfiguration cmdlets.</maml:para><maml:para>Each parameter of the New-PSWorkflowExecutionOption cmdlet represents a property of the workflow session configuration option object that the cmdlet returns. If you omit a parameter, the cmdlet creates the object with a default value for the property.</maml:para><maml:para>The New-PSWorkflowExecutionOption cmdlet is part of the Windows PowerShell Workflow feature.</maml:para><maml:para>You can also add workflow common parameters to this command. For more information about workflow common parameters, see <maml:navigationLink><maml:linkText>about_WorkflowCommonParameters</maml:linkText><maml:uri></maml:uri></maml:navigationLink>.</maml:para><maml:para>This cmdlet is introduced in Windows PowerShell 3.0.</maml:para></maml:description><command:syntax><command:syntaxItem><maml:name>New-PSWorkflowExecutionOption</maml:name><command:parameter required="false" variableLength="false" globbing="false" pipelineInput="false" position="named" aliases=""><maml:name>ActivityProcessIdleTimeoutSec</maml:name><maml:description><maml:para>Determines how long each activity host process is maintained after the process becomes idle. When the interval expires, the process closes.</maml:para><maml:para>Enter a value in seconds. The default value is 60.</maml:para></maml:description><command:parameterValue required="true" variableLength="false">Int32</command:parameterValue></command:parameter><command:parameter required="false" variableLength="true" globbing="true" pipelineInput="false" position="named" aliases=""><maml:name>AllowedActivity</maml:name><maml:description><maml:para>Specifies the activities that are permitted to run in the session.</maml:para><maml:para>Enter namespace-qualified activity names, such as "Microsoft.Powershell.HyperV.Activities.*". Wildcard characters are supported. The default value, PSDefaultActivities, includes the built-in Windows Workflow Foundation activities and the activities that represent the Windows PowerShell Core cmdlets.</maml:para></maml:description><command:parameterValue required="true" variableLength="true">String[]</command:parameterValue></command:parameter><command:parameter required="false" variableLength="false" globbing="false" pipelineInput="false" position="named" aliases=""><maml:name>EnableValidation</maml:name><maml:description><maml:para>Verifies that all workflow activities in the session are included in the allowed activities list. </maml:para><maml:para>The default value is True. To disable validation, use the following command format: -EnableValidation:$false.</maml:para></maml:description></command:parameter><command:parameter required="false" variableLength="false" globbing="false" pipelineInput="false" position="named" aliases=""><maml:name>MaxActivityProcesses</maml:name><maml:description><maml:para>Specifies the maximum number of processes that can be created in the session to support workflow activities. The default value is 5.</maml:para></maml:description><command:parameterValue required="true" variableLength="false">Int32</command:parameterValue></command:parameter><command:parameter required="false" variableLength="false" globbing="false" pipelineInput="false" position="named" aliases=""><maml:name>MaxConnectedSessions</maml:name><maml:description><maml:para>Specifies the maximum number of remote sessions that are in an operational state. This quota is applied to sessions connected to all remote nodes (target computers). The default value is 100.</maml:para></maml:description><command:parameterValue required="true" variableLength="false">Int32</command:parameterValue></command:parameter><command:parameter required="false" variableLength="false" globbing="false" pipelineInput="false" position="named" aliases=""><maml:name>MaxDisconnectedSessions</maml:name><maml:description><maml:para>Specifies the maximum number of remote sessions that are in a disconnected state. This quota is applied to sessions connected to all remote nodes (target computers). The default value is 1000.</maml:para></maml:description><command:parameterValue required="true" variableLength="false">Int32</command:parameterValue></command:parameter><command:parameter required="false" variableLength="false" globbing="false" pipelineInput="false" position="named" aliases=""><maml:name>MaxPersistenceStoreSizeGB</maml:name><maml:description><maml:para>Specifies the maximum size, in gigabytes, of the persistence store allocated to workflows that run in the session. When the size is exceeded, the persistence store is expanded to save all persisted data, but a warning is displayed and a message is written to the workflow event log. The default value is 10.</maml:para><maml:para>The persistence store contains data for all workflow jobs. The ability to store data allows the jobs to resume without losing state.</maml:para></maml:description><command:parameterValue required="true" variableLength="false">Int64</command:parameterValue></command:parameter><command:parameter required="false" variableLength="false" globbing="false" pipelineInput="false" position="named" aliases=""><maml:name>MaxRunningWorkflows</maml:name><maml:description><maml:para>Specifies that maximum number of workflows that can run in the session concurrently. The default value is 30.</maml:para></maml:description><command:parameterValue required="true" variableLength="false">Int32</command:parameterValue></command:parameter><command:parameter required="false" variableLength="false" globbing="false" pipelineInput="false" position="named" aliases=""><maml:name>MaxSessionsPerRemoteNode</maml:name><maml:description><maml:para>Specifies the maximum number of sessions that can be connected to each remote node (target computer). The default value is 5</maml:para></maml:description><command:parameterValue required="true" variableLength="false">Int32</command:parameterValue></command:parameter><command:parameter required="false" variableLength="false" globbing="false" pipelineInput="false" position="named" aliases=""><maml:name>MaxSessionsPerWorkflow</maml:name><maml:description><maml:para>Specifies the maximum number of session that can be created to support each workflow. The default value is 5.</maml:para></maml:description><command:parameterValue required="true" variableLength="false">Int32</command:parameterValue></command:parameter><command:parameter required="false" variableLength="true" globbing="false" pipelineInput="false" position="named" aliases=""><maml:name>OutOfProcessActivity</maml:name><maml:description><maml:para>Determines which allowed activities (specified by the AllowedActivities parameter) run out-of-process. The default value is InlineScript.</maml:para></maml:description><command:parameterValue required="true" variableLength="true">String[]</command:parameterValue></command:parameter><command:parameter required="false" variableLength="false" globbing="false" pipelineInput="false" position="named" aliases=""><maml:name>PersistencePath</maml:name><maml:description><maml:para>Specifies the location on disk where workflow state and data are stored. Storing the workflow state and data allows workflows to be suspended and resumed, and to recover from interruptions and network failures.</maml:para><maml:para>The default value is $env:LocalAppData\Microsoft\Windows\PowerShell\WF\PS</maml:para></maml:description><command:parameterValue required="true" variableLength="false">String</command:parameterValue></command:parameter><command:parameter required="false" variableLength="false" globbing="false" pipelineInput="false" position="named" aliases=""><maml:name>PersistWithEncryption</maml:name><maml:description><maml:para>Encrypts the data in the persistence store. Consider using this feature when storing persistence data in a network share. The default value is False.</maml:para></maml:description></command:parameter><command:parameter required="false" variableLength="false" globbing="false" pipelineInput="false" position="named" aliases=""><maml:name>RemoteNodeSessionIdleTimeoutSec</maml:name><maml:description><maml:para>Specifies how long a session that is connected to a remote node (target computer) is maintained if it is idle.</maml:para><maml:para>Enter a value in seconds. The default value is 60.</maml:para></maml:description><command:parameterValue required="true" variableLength="false">Int32</command:parameterValue></command:parameter><command:parameter required="false" variableLength="false" globbing="false" pipelineInput="false" position="named" aliases=""><maml:name>SessionThrottleLimit</maml:name><maml:description><maml:para>Specifies how many operations are created to support all workflows started in the session. The default value is 100.</maml:para></maml:description><command:parameterValue required="true" variableLength="false">Int32</command:parameterValue></command:parameter><command:parameter required="false" variableLength="false" globbing="false" pipelineInput="false" position="named" aliases=""><maml:name>WorkflowShutdownTimeoutMSec</maml:name><maml:description><maml:para>Specifies how long the session is maintained after all workflows in the session are forcibly suspended. When the timeout expires, Windows PowerShell closes the session, even if all workflows are not yet suspended.</maml:para><maml:para>Enter a value in milliseconds. The default value is 500.</maml:para></maml:description><command:parameterValue required="true" variableLength="false">Int32</command:parameterValue></command:parameter></command:syntaxItem></command:syntax><command:parameters><command:parameter required="false" variableLength="false" globbing="false" pipelineInput="false" position="named" aliases=""><maml:name>ActivityProcessIdleTimeoutSec</maml:name><maml:description><maml:para>Determines how long each activity host process is maintained after the process becomes idle. When the interval expires, the process closes.</maml:para><maml:para>Enter a value in seconds. The default value is 60.</maml:para></maml:description><command:parameterValue required="true" variableLength="false">Int32</command:parameterValue><dev:type><maml:name>Int32</maml:name><maml:uri /></dev:type><dev:defaultValue>60</dev:defaultValue></command:parameter><command:parameter required="false" variableLength="true" globbing="true" pipelineInput="false" position="named" aliases=""><maml:name>AllowedActivity</maml:name><maml:description><maml:para>Specifies the activities that are permitted to run in the session.</maml:para><maml:para>Enter namespace-qualified activity names, such as "Microsoft.Powershell.HyperV.Activities.*". Wildcard characters are supported. The default value, PSDefaultActivities, includes the built-in Windows Workflow Foundation activities and the activities that represent the Windows PowerShell Core cmdlets.</maml:para></maml:description><command:parameterValue required="true" variableLength="true">String[]</command:parameterValue><dev:type><maml:name>String[]</maml:name><maml:uri /></dev:type><dev:defaultValue>PSDefaultActivities</dev:defaultValue></command:parameter><command:parameter required="false" variableLength="false" globbing="false" pipelineInput="false" position="named" aliases=""><maml:name>EnableValidation</maml:name><maml:description><maml:para>Verifies that all workflow activities in the session are included in the allowed activities list. </maml:para><maml:para>The default value is True. To disable validation, use the following command format: -EnableValidation:$false.</maml:para></maml:description><command:parameterValue required="false" variableLength="false">SwitchParameter</command:parameterValue><dev:type><maml:name>SwitchParameter</maml:name><maml:uri /></dev:type><dev:defaultValue>True</dev:defaultValue></command:parameter><command:parameter required="false" variableLength="false" globbing="false" pipelineInput="false" position="named" aliases=""><maml:name>MaxActivityProcesses</maml:name><maml:description><maml:para>Specifies the maximum number of processes that can be created in the session to support workflow activities. The default value is 5.</maml:para></maml:description><command:parameterValue required="true" variableLength="false">Int32</command:parameterValue><dev:type><maml:name>Int32</maml:name><maml:uri /></dev:type><dev:defaultValue>5</dev:defaultValue></command:parameter><command:parameter required="false" variableLength="false" globbing="false" pipelineInput="false" position="named" aliases=""><maml:name>MaxConnectedSessions</maml:name><maml:description><maml:para>Specifies the maximum number of remote sessions that are in an operational state. This quota is applied to sessions connected to all remote nodes (target computers). The default value is 100.</maml:para></maml:description><command:parameterValue required="true" variableLength="false">Int32</command:parameterValue><dev:type><maml:name>Int32</maml:name><maml:uri /></dev:type><dev:defaultValue>100</dev:defaultValue></command:parameter><command:parameter required="false" variableLength="false" globbing="false" pipelineInput="false" position="named" aliases=""><maml:name>MaxDisconnectedSessions</maml:name><maml:description><maml:para>Specifies the maximum number of remote sessions that are in a disconnected state. This quota is applied to sessions connected to all remote nodes (target computers). The default value is 1000.</maml:para></maml:description><command:parameterValue required="true" variableLength="false">Int32</command:parameterValue><dev:type><maml:name>Int32</maml:name><maml:uri /></dev:type><dev:defaultValue>1000</dev:defaultValue></command:parameter><command:parameter required="false" variableLength="false" globbing="false" pipelineInput="false" position="named" aliases=""><maml:name>MaxPersistenceStoreSizeGB</maml:name><maml:description><maml:para>Specifies the maximum size, in gigabytes, of the persistence store allocated to workflows that run in the session. When the size is exceeded, the persistence store is expanded to save all persisted data, but a warning is displayed and a message is written to the workflow event log. The default value is 10.</maml:para><maml:para>The persistence store contains data for all workflow jobs. The ability to store data allows the jobs to resume without losing state.</maml:para></maml:description><command:parameterValue required="true" variableLength="false">Int64</command:parameterValue><dev:type><maml:name>Int64</maml:name><maml:uri /></dev:type><dev:defaultValue>10</dev:defaultValue></command:parameter><command:parameter required="false" variableLength="false" globbing="false" pipelineInput="false" position="named" aliases=""><maml:name>MaxRunningWorkflows</maml:name><maml:description><maml:para>Specifies that maximum number of workflows that can run in the session concurrently. The default value is 30.</maml:para></maml:description><command:parameterValue required="true" variableLength="false">Int32</command:parameterValue><dev:type><maml:name>Int32</maml:name><maml:uri /></dev:type><dev:defaultValue>30</dev:defaultValue></command:parameter><command:parameter required="false" variableLength="false" globbing="false" pipelineInput="false" position="named" aliases=""><maml:name>MaxSessionsPerRemoteNode</maml:name><maml:description><maml:para>Specifies the maximum number of sessions that can be connected to each remote node (target computer). The default value is 5</maml:para></maml:description><command:parameterValue required="true" variableLength="false">Int32</command:parameterValue><dev:type><maml:name>Int32</maml:name><maml:uri /></dev:type><dev:defaultValue>5</dev:defaultValue></command:parameter><command:parameter required="false" variableLength="false" globbing="false" pipelineInput="false" position="named" aliases=""><maml:name>MaxSessionsPerWorkflow</maml:name><maml:description><maml:para>Specifies the maximum number of session that can be created to support each workflow. The default value is 5.</maml:para></maml:description><command:parameterValue required="true" variableLength="false">Int32</command:parameterValue><dev:type><maml:name>Int32</maml:name><maml:uri /></dev:type><dev:defaultValue>5</dev:defaultValue></command:parameter><command:parameter required="false" variableLength="true" globbing="false" pipelineInput="false" position="named" aliases=""><maml:name>OutOfProcessActivity</maml:name><maml:description><maml:para>Determines which allowed activities (specified by the AllowedActivities parameter) run out-of-process. The default value is InlineScript.</maml:para></maml:description><command:parameterValue required="true" variableLength="true">String[]</command:parameterValue><dev:type><maml:name>String[]</maml:name><maml:uri /></dev:type><dev:defaultValue>InlineScript</dev:defaultValue></command:parameter><command:parameter required="false" variableLength="false" globbing="false" pipelineInput="false" position="named" aliases=""><maml:name>PersistencePath</maml:name><maml:description><maml:para>Specifies the location on disk where workflow state and data are stored. Storing the workflow state and data allows workflows to be suspended and resumed, and to recover from interruptions and network failures.</maml:para><maml:para>The default value is $env:LocalAppData\Microsoft\Windows\PowerShell\WF\PS</maml:para></maml:description><command:parameterValue required="true" variableLength="false">String</command:parameterValue><dev:type><maml:name>String</maml:name><maml:uri /></dev:type><dev:defaultValue>$env:LocalAppData\Microsoft\Windows\PowerShell\WF\PS</dev:defaultValue></command:parameter><command:parameter required="false" variableLength="false" globbing="false" pipelineInput="false" position="named" aliases=""><maml:name>PersistWithEncryption</maml:name><maml:description><maml:para>Encrypts the data in the persistence store. Consider using this feature when storing persistence data in a network share. The default value is False.</maml:para></maml:description><command:parameterValue required="false" variableLength="false">SwitchParameter</command:parameterValue><dev:type><maml:name>SwitchParameter</maml:name><maml:uri /></dev:type><dev:defaultValue>False</dev:defaultValue></command:parameter><command:parameter required="false" variableLength="false" globbing="false" pipelineInput="false" position="named" aliases=""><maml:name>RemoteNodeSessionIdleTimeoutSec</maml:name><maml:description><maml:para>Specifies how long a session that is connected to a remote node (target computer) is maintained if it is idle.</maml:para><maml:para>Enter a value in seconds. The default value is 60.</maml:para></maml:description><command:parameterValue required="true" variableLength="false">Int32</command:parameterValue><dev:type><maml:name>Int32</maml:name><maml:uri /></dev:type><dev:defaultValue>60</dev:defaultValue></command:parameter><command:parameter required="false" variableLength="false" globbing="false" pipelineInput="false" position="named" aliases=""><maml:name>SessionThrottleLimit</maml:name><maml:description><maml:para>Specifies how many operations are created to support all workflows started in the session. The default value is 100.</maml:para></maml:description><command:parameterValue required="true" variableLength="false">Int32</command:parameterValue><dev:type><maml:name>Int32</maml:name><maml:uri /></dev:type><dev:defaultValue>100</dev:defaultValue></command:parameter><command:parameter required="false" variableLength="false" globbing="false" pipelineInput="false" position="named" aliases=""><maml:name>WorkflowShutdownTimeoutMSec</maml:name><maml:description><maml:para>Specifies how long the session is maintained after all workflows in the session are forcibly suspended. When the timeout expires, Windows PowerShell closes the session, even if all workflows are not yet suspended.</maml:para><maml:para>Enter a value in milliseconds. The default value is 500.</maml:para></maml:description><command:parameterValue required="true" variableLength="false">Int32</command:parameterValue><dev:type><maml:name>Int32</maml:name><maml:uri /></dev:type><dev:defaultValue>500</dev:defaultValue></command:parameter></command:parameters><command:inputTypes><command:inputType><dev:type><maml:name>None</maml:name><maml:uri></maml:uri><maml:description><maml:para /></maml:description></dev:type><maml:description><maml:para>You cannot pipe input to this cmdlet.</maml:para></maml:description></command:inputType></command:inputTypes><command:returnValues><command:returnValue><dev:type><maml:name>Microsoft.PowerShell.Commands.PSWorkflowExecutionOption</maml:name><maml:uri></maml:uri><maml:description><maml:para /></maml:description></dev:type><maml:description><maml:para></maml:para></maml:description></command:returnValue></command:returnValues><command:terminatingErrors /><command:nonTerminatingErrors /><maml:alertSet><maml:title /><maml:alert><maml:para>When the maximum value set by an option is exceeded, the command to create another instance in the session fails, unless noted in the parameter description. For example, if the value of MaxConnectedSessions is 100. The command to create the 101st session to a remote node (target computer) fails.</maml:para></maml:alert><maml:alert><maml:para>The properties of a session configuration object vary with the options set for the session configuration and the values of those options. Also, session configurations that use a session configuration file have additional properties.</maml:para><maml:para>In particular, the properties of session configurations that include a PSWorkflowExecutionOptions object vary based on the workflow option values. For example, if the session configuration includes a PSWorkflowExecutionOptions object that sets a non-default value for the SessionThrottleLimit property, the session configuration has a SessionThrottleLimit property. Otherwise, it does not.</maml:para></maml:alert></maml:alertSet><command:examples><command:example><maml:title>Example 1: Create a Workflow Options Object</maml:title><maml:introduction><maml:para></maml:para></maml:introduction><dev:code>PS C:\&gt;New-PSWorkflowExecutionOption -MaxSessionsPerWorkflow 10 -MaxDisconnectedSessions 200
SessionThrottleLimit                       : 100

PersistencePath                            : C:\Users\User01\AppData\Local\Microsoft\Windows\PowerShell\WF\PS

MaxPersistenceStoreSizeGB                  : 10

PersistWithEncryption                      : False

MaxRunningWorkflows                        : 30

AllowedActivity                            : {PSDefaultActivities}

OutOfProcessActivity                       : {InlineScript}

EnableValidation                           : True

MaxDisconnectedSessions                    : 200

MaxConnectedSessions                       : 100

MaxSessionsPerWorkflow                     : 10

MaxSessionsPerRemoteNode                   : 5

MaxActivityProcesses                       : 5

ActivityProcessIdleTimeoutSec              : 60

RemoteNodeSessionIdleTimeoutSec            : 60

WorkflowShutdownTimeoutMSec                : 500
</dev:code><dev:remarks><maml:para>This command uses the New-PSWorkflowExecutionOption cmdlet to increase the MaxSessionsPerWorkflow value to 10 and decrease the MaxDisconnectedSessions value to 200.</maml:para><maml:para>The output shows the object that the cmdlet returns.</maml:para></dev:remarks><command:commandLines><command:commandLine><command:commandText /></command:commandLine></command:commandLines></command:example><command:example><maml:title>Example 2: Using a Workflow Options Object</maml:title><maml:introduction><maml:para></maml:para></maml:introduction><dev:code>The first command uses the New-PSWorkflowExecutionOption cmdlet to create a workflow options object. The command saves the object in the $wo variable.
PS C:\&gt;$wo = New-PSWorkflowExecutionOption -MaxSessionsPerWorkflow 10 -MaxDisconnectedSessions 200


The second command uses the Register-PSSessionConfiguration cmdlet to create the ITWorkflows session configuration. To set the workflow options in the session configuration, the command uses the SessionTypeOption parameter. The value of the SessionTypeOption parameter is the workflow options object in the $wo variable. The command also uses the Force parameter to suppress confirmations prompts.
PS C:\&gt;Register-PSSessionConfiguration -Name ITWorkflows -SessionTypeOption $wo -Force
    WSManConfig: Microsoft.WSMan.Management\WSMan::localhost\Plugin


Type            Keys                                Name

----            ----                                ----

Container       {Name=ITWorkflows}                  ITWorkflows

The third command shows the workflow options in the session configuration. The command uses the Get-PSSessionConfiguration cmdlet to the get the ITWorkflows session configuration and the Format-List to display all properties of the session configuration in a list.The output shows that the workflow options in the session configuration. Specifically, the session configuration has a MaxSessionsPerWorkflow property with a value of 10 and a MaxDisconnectedSessions property with a value of 200.
PS C:\&gt;Get-PSSessionConfiguration ITWorkflows | Format-List -Property *
Architecture                  : 64

Filename                      : %windir%\system32\pwrshplugin.dll

ResourceUri                   : http://schemas.microsoft.com/powershell/ITWorkflows

MaxConcurrentCommandsPerShell : 1000

allowedactivity               : PSDefaultActivities

UseSharedProcess              : false

ProcessIdleTimeoutSec         : 0

xmlns                         : http://schemas.microsoft.com/wbem/wsman/1/config/PluginConfiguration

MaxConcurrentUsers            : 5

maxsessionsperworkflow        : 10

lang                          : en-US

sessionconfigurationdata      : &lt;SessionConfigurationData&gt;&lt;Param Name='PrivateData'&gt;&lt;PrivateData&gt;&lt;Param                                Name='enablevalidation' Value='True' /&gt;&lt;Param Name='allowedactivity'                                Value='PSDefaultActivities' /&gt;&lt;Param Name='outofprocessactivity' Value='InlineScript'                                /&gt;&lt;Param Name='maxdisconnectedsessions' Value='200' /&gt;&lt;Param                                Name='maxsessionsperworkflow' Value='10'                                /&gt;&lt;/PrivateData&gt;&lt;/Param&gt;&lt;/SessionConfigurationData&gt;

SupportsOptions               : true

ExactMatch                    : true

RunAsUser                     :

IdleTimeoutms                 : 7200000

PSVersion                     : 3.0

OutputBufferingMode           : Block

AutoRestart                   : false

MaxShells                     : 25

MaxMemoryPerShellMB           : 1024

MaxIdleTimeoutms              : 43200000

outofprocessactivity          : InlineScript

SDKVersion                    : 2

Name                          : ITWorkflows

XmlRenderingType              : text

Capability                    : {Shell}

RunAsPassword                 :

MaxProcessesPerShell          : 15

enablevalidation              : True

Enabled                       : True

maxdisconnectedsessions       : 200

MaxShellsPerUser              : 25

Permission                    :
</dev:code><dev:remarks><maml:para>This example shows how to use a workflow options object to establish or change the workflow options in a session configuration.</maml:para></dev:remarks><command:commandLines><command:commandLine><command:commandText /></command:commandLine></command:commandLines></command:example></command:examples><maml:relatedLinks><maml:navigationLink><maml:linkText>Online Version:</maml:linkText><maml:uri>http://go.microsoft.com/fwlink/p/?linkid=287543</maml:uri></maml:navigationLink><maml:navigationLink><maml:linkText>New-PSWorkflowSession</maml:linkText><maml:uri></maml:uri></maml:navigationLink><maml:navigationLink><maml:linkText>about_Workflows</maml:linkText><maml:uri /></maml:navigationLink><maml:navigationLink><maml:linkText>about_WorkflowCommonParameters</maml:linkText><maml:uri /></maml:navigationLink><maml:navigationLink><maml:linkText>PSWorkflow Module</maml:linkText><maml:uri /></maml:navigationLink><maml:navigationLink><maml:linkText>PSWorkflowUtility Module</maml:linkText><maml:uri /></maml:navigationLink></maml:relatedLinks></command:command>

<command:command xmlns:maml="http://schemas.microsoft.com/maml/2004/10" xmlns:command="http://schemas.microsoft.com/maml/dev/command/2004/10" xmlns:dev="http://schemas.microsoft.com/maml/dev/2004/10" xmlns:MSHelp="http://msdn.microsoft.com/mshelp"><command:details><command:name>New-PSWorkflowSession</command:name><maml:description><maml:para>Creates a workflow session.</maml:para></maml:description><maml:copyright><maml:para /></maml:copyright><command:verb>New</command:verb><command:noun>PSWorkflowSession</command:noun><dev:version /></command:details><maml:description><maml:para>The New-PSWorkflowSession cmdlet creates a user-managed session ("PSSession") that is especially designed for running Windows PowerShell workflows. It uses the Microsoft.PowerShell.Workflow session configuration, which includes scripts, type and formatting files, and options that are required for workflows.</maml:para><maml:para>You can use "New-PSWorkflowSession" or its alias, nwsn.</maml:para><maml:para>You can also add workflow common parameters to this command. For more information about workflow common parameters, see <maml:navigationLink><maml:linkText>about_WorkflowCommonParameters</maml:linkText><maml:uri></maml:uri></maml:navigationLink>.</maml:para><maml:para>This cmdlet is introduced in Windows PowerShell 3.0.</maml:para></maml:description><command:syntax><command:syntaxItem><maml:name>New-PSWorkflowSession</maml:name><command:parameter required="false" variableLength="true" globbing="false" pipelineInput="True (ByValue, ByPropertyName)" position="1" aliases="Cn"><maml:name>ComputerName</maml:name><maml:description><maml:para>Creates a persistent connection (PSSession) to the specified computer. If you enter multiple computer names, Windows PowerShell creates multiple PSSessions, one for each computer. The default is the local computer.</maml:para><maml:para>Type the NetBIOS name, an IP address, or a fully qualified domain name of one or more remote computers. To specify the local computer, type the computer name, "localhost", or a dot (.). When the computer is in a different domain than the user, the fully qualified domain name is required. You can also pipe a computer name (in quotes) to New-PSWorkflowSession.
</maml:para><maml:para>To use an IP address in the value of the ComputerName parameter, the command must include the Credential parameter. Also, the computer must be configured for HTTPS transport or the IP address of the remote computer must be included in the WinRM TrustedHosts list on the local computer. For instructions for adding a computer name to the TrustedHosts list, see "How to Add  a Computer to the Trusted Host List" in about_Remote_Troubleshooting (http://go.microsoft.com/fwlink/?LinkID=135188).
</maml:para></maml:description><command:parameterValue required="true" variableLength="true">String[]</command:parameterValue></command:parameter><command:parameter required="false" variableLength="false" globbing="false" pipelineInput="True (ByPropertyName)" position="named" aliases=""><maml:name>ApplicationName</maml:name><maml:description><maml:para>Specifies the application name segment of the connection URI.</maml:para><maml:para>The default value is the value of the $PSSessionApplicationName preference variable on the local computer. If this preference variable is not defined, the default value is "WSMAN". This value is appropriate for most uses. For more information, see about_Preference_Variables.</maml:para><maml:para>The WinRM service uses the application name to select a listener to service the connection request. The value of this parameter should match the value of the URLPrefix property of a listener on the remote computer.</maml:para></maml:description><command:parameterValue required="true" variableLength="false">String</command:parameterValue></command:parameter><command:parameter required="false" variableLength="false" globbing="false" pipelineInput="false" position="named" aliases=""><maml:name>Authentication</maml:name><maml:description><maml:para>Specifies the mechanism that is used to authenticate the user's credentials.   Valid values are "Default", "Basic", "Credssp", "Digest", "Kerberos", "Negotiate", and "NegotiateWithImplicitCredential".  The default value is "Default".
</maml:para><maml:para>CredSSP authentication is available only in Windows Vista, Windows Server 2008, and later versions of Windows.
</maml:para><maml:para>For more information about the values of this parameter, see the description of the System.Management.Automation.Runspaces.AuthenticationMechanism enumeration in the MSDN (Microsoft Developer Network) library at http://go.microsoft.com/fwlink/?LinkID=144382.
</maml:para><maml:para>Caution: Credential Security Service Provider (CredSSP) authentication, in which the user's credentials are passed to a remote computer to be authenticated, is designed for commands that require authentication on more than one resource, such as accessing a remote network share. This mechanism increases the security risk of the remote operation. If the remote computer is compromised, the credentials that are passed to it can be used to control the network session.</maml:para></maml:description><command:parameterValueGroup><command:parameterValue required="true" variableLength="false">Default</command:parameterValue><command:parameterValue required="true" variableLength="false">Basic</command:parameterValue><command:parameterValue required="true" variableLength="false">Negotiate</command:parameterValue><command:parameterValue required="true" variableLength="false">NegotiateWithImplicitCredential</command:parameterValue><command:parameterValue required="true" variableLength="false">Credssp</command:parameterValue><command:parameterValue required="true" variableLength="false">Digest</command:parameterValue><command:parameterValue required="true" variableLength="false">Kerberos</command:parameterValue></command:parameterValueGroup></command:parameter><command:parameter required="false" variableLength="false" globbing="false" pipelineInput="false" position="named" aliases=""><maml:name>CertificateThumbprint</maml:name><maml:description><maml:para>Specifies the digital public key certificate (X509) of a user account that has permission to perform this action. Enter the certificate thumbprint of the certificate.</maml:para><maml:para>Certificates are used in client certificate-based authentication. They can be mapped only to local user accounts; they do not work with domain accounts.</maml:para><maml:para>To get a certificate thumbprint, use the Get-Item cmdlet or the Get-ChildItem cmdlet in the Windows PowerShell Cert: drive (http://go.microsoft.com/fwlink/?LinkID=251065).
</maml:para></maml:description><command:parameterValue required="true" variableLength="false">String</command:parameterValue></command:parameter><command:parameter required="false" variableLength="false" globbing="false" pipelineInput="True (ByPropertyName)" position="named" aliases=""><maml:name>Credential</maml:name><maml:description><maml:para>Specifies a user account that has permission to perform this action. The default is the current user.
</maml:para><maml:para>Type a user name, such as "User01", "Domain01\User01", or "User@Domain.com", or enter a PSCredential object, such as one returned by the Get-Credential cmdlet.
</maml:para><maml:para>When you type a user name, you will be prompted for a password.
</maml:para></maml:description><command:parameterValue required="true" variableLength="false">Object</command:parameterValue></command:parameter><command:parameter required="false" variableLength="false" globbing="false" pipelineInput="false" position="named" aliases=""><maml:name>EnableNetworkAccess</maml:name><maml:description><maml:para>Adds an interactive security token to loopback sessions. The interactive token lets you run commands in the loopback session that get data from other computers. For example, you can run a command in the session that copies XML files from a remote computer to the local computer.</maml:para><maml:para>A "loopback session" is a PSSession that originates and terminates on the same computer. To create a loopback session, omit the ComputerName parameter or set its value to ".", "localhost", or the name of the local computer.</maml:para><maml:para>By default, loopback sessions are created with a network token, which might not provide sufficient permission to authenticate to remote computers.</maml:para><maml:para>The EnableNetworkAccess parameter is effective only in loopback sessions. If you use the EnableNetworkAccess parameter when creating a session on a remote computer, the command succeeds, but the parameter is ignored.</maml:para><maml:para>You can also allow remote access in a loopback session by using the CredSSP value of the Authentication parameter, which delegates the session credentials to other computers.</maml:para><maml:para>To protect the computer from malicious access, disconnected loopback sessions that have interactive tokens (those created with the EnableNetworkAccess parameter) can be reconnected only from the computer on which the session was created. Disconnected sessions that use CredSSP authentication can be reconnected from other computers. For more information, see Disconnect-PSSession.</maml:para><maml:para>This parameter is introduced in Windows PowerShell 3.0.</maml:para></maml:description></command:parameter><command:parameter required="false" variableLength="true" globbing="false" pipelineInput="false" position="named" aliases=""><maml:name>Name</maml:name><maml:description><maml:para>Specifies a friendly name for the workflow session.
</maml:para><maml:para>You can use the name to refer to the session when using other cmdlets, such as Get-PSSession and Enter-PSSession. The name is not required to be unique to the computer or the current session.
</maml:para></maml:description><command:parameterValue required="true" variableLength="true">String[]</command:parameterValue></command:parameter><command:parameter required="false" variableLength="false" globbing="false" pipelineInput="false" position="named" aliases=""><maml:name>Port</maml:name><maml:description><maml:para>Specifies the network port on the remote computer that is used for this connection.  To connect to a remote computer, the remote computer must be listening on the port that the connection uses.  The default ports are 5985 (the WinRM port for HTTP) and 5986 (the WinRM port for HTTPS).
</maml:para><maml:para>Before using an alternate port, you must configure the WinRM listener on the remote computer to listen at that port. Use the following commands to configure the listener:
</maml:para><maml:para>1. winrm delete winrm/config/listener?Address=*+Transport=HTTP

2. winrm create winrm/config/listener?Address=*+Transport=HTTP @{Port="&lt;port-number&gt;"}
</maml:para><maml:para>Do not use the Port parameter unless you must. The port setting in the command applies to all computers or sessions on which the command runs. An alternate port setting might prevent the command from running on all computers.
</maml:para></maml:description><command:parameterValue required="true" variableLength="false">Int32</command:parameterValue></command:parameter><command:parameter required="false" variableLength="false" globbing="false" pipelineInput="false" position="named" aliases=""><maml:name>SessionOption</maml:name><maml:description><maml:para>Sets advanced options for the session.  Enter a SessionOption object, such as one that you create by using the New-PSSessionOption cmdlet.
</maml:para><maml:para>The default values for the options are determined by the value of the $PSSessionOption preference variable, if it is set. Otherwise, the default values are established by options set in the session configuration.
</maml:para><maml:para>The session option values take precedence over default values for sessions set in the $PSSessionOption preference variable and in the session configuration. However, they do not take precedence over maximum values, quotas or limits set in the session configuration. For more information about session configurations, see about_Session_Configurations (http://go.microsoft.com/fwlink/?LinkID=145152).
</maml:para><maml:para>For a description of the session options, including the default values, see New-PSSessionOption. For information about the $PSSessionOption preference variable, see about_Preference_Variables (http://go.microsoft.com/fwlink/?LinkID=113248).
</maml:para></maml:description><command:parameterValue required="true" variableLength="false">PSSessionOption</command:parameterValue></command:parameter><command:parameter required="false" variableLength="false" globbing="false" pipelineInput="false" position="named" aliases=""><maml:name>ThrottleLimit</maml:name><maml:description><maml:para>Specifies the maximum number of concurrent connections that can be established to run this command. If you omit this parameter or enter a value of 0  (zero), the default value for the Microsoft.PowerShellWorkflow session configuration, 100, is used.
</maml:para><maml:para>The throttle limit applies only to the current command, not to the session or to the computer.
</maml:para></maml:description><command:parameterValue required="true" variableLength="false">Int32</command:parameterValue></command:parameter><command:parameter required="false" variableLength="false" globbing="false" pipelineInput="false" position="named" aliases=""><maml:name>UseSSL</maml:name><maml:description><maml:para>Uses the Secure Sockets Layer (SSL) protocol to establish a connection to the remote computer. By default, SSL is not used.
</maml:para><maml:para>WS-Management encrypts all Windows PowerShell content transmitted over the network. UseSSL is an additional protection that sends the data across an HTTPS connection instead of an HTTP connection.
</maml:para><maml:para>If you use this parameter, but SSL is not available on the port used for the command, the command fails.
</maml:para></maml:description></command:parameter></command:syntaxItem></command:syntax><command:parameters><command:parameter required="false" variableLength="false" globbing="false" pipelineInput="True (ByPropertyName)" position="named" aliases=""><maml:name>ApplicationName</maml:name><maml:description><maml:para>Specifies the application name segment of the connection URI.</maml:para><maml:para>The default value is the value of the $PSSessionApplicationName preference variable on the local computer. If this preference variable is not defined, the default value is "WSMAN". This value is appropriate for most uses. For more information, see about_Preference_Variables.</maml:para><maml:para>The WinRM service uses the application name to select a listener to service the connection request. The value of this parameter should match the value of the URLPrefix property of a listener on the remote computer.</maml:para></maml:description><command:parameterValue required="true" variableLength="false">String</command:parameterValue><dev:type><maml:name>String</maml:name><maml:uri /></dev:type><dev:defaultValue>WSMAN</dev:defaultValue></command:parameter><command:parameter required="false" variableLength="false" globbing="false" pipelineInput="false" position="named" aliases=""><maml:name>Authentication</maml:name><maml:description><maml:para>Specifies the mechanism that is used to authenticate the user's credentials.   Valid values are "Default", "Basic", "Credssp", "Digest", "Kerberos", "Negotiate", and "NegotiateWithImplicitCredential".  The default value is "Default".
</maml:para><maml:para>CredSSP authentication is available only in Windows Vista, Windows Server 2008, and later versions of Windows.
</maml:para><maml:para>For more information about the values of this parameter, see the description of the System.Management.Automation.Runspaces.AuthenticationMechanism enumeration in the MSDN (Microsoft Developer Network) library at http://go.microsoft.com/fwlink/?LinkID=144382.
</maml:para><maml:para>Caution: Credential Security Service Provider (CredSSP) authentication, in which the user's credentials are passed to a remote computer to be authenticated, is designed for commands that require authentication on more than one resource, such as accessing a remote network share. This mechanism increases the security risk of the remote operation. If the remote computer is compromised, the credentials that are passed to it can be used to control the network session.</maml:para></maml:description><command:parameterValue required="true" variableLength="false">AuthenticationMechanism</command:parameterValue><dev:type><maml:name>AuthenticationMechanism</maml:name><maml:uri /></dev:type><dev:defaultValue>Default</dev:defaultValue></command:parameter><command:parameter required="false" variableLength="false" globbing="false" pipelineInput="false" position="named" aliases=""><maml:name>CertificateThumbprint</maml:name><maml:description><maml:para>Specifies the digital public key certificate (X509) of a user account that has permission to perform this action. Enter the certificate thumbprint of the certificate.</maml:para><maml:para>Certificates are used in client certificate-based authentication. They can be mapped only to local user accounts; they do not work with domain accounts.</maml:para><maml:para>To get a certificate thumbprint, use the Get-Item cmdlet or the Get-ChildItem cmdlet in the Windows PowerShell Cert: drive (http://go.microsoft.com/fwlink/?LinkID=251065).
</maml:para></maml:description><command:parameterValue required="true" variableLength="false">String</command:parameterValue><dev:type><maml:name>String</maml:name><maml:uri /></dev:type><dev:defaultValue></dev:defaultValue></command:parameter><command:parameter required="false" variableLength="true" globbing="false" pipelineInput="True (ByValue, ByPropertyName)" position="1" aliases="Cn"><maml:name>ComputerName</maml:name><maml:description><maml:para>Creates a persistent connection (PSSession) to the specified computer. If you enter multiple computer names, Windows PowerShell creates multiple PSSessions, one for each computer. The default is the local computer.</maml:para><maml:para>Type the NetBIOS name, an IP address, or a fully qualified domain name of one or more remote computers. To specify the local computer, type the computer name, "localhost", or a dot (.). When the computer is in a different domain than the user, the fully qualified domain name is required. You can also pipe a computer name (in quotes) to New-PSWorkflowSession.
</maml:para><maml:para>To use an IP address in the value of the ComputerName parameter, the command must include the Credential parameter. Also, the computer must be configured for HTTPS transport or the IP address of the remote computer must be included in the WinRM TrustedHosts list on the local computer. For instructions for adding a computer name to the TrustedHosts list, see "How to Add  a Computer to the Trusted Host List" in about_Remote_Troubleshooting (http://go.microsoft.com/fwlink/?LinkID=135188).
</maml:para></maml:description><command:parameterValue required="true" variableLength="true">String[]</command:parameterValue><dev:type><maml:name>String[]</maml:name><maml:uri /></dev:type><dev:defaultValue>Local computer</dev:defaultValue></command:parameter><command:parameter required="false" variableLength="false" globbing="false" pipelineInput="True (ByPropertyName)" position="named" aliases=""><maml:name>Credential</maml:name><maml:description><maml:para>Specifies a user account that has permission to perform this action. The default is the current user.
</maml:para><maml:para>Type a user name, such as "User01", "Domain01\User01", or "User@Domain.com", or enter a PSCredential object, such as one returned by the Get-Credential cmdlet.
</maml:para><maml:para>When you type a user name, you will be prompted for a password.
</maml:para></maml:description><command:parameterValue required="true" variableLength="false">Object</command:parameterValue><dev:type><maml:name>Object</maml:name><maml:uri /></dev:type><dev:defaultValue>Current user</dev:defaultValue></command:parameter><command:parameter required="false" variableLength="false" globbing="false" pipelineInput="false" position="named" aliases=""><maml:name>EnableNetworkAccess</maml:name><maml:description><maml:para>Adds an interactive security token to loopback sessions. The interactive token lets you run commands in the loopback session that get data from other computers. For example, you can run a command in the session that copies XML files from a remote computer to the local computer.</maml:para><maml:para>A "loopback session" is a PSSession that originates and terminates on the same computer. To create a loopback session, omit the ComputerName parameter or set its value to ".", "localhost", or the name of the local computer.</maml:para><maml:para>By default, loopback sessions are created with a network token, which might not provide sufficient permission to authenticate to remote computers.</maml:para><maml:para>The EnableNetworkAccess parameter is effective only in loopback sessions. If you use the EnableNetworkAccess parameter when creating a session on a remote computer, the command succeeds, but the parameter is ignored.</maml:para><maml:para>You can also allow remote access in a loopback session by using the CredSSP value of the Authentication parameter, which delegates the session credentials to other computers.</maml:para><maml:para>To protect the computer from malicious access, disconnected loopback sessions that have interactive tokens (those created with the EnableNetworkAccess parameter) can be reconnected only from the computer on which the session was created. Disconnected sessions that use CredSSP authentication can be reconnected from other computers. For more information, see Disconnect-PSSession.</maml:para><maml:para>This parameter is introduced in Windows PowerShell 3.0.</maml:para></maml:description><command:parameterValue required="false" variableLength="false">SwitchParameter</command:parameterValue><dev:type><maml:name>SwitchParameter</maml:name><maml:uri /></dev:type><dev:defaultValue></dev:defaultValue></command:parameter><command:parameter required="false" variableLength="true" globbing="false" pipelineInput="false" position="named" aliases=""><maml:name>Name</maml:name><maml:description><maml:para>Specifies a friendly name for the workflow session.
</maml:para><maml:para>You can use the name to refer to the session when using other cmdlets, such as Get-PSSession and Enter-PSSession. The name is not required to be unique to the computer or the current session.
</maml:para></maml:description><command:parameterValue required="true" variableLength="true">String[]</command:parameterValue><dev:type><maml:name>String[]</maml:name><maml:uri /></dev:type><dev:defaultValue>Session#</dev:defaultValue></command:parameter><command:parameter required="false" variableLength="false" globbing="false" pipelineInput="false" position="named" aliases=""><maml:name>Port</maml:name><maml:description><maml:para>Specifies the network port on the remote computer that is used for this connection.  To connect to a remote computer, the remote computer must be listening on the port that the connection uses.  The default ports are 5985 (the WinRM port for HTTP) and 5986 (the WinRM port for HTTPS).
</maml:para><maml:para>Before using an alternate port, you must configure the WinRM listener on the remote computer to listen at that port. Use the following commands to configure the listener:
</maml:para><maml:para>1. winrm delete winrm/config/listener?Address=*+Transport=HTTP

2. winrm create winrm/config/listener?Address=*+Transport=HTTP @{Port="&lt;port-number&gt;"}
</maml:para><maml:para>Do not use the Port parameter unless you must. The port setting in the command applies to all computers or sessions on which the command runs. An alternate port setting might prevent the command from running on all computers.
</maml:para></maml:description><command:parameterValue required="true" variableLength="false">Int32</command:parameterValue><dev:type><maml:name>Int32</maml:name><maml:uri /></dev:type><dev:defaultValue>5985, 5986</dev:defaultValue></command:parameter><command:parameter required="false" variableLength="false" globbing="false" pipelineInput="false" position="named" aliases=""><maml:name>SessionOption</maml:name><maml:description><maml:para>Sets advanced options for the session.  Enter a SessionOption object, such as one that you create by using the New-PSSessionOption cmdlet.
</maml:para><maml:para>The default values for the options are determined by the value of the $PSSessionOption preference variable, if it is set. Otherwise, the default values are established by options set in the session configuration.
</maml:para><maml:para>The session option values take precedence over default values for sessions set in the $PSSessionOption preference variable and in the session configuration. However, they do not take precedence over maximum values, quotas or limits set in the session configuration. For more information about session configurations, see about_Session_Configurations (http://go.microsoft.com/fwlink/?LinkID=145152).
</maml:para><maml:para>For a description of the session options, including the default values, see New-PSSessionOption. For information about the $PSSessionOption preference variable, see about_Preference_Variables (http://go.microsoft.com/fwlink/?LinkID=113248).
</maml:para></maml:description><command:parameterValue required="true" variableLength="false">PSSessionOption</command:parameterValue><dev:type><maml:name>PSSessionOption</maml:name><maml:uri /></dev:type><dev:defaultValue></dev:defaultValue></command:parameter><command:parameter required="false" variableLength="false" globbing="false" pipelineInput="false" position="named" aliases=""><maml:name>ThrottleLimit</maml:name><maml:description><maml:para>Specifies the maximum number of concurrent connections that can be established to run this command. If you omit this parameter or enter a value of 0  (zero), the default value for the Microsoft.PowerShellWorkflow session configuration, 100, is used.
</maml:para><maml:para>The throttle limit applies only to the current command, not to the session or to the computer.
</maml:para></maml:description><command:parameterValue required="true" variableLength="false">Int32</command:parameterValue><dev:type><maml:name>Int32</maml:name><maml:uri /></dev:type><dev:defaultValue>100</dev:defaultValue></command:parameter><command:parameter required="false" variableLength="false" globbing="false" pipelineInput="false" position="named" aliases=""><maml:name>UseSSL</maml:name><maml:description><maml:para>Uses the Secure Sockets Layer (SSL) protocol to establish a connection to the remote computer. By default, SSL is not used.
</maml:para><maml:para>WS-Management encrypts all Windows PowerShell content transmitted over the network. UseSSL is an additional protection that sends the data across an HTTPS connection instead of an HTTP connection.
</maml:para><maml:para>If you use this parameter, but SSL is not available on the port used for the command, the command fails.
</maml:para></maml:description><command:parameterValue required="false" variableLength="false">SwitchParameter</command:parameterValue><dev:type><maml:name>SwitchParameter</maml:name><maml:uri /></dev:type><dev:defaultValue>false</dev:defaultValue></command:parameter></command:parameters><command:inputTypes><command:inputType><dev:type><maml:name>System.Management.Automation.Runspaces.PSSession[], System.String</maml:name><maml:uri></maml:uri><maml:description><maml:para /></maml:description></dev:type><maml:description><maml:para>You can pipe a session or a computer name to New-PSWorkflowSession.</maml:para></maml:description></command:inputType></command:inputTypes><command:returnValues><command:returnValue><dev:type><maml:name>System.Management.Automation.Runspaces.PSSession</maml:name><maml:uri></maml:uri><maml:description><maml:para /></maml:description></dev:type><maml:description></maml:description></command:returnValue></command:returnValues><command:terminatingErrors /><command:nonTerminatingErrors /><maml:alertSet><maml:title /><maml:alert><maml:para>A New-PSWorkflowSession command is equivalent to the following command: New-PSSession -ConfigurationName Microsoft.PowerShell.Workflow</maml:para></maml:alert><maml:alert></maml:alert></maml:alertSet><command:examples><command:example><maml:title> 
-------------------------- EXAMPLE 1 -------------------------- 
                       </maml:title><maml:introduction><maml:para></maml:para></maml:introduction><dev:code>PS C:\&gt;New-PSWorkflowSession -ComputerName ServerNode01 -Name WorkflowTests -SessionOption (New-PSSessionOption -OutputBufferingMode Drop)
</dev:code><dev:remarks><maml:para>This command creates the WorkflowTests session on the ServerNode01 remote computer. The value of the SessionOption parameter is a New-PSSessionOption command that sets the output buffering mode in the session to Drop.
</maml:para></dev:remarks><command:commandLines><command:commandLine><command:commandText /></command:commandLine></command:commandLines></command:example><command:example><maml:title> 
-------------------------- EXAMPLE 2 -------------------------- 
                       </maml:title><maml:introduction><maml:para></maml:para></maml:introduction><dev:code>PS C:\&gt;"ServerNode01", "Server12" | New-PSWorkflowSession -Name WorkflowSession -Credential Domain01\Admin01 -ThrottleLimit 150

</dev:code><dev:remarks><maml:para>This command creates workflow sessions on the ServerNode01 and Server12 computers. The command uses the Credential parameter to run with the permissions of the domain administrator.
</maml:para><maml:para>The command uses the ThrottleLimit parameter to increase the per-command throttle limit to 150. This value takes precedence over the default throttle limit of 100 that is set in the Microsoft.PowerShell.Workflow session configuration.
</maml:para></dev:remarks><command:commandLines><command:commandLine><command:commandText /></command:commandLine></command:commandLines></command:example></command:examples><maml:relatedLinks><maml:navigationLink><maml:linkText>Online Version:</maml:linkText><maml:uri>http://go.microsoft.com/fwlink/p/?linkid=287542</maml:uri></maml:navigationLink><maml:navigationLink><maml:linkText>New-PSSession</maml:linkText><maml:uri /></maml:navigationLink><maml:navigationLink><maml:linkText>New-PSTransportOption</maml:linkText><maml:uri /></maml:navigationLink><maml:navigationLink><maml:linkText>Register-PSSessionConfiguration</maml:linkText><maml:uri /></maml:navigationLink><maml:navigationLink><maml:linkText>about_PSSessions</maml:linkText><maml:uri /></maml:navigationLink><maml:navigationLink><maml:linkText>about_Session_Configurations</maml:linkText><maml:uri /></maml:navigationLink><maml:navigationLink><maml:linkText>about_Workflows</maml:linkText><maml:uri /></maml:navigationLink><maml:navigationLink><maml:linkText>about_WorkflowCommonParameters</maml:linkText><maml:uri /></maml:navigationLink><maml:navigationLink><maml:linkText>PSWorkflow Module</maml:linkText><maml:uri /></maml:navigationLink><maml:navigationLink><maml:linkText>PSWorkflowUtility Module</maml:linkText><maml:uri /></maml:navigationLink></maml:relatedLinks></command:command>

</helpItems>

