﻿<?xml version = "1.0" encoding = "utf-8" ?>

<helpItems schema="maml">

<command:command xmlns:maml="http://schemas.microsoft.com/maml/2004/10" xmlns:command="http://schemas.microsoft.com/maml/dev/command/2004/10" xmlns:dev="http://schemas.microsoft.com/maml/dev/2004/10" xmlns:MSHelp="http://msdn.microsoft.com/mshelp"><command:details><command:name>Get-DAClientExperienceConfiguration</command:name><maml:description><maml:para>Returns the configuration for the DirectAccess client user experience. </maml:para></maml:description><maml:copyright><maml:para /></maml:copyright><command:verb>Get</command:verb><command:noun>DAClientExperienceConfiguration</command:noun><dev:version /></command:details><maml:description><maml:para>Get-DAClientExperienceConfiguration returns the configuration for the DirectAccess client user experience. The configuration returned controls the user interface behavior, as well as what configuration options are available to the user.</maml:para><maml:para>All DAClientExperienceConfiguration cmdlets have an ADMX file that can also be used to configure the client experience settings.</maml:para></maml:description><command:syntax><command:syntaxItem><maml:name>Get-DAClientExperienceConfiguration</maml:name><command:parameter required="false" variableLength="false" globbing="false" pipelineInput="false" position="named" aliases=""><maml:name>AsJob</maml:name><maml:description><maml:para>Runs the cmdlet as a background job. Use this parameter to run commands that take a long time to complete. 
 The cmdlet immediately returns an object that represents the job and then displays the command prompt. You can continue to work in the session while the job completes. To manage the job, use the *-Job cmdlets. To get the job results, use the <maml:navigationLink><maml:linkText>Receive-Job</maml:linkText><maml:uri></maml:uri></maml:navigationLink> cmdlet. 
 For more information about Windows PowerShell® background jobs, see <maml:navigationLink><maml:linkText>about_Jobs</maml:linkText><maml:uri></maml:uri></maml:navigationLink>.</maml:para></maml:description></command:parameter><command:parameter required="false" variableLength="true" globbing="false" pipelineInput="false" position="named" aliases="Session"><maml:name>CimSession</maml:name><maml:description><maml:para>Runs the cmdlet in a remote session or on a remote computer. Enter a computer name or a session object, such as the output of a <maml:navigationLink><maml:linkText>New-CimSession</maml:linkText><maml:uri></maml:uri></maml:navigationLink> or <maml:navigationLink><maml:linkText>Get-CimSession</maml:linkText><maml:uri></maml:uri></maml:navigationLink> cmdlet. The default is the current session on the local computer.</maml:para></maml:description><command:parameterValue required="true" variableLength="true">CimSession[]</command:parameterValue></command:parameter><command:parameter required="false" variableLength="false" globbing="false" pipelineInput="false" position="named" aliases=""><maml:name>GPOSession</maml:name><maml:description><maml:para>Specifies the Group Policy session from which to read client experience configuration information. You can use GPOSession with the NetGPO cmdlets to aggregate multiple operations performed on a Group Policy Object. </maml:para><maml:para>GPOSession cannot be used in conjunction with PolicyStore.</maml:para></maml:description><command:parameterValue required="true" variableLength="false">String</command:parameterValue></command:parameter><command:parameter required="false" variableLength="false" globbing="false" pipelineInput="false" position="named" aliases=""><maml:name>PolicyStore</maml:name><maml:description><maml:para>Specifies the policy store from which the cmdlet reads the client experience configuration information. </maml:para><maml:para>To read the client experience configuration information from a Group Policy Object, specify the GPO name using the following format: "Domain\GPOName"</maml:para><maml:para>To read the client experience configuration information from a computer’s local GPO, specify the computer’s local GPO name in the following format: "GPO:&lt;computername&gt;"</maml:para><maml:para>PolicyStore cannot be used in conjunction with GPOSession.</maml:para><maml:para>The default value for PolicyStore is ActiveStore.</maml:para></maml:description><command:parameterValue required="true" variableLength="false">String</command:parameterValue></command:parameter><command:parameter required="false" variableLength="false" globbing="false" pipelineInput="false" position="named" aliases=""><maml:name>ThrottleLimit</maml:name><maml:description><maml:para>Specifies the maximum number of concurrent operations that can be established to run the cmdlet. If this parameter is omitted or a value of 0 is entered, then Windows PowerShell® calculates an optimum throttle limit for the cmdlet based on the number of CIM cmdlets that are running on the computer. The throttle limit applies only to the current cmdlet, not to the session or to the computer.</maml:para></maml:description><command:parameterValue required="true" variableLength="false">Int32</command:parameterValue></command:parameter></command:syntaxItem></command:syntax><command:parameters><command:parameter required="false" variableLength="false" globbing="false" pipelineInput="false" position="named" aliases=""><maml:name>AsJob</maml:name><maml:description><maml:para>Runs the cmdlet as a background job. Use this parameter to run commands that take a long time to complete. 
 The cmdlet immediately returns an object that represents the job and then displays the command prompt. You can continue to work in the session while the job completes. To manage the job, use the *-Job cmdlets. To get the job results, use the <maml:navigationLink><maml:linkText>Receive-Job</maml:linkText><maml:uri></maml:uri></maml:navigationLink> cmdlet. 
 For more information about Windows PowerShell® background jobs, see <maml:navigationLink><maml:linkText>about_Jobs</maml:linkText><maml:uri></maml:uri></maml:navigationLink>.</maml:para></maml:description><command:parameterValue required="false" variableLength="false">SwitchParameter</command:parameterValue><dev:type><maml:name>SwitchParameter</maml:name><maml:uri /></dev:type><dev:defaultValue></dev:defaultValue></command:parameter><command:parameter required="false" variableLength="true" globbing="false" pipelineInput="false" position="named" aliases="Session"><maml:name>CimSession</maml:name><maml:description><maml:para>Runs the cmdlet in a remote session or on a remote computer. Enter a computer name or a session object, such as the output of a <maml:navigationLink><maml:linkText>New-CimSession</maml:linkText><maml:uri></maml:uri></maml:navigationLink> or <maml:navigationLink><maml:linkText>Get-CimSession</maml:linkText><maml:uri></maml:uri></maml:navigationLink> cmdlet. The default is the current session on the local computer.</maml:para></maml:description><command:parameterValue required="true" variableLength="true">CimSession[]</command:parameterValue><dev:type><maml:name>CimSession[]</maml:name><maml:uri /></dev:type><dev:defaultValue></dev:defaultValue></command:parameter><command:parameter required="false" variableLength="false" globbing="false" pipelineInput="false" position="named" aliases=""><maml:name>GPOSession</maml:name><maml:description><maml:para>Specifies the Group Policy session from which to read client experience configuration information. You can use GPOSession with the NetGPO cmdlets to aggregate multiple operations performed on a Group Policy Object. </maml:para><maml:para>GPOSession cannot be used in conjunction with PolicyStore.</maml:para></maml:description><command:parameterValue required="true" variableLength="false">String</command:parameterValue><dev:type><maml:name>String</maml:name><maml:uri /></dev:type><dev:defaultValue></dev:defaultValue></command:parameter><command:parameter required="false" variableLength="false" globbing="false" pipelineInput="false" position="named" aliases=""><maml:name>PolicyStore</maml:name><maml:description><maml:para>Specifies the policy store from which the cmdlet reads the client experience configuration information. </maml:para><maml:para>To read the client experience configuration information from a Group Policy Object, specify the GPO name using the following format: "Domain\GPOName"</maml:para><maml:para>To read the client experience configuration information from a computer’s local GPO, specify the computer’s local GPO name in the following format: "GPO:&lt;computername&gt;"</maml:para><maml:para>PolicyStore cannot be used in conjunction with GPOSession.</maml:para><maml:para>The default value for PolicyStore is ActiveStore.</maml:para></maml:description><command:parameterValue required="true" variableLength="false">String</command:parameterValue><dev:type><maml:name>String</maml:name><maml:uri /></dev:type><dev:defaultValue></dev:defaultValue></command:parameter><command:parameter required="false" variableLength="false" globbing="false" pipelineInput="false" position="named" aliases=""><maml:name>ThrottleLimit</maml:name><maml:description><maml:para>Specifies the maximum number of concurrent operations that can be established to run the cmdlet. If this parameter is omitted or a value of 0 is entered, then Windows PowerShell® calculates an optimum throttle limit for the cmdlet based on the number of CIM cmdlets that are running on the computer. The throttle limit applies only to the current cmdlet, not to the session or to the computer.</maml:para></maml:description><command:parameterValue required="true" variableLength="false">Int32</command:parameterValue><dev:type><maml:name>Int32</maml:name><maml:uri /></dev:type><dev:defaultValue></dev:defaultValue></command:parameter></command:parameters><command:inputTypes><command:inputType><dev:type><maml:name></maml:name><maml:uri></maml:uri><maml:description><maml:para /></maml:description></dev:type><maml:description><maml:para>This cmdlet has no input objects.</maml:para></maml:description></command:inputType></command:inputTypes><command:returnValues><command:returnValue><dev:type><maml:name>Microsoft.Management.Infrastructure.CimInstance Microsoft.Management.Infrastructure.CimInstance#root/StandardCimv2/MSFT_DAClientExperienceConfiguration </maml:name><maml:uri></maml:uri><maml:description><maml:para /></maml:description></dev:type><maml:description><maml:para>This cmdlet returns a CIM object that contains the DA client experience configuration.</maml:para></maml:description></command:returnValue></command:returnValues><command:terminatingErrors /><command:nonTerminatingErrors /><command:examples><command:example><maml:title>Example: Retrieve the DirectAccess client experience configuration from the active store</maml:title><maml:introduction><maml:para></maml:para></maml:introduction><dev:code>PS C:\&gt; Get-DAClientExperienceConfiguration -PolicyStore ActiveStore

</dev:code><dev:remarks><maml:para>This cmdlet retrieves the DirectAccess client experience configuration from the active policy store.</maml:para></dev:remarks><command:commandLines><command:commandLine><command:commandText /></command:commandLine></command:commandLines></command:example></command:examples><maml:relatedLinks><maml:navigationLink><maml:linkText>Online Version:</maml:linkText><maml:uri>http://go.microsoft.com/fwlink/?linkid=287311</maml:uri></maml:navigationLink><maml:navigationLink><maml:linkText>Reset-DAClientExperienceConfiguration</maml:linkText><maml:uri /></maml:navigationLink><maml:navigationLink><maml:linkText>Set-DAClientExperienceConfiguration</maml:linkText><maml:uri /></maml:navigationLink></maml:relatedLinks></command:command>

<command:command xmlns:maml="http://schemas.microsoft.com/maml/2004/10" xmlns:command="http://schemas.microsoft.com/maml/dev/command/2004/10" xmlns:dev="http://schemas.microsoft.com/maml/dev/2004/10" xmlns:MSHelp="http://msdn.microsoft.com/mshelp"><command:details><command:name>Reset-DAClientExperienceConfiguration</command:name><maml:description><maml:para>Restores the specified DirectAccess client configuration to the defaults.</maml:para></maml:description><maml:copyright><maml:para /></maml:copyright><command:verb>Reset</command:verb><command:noun>DAClientExperienceConfiguration</command:noun><dev:version /></command:details><maml:description><maml:para>Reset-DAClientExperienceConfiguration restores the specified DirectAccess client configuration to the defaults. </maml:para><maml:para>All DAClientExperienceConfiguration cmdlets have an ADMX file which can also configure these settings.</maml:para></maml:description><command:syntax><command:syntaxItem><maml:name>Reset-DAClientExperienceConfiguration</maml:name><command:parameter required="false" variableLength="false" globbing="false" pipelineInput="false" position="named" aliases=""><maml:name>AsJob</maml:name><maml:description><maml:para>Runs the cmdlet as a background job. Use this parameter to run commands that take a long time to complete. 
 The cmdlet immediately returns an object that represents the job and then displays the command prompt. You can continue to work in the session while the job completes. To manage the job, use the *-Job cmdlets. To get the job results, use the <maml:navigationLink><maml:linkText>Receive-Job</maml:linkText><maml:uri></maml:uri></maml:navigationLink> cmdlet. 
 For more information about Windows PowerShell® background jobs, see <maml:navigationLink><maml:linkText>about_Jobs</maml:linkText><maml:uri></maml:uri></maml:navigationLink>.</maml:para></maml:description></command:parameter><command:parameter required="false" variableLength="true" globbing="false" pipelineInput="false" position="named" aliases="Session"><maml:name>CimSession</maml:name><maml:description><maml:para>Runs the cmdlet in a remote session or on a remote computer. Enter a computer name or a session object, such as the output of a <maml:navigationLink><maml:linkText>New-CimSession</maml:linkText><maml:uri></maml:uri></maml:navigationLink> or <maml:navigationLink><maml:linkText>Get-CimSession</maml:linkText><maml:uri></maml:uri></maml:navigationLink> cmdlet. The default is the current session on the local computer.</maml:para></maml:description><command:parameterValue required="true" variableLength="true">CimSession[]</command:parameterValue></command:parameter><command:parameter required="false" variableLength="false" globbing="false" pipelineInput="false" position="named" aliases=""><maml:name>CorporateResources</maml:name><maml:description><maml:para>Resets the CorporateResources property of the specified configuration to a non-configured state.</maml:para></maml:description></command:parameter><command:parameter required="false" variableLength="false" globbing="false" pipelineInput="false" position="named" aliases=""><maml:name>CustomCommands</maml:name><maml:description><maml:para>Reseets the CustomCommands property of the specified configuration to a non-configured state.</maml:para></maml:description></command:parameter><command:parameter required="false" variableLength="false" globbing="false" pipelineInput="false" position="named" aliases=""><maml:name>ForceTunneling</maml:name><maml:description><maml:para>Resets the ForceTunneling property of the specified configuration to a non-configured state.</maml:para></maml:description></command:parameter><command:parameter required="false" variableLength="false" globbing="false" pipelineInput="false" position="named" aliases=""><maml:name>FriendlyName</maml:name><maml:description><maml:para>Resets the FriendlyName property of the specified configuration to a non-configured state.</maml:para></maml:description></command:parameter><command:parameter required="false" variableLength="false" globbing="false" pipelineInput="false" position="named" aliases=""><maml:name>GPOSession</maml:name><maml:description><maml:para>Specifies the Group Policy session to send configuration information. You can use GPOSession with the NetGPO cmdlets to aggregate multiple operations performed on a Group Policy Object. </maml:para><maml:para>GPOSession cannot be used in conjunction with PolicyStore.</maml:para></maml:description><command:parameterValue required="true" variableLength="false">String</command:parameterValue></command:parameter><command:parameter required="false" variableLength="false" globbing="false" pipelineInput="false" position="named" aliases=""><maml:name>GslbFqdn</maml:name><maml:description><maml:para>Resets the GslbFqdn property of the specified configuration to a non-configured state.</maml:para></maml:description></command:parameter><command:parameter required="false" variableLength="false" globbing="false" pipelineInput="false" position="named" aliases=""><maml:name>IPsecTunnelEndpoints</maml:name><maml:description><maml:para>Resets the IPsecTunnelEndpoints property of the specified configuration to a non-configured state.</maml:para></maml:description></command:parameter><command:parameter required="false" variableLength="false" globbing="false" pipelineInput="false" position="named" aliases=""><maml:name>ManualEntryPointSelectionAllowed</maml:name><maml:description><maml:para>Resets the ManualEntryPointSelectionAllowed property of the specified configuration to a non-configured state.</maml:para></maml:description></command:parameter><command:parameter required="false" variableLength="false" globbing="false" pipelineInput="false" position="named" aliases=""><maml:name>PassiveMode</maml:name><maml:description><maml:para>Resets the PassiveMode property of the specified configuration to a non-configured state.</maml:para></maml:description></command:parameter><command:parameter required="false" variableLength="false" globbing="false" pipelineInput="false" position="named" aliases=""><maml:name>PassThru</maml:name><maml:description><maml:para>Sends items from an interactive window down the pipeline as input to other cmdlets. By default, this cmdlet does not generate any output. However, to send items from the interactive window down the pipeline, click to select the items and then click OK. Shift-click and Ctrl-click are supported.</maml:para></maml:description></command:parameter><command:parameter required="false" variableLength="false" globbing="false" pipelineInput="false" position="named" aliases=""><maml:name>PolicyStore</maml:name><maml:description><maml:para>Specifies the policy store into which the cmdlet adds the reset configuration properties.</maml:para><maml:para>To add the reset configuration properties to a Group Policy Object, specify the GPO name using the following format: "Domain\GPOName"</maml:para><maml:para>To add the reset configuration properties to a computer’s local GPO, specify the computer’s local GPO name in the following format: "GPO:&lt;computername&gt;"</maml:para><maml:para>PolicyStore cannot be used in conjunction with GPOSession.</maml:para></maml:description><command:parameterValue required="true" variableLength="false">String</command:parameterValue></command:parameter><command:parameter required="false" variableLength="false" globbing="false" pipelineInput="false" position="named" aliases=""><maml:name>PreferLocalNamesAllowed</maml:name><maml:description><maml:para>Resets the PreferLocalNamesAllowed property of the specified configuration to a non-configured state.</maml:para></maml:description></command:parameter><command:parameter required="false" variableLength="false" globbing="false" pipelineInput="false" position="named" aliases=""><maml:name>SupportEmail</maml:name><maml:description><maml:para>Resets the SupportEmail property of the specified configuration to a non-configured state.</maml:para></maml:description></command:parameter><command:parameter required="false" variableLength="false" globbing="false" pipelineInput="false" position="named" aliases=""><maml:name>ThrottleLimit</maml:name><maml:description><maml:para>Specifies the maximum number of concurrent operations that can be established to run the cmdlet. If this parameter is omitted or a value of 0 is entered, then Windows PowerShell® calculates an optimum throttle limit for the cmdlet based on the number of CIM cmdlets that are running on the computer. The throttle limit applies only to the current cmdlet, not to the session or to the computer.</maml:para></maml:description><command:parameterValue required="true" variableLength="false">Int32</command:parameterValue></command:parameter><command:parameter required="false" variableLength="false" globbing="false" pipelineInput="false" position="named" aliases=""><maml:name>UserInterface</maml:name><maml:description><maml:para>Resets the UserInterface property of the specified configuration to a non-configured state.</maml:para></maml:description></command:parameter><command:parameter required="false" variableLength="true" globbing="false" pipelineInput="false" position="named"><maml:name>Confirm</maml:name><maml:description><maml:para>Prompts you for confirmation before running the cmdlet.</maml:para></maml:description></command:parameter><command:parameter required="false" variableLength="true" globbing="false" pipelineInput="false" position="named"><maml:name>WhatIf</maml:name><maml:description><maml:para>Shows what would happen if the cmdlet runs. The cmdlet is not run.</maml:para></maml:description></command:parameter></command:syntaxItem><command:syntaxItem><maml:name>Reset-DAClientExperienceConfiguration</maml:name><command:parameter required="false" variableLength="false" globbing="false" pipelineInput="false" position="named" aliases=""><maml:name>AsJob</maml:name><maml:description><maml:para>Runs the cmdlet as a background job. Use this parameter to run commands that take a long time to complete. 
 The cmdlet immediately returns an object that represents the job and then displays the command prompt. You can continue to work in the session while the job completes. To manage the job, use the *-Job cmdlets. To get the job results, use the <maml:navigationLink><maml:linkText>Receive-Job</maml:linkText><maml:uri></maml:uri></maml:navigationLink> cmdlet. 
 For more information about Windows PowerShell® background jobs, see <maml:navigationLink><maml:linkText>about_Jobs</maml:linkText><maml:uri></maml:uri></maml:navigationLink>.</maml:para></maml:description></command:parameter><command:parameter required="false" variableLength="true" globbing="false" pipelineInput="false" position="named" aliases="Session"><maml:name>CimSession</maml:name><maml:description><maml:para>Runs the cmdlet in a remote session or on a remote computer. Enter a computer name or a session object, such as the output of a <maml:navigationLink><maml:linkText>New-CimSession</maml:linkText><maml:uri></maml:uri></maml:navigationLink> or <maml:navigationLink><maml:linkText>Get-CimSession</maml:linkText><maml:uri></maml:uri></maml:navigationLink> cmdlet. The default is the current session on the local computer.</maml:para></maml:description><command:parameterValue required="true" variableLength="true">CimSession[]</command:parameterValue></command:parameter><command:parameter required="false" variableLength="false" globbing="false" pipelineInput="false" position="named" aliases=""><maml:name>CorporateResources</maml:name><maml:description><maml:para>Resets the CorporateResources property of the specified configuration to a non-configured state.</maml:para></maml:description></command:parameter><command:parameter required="false" variableLength="false" globbing="false" pipelineInput="false" position="named" aliases=""><maml:name>CustomCommands</maml:name><maml:description><maml:para>Reseets the CustomCommands property of the specified configuration to a non-configured state.</maml:para></maml:description></command:parameter><command:parameter required="false" variableLength="false" globbing="false" pipelineInput="false" position="named" aliases=""><maml:name>ForceTunneling</maml:name><maml:description><maml:para>Resets the ForceTunneling property of the specified configuration to a non-configured state.</maml:para></maml:description></command:parameter><command:parameter required="false" variableLength="false" globbing="false" pipelineInput="false" position="named" aliases=""><maml:name>FriendlyName</maml:name><maml:description><maml:para>Resets the FriendlyName property of the specified configuration to a non-configured state.</maml:para></maml:description></command:parameter><command:parameter required="false" variableLength="false" globbing="false" pipelineInput="false" position="named" aliases=""><maml:name>GslbFqdn</maml:name><maml:description><maml:para>Resets the GslbFqdn property of the specified configuration to a non-configured state.</maml:para></maml:description></command:parameter><command:parameter required="false" variableLength="false" globbing="false" pipelineInput="false" position="named" aliases=""><maml:name>IPsecTunnelEndpoints</maml:name><maml:description><maml:para>Resets the IPsecTunnelEndpoints property of the specified configuration to a non-configured state.</maml:para></maml:description></command:parameter><command:parameter required="false" variableLength="false" globbing="false" pipelineInput="false" position="named" aliases=""><maml:name>ManualEntryPointSelectionAllowed</maml:name><maml:description><maml:para>Resets the ManualEntryPointSelectionAllowed property of the specified configuration to a non-configured state.</maml:para></maml:description></command:parameter><command:parameter required="false" variableLength="false" globbing="false" pipelineInput="false" position="named" aliases=""><maml:name>PassiveMode</maml:name><maml:description><maml:para>Resets the PassiveMode property of the specified configuration to a non-configured state.</maml:para></maml:description></command:parameter><command:parameter required="false" variableLength="false" globbing="false" pipelineInput="false" position="named" aliases=""><maml:name>PassThru</maml:name><maml:description><maml:para>Sends items from an interactive window down the pipeline as input to other cmdlets. By default, this cmdlet does not generate any output. However, to send items from the interactive window down the pipeline, click to select the items and then click OK. Shift-click and Ctrl-click are supported.</maml:para></maml:description></command:parameter><command:parameter required="false" variableLength="false" globbing="false" pipelineInput="false" position="named" aliases=""><maml:name>PreferLocalNamesAllowed</maml:name><maml:description><maml:para>Resets the PreferLocalNamesAllowed property of the specified configuration to a non-configured state.</maml:para></maml:description></command:parameter><command:parameter required="false" variableLength="false" globbing="false" pipelineInput="false" position="named" aliases=""><maml:name>SupportEmail</maml:name><maml:description><maml:para>Resets the SupportEmail property of the specified configuration to a non-configured state.</maml:para></maml:description></command:parameter><command:parameter required="false" variableLength="false" globbing="false" pipelineInput="false" position="named" aliases=""><maml:name>ThrottleLimit</maml:name><maml:description><maml:para>Specifies the maximum number of concurrent operations that can be established to run the cmdlet. If this parameter is omitted or a value of 0 is entered, then Windows PowerShell® calculates an optimum throttle limit for the cmdlet based on the number of CIM cmdlets that are running on the computer. The throttle limit applies only to the current cmdlet, not to the session or to the computer.</maml:para></maml:description><command:parameterValue required="true" variableLength="false">Int32</command:parameterValue></command:parameter><command:parameter required="false" variableLength="false" globbing="false" pipelineInput="false" position="named" aliases=""><maml:name>UserInterface</maml:name><maml:description><maml:para>Resets the UserInterface property of the specified configuration to a non-configured state.</maml:para></maml:description></command:parameter><command:parameter required="true" variableLength="true" globbing="false" pipelineInput="True (ByValue)" position="named" aliases=""><maml:name>InputObject</maml:name><maml:description><maml:para>Specifies the name of the object which contains the configuration to modify.</maml:para></maml:description><command:parameterValue required="true" variableLength="true">CimInstance[]</command:parameterValue></command:parameter><command:parameter required="false" variableLength="true" globbing="false" pipelineInput="false" position="named"><maml:name>Confirm</maml:name><maml:description><maml:para>Prompts you for confirmation before running the cmdlet.</maml:para></maml:description></command:parameter><command:parameter required="false" variableLength="true" globbing="false" pipelineInput="false" position="named"><maml:name>WhatIf</maml:name><maml:description><maml:para>Shows what would happen if the cmdlet runs. The cmdlet is not run.</maml:para></maml:description></command:parameter></command:syntaxItem></command:syntax><command:parameters><command:parameter required="false" variableLength="false" globbing="false" pipelineInput="false" position="named" aliases=""><maml:name>AsJob</maml:name><maml:description><maml:para>Runs the cmdlet as a background job. Use this parameter to run commands that take a long time to complete. 
 The cmdlet immediately returns an object that represents the job and then displays the command prompt. You can continue to work in the session while the job completes. To manage the job, use the *-Job cmdlets. To get the job results, use the <maml:navigationLink><maml:linkText>Receive-Job</maml:linkText><maml:uri></maml:uri></maml:navigationLink> cmdlet. 
 For more information about Windows PowerShell® background jobs, see <maml:navigationLink><maml:linkText>about_Jobs</maml:linkText><maml:uri></maml:uri></maml:navigationLink>.</maml:para></maml:description><command:parameterValue required="false" variableLength="false">SwitchParameter</command:parameterValue><dev:type><maml:name>SwitchParameter</maml:name><maml:uri /></dev:type><dev:defaultValue></dev:defaultValue></command:parameter><command:parameter required="false" variableLength="true" globbing="false" pipelineInput="false" position="named" aliases="Session"><maml:name>CimSession</maml:name><maml:description><maml:para>Runs the cmdlet in a remote session or on a remote computer. Enter a computer name or a session object, such as the output of a <maml:navigationLink><maml:linkText>New-CimSession</maml:linkText><maml:uri></maml:uri></maml:navigationLink> or <maml:navigationLink><maml:linkText>Get-CimSession</maml:linkText><maml:uri></maml:uri></maml:navigationLink> cmdlet. The default is the current session on the local computer.</maml:para></maml:description><command:parameterValue required="true" variableLength="true">CimSession[]</command:parameterValue><dev:type><maml:name>CimSession[]</maml:name><maml:uri /></dev:type><dev:defaultValue></dev:defaultValue></command:parameter><command:parameter required="false" variableLength="false" globbing="false" pipelineInput="false" position="named" aliases=""><maml:name>CorporateResources</maml:name><maml:description><maml:para>Resets the CorporateResources property of the specified configuration to a non-configured state.</maml:para></maml:description><command:parameterValue required="false" variableLength="false">SwitchParameter</command:parameterValue><dev:type><maml:name>SwitchParameter</maml:name><maml:uri /></dev:type><dev:defaultValue></dev:defaultValue></command:parameter><command:parameter required="false" variableLength="false" globbing="false" pipelineInput="false" position="named" aliases=""><maml:name>CustomCommands</maml:name><maml:description><maml:para>Reseets the CustomCommands property of the specified configuration to a non-configured state.</maml:para></maml:description><command:parameterValue required="false" variableLength="false">SwitchParameter</command:parameterValue><dev:type><maml:name>SwitchParameter</maml:name><maml:uri /></dev:type><dev:defaultValue></dev:defaultValue></command:parameter><command:parameter required="false" variableLength="false" globbing="false" pipelineInput="false" position="named" aliases=""><maml:name>ForceTunneling</maml:name><maml:description><maml:para>Resets the ForceTunneling property of the specified configuration to a non-configured state.</maml:para></maml:description><command:parameterValue required="false" variableLength="false">SwitchParameter</command:parameterValue><dev:type><maml:name>SwitchParameter</maml:name><maml:uri /></dev:type><dev:defaultValue></dev:defaultValue></command:parameter><command:parameter required="false" variableLength="false" globbing="false" pipelineInput="false" position="named" aliases=""><maml:name>FriendlyName</maml:name><maml:description><maml:para>Resets the FriendlyName property of the specified configuration to a non-configured state.</maml:para></maml:description><command:parameterValue required="false" variableLength="false">SwitchParameter</command:parameterValue><dev:type><maml:name>SwitchParameter</maml:name><maml:uri /></dev:type><dev:defaultValue></dev:defaultValue></command:parameter><command:parameter required="false" variableLength="false" globbing="false" pipelineInput="false" position="named" aliases=""><maml:name>GPOSession</maml:name><maml:description><maml:para>Specifies the Group Policy session to send configuration information. You can use GPOSession with the NetGPO cmdlets to aggregate multiple operations performed on a Group Policy Object. </maml:para><maml:para>GPOSession cannot be used in conjunction with PolicyStore.</maml:para></maml:description><command:parameterValue required="true" variableLength="false">String</command:parameterValue><dev:type><maml:name>String</maml:name><maml:uri /></dev:type><dev:defaultValue></dev:defaultValue></command:parameter><command:parameter required="false" variableLength="false" globbing="false" pipelineInput="false" position="named" aliases=""><maml:name>GslbFqdn</maml:name><maml:description><maml:para>Resets the GslbFqdn property of the specified configuration to a non-configured state.</maml:para></maml:description><command:parameterValue required="false" variableLength="false">SwitchParameter</command:parameterValue><dev:type><maml:name>SwitchParameter</maml:name><maml:uri /></dev:type><dev:defaultValue></dev:defaultValue></command:parameter><command:parameter required="false" variableLength="false" globbing="false" pipelineInput="false" position="named" aliases=""><maml:name>IPsecTunnelEndpoints</maml:name><maml:description><maml:para>Resets the IPsecTunnelEndpoints property of the specified configuration to a non-configured state.</maml:para></maml:description><command:parameterValue required="false" variableLength="false">SwitchParameter</command:parameterValue><dev:type><maml:name>SwitchParameter</maml:name><maml:uri /></dev:type><dev:defaultValue></dev:defaultValue></command:parameter><command:parameter required="true" variableLength="true" globbing="false" pipelineInput="True (ByValue)" position="named" aliases=""><maml:name>InputObject</maml:name><maml:description><maml:para>Specifies the name of the object which contains the configuration to modify.</maml:para></maml:description><command:parameterValue required="true" variableLength="true">CimInstance[]</command:parameterValue><dev:type><maml:name>CimInstance[]</maml:name><maml:uri /></dev:type><dev:defaultValue></dev:defaultValue></command:parameter><command:parameter required="false" variableLength="false" globbing="false" pipelineInput="false" position="named" aliases=""><maml:name>ManualEntryPointSelectionAllowed</maml:name><maml:description><maml:para>Resets the ManualEntryPointSelectionAllowed property of the specified configuration to a non-configured state.</maml:para></maml:description><command:parameterValue required="false" variableLength="false">SwitchParameter</command:parameterValue><dev:type><maml:name>SwitchParameter</maml:name><maml:uri /></dev:type><dev:defaultValue></dev:defaultValue></command:parameter><command:parameter required="false" variableLength="false" globbing="false" pipelineInput="false" position="named" aliases=""><maml:name>PassThru</maml:name><maml:description><maml:para>Sends items from an interactive window down the pipeline as input to other cmdlets. By default, this cmdlet does not generate any output. However, to send items from the interactive window down the pipeline, click to select the items and then click OK. Shift-click and Ctrl-click are supported.</maml:para></maml:description><command:parameterValue required="false" variableLength="false">SwitchParameter</command:parameterValue><dev:type><maml:name>SwitchParameter</maml:name><maml:uri /></dev:type><dev:defaultValue></dev:defaultValue></command:parameter><command:parameter required="false" variableLength="false" globbing="false" pipelineInput="false" position="named" aliases=""><maml:name>PassiveMode</maml:name><maml:description><maml:para>Resets the PassiveMode property of the specified configuration to a non-configured state.</maml:para></maml:description><command:parameterValue required="false" variableLength="false">SwitchParameter</command:parameterValue><dev:type><maml:name>SwitchParameter</maml:name><maml:uri /></dev:type><dev:defaultValue></dev:defaultValue></command:parameter><command:parameter required="false" variableLength="false" globbing="false" pipelineInput="false" position="named" aliases=""><maml:name>PolicyStore</maml:name><maml:description><maml:para>Specifies the policy store into which the cmdlet adds the reset configuration properties.</maml:para><maml:para>To add the reset configuration properties to a Group Policy Object, specify the GPO name using the following format: "Domain\GPOName"</maml:para><maml:para>To add the reset configuration properties to a computer’s local GPO, specify the computer’s local GPO name in the following format: "GPO:&lt;computername&gt;"</maml:para><maml:para>PolicyStore cannot be used in conjunction with GPOSession.</maml:para></maml:description><command:parameterValue required="true" variableLength="false">String</command:parameterValue><dev:type><maml:name>String</maml:name><maml:uri /></dev:type><dev:defaultValue></dev:defaultValue></command:parameter><command:parameter required="false" variableLength="false" globbing="false" pipelineInput="false" position="named" aliases=""><maml:name>PreferLocalNamesAllowed</maml:name><maml:description><maml:para>Resets the PreferLocalNamesAllowed property of the specified configuration to a non-configured state.</maml:para></maml:description><command:parameterValue required="false" variableLength="false">SwitchParameter</command:parameterValue><dev:type><maml:name>SwitchParameter</maml:name><maml:uri /></dev:type><dev:defaultValue></dev:defaultValue></command:parameter><command:parameter required="false" variableLength="false" globbing="false" pipelineInput="false" position="named" aliases=""><maml:name>SupportEmail</maml:name><maml:description><maml:para>Resets the SupportEmail property of the specified configuration to a non-configured state.</maml:para></maml:description><command:parameterValue required="false" variableLength="false">SwitchParameter</command:parameterValue><dev:type><maml:name>SwitchParameter</maml:name><maml:uri /></dev:type><dev:defaultValue></dev:defaultValue></command:parameter><command:parameter required="false" variableLength="false" globbing="false" pipelineInput="false" position="named" aliases=""><maml:name>ThrottleLimit</maml:name><maml:description><maml:para>Specifies the maximum number of concurrent operations that can be established to run the cmdlet. If this parameter is omitted or a value of 0 is entered, then Windows PowerShell® calculates an optimum throttle limit for the cmdlet based on the number of CIM cmdlets that are running on the computer. The throttle limit applies only to the current cmdlet, not to the session or to the computer.</maml:para></maml:description><command:parameterValue required="true" variableLength="false">Int32</command:parameterValue><dev:type><maml:name>Int32</maml:name><maml:uri /></dev:type><dev:defaultValue></dev:defaultValue></command:parameter><command:parameter required="false" variableLength="false" globbing="false" pipelineInput="false" position="named" aliases=""><maml:name>UserInterface</maml:name><maml:description><maml:para>Resets the UserInterface property of the specified configuration to a non-configured state.</maml:para></maml:description><command:parameterValue required="false" variableLength="false">SwitchParameter</command:parameterValue><dev:type><maml:name>SwitchParameter</maml:name><maml:uri /></dev:type><dev:defaultValue></dev:defaultValue></command:parameter><command:parameter required="false" variableLength="true" globbing="false" pipelineInput="false" position="named"><maml:name>Confirm</maml:name><maml:description><maml:para>Prompts you for confirmation before running the cmdlet.</maml:para></maml:description><command:parameterValue required="false" variableLength="false">SwitchParameter</command:parameterValue><dev:type><maml:name>SwitchParameter</maml:name><maml:uri /></dev:type><dev:defaultValue>false</dev:defaultValue></command:parameter><command:parameter required="false" variableLength="true" globbing="false" pipelineInput="false" position="named"><maml:name>WhatIf</maml:name><maml:description><maml:para>Shows what would happen if the cmdlet runs. The cmdlet is not run.</maml:para></maml:description><command:parameterValue required="false" variableLength="false">SwitchParameter</command:parameterValue><dev:type><maml:name>SwitchParameter</maml:name><maml:uri /></dev:type><dev:defaultValue>false</dev:defaultValue></command:parameter></command:parameters><command:inputTypes><command:inputType><dev:type><maml:name>Microsoft.Management.Infrastructure.CimInstance#root/StandardCimv2/MSFT_DAClientExperianceConfiguration</maml:name><maml:uri></maml:uri><maml:description><maml:para /></maml:description></dev:type><maml:description><maml:para>This cmdlet accepts as input a CIM object that contains a DA client experience configuration.</maml:para></maml:description></command:inputType></command:inputTypes><command:returnValues><command:returnValue><dev:type><maml:name></maml:name><maml:uri></maml:uri><maml:description><maml:para /></maml:description></dev:type><maml:description><maml:para>This cmdlet produces no output.</maml:para></maml:description></command:returnValue></command:returnValues><command:terminatingErrors /><command:nonTerminatingErrors /><command:examples><command:example><maml:title>Example: Reset the friendly name of a client experience configuration</maml:title><maml:introduction><maml:para></maml:para></maml:introduction><dev:code>PS C:\&gt;Reset-DAClientExperienceConfiguration –PolicyStore “Contoso\GPO1” –FriendlyName “Traveling Policy”
</dev:code><dev:remarks><maml:para>This cmdlet resets the friendly name of a client experience configuration.</maml:para></dev:remarks><command:commandLines><command:commandLine><command:commandText /></command:commandLine></command:commandLines></command:example></command:examples><maml:relatedLinks><maml:navigationLink><maml:linkText>Online Version:</maml:linkText><maml:uri>http://go.microsoft.com/fwlink/?linkid=287316</maml:uri></maml:navigationLink><maml:navigationLink><maml:linkText>Get-DAClientExperienceConfiguration</maml:linkText><maml:uri /></maml:navigationLink><maml:navigationLink><maml:linkText>Set-DAClientExperienceConfiguration</maml:linkText><maml:uri /></maml:navigationLink></maml:relatedLinks></command:command>

<command:command xmlns:maml="http://schemas.microsoft.com/maml/2004/10" xmlns:command="http://schemas.microsoft.com/maml/dev/command/2004/10" xmlns:dev="http://schemas.microsoft.com/maml/dev/2004/10" xmlns:MSHelp="http://msdn.microsoft.com/mshelp"><command:details><command:name>Set-DAClientExperienceConfiguration</command:name><maml:description><maml:para>Modifies the configuration of the specified DirectAccess client user experience. </maml:para></maml:description><maml:copyright><maml:para /></maml:copyright><command:verb>Set</command:verb><command:noun>DAClientExperienceConfiguration</command:noun><dev:version /></command:details><maml:description><maml:para>Set-DAClientExperienceConfiguration modifies the specified configuration properties of the DirectAccess client user experience. The DirectAccess client configuration controls the user interface behavior, as well as what configuration options are available to the user.</maml:para><maml:para>This cmdlet can be used to change configuration properties stored in Group Policy Objects.</maml:para></maml:description><command:syntax><command:syntaxItem><maml:name>Set-DAClientExperienceConfiguration</maml:name><command:parameter required="false" variableLength="false" globbing="false" pipelineInput="false" position="10" aliases=""><maml:name>ForceTunneling</maml:name><maml:description><maml:para>Configures the force tunneling setting on a DirectAccess client computer. Valid values for ForceTunneling are “Enabled” or “Disabled”. By default, force tunneling is disabled. </maml:para></maml:description><command:parameterValue required="true" variableLength="false">ForceTunneling</command:parameterValue></command:parameter><command:parameter required="false" variableLength="true" globbing="false" pipelineInput="false" position="11" aliases=""><maml:name>CustomCommands</maml:name><maml:description><maml:para>Configures any custom commands required by the administrator. The custom commands are incorporated into the logs that are generated when there are problems. Commands run in an elevated Windows PowerShell console sequentially.</maml:para><maml:para>Each item in the string array must be an individual command.</maml:para></maml:description><command:parameterValue required="true" variableLength="true">String[]</command:parameterValue></command:parameter><command:parameter required="false" variableLength="false" globbing="false" pipelineInput="false" position="12" aliases=""><maml:name>PassiveMode</maml:name><maml:description><maml:para>Controls the passive mode setting on DirectAccess client computers. In order to report DirectAccess status to the user, DirectAccess performs a set of tests frequently. When PassiveMode is set to True, those tests happen much less frequently. However, enabling passive mode makes the client experience less responsive.</maml:para><maml:para>Valid values for PassiveMode are “True” or “False”. By default, PassiveMode is set to False, which is the recommended setting.</maml:para></maml:description><command:parameterValue required="true" variableLength="false">Boolean</command:parameterValue></command:parameter><command:parameter required="false" variableLength="true" globbing="false" pipelineInput="false" position="2" aliases=""><maml:name>CorporateResources</maml:name><maml:description><maml:para>Configures the connectivity tests that DirectAccess client computers use to determine connectivity. Enter the values for this parameter in the form of a string array, with each entry surrounded by double quotes (“ “) and separated by commas. Use the following formats for each test type: 
</maml:para><maml:para>HTTP test: "HTTP:http://computername"

File test: "FILE:\\fileserver\"

Ping test: "PING:testURL”
</maml:para></maml:description><command:parameterValue required="true" variableLength="true">String[]</command:parameterValue></command:parameter><command:parameter required="false" variableLength="true" globbing="false" pipelineInput="false" position="3" aliases=""><maml:name>IPsecTunnelEndpoints</maml:name><maml:description><maml:para>Configures the IPsec tunnel endpoints to use for DirectAccess. Client computers use this information to verify the availability of the DirectAccess servers and present that information to the user.</maml:para><maml:para>Specify the values for IPsecTunnelEndpoints in double quotes (“ “), separated by commas, in the following format:</maml:para><maml:para>"Ping: ipaddress"</maml:para></maml:description><command:parameterValue required="true" variableLength="true">String[]</command:parameterValue></command:parameter><command:parameter required="false" variableLength="false" globbing="false" pipelineInput="false" position="4" aliases=""><maml:name>PreferLocalNamesAllowed</maml:name><maml:description><maml:para>Controls if users can disconnect DirectAccess. Disconnecting DirectAccess temporarily deactivates the name resolution policy table. </maml:para><maml:para>Valid values for PreferLocalNamesAllowed are “True” or “False”. If set to True, users can disconnect DirectAccess.  The default value is False.
</maml:para></maml:description><command:parameterValue required="true" variableLength="false">Boolean</command:parameterValue></command:parameter><command:parameter required="false" variableLength="false" globbing="false" pipelineInput="false" position="5" aliases=""><maml:name>UserInterface</maml:name><maml:description><maml:para>Enables or disables the user interface for DirectAccess on the client computers that receive the policy. </maml:para><maml:para>Valid values for UserInterface are “True” or “False”. Setting UserInterface to False, removes the user interface. By default, UserInterface is set to True.</maml:para></maml:description><command:parameterValue required="true" variableLength="false">Boolean</command:parameterValue></command:parameter><command:parameter required="false" variableLength="false" globbing="false" pipelineInput="false" position="6" aliases=""><maml:name>SupportEmail</maml:name><maml:description><maml:para>Configures the email address displayed in the user interface for users to send logs and requests for assistance. SupportEmail must be configured for logging to work. </maml:para><maml:para>Specify SupportEmail in the format of a valid email address. </maml:para></maml:description><command:parameterValue required="true" variableLength="false">String</command:parameterValue></command:parameter><command:parameter required="false" variableLength="false" globbing="false" pipelineInput="false" position="7" aliases=""><maml:name>FriendlyName</maml:name><maml:description><maml:para>Specifies the name of the DirectAccess deployment to be shown in the client computer user interface. It is recommended that the name be 15 characters or less. </maml:para></maml:description><command:parameterValue required="true" variableLength="false">String</command:parameterValue></command:parameter><command:parameter required="false" variableLength="false" globbing="false" pipelineInput="false" position="8" aliases=""><maml:name>ManualEntryPointSelectionAllowed</maml:name><maml:description><maml:para>Specifies if the user of a client computer can change the site used for DirectAccess connectivity. If ManualEntryPointSelectionAllowed is set to True, then users can change the entry point configuration in the user interface. If ManualEntryPointSelectionAllowed is set to False, then users cannot change the entry point configuration in the user interface. By default, ManualEntryPointSelectionAllowed is set to True. </maml:para></maml:description><command:parameterValue required="true" variableLength="false">Boolean</command:parameterValue></command:parameter><command:parameter required="false" variableLength="false" globbing="false" pipelineInput="false" position="9" aliases=""><maml:name>GslbFqdn</maml:name><maml:description><maml:para>Specifies the fully-qualified domain name (FQDN) used for DirectAccess multisite client computers. The client computer resolves the FQDN to an IP address, and compares the IP address to the list of entry points. Client computers use the matching entry point for connectivity.</maml:para><maml:para>Specify the value for GslbFqdn in double quotes (“ “).</maml:para></maml:description><command:parameterValue required="true" variableLength="false">String</command:parameterValue></command:parameter><command:parameter required="false" variableLength="false" globbing="false" pipelineInput="false" position="named" aliases=""><maml:name>AsJob</maml:name><maml:description><maml:para>Runs the cmdlet as a background job. Use this parameter to run commands that take a long time to complete. 
 The cmdlet immediately returns an object that represents the job and then displays the command prompt. You can continue to work in the session while the job completes. To manage the job, use the *-Job cmdlets. To get the job results, use the <maml:navigationLink><maml:linkText>Receive-Job</maml:linkText><maml:uri></maml:uri></maml:navigationLink> cmdlet. 
 For more information about Windows PowerShell® background jobs, see <maml:navigationLink><maml:linkText>about_Jobs</maml:linkText><maml:uri></maml:uri></maml:navigationLink>.</maml:para></maml:description></command:parameter><command:parameter required="false" variableLength="true" globbing="false" pipelineInput="false" position="named" aliases="Session"><maml:name>CimSession</maml:name><maml:description><maml:para>Runs the cmdlet in a remote session or on a remote computer. Enter a computer name or a session object, such as the output of a <maml:navigationLink><maml:linkText>New-CimSession</maml:linkText><maml:uri></maml:uri></maml:navigationLink> or <maml:navigationLink><maml:linkText>Get-CimSession</maml:linkText><maml:uri></maml:uri></maml:navigationLink> cmdlet. The default is the current session on the local computer.</maml:para></maml:description><command:parameterValue required="true" variableLength="true">CimSession[]</command:parameterValue></command:parameter><command:parameter required="false" variableLength="false" globbing="false" pipelineInput="false" position="named" aliases=""><maml:name>GPOSession</maml:name><maml:description><maml:para>Specifies the Group Policy session to send configuration information. You can use GPOSession with the NetGPO cmdlets to aggregate multiple operations performed on a Group Policy Object. </maml:para><maml:para>GPOSession cannot be used in conjunction with PolicyStore.</maml:para></maml:description><command:parameterValue required="true" variableLength="false">String</command:parameterValue></command:parameter><command:parameter required="false" variableLength="false" globbing="false" pipelineInput="false" position="named" aliases=""><maml:name>PassThru</maml:name><maml:description><maml:para>Sends items from an interactive window down the pipeline as input to other cmdlets. By default, this cmdlet does not generate any output. However, to send items from the interactive window down the pipeline, click to select the items and then click OK. Shift-click and Ctrl-click are supported.</maml:para></maml:description></command:parameter><command:parameter required="false" variableLength="false" globbing="false" pipelineInput="false" position="named" aliases=""><maml:name>PolicyStore</maml:name><maml:description><maml:para>Specifies the policy store into which the cmdlet stores the configuration information. </maml:para><maml:para>To store the configuration information in a Group Policy Object, specify the GPO name using the following format: "Domain\GPOName"</maml:para><maml:para>To store the configuration information in a computer’s local GPO, specify the computer’s local GPO name in the following format: "GPO:&lt;computername&gt;"</maml:para><maml:para>PolicyStore cannot be used in conjunction with GPOSession.</maml:para></maml:description><command:parameterValue required="true" variableLength="false">String</command:parameterValue></command:parameter><command:parameter required="false" variableLength="false" globbing="false" pipelineInput="false" position="named" aliases=""><maml:name>ThrottleLimit</maml:name><maml:description><maml:para>Specifies the maximum number of concurrent operations that can be established to run the cmdlet. If this parameter is omitted or a value of 0 is entered, then Windows PowerShell® calculates an optimum throttle limit for the cmdlet based on the number of CIM cmdlets that are running on the computer. The throttle limit applies only to the current cmdlet, not to the session or to the computer.</maml:para></maml:description><command:parameterValue required="true" variableLength="false">Int32</command:parameterValue></command:parameter><command:parameter required="false" variableLength="true" globbing="false" pipelineInput="false" position="named"><maml:name>Confirm</maml:name><maml:description><maml:para>Prompts you for confirmation before running the cmdlet.</maml:para></maml:description></command:parameter><command:parameter required="false" variableLength="true" globbing="false" pipelineInput="false" position="named"><maml:name>WhatIf</maml:name><maml:description><maml:para>Shows what would happen if the cmdlet runs. The cmdlet is not run.</maml:para></maml:description></command:parameter></command:syntaxItem><command:syntaxItem><maml:name>Set-DAClientExperienceConfiguration</maml:name><command:parameter required="false" variableLength="false" globbing="false" pipelineInput="false" position="10" aliases=""><maml:name>ForceTunneling</maml:name><maml:description><maml:para>Configures the force tunneling setting on a DirectAccess client computer. Valid values for ForceTunneling are “Enabled” or “Disabled”. By default, force tunneling is disabled. </maml:para></maml:description><command:parameterValue required="true" variableLength="false">ForceTunneling</command:parameterValue></command:parameter><command:parameter required="false" variableLength="true" globbing="false" pipelineInput="false" position="11" aliases=""><maml:name>CustomCommands</maml:name><maml:description><maml:para>Configures any custom commands required by the administrator. The custom commands are incorporated into the logs that are generated when there are problems. Commands run in an elevated Windows PowerShell console sequentially.</maml:para><maml:para>Each item in the string array must be an individual command.</maml:para></maml:description><command:parameterValue required="true" variableLength="true">String[]</command:parameterValue></command:parameter><command:parameter required="false" variableLength="false" globbing="false" pipelineInput="false" position="12" aliases=""><maml:name>PassiveMode</maml:name><maml:description><maml:para>Controls the passive mode setting on DirectAccess client computers. In order to report DirectAccess status to the user, DirectAccess performs a set of tests frequently. When PassiveMode is set to True, those tests happen much less frequently. However, enabling passive mode makes the client experience less responsive.</maml:para><maml:para>Valid values for PassiveMode are “True” or “False”. By default, PassiveMode is set to False, which is the recommended setting.</maml:para></maml:description><command:parameterValue required="true" variableLength="false">Boolean</command:parameterValue></command:parameter><command:parameter required="false" variableLength="true" globbing="false" pipelineInput="false" position="2" aliases=""><maml:name>CorporateResources</maml:name><maml:description><maml:para>Configures the connectivity tests that DirectAccess client computers use to determine connectivity. Enter the values for this parameter in the form of a string array, with each entry surrounded by double quotes (“ “) and separated by commas. Use the following formats for each test type: 
</maml:para><maml:para>HTTP test: "HTTP:http://computername"

File test: "FILE:\\fileserver\"

Ping test: "PING:testURL”
</maml:para></maml:description><command:parameterValue required="true" variableLength="true">String[]</command:parameterValue></command:parameter><command:parameter required="false" variableLength="true" globbing="false" pipelineInput="false" position="3" aliases=""><maml:name>IPsecTunnelEndpoints</maml:name><maml:description><maml:para>Configures the IPsec tunnel endpoints to use for DirectAccess. Client computers use this information to verify the availability of the DirectAccess servers and present that information to the user.</maml:para><maml:para>Specify the values for IPsecTunnelEndpoints in double quotes (“ “), separated by commas, in the following format:</maml:para><maml:para>"Ping: ipaddress"</maml:para></maml:description><command:parameterValue required="true" variableLength="true">String[]</command:parameterValue></command:parameter><command:parameter required="false" variableLength="false" globbing="false" pipelineInput="false" position="4" aliases=""><maml:name>PreferLocalNamesAllowed</maml:name><maml:description><maml:para>Controls if users can disconnect DirectAccess. Disconnecting DirectAccess temporarily deactivates the name resolution policy table. </maml:para><maml:para>Valid values for PreferLocalNamesAllowed are “True” or “False”. If set to True, users can disconnect DirectAccess.  The default value is False.
</maml:para></maml:description><command:parameterValue required="true" variableLength="false">Boolean</command:parameterValue></command:parameter><command:parameter required="false" variableLength="false" globbing="false" pipelineInput="false" position="5" aliases=""><maml:name>UserInterface</maml:name><maml:description><maml:para>Enables or disables the user interface for DirectAccess on the client computers that receive the policy. </maml:para><maml:para>Valid values for UserInterface are “True” or “False”. Setting UserInterface to False, removes the user interface. By default, UserInterface is set to True.</maml:para></maml:description><command:parameterValue required="true" variableLength="false">Boolean</command:parameterValue></command:parameter><command:parameter required="false" variableLength="false" globbing="false" pipelineInput="false" position="6" aliases=""><maml:name>SupportEmail</maml:name><maml:description><maml:para>Configures the email address displayed in the user interface for users to send logs and requests for assistance. SupportEmail must be configured for logging to work. </maml:para><maml:para>Specify SupportEmail in the format of a valid email address. </maml:para></maml:description><command:parameterValue required="true" variableLength="false">String</command:parameterValue></command:parameter><command:parameter required="false" variableLength="false" globbing="false" pipelineInput="false" position="7" aliases=""><maml:name>FriendlyName</maml:name><maml:description><maml:para>Specifies the name of the DirectAccess deployment to be shown in the client computer user interface. It is recommended that the name be 15 characters or less. </maml:para></maml:description><command:parameterValue required="true" variableLength="false">String</command:parameterValue></command:parameter><command:parameter required="false" variableLength="false" globbing="false" pipelineInput="false" position="8" aliases=""><maml:name>ManualEntryPointSelectionAllowed</maml:name><maml:description><maml:para>Specifies if the user of a client computer can change the site used for DirectAccess connectivity. If ManualEntryPointSelectionAllowed is set to True, then users can change the entry point configuration in the user interface. If ManualEntryPointSelectionAllowed is set to False, then users cannot change the entry point configuration in the user interface. By default, ManualEntryPointSelectionAllowed is set to True. </maml:para></maml:description><command:parameterValue required="true" variableLength="false">Boolean</command:parameterValue></command:parameter><command:parameter required="false" variableLength="false" globbing="false" pipelineInput="false" position="9" aliases=""><maml:name>GslbFqdn</maml:name><maml:description><maml:para>Specifies the fully-qualified domain name (FQDN) used for DirectAccess multisite client computers. The client computer resolves the FQDN to an IP address, and compares the IP address to the list of entry points. Client computers use the matching entry point for connectivity.</maml:para><maml:para>Specify the value for GslbFqdn in double quotes (“ “).</maml:para></maml:description><command:parameterValue required="true" variableLength="false">String</command:parameterValue></command:parameter><command:parameter required="false" variableLength="false" globbing="false" pipelineInput="false" position="named" aliases=""><maml:name>AsJob</maml:name><maml:description><maml:para>Runs the cmdlet as a background job. Use this parameter to run commands that take a long time to complete. 
 The cmdlet immediately returns an object that represents the job and then displays the command prompt. You can continue to work in the session while the job completes. To manage the job, use the *-Job cmdlets. To get the job results, use the <maml:navigationLink><maml:linkText>Receive-Job</maml:linkText><maml:uri></maml:uri></maml:navigationLink> cmdlet. 
 For more information about Windows PowerShell® background jobs, see <maml:navigationLink><maml:linkText>about_Jobs</maml:linkText><maml:uri></maml:uri></maml:navigationLink>.</maml:para></maml:description></command:parameter><command:parameter required="false" variableLength="true" globbing="false" pipelineInput="false" position="named" aliases="Session"><maml:name>CimSession</maml:name><maml:description><maml:para>Runs the cmdlet in a remote session or on a remote computer. Enter a computer name or a session object, such as the output of a <maml:navigationLink><maml:linkText>New-CimSession</maml:linkText><maml:uri></maml:uri></maml:navigationLink> or <maml:navigationLink><maml:linkText>Get-CimSession</maml:linkText><maml:uri></maml:uri></maml:navigationLink> cmdlet. The default is the current session on the local computer.</maml:para></maml:description><command:parameterValue required="true" variableLength="true">CimSession[]</command:parameterValue></command:parameter><command:parameter required="false" variableLength="false" globbing="false" pipelineInput="false" position="named" aliases=""><maml:name>PassThru</maml:name><maml:description><maml:para>Sends items from an interactive window down the pipeline as input to other cmdlets. By default, this cmdlet does not generate any output. However, to send items from the interactive window down the pipeline, click to select the items and then click OK. Shift-click and Ctrl-click are supported.</maml:para></maml:description></command:parameter><command:parameter required="false" variableLength="false" globbing="false" pipelineInput="false" position="named" aliases=""><maml:name>ThrottleLimit</maml:name><maml:description><maml:para>Specifies the maximum number of concurrent operations that can be established to run the cmdlet. If this parameter is omitted or a value of 0 is entered, then Windows PowerShell® calculates an optimum throttle limit for the cmdlet based on the number of CIM cmdlets that are running on the computer. The throttle limit applies only to the current cmdlet, not to the session or to the computer.</maml:para></maml:description><command:parameterValue required="true" variableLength="false">Int32</command:parameterValue></command:parameter><command:parameter required="true" variableLength="true" globbing="false" pipelineInput="True (ByValue)" position="named" aliases=""><maml:name>InputObject</maml:name><maml:description><maml:para>Specifies the name of the object which contains the client experience configuration information to modify.</maml:para></maml:description><command:parameterValue required="true" variableLength="true">CimInstance[]</command:parameterValue></command:parameter><command:parameter required="false" variableLength="true" globbing="false" pipelineInput="false" position="named"><maml:name>Confirm</maml:name><maml:description><maml:para>Prompts you for confirmation before running the cmdlet.</maml:para></maml:description></command:parameter><command:parameter required="false" variableLength="true" globbing="false" pipelineInput="false" position="named"><maml:name>WhatIf</maml:name><maml:description><maml:para>Shows what would happen if the cmdlet runs. The cmdlet is not run.</maml:para></maml:description></command:parameter></command:syntaxItem></command:syntax><command:parameters><command:parameter required="false" variableLength="false" globbing="false" pipelineInput="false" position="named" aliases=""><maml:name>AsJob</maml:name><maml:description><maml:para>Runs the cmdlet as a background job. Use this parameter to run commands that take a long time to complete. 
 The cmdlet immediately returns an object that represents the job and then displays the command prompt. You can continue to work in the session while the job completes. To manage the job, use the *-Job cmdlets. To get the job results, use the <maml:navigationLink><maml:linkText>Receive-Job</maml:linkText><maml:uri></maml:uri></maml:navigationLink> cmdlet. 
 For more information about Windows PowerShell® background jobs, see <maml:navigationLink><maml:linkText>about_Jobs</maml:linkText><maml:uri></maml:uri></maml:navigationLink>.</maml:para></maml:description><command:parameterValue required="false" variableLength="false">SwitchParameter</command:parameterValue><dev:type><maml:name>SwitchParameter</maml:name><maml:uri /></dev:type><dev:defaultValue></dev:defaultValue></command:parameter><command:parameter required="false" variableLength="true" globbing="false" pipelineInput="false" position="named" aliases="Session"><maml:name>CimSession</maml:name><maml:description><maml:para>Runs the cmdlet in a remote session or on a remote computer. Enter a computer name or a session object, such as the output of a <maml:navigationLink><maml:linkText>New-CimSession</maml:linkText><maml:uri></maml:uri></maml:navigationLink> or <maml:navigationLink><maml:linkText>Get-CimSession</maml:linkText><maml:uri></maml:uri></maml:navigationLink> cmdlet. The default is the current session on the local computer.</maml:para></maml:description><command:parameterValue required="true" variableLength="true">CimSession[]</command:parameterValue><dev:type><maml:name>CimSession[]</maml:name><maml:uri /></dev:type><dev:defaultValue></dev:defaultValue></command:parameter><command:parameter required="false" variableLength="true" globbing="false" pipelineInput="false" position="2" aliases=""><maml:name>CorporateResources</maml:name><maml:description><maml:para>Configures the connectivity tests that DirectAccess client computers use to determine connectivity. Enter the values for this parameter in the form of a string array, with each entry surrounded by double quotes (“ “) and separated by commas. Use the following formats for each test type: 
</maml:para><maml:para>HTTP test: "HTTP:http://computername"

File test: "FILE:\\fileserver\"

Ping test: "PING:testURL”
</maml:para></maml:description><command:parameterValue required="true" variableLength="true">String[]</command:parameterValue><dev:type><maml:name>String[]</maml:name><maml:uri /></dev:type><dev:defaultValue></dev:defaultValue></command:parameter><command:parameter required="false" variableLength="true" globbing="false" pipelineInput="false" position="11" aliases=""><maml:name>CustomCommands</maml:name><maml:description><maml:para>Configures any custom commands required by the administrator. The custom commands are incorporated into the logs that are generated when there are problems. Commands run in an elevated Windows PowerShell console sequentially.</maml:para><maml:para>Each item in the string array must be an individual command.</maml:para></maml:description><command:parameterValue required="true" variableLength="true">String[]</command:parameterValue><dev:type><maml:name>String[]</maml:name><maml:uri /></dev:type><dev:defaultValue></dev:defaultValue></command:parameter><command:parameter required="false" variableLength="false" globbing="false" pipelineInput="false" position="10" aliases=""><maml:name>ForceTunneling</maml:name><maml:description><maml:para>Configures the force tunneling setting on a DirectAccess client computer. Valid values for ForceTunneling are “Enabled” or “Disabled”. By default, force tunneling is disabled. </maml:para></maml:description><command:parameterValue required="true" variableLength="false">ForceTunneling</command:parameterValue><dev:type><maml:name>ForceTunneling</maml:name><maml:uri /></dev:type><dev:defaultValue></dev:defaultValue></command:parameter><command:parameter required="false" variableLength="false" globbing="false" pipelineInput="false" position="7" aliases=""><maml:name>FriendlyName</maml:name><maml:description><maml:para>Specifies the name of the DirectAccess deployment to be shown in the client computer user interface. It is recommended that the name be 15 characters or less. </maml:para></maml:description><command:parameterValue required="true" variableLength="false">String</command:parameterValue><dev:type><maml:name>String</maml:name><maml:uri /></dev:type><dev:defaultValue></dev:defaultValue></command:parameter><command:parameter required="false" variableLength="false" globbing="false" pipelineInput="false" position="named" aliases=""><maml:name>GPOSession</maml:name><maml:description><maml:para>Specifies the Group Policy session to send configuration information. You can use GPOSession with the NetGPO cmdlets to aggregate multiple operations performed on a Group Policy Object. </maml:para><maml:para>GPOSession cannot be used in conjunction with PolicyStore.</maml:para></maml:description><command:parameterValue required="true" variableLength="false">String</command:parameterValue><dev:type><maml:name>String</maml:name><maml:uri /></dev:type><dev:defaultValue></dev:defaultValue></command:parameter><command:parameter required="false" variableLength="false" globbing="false" pipelineInput="false" position="9" aliases=""><maml:name>GslbFqdn</maml:name><maml:description><maml:para>Specifies the fully-qualified domain name (FQDN) used for DirectAccess multisite client computers. The client computer resolves the FQDN to an IP address, and compares the IP address to the list of entry points. Client computers use the matching entry point for connectivity.</maml:para><maml:para>Specify the value for GslbFqdn in double quotes (“ “).</maml:para></maml:description><command:parameterValue required="true" variableLength="false">String</command:parameterValue><dev:type><maml:name>String</maml:name><maml:uri /></dev:type><dev:defaultValue></dev:defaultValue></command:parameter><command:parameter required="false" variableLength="true" globbing="false" pipelineInput="false" position="3" aliases=""><maml:name>IPsecTunnelEndpoints</maml:name><maml:description><maml:para>Configures the IPsec tunnel endpoints to use for DirectAccess. Client computers use this information to verify the availability of the DirectAccess servers and present that information to the user.</maml:para><maml:para>Specify the values for IPsecTunnelEndpoints in double quotes (“ “), separated by commas, in the following format:</maml:para><maml:para>"Ping: ipaddress"</maml:para></maml:description><command:parameterValue required="true" variableLength="true">String[]</command:parameterValue><dev:type><maml:name>String[]</maml:name><maml:uri /></dev:type><dev:defaultValue></dev:defaultValue></command:parameter><command:parameter required="true" variableLength="true" globbing="false" pipelineInput="True (ByValue)" position="named" aliases=""><maml:name>InputObject</maml:name><maml:description><maml:para>Specifies the name of the object which contains the client experience configuration information to modify.</maml:para></maml:description><command:parameterValue required="true" variableLength="true">CimInstance[]</command:parameterValue><dev:type><maml:name>CimInstance[]</maml:name><maml:uri /></dev:type><dev:defaultValue></dev:defaultValue></command:parameter><command:parameter required="false" variableLength="false" globbing="false" pipelineInput="false" position="8" aliases=""><maml:name>ManualEntryPointSelectionAllowed</maml:name><maml:description><maml:para>Specifies if the user of a client computer can change the site used for DirectAccess connectivity. If ManualEntryPointSelectionAllowed is set to True, then users can change the entry point configuration in the user interface. If ManualEntryPointSelectionAllowed is set to False, then users cannot change the entry point configuration in the user interface. By default, ManualEntryPointSelectionAllowed is set to True. </maml:para></maml:description><command:parameterValue required="true" variableLength="false">Boolean</command:parameterValue><dev:type><maml:name>Boolean</maml:name><maml:uri /></dev:type><dev:defaultValue></dev:defaultValue></command:parameter><command:parameter required="false" variableLength="false" globbing="false" pipelineInput="false" position="named" aliases=""><maml:name>PassThru</maml:name><maml:description><maml:para>Sends items from an interactive window down the pipeline as input to other cmdlets. By default, this cmdlet does not generate any output. However, to send items from the interactive window down the pipeline, click to select the items and then click OK. Shift-click and Ctrl-click are supported.</maml:para></maml:description><command:parameterValue required="false" variableLength="false">SwitchParameter</command:parameterValue><dev:type><maml:name>SwitchParameter</maml:name><maml:uri /></dev:type><dev:defaultValue></dev:defaultValue></command:parameter><command:parameter required="false" variableLength="false" globbing="false" pipelineInput="false" position="12" aliases=""><maml:name>PassiveMode</maml:name><maml:description><maml:para>Controls the passive mode setting on DirectAccess client computers. In order to report DirectAccess status to the user, DirectAccess performs a set of tests frequently. When PassiveMode is set to True, those tests happen much less frequently. However, enabling passive mode makes the client experience less responsive.</maml:para><maml:para>Valid values for PassiveMode are “True” or “False”. By default, PassiveMode is set to False, which is the recommended setting.</maml:para></maml:description><command:parameterValue required="true" variableLength="false">Boolean</command:parameterValue><dev:type><maml:name>Boolean</maml:name><maml:uri /></dev:type><dev:defaultValue></dev:defaultValue></command:parameter><command:parameter required="false" variableLength="false" globbing="false" pipelineInput="false" position="named" aliases=""><maml:name>PolicyStore</maml:name><maml:description><maml:para>Specifies the policy store into which the cmdlet stores the configuration information. </maml:para><maml:para>To store the configuration information in a Group Policy Object, specify the GPO name using the following format: "Domain\GPOName"</maml:para><maml:para>To store the configuration information in a computer’s local GPO, specify the computer’s local GPO name in the following format: "GPO:&lt;computername&gt;"</maml:para><maml:para>PolicyStore cannot be used in conjunction with GPOSession.</maml:para></maml:description><command:parameterValue required="true" variableLength="false">String</command:parameterValue><dev:type><maml:name>String</maml:name><maml:uri /></dev:type><dev:defaultValue></dev:defaultValue></command:parameter><command:parameter required="false" variableLength="false" globbing="false" pipelineInput="false" position="4" aliases=""><maml:name>PreferLocalNamesAllowed</maml:name><maml:description><maml:para>Controls if users can disconnect DirectAccess. Disconnecting DirectAccess temporarily deactivates the name resolution policy table. </maml:para><maml:para>Valid values for PreferLocalNamesAllowed are “True” or “False”. If set to True, users can disconnect DirectAccess.  The default value is False.
</maml:para></maml:description><command:parameterValue required="true" variableLength="false">Boolean</command:parameterValue><dev:type><maml:name>Boolean</maml:name><maml:uri /></dev:type><dev:defaultValue></dev:defaultValue></command:parameter><command:parameter required="false" variableLength="false" globbing="false" pipelineInput="false" position="6" aliases=""><maml:name>SupportEmail</maml:name><maml:description><maml:para>Configures the email address displayed in the user interface for users to send logs and requests for assistance. SupportEmail must be configured for logging to work. </maml:para><maml:para>Specify SupportEmail in the format of a valid email address. </maml:para></maml:description><command:parameterValue required="true" variableLength="false">String</command:parameterValue><dev:type><maml:name>String</maml:name><maml:uri /></dev:type><dev:defaultValue></dev:defaultValue></command:parameter><command:parameter required="false" variableLength="false" globbing="false" pipelineInput="false" position="named" aliases=""><maml:name>ThrottleLimit</maml:name><maml:description><maml:para>Specifies the maximum number of concurrent operations that can be established to run the cmdlet. If this parameter is omitted or a value of 0 is entered, then Windows PowerShell® calculates an optimum throttle limit for the cmdlet based on the number of CIM cmdlets that are running on the computer. The throttle limit applies only to the current cmdlet, not to the session or to the computer.</maml:para></maml:description><command:parameterValue required="true" variableLength="false">Int32</command:parameterValue><dev:type><maml:name>Int32</maml:name><maml:uri /></dev:type><dev:defaultValue></dev:defaultValue></command:parameter><command:parameter required="false" variableLength="false" globbing="false" pipelineInput="false" position="5" aliases=""><maml:name>UserInterface</maml:name><maml:description><maml:para>Enables or disables the user interface for DirectAccess on the client computers that receive the policy. </maml:para><maml:para>Valid values for UserInterface are “True” or “False”. Setting UserInterface to False, removes the user interface. By default, UserInterface is set to True.</maml:para></maml:description><command:parameterValue required="true" variableLength="false">Boolean</command:parameterValue><dev:type><maml:name>Boolean</maml:name><maml:uri /></dev:type><dev:defaultValue></dev:defaultValue></command:parameter><command:parameter required="false" variableLength="true" globbing="false" pipelineInput="false" position="named"><maml:name>Confirm</maml:name><maml:description><maml:para>Prompts you for confirmation before running the cmdlet.</maml:para></maml:description><command:parameterValue required="false" variableLength="false">SwitchParameter</command:parameterValue><dev:type><maml:name>SwitchParameter</maml:name><maml:uri /></dev:type><dev:defaultValue>false</dev:defaultValue></command:parameter><command:parameter required="false" variableLength="true" globbing="false" pipelineInput="false" position="named"><maml:name>WhatIf</maml:name><maml:description><maml:para>Shows what would happen if the cmdlet runs. The cmdlet is not run.</maml:para></maml:description><command:parameterValue required="false" variableLength="false">SwitchParameter</command:parameterValue><dev:type><maml:name>SwitchParameter</maml:name><maml:uri /></dev:type><dev:defaultValue>false</dev:defaultValue></command:parameter></command:parameters><command:inputTypes><command:inputType><dev:type><maml:name>Microsoft.Management.Infrastructure.CimInstance#root/StandardCimv2/MSFT_DAClientExperienceConfiguration</maml:name><maml:uri></maml:uri><maml:description><maml:para /></maml:description></dev:type><maml:description><maml:para>This cmdlet accepts as input a CIM object that contains a DA client experience configuration.</maml:para></maml:description></command:inputType></command:inputTypes><command:returnValues><command:returnValue><dev:type><maml:name></maml:name><maml:uri></maml:uri><maml:description><maml:para /></maml:description></dev:type><maml:description><maml:para>This cmdlet produces no output.</maml:para></maml:description></command:returnValue></command:returnValues><command:terminatingErrors /><command:nonTerminatingErrors /><command:examples><command:example><maml:title>Example: Disable the DirectAccess user interface</maml:title><maml:introduction><maml:para></maml:para></maml:introduction><dev:code>PS C:\&gt;Set-DAClientExperienceConfiguration –PolicyStore “Contoso\GPO1” –UserInterface “False”
</dev:code><dev:remarks><maml:para>This cmdlet disables the DirectAccess user interface.</maml:para></dev:remarks><command:commandLines><command:commandLine><command:commandText /></command:commandLine></command:commandLines></command:example></command:examples><maml:relatedLinks><maml:navigationLink><maml:linkText>Online Version:</maml:linkText><maml:uri>http://go.microsoft.com/fwlink/?linkid=287318</maml:uri></maml:navigationLink><maml:navigationLink><maml:linkText>Get-DAClientExperienceConfiguration</maml:linkText><maml:uri /></maml:navigationLink><maml:navigationLink><maml:linkText>Reset-DAClientExperienceConfiguration</maml:linkText><maml:uri /></maml:navigationLink></maml:relatedLinks></command:command>

</helpItems>

