﻿<?xml version = "1.0" encoding = "utf-8" ?>

<helpItems schema="maml">

<command:command xmlns:maml="http://schemas.microsoft.com/maml/2004/10" xmlns:command="http://schemas.microsoft.com/maml/dev/command/2004/10" xmlns:dev="http://schemas.microsoft.com/maml/dev/2004/10" xmlns:MSHelp="http://msdn.microsoft.com/mshelp"><command:details><command:name>Add-BgpRoutingPolicyForPeer</command:name><maml:description><maml:para>Adds BGP routing policies to BGP peers.</maml:para></maml:description><maml:copyright><maml:para /></maml:copyright><command:verb>Add</command:verb><command:noun>BgpRoutingPolicyForPeer</command:noun><dev:version /></command:details><maml:description><maml:para>The Add-BgpRoutingPolicyForPeer cmdlet adds Border Gateway Protocol (BGP) routing policies to BGP peers. Specify the names of the router policies to add to the BGP peers. If you do not specify the PeerName parameter, the cmdlet adds the router policies that you specify to all BGP peers.</maml:para></maml:description><command:syntax><command:syntaxItem><maml:name>Add-BgpRoutingPolicyForPeer</maml:name><command:parameter required="false" variableLength="false" globbing="false" pipelineInput="false" position="named" aliases=""><maml:name>AsJob</maml:name><maml:description><maml:para>Runs the cmdlet as a background job. Use this parameter to run commands that take a long time to complete. 
 The cmdlet immediately returns an object that represents the job and then displays the command prompt. You can continue to work in the session while the job completes. To manage the job, use the *-Job cmdlets. To get the job results, use the <maml:navigationLink><maml:linkText>Receive-Job</maml:linkText><maml:uri></maml:uri></maml:navigationLink> cmdlet. 
 For more information about Windows PowerShell® background jobs, see <maml:navigationLink><maml:linkText>about_Jobs</maml:linkText><maml:uri></maml:uri></maml:navigationLink>.</maml:para></maml:description></command:parameter><command:parameter required="false" variableLength="true" globbing="false" pipelineInput="false" position="named" aliases="Session"><maml:name>CimSession</maml:name><maml:description><maml:para>Runs the cmdlet in a remote session or on a remote computer. Enter a computer name or a session object, such as the output of a <maml:navigationLink><maml:linkText>New-CimSession</maml:linkText><maml:uri></maml:uri></maml:navigationLink> or <maml:navigationLink><maml:linkText>Get-CimSession</maml:linkText><maml:uri></maml:uri></maml:navigationLink> cmdlet. The default is the current session on the local computer.</maml:para></maml:description><command:parameterValue required="true" variableLength="true">CimSession[]</command:parameterValue></command:parameter><command:parameter required="false" variableLength="false" globbing="false" pipelineInput="false" position="named" aliases=""><maml:name>Force</maml:name><maml:description><maml:para>Forces the command to run without asking for user confirmation.</maml:para></maml:description></command:parameter><command:parameter required="false" variableLength="true" globbing="false" pipelineInput="True (ByPropertyName)" position="named" aliases="PeerId,PeerList"><maml:name>PeerName</maml:name><maml:description><maml:para>Specifies an array of names of BGP peers. The cmdlet adds the router policies that you specify in the PolicyName parameter to the BGP peers.</maml:para></maml:description><command:parameterValue required="true" variableLength="true">String[]</command:parameterValue></command:parameter><command:parameter required="false" variableLength="false" globbing="false" pipelineInput="True (ByPropertyName)" position="named" aliases="RoutingDomainName"><maml:name>RoutingDomain</maml:name><maml:description><maml:para>Specifies a name, as a string, of a routing domain. The name of a routing domain is a unique user-defined alphanumeric string.</maml:para></maml:description><command:parameterValue required="true" variableLength="false">String</command:parameterValue></command:parameter><command:parameter required="false" variableLength="false" globbing="false" pipelineInput="false" position="named" aliases=""><maml:name>ThrottleLimit</maml:name><maml:description><maml:para>Specifies the maximum number of concurrent operations that can be established to run the cmdlet. If this parameter is omitted or a value of 0 is entered, then Windows PowerShell® calculates an optimum throttle limit for the cmdlet based on the number of CIM cmdlets that are running on the computer. The throttle limit applies only to the current cmdlet, not to the session or to the computer.</maml:para></maml:description><command:parameterValue required="true" variableLength="false">Int32</command:parameterValue></command:parameter><command:parameter required="true" variableLength="false" globbing="false" pipelineInput="false" position="named" aliases=""><maml:name>Direction</maml:name><maml:description><maml:para>Specifies the direction of the route advertisements to which the policies are added. The acceptable values for this parameter are: 

-- Ingress. The routing policy applies its criteria to incoming route advertisements.
-- Egress. The routing policy applies its criteria to outgoing route advertisements.</maml:para></maml:description><command:parameterValue required="true" variableLength="false">PolicyDirection</command:parameterValue></command:parameter><command:parameter required="true" variableLength="true" globbing="false" pipelineInput="True (ByPropertyName)" position="named" aliases="PolicyList,PolicyId"><maml:name>PolicyName</maml:name><maml:description><maml:para>Specifies an array of names of router policies. The cmdlet adds these routers to the peers that you specify in the PeerName parameter.</maml:para></maml:description><command:parameterValue required="true" variableLength="true">String[]</command:parameterValue></command:parameter><command:parameter required="false" variableLength="true" globbing="false" pipelineInput="false" position="named"><maml:name>Confirm</maml:name><maml:description><maml:para>Prompts you for confirmation before running the cmdlet.</maml:para></maml:description></command:parameter><command:parameter required="false" variableLength="true" globbing="false" pipelineInput="false" position="named"><maml:name>WhatIf</maml:name><maml:description><maml:para>Shows what would happen if the cmdlet runs. The cmdlet is not run.</maml:para></maml:description></command:parameter></command:syntaxItem></command:syntax><command:parameters><command:parameter required="false" variableLength="false" globbing="false" pipelineInput="false" position="named" aliases=""><maml:name>AsJob</maml:name><maml:description><maml:para>Runs the cmdlet as a background job. Use this parameter to run commands that take a long time to complete. 
 The cmdlet immediately returns an object that represents the job and then displays the command prompt. You can continue to work in the session while the job completes. To manage the job, use the *-Job cmdlets. To get the job results, use the <maml:navigationLink><maml:linkText>Receive-Job</maml:linkText><maml:uri></maml:uri></maml:navigationLink> cmdlet. 
 For more information about Windows PowerShell® background jobs, see <maml:navigationLink><maml:linkText>about_Jobs</maml:linkText><maml:uri></maml:uri></maml:navigationLink>.</maml:para></maml:description><command:parameterValue required="false" variableLength="false">SwitchParameter</command:parameterValue><dev:type><maml:name>SwitchParameter</maml:name><maml:uri /></dev:type><dev:defaultValue></dev:defaultValue></command:parameter><command:parameter required="false" variableLength="true" globbing="false" pipelineInput="false" position="named" aliases="Session"><maml:name>CimSession</maml:name><maml:description><maml:para>Runs the cmdlet in a remote session or on a remote computer. Enter a computer name or a session object, such as the output of a <maml:navigationLink><maml:linkText>New-CimSession</maml:linkText><maml:uri></maml:uri></maml:navigationLink> or <maml:navigationLink><maml:linkText>Get-CimSession</maml:linkText><maml:uri></maml:uri></maml:navigationLink> cmdlet. The default is the current session on the local computer.</maml:para></maml:description><command:parameterValue required="true" variableLength="true">CimSession[]</command:parameterValue><dev:type><maml:name>CimSession[]</maml:name><maml:uri /></dev:type><dev:defaultValue></dev:defaultValue></command:parameter><command:parameter required="true" variableLength="false" globbing="false" pipelineInput="false" position="named" aliases=""><maml:name>Direction</maml:name><maml:description><maml:para>Specifies the direction of the route advertisements to which the policies are added. The acceptable values for this parameter are: 

-- Ingress. The routing policy applies its criteria to incoming route advertisements.
-- Egress. The routing policy applies its criteria to outgoing route advertisements.</maml:para></maml:description><command:parameterValue required="true" variableLength="false">PolicyDirection</command:parameterValue><dev:type><maml:name>PolicyDirection</maml:name><maml:uri /></dev:type><dev:defaultValue></dev:defaultValue></command:parameter><command:parameter required="false" variableLength="false" globbing="false" pipelineInput="false" position="named" aliases=""><maml:name>Force</maml:name><maml:description><maml:para>Forces the command to run without asking for user confirmation.</maml:para></maml:description><command:parameterValue required="false" variableLength="false">SwitchParameter</command:parameterValue><dev:type><maml:name>SwitchParameter</maml:name><maml:uri /></dev:type><dev:defaultValue></dev:defaultValue></command:parameter><command:parameter required="false" variableLength="true" globbing="false" pipelineInput="True (ByPropertyName)" position="named" aliases="PeerId,PeerList"><maml:name>PeerName</maml:name><maml:description><maml:para>Specifies an array of names of BGP peers. The cmdlet adds the router policies that you specify in the PolicyName parameter to the BGP peers.</maml:para></maml:description><command:parameterValue required="true" variableLength="true">String[]</command:parameterValue><dev:type><maml:name>String[]</maml:name><maml:uri /></dev:type><dev:defaultValue></dev:defaultValue></command:parameter><command:parameter required="true" variableLength="true" globbing="false" pipelineInput="True (ByPropertyName)" position="named" aliases="PolicyList,PolicyId"><maml:name>PolicyName</maml:name><maml:description><maml:para>Specifies an array of names of router policies. The cmdlet adds these routers to the peers that you specify in the PeerName parameter.</maml:para></maml:description><command:parameterValue required="true" variableLength="true">String[]</command:parameterValue><dev:type><maml:name>String[]</maml:name><maml:uri /></dev:type><dev:defaultValue></dev:defaultValue></command:parameter><command:parameter required="false" variableLength="false" globbing="false" pipelineInput="True (ByPropertyName)" position="named" aliases="RoutingDomainName"><maml:name>RoutingDomain</maml:name><maml:description><maml:para>Specifies a name, as a string, of a routing domain. The name of a routing domain is a unique user-defined alphanumeric string.</maml:para></maml:description><command:parameterValue required="true" variableLength="false">String</command:parameterValue><dev:type><maml:name>String</maml:name><maml:uri /></dev:type><dev:defaultValue></dev:defaultValue></command:parameter><command:parameter required="false" variableLength="false" globbing="false" pipelineInput="false" position="named" aliases=""><maml:name>ThrottleLimit</maml:name><maml:description><maml:para>Specifies the maximum number of concurrent operations that can be established to run the cmdlet. If this parameter is omitted or a value of 0 is entered, then Windows PowerShell® calculates an optimum throttle limit for the cmdlet based on the number of CIM cmdlets that are running on the computer. The throttle limit applies only to the current cmdlet, not to the session or to the computer.</maml:para></maml:description><command:parameterValue required="true" variableLength="false">Int32</command:parameterValue><dev:type><maml:name>Int32</maml:name><maml:uri /></dev:type><dev:defaultValue></dev:defaultValue></command:parameter><command:parameter required="false" variableLength="true" globbing="false" pipelineInput="false" position="named"><maml:name>Confirm</maml:name><maml:description><maml:para>Prompts you for confirmation before running the cmdlet.</maml:para></maml:description><command:parameterValue required="false" variableLength="false">SwitchParameter</command:parameterValue><dev:type><maml:name>SwitchParameter</maml:name><maml:uri /></dev:type><dev:defaultValue>false</dev:defaultValue></command:parameter><command:parameter required="false" variableLength="true" globbing="false" pipelineInput="false" position="named"><maml:name>WhatIf</maml:name><maml:description><maml:para>Shows what would happen if the cmdlet runs. The cmdlet is not run.</maml:para></maml:description><command:parameterValue required="false" variableLength="false">SwitchParameter</command:parameterValue><dev:type><maml:name>SwitchParameter</maml:name><maml:uri /></dev:type><dev:defaultValue>false</dev:defaultValue></command:parameter></command:parameters><command:inputTypes><command:inputType><dev:type><maml:name></maml:name><maml:uri></maml:uri><maml:description><maml:para /></maml:description></dev:type><maml:description></maml:description></command:inputType></command:inputTypes><command:returnValues><command:returnValue><dev:type><maml:name></maml:name><maml:uri></maml:uri><maml:description><maml:para /></maml:description></dev:type><maml:description></maml:description></command:returnValue></command:returnValues><command:terminatingErrors /><command:nonTerminatingErrors /><command:examples><command:example><maml:title>Example 1: Add a routing policy to a BGP peer</maml:title><maml:introduction><maml:para></maml:para></maml:introduction><dev:code>PS C:\&gt; Add-BgpRoutingPolicyForPeer -PolicyName "RTPolicy01" -Direction Ingress -PeerName "TenantSite01"



Confirm
BGP peering session could currently be active for TenantSite01. Do you want to apply these policies and restart
corresponding peering sessions?
[Y] Yes  [N] No  [S] Suspend  [?] Help (default is "Y"): y

</dev:code><dev:remarks><maml:para>This command adds the BGP routing policy named RTPolicy01 to the BGP peer named TenantSite01. The command specifies the direction of the route advertisement for the BGP peer.</maml:para></dev:remarks><command:commandLines><command:commandLine><command:commandText /></command:commandLine></command:commandLines></command:example><command:example><maml:title>Example 2: Add a routing policy to a BGP peer in a routing domain</maml:title><maml:introduction><maml:para></maml:para></maml:introduction><dev:code>PS C:\&gt; Add-BgpRoutingPolicyForPeer -RoutingDomain "Rd_001" -PeerName "TenantSite01" -PolicyName "RoutingPolicy01" -Direction Ingress



Confirm
BGP peering session could currently be active for TenantSite01 for routing domain Rd_001. Do you want to apply these
policies and restart corresponding peering sessions?
[Y] Yes  [N] No  [S] Suspend  [?] Help (default is "Y"):Y




</dev:code><dev:remarks><maml:para>This command adds the BGP routing policy named RTPolicy01 to the BGP peer named TenantSite01 for the routing domain named Rd_001. The command specifies the direction of the route advertisement for the BGP peer.</maml:para></dev:remarks><command:commandLines><command:commandLine><command:commandText /></command:commandLine></command:commandLines></command:example></command:examples><maml:relatedLinks><maml:navigationLink><maml:linkText>Online Version:</maml:linkText><maml:uri>http://go.microsoft.com/fwlink/?LinkID=306221</maml:uri></maml:navigationLink><maml:navigationLink><maml:linkText>Set-BgpRoutingPolicyForPeer</maml:linkText><maml:uri /></maml:navigationLink><maml:navigationLink><maml:linkText>Remove-BgpRoutingPolicyForPeer</maml:linkText><maml:uri /></maml:navigationLink></maml:relatedLinks></command:command>

<command:command xmlns:maml="http://schemas.microsoft.com/maml/2004/10" xmlns:command="http://schemas.microsoft.com/maml/dev/command/2004/10" xmlns:dev="http://schemas.microsoft.com/maml/dev/2004/10" xmlns:MSHelp="http://msdn.microsoft.com/mshelp"><command:details><command:name>Remove-BgpRoutingPolicyForPeer</command:name><maml:description><maml:para>Removes routing policies from BGP peers.</maml:para></maml:description><maml:copyright><maml:para /></maml:copyright><command:verb>Remove</command:verb><command:noun>BgpRoutingPolicyForPeer</command:noun><dev:version /></command:details><maml:description><maml:para>The Remove-BgpRoutingPolicyForPeer cmdlet removes Border Gateway Protocol (BGP) routing policies from BGP peers. If a routing policy is in a multitenant deployment, you must specify the RoutingDomain parameter. You must specify at least one of the PeerName or PolicyName parameters. When you remove a routing policy from a BGP peer, the BGP peer router no longer uses the policy to learn and distribute routing information between autonomous systems (AS).</maml:para></maml:description><command:syntax><command:syntaxItem><maml:name>Remove-BgpRoutingPolicyForPeer</maml:name><command:parameter required="false" variableLength="false" globbing="false" pipelineInput="false" position="named" aliases=""><maml:name>AsJob</maml:name><maml:description><maml:para>Runs the cmdlet as a background job. Use this parameter to run commands that take a long time to complete. 
 The cmdlet immediately returns an object that represents the job and then displays the command prompt. You can continue to work in the session while the job completes. To manage the job, use the *-Job cmdlets. To get the job results, use the <maml:navigationLink><maml:linkText>Receive-Job</maml:linkText><maml:uri></maml:uri></maml:navigationLink> cmdlet. 
 For more information about Windows PowerShell® background jobs, see <maml:navigationLink><maml:linkText>about_Jobs</maml:linkText><maml:uri></maml:uri></maml:navigationLink>.</maml:para></maml:description></command:parameter><command:parameter required="false" variableLength="true" globbing="false" pipelineInput="false" position="named" aliases="Session"><maml:name>CimSession</maml:name><maml:description><maml:para>Runs the cmdlet in a remote session or on a remote computer. Enter a computer name or a session object, such as the output of a <maml:navigationLink><maml:linkText>New-CimSession</maml:linkText><maml:uri></maml:uri></maml:navigationLink> or <maml:navigationLink><maml:linkText>Get-CimSession</maml:linkText><maml:uri></maml:uri></maml:navigationLink> cmdlet. The default is the current session on the local computer.</maml:para></maml:description><command:parameterValue required="true" variableLength="true">CimSession[]</command:parameterValue></command:parameter><command:parameter required="false" variableLength="false" globbing="false" pipelineInput="false" position="named" aliases=""><maml:name>Direction</maml:name><maml:description><maml:para>Specifies the direction of the route advertisements to which the policies are applied.The acceptable values for this parameter are: 

-- Ingress
-- Egress</maml:para></maml:description><command:parameterValue required="true" variableLength="false">PolicyDirection</command:parameterValue></command:parameter><command:parameter required="false" variableLength="false" globbing="false" pipelineInput="false" position="named" aliases=""><maml:name>Force</maml:name><maml:description><maml:para>Forces the command to run without asking for user confirmation.</maml:para></maml:description></command:parameter><command:parameter required="false" variableLength="true" globbing="false" pipelineInput="True (ByPropertyName)" position="named" aliases="PeerList,PeerId"><maml:name>PeerName</maml:name><maml:description><maml:para>Specifies an array of names of BGP peers. The cmdlet removes the router policies that you specify in the PolicyName parameter from the BGP peers.</maml:para></maml:description><command:parameterValue required="true" variableLength="true">String[]</command:parameterValue></command:parameter><command:parameter required="false" variableLength="true" globbing="false" pipelineInput="True (ByPropertyName)" position="named" aliases="PolicyList,PolicyId"><maml:name>PolicyName</maml:name><maml:description><maml:para>Specifies an array of names of router policies. The cmdlet removes these router policies from the peers that you specify in the PeerName parameter.</maml:para></maml:description><command:parameterValue required="true" variableLength="true">String[]</command:parameterValue></command:parameter><command:parameter required="false" variableLength="false" globbing="false" pipelineInput="True (ByPropertyName)" position="named" aliases="RoutingDomainName"><maml:name>RoutingDomain</maml:name><maml:description><maml:para>Specifies a name, as a string, of a routing domain. The name of a routing domain is a unique user-defined alphanumeric string.</maml:para></maml:description><command:parameterValue required="true" variableLength="false">String</command:parameterValue></command:parameter><command:parameter required="false" variableLength="false" globbing="false" pipelineInput="false" position="named" aliases=""><maml:name>ThrottleLimit</maml:name><maml:description><maml:para>Specifies the maximum number of concurrent operations that can be established to run the cmdlet. If this parameter is omitted or a value of 0 is entered, then Windows PowerShell® calculates an optimum throttle limit for the cmdlet based on the number of CIM cmdlets that are running on the computer. The throttle limit applies only to the current cmdlet, not to the session or to the computer.</maml:para></maml:description><command:parameterValue required="true" variableLength="false">Int32</command:parameterValue></command:parameter><command:parameter required="false" variableLength="true" globbing="false" pipelineInput="false" position="named"><maml:name>Confirm</maml:name><maml:description><maml:para>Prompts you for confirmation before running the cmdlet.</maml:para></maml:description></command:parameter><command:parameter required="false" variableLength="true" globbing="false" pipelineInput="false" position="named"><maml:name>WhatIf</maml:name><maml:description><maml:para>Shows what would happen if the cmdlet runs. The cmdlet is not run.</maml:para></maml:description></command:parameter></command:syntaxItem></command:syntax><command:parameters><command:parameter required="false" variableLength="false" globbing="false" pipelineInput="false" position="named" aliases=""><maml:name>AsJob</maml:name><maml:description><maml:para>Runs the cmdlet as a background job. Use this parameter to run commands that take a long time to complete. 
 The cmdlet immediately returns an object that represents the job and then displays the command prompt. You can continue to work in the session while the job completes. To manage the job, use the *-Job cmdlets. To get the job results, use the <maml:navigationLink><maml:linkText>Receive-Job</maml:linkText><maml:uri></maml:uri></maml:navigationLink> cmdlet. 
 For more information about Windows PowerShell® background jobs, see <maml:navigationLink><maml:linkText>about_Jobs</maml:linkText><maml:uri></maml:uri></maml:navigationLink>.</maml:para></maml:description><command:parameterValue required="false" variableLength="false">SwitchParameter</command:parameterValue><dev:type><maml:name>SwitchParameter</maml:name><maml:uri /></dev:type><dev:defaultValue></dev:defaultValue></command:parameter><command:parameter required="false" variableLength="true" globbing="false" pipelineInput="false" position="named" aliases="Session"><maml:name>CimSession</maml:name><maml:description><maml:para>Runs the cmdlet in a remote session or on a remote computer. Enter a computer name or a session object, such as the output of a <maml:navigationLink><maml:linkText>New-CimSession</maml:linkText><maml:uri></maml:uri></maml:navigationLink> or <maml:navigationLink><maml:linkText>Get-CimSession</maml:linkText><maml:uri></maml:uri></maml:navigationLink> cmdlet. The default is the current session on the local computer.</maml:para></maml:description><command:parameterValue required="true" variableLength="true">CimSession[]</command:parameterValue><dev:type><maml:name>CimSession[]</maml:name><maml:uri /></dev:type><dev:defaultValue></dev:defaultValue></command:parameter><command:parameter required="false" variableLength="false" globbing="false" pipelineInput="false" position="named" aliases=""><maml:name>Direction</maml:name><maml:description><maml:para>Specifies the direction of the route advertisements to which the policies are applied.The acceptable values for this parameter are: 

-- Ingress
-- Egress</maml:para></maml:description><command:parameterValue required="true" variableLength="false">PolicyDirection</command:parameterValue><dev:type><maml:name>PolicyDirection</maml:name><maml:uri /></dev:type><dev:defaultValue></dev:defaultValue></command:parameter><command:parameter required="false" variableLength="false" globbing="false" pipelineInput="false" position="named" aliases=""><maml:name>Force</maml:name><maml:description><maml:para>Forces the command to run without asking for user confirmation.</maml:para></maml:description><command:parameterValue required="false" variableLength="false">SwitchParameter</command:parameterValue><dev:type><maml:name>SwitchParameter</maml:name><maml:uri /></dev:type><dev:defaultValue></dev:defaultValue></command:parameter><command:parameter required="false" variableLength="true" globbing="false" pipelineInput="True (ByPropertyName)" position="named" aliases="PeerList,PeerId"><maml:name>PeerName</maml:name><maml:description><maml:para>Specifies an array of names of BGP peers. The cmdlet removes the router policies that you specify in the PolicyName parameter from the BGP peers.</maml:para></maml:description><command:parameterValue required="true" variableLength="true">String[]</command:parameterValue><dev:type><maml:name>String[]</maml:name><maml:uri /></dev:type><dev:defaultValue></dev:defaultValue></command:parameter><command:parameter required="false" variableLength="true" globbing="false" pipelineInput="True (ByPropertyName)" position="named" aliases="PolicyList,PolicyId"><maml:name>PolicyName</maml:name><maml:description><maml:para>Specifies an array of names of router policies. The cmdlet removes these router policies from the peers that you specify in the PeerName parameter.</maml:para></maml:description><command:parameterValue required="true" variableLength="true">String[]</command:parameterValue><dev:type><maml:name>String[]</maml:name><maml:uri /></dev:type><dev:defaultValue></dev:defaultValue></command:parameter><command:parameter required="false" variableLength="false" globbing="false" pipelineInput="True (ByPropertyName)" position="named" aliases="RoutingDomainName"><maml:name>RoutingDomain</maml:name><maml:description><maml:para>Specifies a name, as a string, of a routing domain. The name of a routing domain is a unique user-defined alphanumeric string.</maml:para></maml:description><command:parameterValue required="true" variableLength="false">String</command:parameterValue><dev:type><maml:name>String</maml:name><maml:uri /></dev:type><dev:defaultValue></dev:defaultValue></command:parameter><command:parameter required="false" variableLength="false" globbing="false" pipelineInput="false" position="named" aliases=""><maml:name>ThrottleLimit</maml:name><maml:description><maml:para>Specifies the maximum number of concurrent operations that can be established to run the cmdlet. If this parameter is omitted or a value of 0 is entered, then Windows PowerShell® calculates an optimum throttle limit for the cmdlet based on the number of CIM cmdlets that are running on the computer. The throttle limit applies only to the current cmdlet, not to the session or to the computer.</maml:para></maml:description><command:parameterValue required="true" variableLength="false">Int32</command:parameterValue><dev:type><maml:name>Int32</maml:name><maml:uri /></dev:type><dev:defaultValue></dev:defaultValue></command:parameter><command:parameter required="false" variableLength="true" globbing="false" pipelineInput="false" position="named"><maml:name>Confirm</maml:name><maml:description><maml:para>Prompts you for confirmation before running the cmdlet.</maml:para></maml:description><command:parameterValue required="false" variableLength="false">SwitchParameter</command:parameterValue><dev:type><maml:name>SwitchParameter</maml:name><maml:uri /></dev:type><dev:defaultValue>false</dev:defaultValue></command:parameter><command:parameter required="false" variableLength="true" globbing="false" pipelineInput="false" position="named"><maml:name>WhatIf</maml:name><maml:description><maml:para>Shows what would happen if the cmdlet runs. The cmdlet is not run.</maml:para></maml:description><command:parameterValue required="false" variableLength="false">SwitchParameter</command:parameterValue><dev:type><maml:name>SwitchParameter</maml:name><maml:uri /></dev:type><dev:defaultValue>false</dev:defaultValue></command:parameter></command:parameters><command:inputTypes><command:inputType><dev:type><maml:name></maml:name><maml:uri></maml:uri><maml:description><maml:para /></maml:description></dev:type><maml:description></maml:description></command:inputType></command:inputTypes><command:returnValues><command:returnValue><dev:type><maml:name></maml:name><maml:uri></maml:uri><maml:description><maml:para /></maml:description></dev:type><maml:description></maml:description></command:returnValue></command:returnValues><command:terminatingErrors /><command:nonTerminatingErrors /><command:examples><command:example><maml:title>Example 1: Remove all routing policies from BGP peers</maml:title><maml:introduction><maml:para></maml:para></maml:introduction><dev:code>PS C:\&gt; Remove-BgpRoutingPolicyForPeer -PeerName "TenantSite04", "TenantSite05", "TenantSite06"



Confirm
BGP peering session could currently be active for TenantSite04, TenantSite05, TenantSite06. Do you want to remove
these policies and restart corresponding peering sessions?
[Y] Yes  [N] No  [S] Suspend  [?] Help (default is "Y"):

</dev:code><dev:remarks><maml:para>This command removes all the routing policies from the BGP peers named TenantSite04, TenantSite05, and TenantSite06. The command prompts the user for confirmation before it removes the routing policies.</maml:para></dev:remarks><command:commandLines><command:commandLine><command:commandText /></command:commandLine></command:commandLines></command:example><command:example><maml:title>Example 2: Remove an egress routing policies</maml:title><maml:introduction><maml:para></maml:para></maml:introduction><dev:code>PS C:\&gt; Remove-BgpRoutingPolicyForPeer -Direction Egress -PolicyName "RTPolicy04" -Force

</dev:code><dev:remarks><maml:para>This command removes the routing policy named RTPolicy04 for only the Egress route advertisements from all the BGP peers.</maml:para></dev:remarks><command:commandLines><command:commandLine><command:commandText /></command:commandLine></command:commandLines></command:example><command:example><maml:title>Example 3: Remove all routing policies for a routing domain</maml:title><maml:introduction><maml:para></maml:para></maml:introduction><dev:code>PS C:\&gt; Remove-BgpRoutingPolicyForPeer -PeerName "TenantSite01" -RoutingDomain "Rd_001"



Confirm
BGP peering session could currently be active for TenantSite01 for routing domain Rd_001. Do you want to remove these
policies and restart corresponding peering sessions?
[Y] Yes  [N] No  [S] Suspend  [?] Help (default is "Y"):Y



</dev:code><dev:remarks><maml:para>This command removes all the routing policies from the BGP peer named TenantSite01 for the routing domain named Rd_001. The command removes the routing policies for both Ingress and Egress route advertisements.</maml:para></dev:remarks><command:commandLines><command:commandLine><command:commandText /></command:commandLine></command:commandLines></command:example></command:examples><maml:relatedLinks><maml:navigationLink><maml:linkText>Online Version:</maml:linkText><maml:uri>http://go.microsoft.com/fwlink/?LinkID=306222</maml:uri></maml:navigationLink><maml:navigationLink><maml:linkText>Add-BgpRoutingPolicyForPeer</maml:linkText><maml:uri /></maml:navigationLink><maml:navigationLink><maml:linkText>Set-BgpRoutingPolicyForPeer</maml:linkText><maml:uri /></maml:navigationLink></maml:relatedLinks></command:command>

<command:command xmlns:maml="http://schemas.microsoft.com/maml/2004/10" xmlns:command="http://schemas.microsoft.com/maml/dev/command/2004/10" xmlns:dev="http://schemas.microsoft.com/maml/dev/2004/10" xmlns:MSHelp="http://msdn.microsoft.com/mshelp"><command:details><command:name>Set-BgpRoutingPolicyForPeer</command:name><maml:description><maml:para>Modifies BGP routing policies for BGP peers.</maml:para></maml:description><maml:copyright><maml:para /></maml:copyright><command:verb>Set</command:verb><command:noun>BgpRoutingPolicyForPeer</command:noun><dev:version /></command:details><maml:description><maml:para>The Set-BgpRoutingPolicyForPeer cmdlet modifies BGP routing policies for BGP peer routers. Specify the names of the router policies and the direction of the route advertisements to which to add the policies. The cmdlet clears all the existing routing policies for peers before it applies the new set of policies. If you do not specify the PeerName parameter, the cmdlet adds the router policies that you specify to all BGP peer routers. </maml:para></maml:description><command:syntax><command:syntaxItem><maml:name>Set-BgpRoutingPolicyForPeer</maml:name><command:parameter required="false" variableLength="false" globbing="false" pipelineInput="false" position="named" aliases=""><maml:name>AsJob</maml:name><maml:description><maml:para>Runs the cmdlet as a background job. Use this parameter to run commands that take a long time to complete. 
 The cmdlet immediately returns an object that represents the job and then displays the command prompt. You can continue to work in the session while the job completes. To manage the job, use the *-Job cmdlets. To get the job results, use the <maml:navigationLink><maml:linkText>Receive-Job</maml:linkText><maml:uri></maml:uri></maml:navigationLink> cmdlet. 
 For more information about Windows PowerShell® background jobs, see <maml:navigationLink><maml:linkText>about_Jobs</maml:linkText><maml:uri></maml:uri></maml:navigationLink>.</maml:para></maml:description></command:parameter><command:parameter required="false" variableLength="true" globbing="false" pipelineInput="false" position="named" aliases="Session"><maml:name>CimSession</maml:name><maml:description><maml:para>Runs the cmdlet in a remote session or on a remote computer. Enter a computer name or a session object, such as the output of a <maml:navigationLink><maml:linkText>New-CimSession</maml:linkText><maml:uri></maml:uri></maml:navigationLink> or <maml:navigationLink><maml:linkText>Get-CimSession</maml:linkText><maml:uri></maml:uri></maml:navigationLink> cmdlet. The default is the current session on the local computer.</maml:para></maml:description><command:parameterValue required="true" variableLength="true">CimSession[]</command:parameterValue></command:parameter><command:parameter required="false" variableLength="false" globbing="false" pipelineInput="false" position="named" aliases=""><maml:name>Force</maml:name><maml:description><maml:para>Forces the command to run without asking for user confirmation.</maml:para></maml:description></command:parameter><command:parameter required="false" variableLength="true" globbing="false" pipelineInput="True (ByPropertyName)" position="named" aliases="PeerList,PeerId"><maml:name>PeerName</maml:name><maml:description><maml:para>Specifies an array of names of BGP peers. The cmdlet adds the router policies that you specify in the PolicyName parameter to the BGP peers.</maml:para></maml:description><command:parameterValue required="true" variableLength="true">String[]</command:parameterValue></command:parameter><command:parameter required="false" variableLength="false" globbing="false" pipelineInput="True (ByPropertyName)" position="named" aliases="RoutingDomainName"><maml:name>RoutingDomain</maml:name><maml:description><maml:para>Specifies a name, as a string, of a routing domain. The name of a routing domain is a unique user-defined alphanumeric string.</maml:para></maml:description><command:parameterValue required="true" variableLength="false">String</command:parameterValue></command:parameter><command:parameter required="false" variableLength="false" globbing="false" pipelineInput="false" position="named" aliases=""><maml:name>ThrottleLimit</maml:name><maml:description><maml:para>Specifies the maximum number of concurrent operations that can be established to run the cmdlet. If this parameter is omitted or a value of 0 is entered, then Windows PowerShell® calculates an optimum throttle limit for the cmdlet based on the number of CIM cmdlets that are running on the computer. The throttle limit applies only to the current cmdlet, not to the session or to the computer.</maml:para></maml:description><command:parameterValue required="true" variableLength="false">Int32</command:parameterValue></command:parameter><command:parameter required="true" variableLength="false" globbing="false" pipelineInput="false" position="named" aliases=""><maml:name>Direction</maml:name><maml:description><maml:para>Specifies the direction of the route advertisements to which the policies are added.The acceptable values for this parameter are: 

-- Ingress. The routing policy applies its criteria to incoming route advertisements.
-- Egress. The routing policy applies its criteria to outgoing route advertisements.</maml:para></maml:description><command:parameterValue required="true" variableLength="false">PolicyDirection</command:parameterValue></command:parameter><command:parameter required="true" variableLength="true" globbing="false" pipelineInput="True (ByPropertyName)" position="named" aliases="PolicyList,PolicyId"><maml:name>PolicyName</maml:name><maml:description><maml:para>Specifies an array of names of router policies. The cmdlet adds these routers to the peers that you specify in the PeerName parameter.</maml:para></maml:description><command:parameterValue required="true" variableLength="true">String[]</command:parameterValue></command:parameter><command:parameter required="false" variableLength="true" globbing="false" pipelineInput="false" position="named"><maml:name>Confirm</maml:name><maml:description><maml:para>Prompts you for confirmation before running the cmdlet.</maml:para></maml:description></command:parameter><command:parameter required="false" variableLength="true" globbing="false" pipelineInput="false" position="named"><maml:name>WhatIf</maml:name><maml:description><maml:para>Shows what would happen if the cmdlet runs. The cmdlet is not run.</maml:para></maml:description></command:parameter></command:syntaxItem></command:syntax><command:parameters><command:parameter required="false" variableLength="false" globbing="false" pipelineInput="false" position="named" aliases=""><maml:name>AsJob</maml:name><maml:description><maml:para>Runs the cmdlet as a background job. Use this parameter to run commands that take a long time to complete. 
 The cmdlet immediately returns an object that represents the job and then displays the command prompt. You can continue to work in the session while the job completes. To manage the job, use the *-Job cmdlets. To get the job results, use the <maml:navigationLink><maml:linkText>Receive-Job</maml:linkText><maml:uri></maml:uri></maml:navigationLink> cmdlet. 
 For more information about Windows PowerShell® background jobs, see <maml:navigationLink><maml:linkText>about_Jobs</maml:linkText><maml:uri></maml:uri></maml:navigationLink>.</maml:para></maml:description><command:parameterValue required="false" variableLength="false">SwitchParameter</command:parameterValue><dev:type><maml:name>SwitchParameter</maml:name><maml:uri /></dev:type><dev:defaultValue></dev:defaultValue></command:parameter><command:parameter required="false" variableLength="true" globbing="false" pipelineInput="false" position="named" aliases="Session"><maml:name>CimSession</maml:name><maml:description><maml:para>Runs the cmdlet in a remote session or on a remote computer. Enter a computer name or a session object, such as the output of a <maml:navigationLink><maml:linkText>New-CimSession</maml:linkText><maml:uri></maml:uri></maml:navigationLink> or <maml:navigationLink><maml:linkText>Get-CimSession</maml:linkText><maml:uri></maml:uri></maml:navigationLink> cmdlet. The default is the current session on the local computer.</maml:para></maml:description><command:parameterValue required="true" variableLength="true">CimSession[]</command:parameterValue><dev:type><maml:name>CimSession[]</maml:name><maml:uri /></dev:type><dev:defaultValue></dev:defaultValue></command:parameter><command:parameter required="true" variableLength="false" globbing="false" pipelineInput="false" position="named" aliases=""><maml:name>Direction</maml:name><maml:description><maml:para>Specifies the direction of the route advertisements to which the policies are added.The acceptable values for this parameter are: 

-- Ingress. The routing policy applies its criteria to incoming route advertisements.
-- Egress. The routing policy applies its criteria to outgoing route advertisements.</maml:para></maml:description><command:parameterValue required="true" variableLength="false">PolicyDirection</command:parameterValue><dev:type><maml:name>PolicyDirection</maml:name><maml:uri /></dev:type><dev:defaultValue></dev:defaultValue></command:parameter><command:parameter required="false" variableLength="false" globbing="false" pipelineInput="false" position="named" aliases=""><maml:name>Force</maml:name><maml:description><maml:para>Forces the command to run without asking for user confirmation.</maml:para></maml:description><command:parameterValue required="false" variableLength="false">SwitchParameter</command:parameterValue><dev:type><maml:name>SwitchParameter</maml:name><maml:uri /></dev:type><dev:defaultValue></dev:defaultValue></command:parameter><command:parameter required="false" variableLength="true" globbing="false" pipelineInput="True (ByPropertyName)" position="named" aliases="PeerList,PeerId"><maml:name>PeerName</maml:name><maml:description><maml:para>Specifies an array of names of BGP peers. The cmdlet adds the router policies that you specify in the PolicyName parameter to the BGP peers.</maml:para></maml:description><command:parameterValue required="true" variableLength="true">String[]</command:parameterValue><dev:type><maml:name>String[]</maml:name><maml:uri /></dev:type><dev:defaultValue></dev:defaultValue></command:parameter><command:parameter required="true" variableLength="true" globbing="false" pipelineInput="True (ByPropertyName)" position="named" aliases="PolicyList,PolicyId"><maml:name>PolicyName</maml:name><maml:description><maml:para>Specifies an array of names of router policies. The cmdlet adds these routers to the peers that you specify in the PeerName parameter.</maml:para></maml:description><command:parameterValue required="true" variableLength="true">String[]</command:parameterValue><dev:type><maml:name>String[]</maml:name><maml:uri /></dev:type><dev:defaultValue></dev:defaultValue></command:parameter><command:parameter required="false" variableLength="false" globbing="false" pipelineInput="True (ByPropertyName)" position="named" aliases="RoutingDomainName"><maml:name>RoutingDomain</maml:name><maml:description><maml:para>Specifies a name, as a string, of a routing domain. The name of a routing domain is a unique user-defined alphanumeric string.</maml:para></maml:description><command:parameterValue required="true" variableLength="false">String</command:parameterValue><dev:type><maml:name>String</maml:name><maml:uri /></dev:type><dev:defaultValue></dev:defaultValue></command:parameter><command:parameter required="false" variableLength="false" globbing="false" pipelineInput="false" position="named" aliases=""><maml:name>ThrottleLimit</maml:name><maml:description><maml:para>Specifies the maximum number of concurrent operations that can be established to run the cmdlet. If this parameter is omitted or a value of 0 is entered, then Windows PowerShell® calculates an optimum throttle limit for the cmdlet based on the number of CIM cmdlets that are running on the computer. The throttle limit applies only to the current cmdlet, not to the session or to the computer.</maml:para></maml:description><command:parameterValue required="true" variableLength="false">Int32</command:parameterValue><dev:type><maml:name>Int32</maml:name><maml:uri /></dev:type><dev:defaultValue></dev:defaultValue></command:parameter><command:parameter required="false" variableLength="true" globbing="false" pipelineInput="false" position="named"><maml:name>Confirm</maml:name><maml:description><maml:para>Prompts you for confirmation before running the cmdlet.</maml:para></maml:description><command:parameterValue required="false" variableLength="false">SwitchParameter</command:parameterValue><dev:type><maml:name>SwitchParameter</maml:name><maml:uri /></dev:type><dev:defaultValue>false</dev:defaultValue></command:parameter><command:parameter required="false" variableLength="true" globbing="false" pipelineInput="false" position="named"><maml:name>WhatIf</maml:name><maml:description><maml:para>Shows what would happen if the cmdlet runs. The cmdlet is not run.</maml:para></maml:description><command:parameterValue required="false" variableLength="false">SwitchParameter</command:parameterValue><dev:type><maml:name>SwitchParameter</maml:name><maml:uri /></dev:type><dev:defaultValue>false</dev:defaultValue></command:parameter></command:parameters><command:inputTypes><command:inputType><dev:type><maml:name></maml:name><maml:uri></maml:uri><maml:description><maml:para /></maml:description></dev:type><maml:description></maml:description></command:inputType></command:inputTypes><command:returnValues><command:returnValue><dev:type><maml:name></maml:name><maml:uri></maml:uri><maml:description><maml:para /></maml:description></dev:type><maml:description></maml:description></command:returnValue></command:returnValues><command:terminatingErrors /><command:nonTerminatingErrors /><command:examples><command:example><maml:title>Example 1: Apply router policies to BGP peers</maml:title><maml:introduction><maml:para></maml:para></maml:introduction><dev:code>PS C:\&gt; Set-BgpRoutingPolicyForPeer -Direction Ingress -PeerName "TenantSite03" -PolicyName "RTPolicy02", "RTPolicy04", "RTPolicy05" 



Confirm
BGP peering session could currently be active for TenantSite03. Do you want to apply these policies and restart
corresponding peering sessions?
[Y] Yes  [N] No  [S] Suspend  [?] Help (default is "Y"): y


</dev:code><dev:remarks><maml:para>This command applies the specified router policies to the Ingress route advertisements of the BGP peer named TenantSite03. The cmdlet clears all the routing policies that you previously applied to the peers before it applies the new set of policies. The command prompts the user for confirmation before it applies the router policies.</maml:para></dev:remarks><command:commandLines><command:commandLine><command:commandText /></command:commandLine></command:commandLines></command:example><command:example><maml:title>Example 2: Apply policies to BGP peers without confirmation</maml:title><maml:introduction><maml:para></maml:para></maml:introduction><dev:code>PS C:\&gt; Set-BgpRoutingPolicyForPeer -Direction Ingress -PeerName "TenantSite01" -PolicyName "RTPolicy01","RTPolicy02" -Force

</dev:code><dev:remarks><maml:para>This command applies the specified router policies to the Ingress route advertisements of the BGP peer named TenantSite01. The cmdlet clears all the routing policies that you previously applied to the peers before it applies the new set of policies. Because the command includes the Force parameter, it prompts the user for confirmation before it applies the routing policies.</maml:para></dev:remarks><command:commandLines><command:commandLine><command:commandText /></command:commandLine></command:commandLines></command:example></command:examples><maml:relatedLinks><maml:navigationLink><maml:linkText>Online Version:</maml:linkText><maml:uri>http://go.microsoft.com/fwlink/?LinkID=306223</maml:uri></maml:navigationLink><maml:navigationLink><maml:linkText>Add-BgpRoutingPolicyForPeer</maml:linkText><maml:uri /></maml:navigationLink><maml:navigationLink><maml:linkText>Remove-BgpRoutingPolicyForPeer</maml:linkText><maml:uri /></maml:navigationLink></maml:relatedLinks></command:command>

</helpItems>

