﻿<?xml version = "1.0" encoding = "utf-8" ?>

<helpItems schema="maml">

<command:command xmlns:maml="http://schemas.microsoft.com/maml/2004/10" xmlns:command="http://schemas.microsoft.com/maml/dev/command/2004/10" xmlns:dev="http://schemas.microsoft.com/maml/dev/2004/10" xmlns:MSHelp="http://msdn.microsoft.com/mshelp"><command:details><command:name>Add-BgpCustomRoute</command:name><maml:description><maml:para>Adds custom routes to the BGP routing table.</maml:para></maml:description><maml:copyright><maml:para /></maml:copyright><command:verb>Add</command:verb><command:noun>BgpCustomRoute</command:noun><dev:version /></command:details><maml:description><maml:para>The Add-BgpCustomRoute cmdlet adds custom routes from router interfaces and network prefixes to the Border Gateway Protocol (BGP) routing table. The cmdlet returns information about any errors that occur when you add the routes to the BGP routing table.</maml:para><maml:para>Use the Interface parameter to specify the router interfaces. Use the Network parameter to specify the network prefixes. Use the RoutingDomain parameter to specify the routing domain or tenant of the BGP router in a multitenant deployment.</maml:para></maml:description><command:syntax><command:syntaxItem><maml:name>Add-BgpCustomRoute</maml:name><command:parameter required="false" variableLength="false" globbing="false" pipelineInput="false" position="named" aliases=""><maml:name>AsJob</maml:name><maml:description><maml:para>Runs the cmdlet as a background job. Use this parameter to run commands that take a long time to complete. 
 The cmdlet immediately returns an object that represents the job and then displays the command prompt. You can continue to work in the session while the job completes. To manage the job, use the *-Job cmdlets. To get the job results, use the <maml:navigationLink><maml:linkText>Receive-Job</maml:linkText><maml:uri></maml:uri></maml:navigationLink> cmdlet. 
 For more information about Windows PowerShell® background jobs, see <maml:navigationLink><maml:linkText>about_Jobs</maml:linkText><maml:uri></maml:uri></maml:navigationLink>.</maml:para></maml:description></command:parameter><command:parameter required="false" variableLength="true" globbing="false" pipelineInput="false" position="named" aliases="Session"><maml:name>CimSession</maml:name><maml:description><maml:para>Runs the cmdlet in a remote session or on a remote computer. Enter a computer name or a session object, such as the output of a <maml:navigationLink><maml:linkText>New-CimSession</maml:linkText><maml:uri></maml:uri></maml:navigationLink> or <maml:navigationLink><maml:linkText>Get-CimSession</maml:linkText><maml:uri></maml:uri></maml:navigationLink> cmdlet. The default is the current session on the local computer.</maml:para></maml:description><command:parameterValue required="true" variableLength="true">CimSession[]</command:parameterValue></command:parameter><command:parameter required="false" variableLength="true" globbing="false" pipelineInput="True (ByPropertyName)" position="named" aliases=""><maml:name>Interface</maml:name><maml:description><maml:para>Specifies an array of names of router interfaces. The cmdlet adds the static routes from these interfaces to the BGP routing table.</maml:para></maml:description><command:parameterValue required="true" variableLength="true">String[]</command:parameterValue></command:parameter><command:parameter required="false" variableLength="true" globbing="false" pipelineInput="True (ByPropertyName)" position="named" aliases="DestinationNetwork"><maml:name>Network</maml:name><maml:description><maml:para>Specifies an array of network prefixes, in Classless InterDomain Routing (CIDR) notation. The cmdlet adds the routing information for the network prefixes to the BGP routing table.</maml:para></maml:description><command:parameterValue required="true" variableLength="true">String[]</command:parameterValue></command:parameter><command:parameter required="false" variableLength="false" globbing="false" pipelineInput="false" position="named" aliases=""><maml:name>PassThru</maml:name><maml:description><maml:para>Returns an object representing the item with which you are working. By default, this cmdlet does not generate any output.</maml:para></maml:description></command:parameter><command:parameter required="false" variableLength="false" globbing="false" pipelineInput="True (ByPropertyName)" position="named" aliases="RoutingDomainName"><maml:name>RoutingDomain</maml:name><maml:description><maml:para>Specifies the name, as a string, of the routing domain. The cmdlet adds the custom routes to the BGP routing table for this routing domain.</maml:para></maml:description><command:parameterValue required="true" variableLength="false">String</command:parameterValue></command:parameter><command:parameter required="false" variableLength="false" globbing="false" pipelineInput="false" position="named" aliases=""><maml:name>ThrottleLimit</maml:name><maml:description><maml:para>Specifies the maximum number of concurrent operations that can be established to run the cmdlet. If this parameter is omitted or a value of 0 is entered, then Windows PowerShell® calculates an optimum throttle limit for the cmdlet based on the number of CIM cmdlets that are running on the computer. The throttle limit applies only to the current cmdlet, not to the session or to the computer.</maml:para></maml:description><command:parameterValue required="true" variableLength="false">Int32</command:parameterValue></command:parameter></command:syntaxItem></command:syntax><command:parameters><command:parameter required="false" variableLength="false" globbing="false" pipelineInput="false" position="named" aliases=""><maml:name>AsJob</maml:name><maml:description><maml:para>Runs the cmdlet as a background job. Use this parameter to run commands that take a long time to complete. 
 The cmdlet immediately returns an object that represents the job and then displays the command prompt. You can continue to work in the session while the job completes. To manage the job, use the *-Job cmdlets. To get the job results, use the <maml:navigationLink><maml:linkText>Receive-Job</maml:linkText><maml:uri></maml:uri></maml:navigationLink> cmdlet. 
 For more information about Windows PowerShell® background jobs, see <maml:navigationLink><maml:linkText>about_Jobs</maml:linkText><maml:uri></maml:uri></maml:navigationLink>.</maml:para></maml:description><command:parameterValue required="false" variableLength="false">SwitchParameter</command:parameterValue><dev:type><maml:name>SwitchParameter</maml:name><maml:uri /></dev:type><dev:defaultValue></dev:defaultValue></command:parameter><command:parameter required="false" variableLength="true" globbing="false" pipelineInput="false" position="named" aliases="Session"><maml:name>CimSession</maml:name><maml:description><maml:para>Runs the cmdlet in a remote session or on a remote computer. Enter a computer name or a session object, such as the output of a <maml:navigationLink><maml:linkText>New-CimSession</maml:linkText><maml:uri></maml:uri></maml:navigationLink> or <maml:navigationLink><maml:linkText>Get-CimSession</maml:linkText><maml:uri></maml:uri></maml:navigationLink> cmdlet. The default is the current session on the local computer.</maml:para></maml:description><command:parameterValue required="true" variableLength="true">CimSession[]</command:parameterValue><dev:type><maml:name>CimSession[]</maml:name><maml:uri /></dev:type><dev:defaultValue></dev:defaultValue></command:parameter><command:parameter required="false" variableLength="true" globbing="false" pipelineInput="True (ByPropertyName)" position="named" aliases=""><maml:name>Interface</maml:name><maml:description><maml:para>Specifies an array of names of router interfaces. The cmdlet adds the static routes from these interfaces to the BGP routing table.</maml:para></maml:description><command:parameterValue required="true" variableLength="true">String[]</command:parameterValue><dev:type><maml:name>String[]</maml:name><maml:uri /></dev:type><dev:defaultValue></dev:defaultValue></command:parameter><command:parameter required="false" variableLength="true" globbing="false" pipelineInput="True (ByPropertyName)" position="named" aliases="DestinationNetwork"><maml:name>Network</maml:name><maml:description><maml:para>Specifies an array of network prefixes, in Classless InterDomain Routing (CIDR) notation. The cmdlet adds the routing information for the network prefixes to the BGP routing table.</maml:para></maml:description><command:parameterValue required="true" variableLength="true">String[]</command:parameterValue><dev:type><maml:name>String[]</maml:name><maml:uri /></dev:type><dev:defaultValue></dev:defaultValue></command:parameter><command:parameter required="false" variableLength="false" globbing="false" pipelineInput="false" position="named" aliases=""><maml:name>PassThru</maml:name><maml:description><maml:para>Returns an object representing the item with which you are working. By default, this cmdlet does not generate any output.</maml:para></maml:description><command:parameterValue required="false" variableLength="false">SwitchParameter</command:parameterValue><dev:type><maml:name>SwitchParameter</maml:name><maml:uri /></dev:type><dev:defaultValue></dev:defaultValue></command:parameter><command:parameter required="false" variableLength="false" globbing="false" pipelineInput="True (ByPropertyName)" position="named" aliases="RoutingDomainName"><maml:name>RoutingDomain</maml:name><maml:description><maml:para>Specifies the name, as a string, of the routing domain. The cmdlet adds the custom routes to the BGP routing table for this routing domain.</maml:para></maml:description><command:parameterValue required="true" variableLength="false">String</command:parameterValue><dev:type><maml:name>String</maml:name><maml:uri /></dev:type><dev:defaultValue></dev:defaultValue></command:parameter><command:parameter required="false" variableLength="false" globbing="false" pipelineInput="false" position="named" aliases=""><maml:name>ThrottleLimit</maml:name><maml:description><maml:para>Specifies the maximum number of concurrent operations that can be established to run the cmdlet. If this parameter is omitted or a value of 0 is entered, then Windows PowerShell® calculates an optimum throttle limit for the cmdlet based on the number of CIM cmdlets that are running on the computer. The throttle limit applies only to the current cmdlet, not to the session or to the computer.</maml:para></maml:description><command:parameterValue required="true" variableLength="false">Int32</command:parameterValue><dev:type><maml:name>Int32</maml:name><maml:uri /></dev:type><dev:defaultValue></dev:defaultValue></command:parameter></command:parameters><command:inputTypes><command:inputType><dev:type><maml:name></maml:name><maml:uri></maml:uri><maml:description><maml:para /></maml:description></dev:type><maml:description></maml:description></command:inputType></command:inputTypes><command:returnValues><command:returnValue><dev:type><maml:name>Microsoft.Management.Infrastructure.CimInstance#BgpCustomNetworkInfo</maml:name><maml:uri></maml:uri><maml:description><maml:para /></maml:description></dev:type><maml:description></maml:description></command:returnValue></command:returnValues><command:terminatingErrors /><command:nonTerminatingErrors /><command:examples><command:example><maml:title>Example 1: Add an interface to a BGP router</maml:title><maml:introduction><maml:para></maml:para></maml:introduction><dev:code>PS C:\&gt; Add-BgpCustomRoute -Interface "Ethernet" -PassThru




Interface : {Ethernet}
Network   :



</dev:code><dev:remarks><maml:para>This command adds the interface named Ethernet to the local BGP router. The cmdlet adds all the unicast IP addresses of the interface to the BGP router.</maml:para></dev:remarks><command:commandLines><command:commandLine><command:commandText /></command:commandLine></command:commandLines></command:example><command:example><maml:title>Example 2: Add a network prefix to a BGP router</maml:title><maml:introduction><maml:para></maml:para></maml:introduction><dev:code>PS C:\&gt; Add-BgpCustomRoute -Network "172.23.90.0/29" -PassThru




Interface : {Ethernet}
Network   : {172.23.90.0/29}




</dev:code><dev:remarks><maml:para>This command adds the routing information from the network prefix 172.23.90.0/29 to the local BGP router.</maml:para></dev:remarks><command:commandLines><command:commandLine><command:commandText /></command:commandLine></command:commandLines></command:example><command:example><maml:title>Example 3: Add an interface and a network prefix to a BGP router for a routing domain</maml:title><maml:introduction><maml:para></maml:para></maml:introduction><dev:code>PS C:\&gt; Add-BgpCustomRoute -Interface "VS1" -Network "172.23.90/29" -RoutingDomain "Rd_001" -PassThru




Interface : {Ethernet}
Network   : {172.23.90.0/29}




</dev:code><dev:remarks><maml:para>This command adds the routing information from the interface named VS1 and the network prefix 172.23.90.0 to the BGP router for the routing domain in a multitenant environment named Rd_001. The command includes the PassThru parameter, so the command sends a BgpCustomNetworkInfo object to the console.</maml:para></dev:remarks><command:commandLines><command:commandLine><command:commandText /></command:commandLine></command:commandLines></command:example></command:examples><maml:relatedLinks><maml:navigationLink><maml:linkText>Online Version:</maml:linkText><maml:uri>http://go.microsoft.com/fwlink/?LinkID=306203</maml:uri></maml:navigationLink><maml:navigationLink><maml:linkText>Get-BgpCustomRoute</maml:linkText><maml:uri /></maml:navigationLink><maml:navigationLink><maml:linkText>Remove-BgpCustomRoute</maml:linkText><maml:uri /></maml:navigationLink></maml:relatedLinks></command:command>

<command:command xmlns:maml="http://schemas.microsoft.com/maml/2004/10" xmlns:command="http://schemas.microsoft.com/maml/dev/command/2004/10" xmlns:dev="http://schemas.microsoft.com/maml/dev/2004/10" xmlns:MSHelp="http://msdn.microsoft.com/mshelp"><command:details><command:name>Get-BgpCustomRoute</command:name><maml:description><maml:para>Gets custom route information from the BGP router.</maml:para></maml:description><maml:copyright><maml:para /></maml:copyright><command:verb>Get</command:verb><command:noun>BgpCustomRoute</command:noun><dev:version /></command:details><maml:description><maml:para>The Get-BgpCustomRoute cmdlet gets custom route information from the Border Gateway Protocol (BGP) routing table. The cmdlet returns the interface and network mask for the custom routes from the BGP routing table. Custom routes are routes that an administrator configures and adds from a routing interface or network mask to the BGP routing table. If the BGP router is in a multitenant deployment, you must specify the RoutingDomain parameter. If the BGP router is not in a multitenant deployment, do not specify the RoutingDomain parameter,</maml:para></maml:description><command:syntax><command:syntaxItem><maml:name>Get-BgpCustomRoute</maml:name><command:parameter required="false" variableLength="false" globbing="false" pipelineInput="false" position="named" aliases=""><maml:name>AsJob</maml:name><maml:description><maml:para>Runs the cmdlet as a background job. Use this parameter to run commands that take a long time to complete. 
 The cmdlet immediately returns an object that represents the job and then displays the command prompt. You can continue to work in the session while the job completes. To manage the job, use the *-Job cmdlets. To get the job results, use the <maml:navigationLink><maml:linkText>Receive-Job</maml:linkText><maml:uri></maml:uri></maml:navigationLink> cmdlet. 
 For more information about Windows PowerShell® background jobs, see <maml:navigationLink><maml:linkText>about_Jobs</maml:linkText><maml:uri></maml:uri></maml:navigationLink>.</maml:para></maml:description></command:parameter><command:parameter required="false" variableLength="true" globbing="false" pipelineInput="false" position="named" aliases="Session"><maml:name>CimSession</maml:name><maml:description><maml:para>Runs the cmdlet in a remote session or on a remote computer. Enter a computer name or a session object, such as the output of a <maml:navigationLink><maml:linkText>New-CimSession</maml:linkText><maml:uri></maml:uri></maml:navigationLink> or <maml:navigationLink><maml:linkText>Get-CimSession</maml:linkText><maml:uri></maml:uri></maml:navigationLink> cmdlet. The default is the current session on the local computer.</maml:para></maml:description><command:parameterValue required="true" variableLength="true">CimSession[]</command:parameterValue></command:parameter><command:parameter required="false" variableLength="false" globbing="false" pipelineInput="True (ByPropertyName)" position="named" aliases="RoutingDomainName"><maml:name>RoutingDomain</maml:name><maml:description><maml:para>Specifies  the name, as a string, of a routing domain. The name of a routing domain is a unique user-defined alphanumeric string.</maml:para></maml:description><command:parameterValue required="true" variableLength="false">String</command:parameterValue></command:parameter><command:parameter required="false" variableLength="false" globbing="false" pipelineInput="false" position="named" aliases=""><maml:name>ThrottleLimit</maml:name><maml:description><maml:para>Specifies the maximum number of concurrent operations that can be established to run the cmdlet. If this parameter is omitted or a value of 0 is entered, then Windows PowerShell® calculates an optimum throttle limit for the cmdlet based on the number of CIM cmdlets that are running on the computer. The throttle limit applies only to the current cmdlet, not to the session or to the computer.</maml:para></maml:description><command:parameterValue required="true" variableLength="false">Int32</command:parameterValue></command:parameter></command:syntaxItem></command:syntax><command:parameters><command:parameter required="false" variableLength="false" globbing="false" pipelineInput="false" position="named" aliases=""><maml:name>AsJob</maml:name><maml:description><maml:para>Runs the cmdlet as a background job. Use this parameter to run commands that take a long time to complete. 
 The cmdlet immediately returns an object that represents the job and then displays the command prompt. You can continue to work in the session while the job completes. To manage the job, use the *-Job cmdlets. To get the job results, use the <maml:navigationLink><maml:linkText>Receive-Job</maml:linkText><maml:uri></maml:uri></maml:navigationLink> cmdlet. 
 For more information about Windows PowerShell® background jobs, see <maml:navigationLink><maml:linkText>about_Jobs</maml:linkText><maml:uri></maml:uri></maml:navigationLink>.</maml:para></maml:description><command:parameterValue required="false" variableLength="false">SwitchParameter</command:parameterValue><dev:type><maml:name>SwitchParameter</maml:name><maml:uri /></dev:type><dev:defaultValue></dev:defaultValue></command:parameter><command:parameter required="false" variableLength="true" globbing="false" pipelineInput="false" position="named" aliases="Session"><maml:name>CimSession</maml:name><maml:description><maml:para>Runs the cmdlet in a remote session or on a remote computer. Enter a computer name or a session object, such as the output of a <maml:navigationLink><maml:linkText>New-CimSession</maml:linkText><maml:uri></maml:uri></maml:navigationLink> or <maml:navigationLink><maml:linkText>Get-CimSession</maml:linkText><maml:uri></maml:uri></maml:navigationLink> cmdlet. The default is the current session on the local computer.</maml:para></maml:description><command:parameterValue required="true" variableLength="true">CimSession[]</command:parameterValue><dev:type><maml:name>CimSession[]</maml:name><maml:uri /></dev:type><dev:defaultValue></dev:defaultValue></command:parameter><command:parameter required="false" variableLength="false" globbing="false" pipelineInput="True (ByPropertyName)" position="named" aliases="RoutingDomainName"><maml:name>RoutingDomain</maml:name><maml:description><maml:para>Specifies  the name, as a string, of a routing domain. The name of a routing domain is a unique user-defined alphanumeric string.</maml:para></maml:description><command:parameterValue required="true" variableLength="false">String</command:parameterValue><dev:type><maml:name>String</maml:name><maml:uri /></dev:type><dev:defaultValue></dev:defaultValue></command:parameter><command:parameter required="false" variableLength="false" globbing="false" pipelineInput="false" position="named" aliases=""><maml:name>ThrottleLimit</maml:name><maml:description><maml:para>Specifies the maximum number of concurrent operations that can be established to run the cmdlet. If this parameter is omitted or a value of 0 is entered, then Windows PowerShell® calculates an optimum throttle limit for the cmdlet based on the number of CIM cmdlets that are running on the computer. The throttle limit applies only to the current cmdlet, not to the session or to the computer.</maml:para></maml:description><command:parameterValue required="true" variableLength="false">Int32</command:parameterValue><dev:type><maml:name>Int32</maml:name><maml:uri /></dev:type><dev:defaultValue></dev:defaultValue></command:parameter></command:parameters><command:inputTypes><command:inputType><dev:type><maml:name></maml:name><maml:uri></maml:uri><maml:description><maml:para /></maml:description></dev:type><maml:description></maml:description></command:inputType></command:inputTypes><command:returnValues><command:returnValue><dev:type><maml:name>Microsoft.Management.Infrastructure.CimInstance#BgpCustomNetworkInfo</maml:name><maml:uri></maml:uri><maml:description><maml:para /></maml:description></dev:type><maml:description></maml:description></command:returnValue></command:returnValues><command:terminatingErrors /><command:nonTerminatingErrors /><command:examples><command:example><maml:title>Example 1: Get all custom routes from the BGP router</maml:title><maml:introduction><maml:para></maml:para></maml:introduction><dev:code>PS C:\&gt; Get-BgpCustomRoute




Interface : {Ethernet}
Network   : {172.23.90.0/29}




</dev:code><dev:remarks><maml:para>This command gets all the interfaces and network prefixes for all custom routes from the BGP router.</maml:para></dev:remarks><command:commandLines><command:commandLine><command:commandText /></command:commandLine></command:commandLines></command:example><command:example><maml:title>Example 2: Get custom routes for a routing domain</maml:title><maml:introduction><maml:para></maml:para></maml:introduction><dev:code>PS C:\&gt; Get-BgpCustomRoute -RoutingDomain "Rd_001"




Interface : {VS1}
Network   :



</dev:code><dev:remarks><maml:para>This command gets the interfaces and network prefixes for all custom routes from the BGP router for the routing domain named Rd_001 in a multi-tenant environment.</maml:para></dev:remarks><command:commandLines><command:commandLine><command:commandText /></command:commandLine></command:commandLines></command:example></command:examples><maml:relatedLinks><maml:navigationLink><maml:linkText>Online Version:</maml:linkText><maml:uri>http://go.microsoft.com/fwlink/?LinkID=306204</maml:uri></maml:navigationLink><maml:navigationLink><maml:linkText>Add-BgpCustomRoute</maml:linkText><maml:uri /></maml:navigationLink><maml:navigationLink><maml:linkText>Remove-BgpCustomRoute</maml:linkText><maml:uri /></maml:navigationLink></maml:relatedLinks></command:command>

<command:command xmlns:maml="http://schemas.microsoft.com/maml/2004/10" xmlns:command="http://schemas.microsoft.com/maml/dev/command/2004/10" xmlns:dev="http://schemas.microsoft.com/maml/dev/2004/10" xmlns:MSHelp="http://msdn.microsoft.com/mshelp"><command:details><command:name>Remove-BgpCustomRoute</command:name><maml:description><maml:para>Removes custom routes from the BGP router.</maml:para></maml:description><maml:copyright><maml:para /></maml:copyright><command:verb>Remove</command:verb><command:noun>BgpCustomRoute</command:noun><dev:version /></command:details><maml:description><maml:para>The Remove-BgpCustomRoute cmdlet removes Classless InterDomain Routing (CIDR) prefixes or interfaces for custom routes from the Border Gateway Protocol (BGP) routing table. When you remove a custom route, the BGP router can no longer use the information from the CIDR network or interface to distribute routing information between autonomous systems (AS). In addition, the BGP router sends route withdrawal messages to peers to remove the previously advertised custom routes that you remove.</maml:para><maml:para>You must specify at least one of the Interface or Network parameters.</maml:para></maml:description><command:syntax><command:syntaxItem><maml:name>Remove-BgpCustomRoute</maml:name><command:parameter required="false" variableLength="false" globbing="false" pipelineInput="false" position="named" aliases=""><maml:name>AsJob</maml:name><maml:description><maml:para>Runs the cmdlet as a background job. Use this parameter to run commands that take a long time to complete. 
 The cmdlet immediately returns an object that represents the job and then displays the command prompt. You can continue to work in the session while the job completes. To manage the job, use the *-Job cmdlets. To get the job results, use the <maml:navigationLink><maml:linkText>Receive-Job</maml:linkText><maml:uri></maml:uri></maml:navigationLink> cmdlet. 
 For more information about Windows PowerShell® background jobs, see <maml:navigationLink><maml:linkText>about_Jobs</maml:linkText><maml:uri></maml:uri></maml:navigationLink>.</maml:para></maml:description></command:parameter><command:parameter required="false" variableLength="true" globbing="false" pipelineInput="false" position="named" aliases="Session"><maml:name>CimSession</maml:name><maml:description><maml:para>Runs the cmdlet in a remote session or on a remote computer. Enter a computer name or a session object, such as the output of a <maml:navigationLink><maml:linkText>New-CimSession</maml:linkText><maml:uri></maml:uri></maml:navigationLink> or <maml:navigationLink><maml:linkText>Get-CimSession</maml:linkText><maml:uri></maml:uri></maml:navigationLink> cmdlet. The default is the current session on the local computer.</maml:para></maml:description><command:parameterValue required="true" variableLength="true">CimSession[]</command:parameterValue></command:parameter><command:parameter required="false" variableLength="false" globbing="false" pipelineInput="false" position="named" aliases=""><maml:name>Force</maml:name><maml:description><maml:para>Forces the command to run without asking for user confirmation.</maml:para></maml:description></command:parameter><command:parameter required="false" variableLength="true" globbing="false" pipelineInput="True (ByPropertyName)" position="named" aliases=""><maml:name>Interface</maml:name><maml:description><maml:para>Specifies an array of names of router interfaces. The cmdlet removes the static routes for these interfaces from the BGP routing table.</maml:para></maml:description><command:parameterValue required="true" variableLength="true">String[]</command:parameterValue></command:parameter><command:parameter required="false" variableLength="true" globbing="false" pipelineInput="True (ByPropertyName)" position="named" aliases="DestinationNetwork"><maml:name>Network</maml:name><maml:description><maml:para>Specifies an array of network prefixes, in Classless InterDomain Routing (CIDR) notation. For IPv4 networks, you must specify the network prefix and its network mask. The cmdlet removes the routing information for the network prefixes from the BGP routing table.</maml:para></maml:description><command:parameterValue required="true" variableLength="true">String[]</command:parameterValue></command:parameter><command:parameter required="false" variableLength="false" globbing="false" pipelineInput="True (ByPropertyName)" position="named" aliases="RoutingDomainName"><maml:name>RoutingDomain</maml:name><maml:description><maml:para>Specifies the name, as a string, of a routing domain. The name of a routing domain is a unique user-defined alphanumeric string.</maml:para></maml:description><command:parameterValue required="true" variableLength="false">String</command:parameterValue></command:parameter><command:parameter required="false" variableLength="false" globbing="false" pipelineInput="false" position="named" aliases=""><maml:name>ThrottleLimit</maml:name><maml:description><maml:para>Specifies the maximum number of concurrent operations that can be established to run the cmdlet. If this parameter is omitted or a value of 0 is entered, then Windows PowerShell® calculates an optimum throttle limit for the cmdlet based on the number of CIM cmdlets that are running on the computer. The throttle limit applies only to the current cmdlet, not to the session or to the computer.</maml:para></maml:description><command:parameterValue required="true" variableLength="false">Int32</command:parameterValue></command:parameter><command:parameter required="false" variableLength="true" globbing="false" pipelineInput="false" position="named"><maml:name>Confirm</maml:name><maml:description><maml:para>Prompts you for confirmation before running the cmdlet.</maml:para></maml:description></command:parameter><command:parameter required="false" variableLength="true" globbing="false" pipelineInput="false" position="named"><maml:name>WhatIf</maml:name><maml:description><maml:para>Shows what would happen if the cmdlet runs. The cmdlet is not run.</maml:para></maml:description></command:parameter></command:syntaxItem></command:syntax><command:parameters><command:parameter required="false" variableLength="false" globbing="false" pipelineInput="false" position="named" aliases=""><maml:name>AsJob</maml:name><maml:description><maml:para>Runs the cmdlet as a background job. Use this parameter to run commands that take a long time to complete. 
 The cmdlet immediately returns an object that represents the job and then displays the command prompt. You can continue to work in the session while the job completes. To manage the job, use the *-Job cmdlets. To get the job results, use the <maml:navigationLink><maml:linkText>Receive-Job</maml:linkText><maml:uri></maml:uri></maml:navigationLink> cmdlet. 
 For more information about Windows PowerShell® background jobs, see <maml:navigationLink><maml:linkText>about_Jobs</maml:linkText><maml:uri></maml:uri></maml:navigationLink>.</maml:para></maml:description><command:parameterValue required="false" variableLength="false">SwitchParameter</command:parameterValue><dev:type><maml:name>SwitchParameter</maml:name><maml:uri /></dev:type><dev:defaultValue></dev:defaultValue></command:parameter><command:parameter required="false" variableLength="true" globbing="false" pipelineInput="false" position="named" aliases="Session"><maml:name>CimSession</maml:name><maml:description><maml:para>Runs the cmdlet in a remote session or on a remote computer. Enter a computer name or a session object, such as the output of a <maml:navigationLink><maml:linkText>New-CimSession</maml:linkText><maml:uri></maml:uri></maml:navigationLink> or <maml:navigationLink><maml:linkText>Get-CimSession</maml:linkText><maml:uri></maml:uri></maml:navigationLink> cmdlet. The default is the current session on the local computer.</maml:para></maml:description><command:parameterValue required="true" variableLength="true">CimSession[]</command:parameterValue><dev:type><maml:name>CimSession[]</maml:name><maml:uri /></dev:type><dev:defaultValue></dev:defaultValue></command:parameter><command:parameter required="false" variableLength="false" globbing="false" pipelineInput="false" position="named" aliases=""><maml:name>Force</maml:name><maml:description><maml:para>Forces the command to run without asking for user confirmation.</maml:para></maml:description><command:parameterValue required="false" variableLength="false">SwitchParameter</command:parameterValue><dev:type><maml:name>SwitchParameter</maml:name><maml:uri /></dev:type><dev:defaultValue></dev:defaultValue></command:parameter><command:parameter required="false" variableLength="true" globbing="false" pipelineInput="True (ByPropertyName)" position="named" aliases=""><maml:name>Interface</maml:name><maml:description><maml:para>Specifies an array of names of router interfaces. The cmdlet removes the static routes for these interfaces from the BGP routing table.</maml:para></maml:description><command:parameterValue required="true" variableLength="true">String[]</command:parameterValue><dev:type><maml:name>String[]</maml:name><maml:uri /></dev:type><dev:defaultValue></dev:defaultValue></command:parameter><command:parameter required="false" variableLength="true" globbing="false" pipelineInput="True (ByPropertyName)" position="named" aliases="DestinationNetwork"><maml:name>Network</maml:name><maml:description><maml:para>Specifies an array of network prefixes, in Classless InterDomain Routing (CIDR) notation. For IPv4 networks, you must specify the network prefix and its network mask. The cmdlet removes the routing information for the network prefixes from the BGP routing table.</maml:para></maml:description><command:parameterValue required="true" variableLength="true">String[]</command:parameterValue><dev:type><maml:name>String[]</maml:name><maml:uri /></dev:type><dev:defaultValue></dev:defaultValue></command:parameter><command:parameter required="false" variableLength="false" globbing="false" pipelineInput="True (ByPropertyName)" position="named" aliases="RoutingDomainName"><maml:name>RoutingDomain</maml:name><maml:description><maml:para>Specifies the name, as a string, of a routing domain. The name of a routing domain is a unique user-defined alphanumeric string.</maml:para></maml:description><command:parameterValue required="true" variableLength="false">String</command:parameterValue><dev:type><maml:name>String</maml:name><maml:uri /></dev:type><dev:defaultValue></dev:defaultValue></command:parameter><command:parameter required="false" variableLength="false" globbing="false" pipelineInput="false" position="named" aliases=""><maml:name>ThrottleLimit</maml:name><maml:description><maml:para>Specifies the maximum number of concurrent operations that can be established to run the cmdlet. If this parameter is omitted or a value of 0 is entered, then Windows PowerShell® calculates an optimum throttle limit for the cmdlet based on the number of CIM cmdlets that are running on the computer. The throttle limit applies only to the current cmdlet, not to the session or to the computer.</maml:para></maml:description><command:parameterValue required="true" variableLength="false">Int32</command:parameterValue><dev:type><maml:name>Int32</maml:name><maml:uri /></dev:type><dev:defaultValue></dev:defaultValue></command:parameter><command:parameter required="false" variableLength="true" globbing="false" pipelineInput="false" position="named"><maml:name>Confirm</maml:name><maml:description><maml:para>Prompts you for confirmation before running the cmdlet.</maml:para></maml:description><command:parameterValue required="false" variableLength="false">SwitchParameter</command:parameterValue><dev:type><maml:name>SwitchParameter</maml:name><maml:uri /></dev:type><dev:defaultValue>false</dev:defaultValue></command:parameter><command:parameter required="false" variableLength="true" globbing="false" pipelineInput="false" position="named"><maml:name>WhatIf</maml:name><maml:description><maml:para>Shows what would happen if the cmdlet runs. The cmdlet is not run.</maml:para></maml:description><command:parameterValue required="false" variableLength="false">SwitchParameter</command:parameterValue><dev:type><maml:name>SwitchParameter</maml:name><maml:uri /></dev:type><dev:defaultValue>false</dev:defaultValue></command:parameter></command:parameters><command:inputTypes><command:inputType><dev:type><maml:name></maml:name><maml:uri></maml:uri><maml:description><maml:para /></maml:description></dev:type><maml:description></maml:description></command:inputType></command:inputTypes><command:returnValues><command:returnValue><dev:type><maml:name></maml:name><maml:uri></maml:uri><maml:description><maml:para /></maml:description></dev:type><maml:description></maml:description></command:returnValue></command:returnValues><command:terminatingErrors /><command:nonTerminatingErrors /><command:examples><command:example><maml:title>Example 1: Remove a network prefix</maml:title><maml:introduction><maml:para></maml:para></maml:introduction><dev:code>PS C:\&gt; Remove-BgpCustomRoute -Network "172.23.90.0/29"



Confirm
Removing specified custom networks from BGP router. Do you want to continue?
[Y] Yes  [N] No  [S] Suspend  [?] Help (default is "Y"):Y

</dev:code><dev:remarks><maml:para>This command removes the network prefix of a custom network from the BGP routing table.</maml:para></dev:remarks><command:commandLines><command:commandLine><command:commandText /></command:commandLine></command:commandLines></command:example><command:example><maml:title>Example 2: Remove the interface for a routing domain</maml:title><maml:introduction><maml:para></maml:para></maml:introduction><dev:code>PS C:\&gt; Remove-BgpCustomRoute -Interface "VS01" -RoutingDomain Rd_002



Confirm
Removing specified custom networks from BGP router of Routing Domain Rd_002. Do you want to continue?
[Y] Yes  [N] No  [S] Suspend  [?] Help (default is "Y"):Y

</dev:code><dev:remarks><maml:para>This command removes the router interface named VS01 from the BGP routing table for the routing domain named Rd_002.</maml:para></dev:remarks><command:commandLines><command:commandLine><command:commandText /></command:commandLine></command:commandLines></command:example></command:examples><maml:relatedLinks><maml:navigationLink><maml:linkText>Online Version:</maml:linkText><maml:uri>http://go.microsoft.com/fwlink/?LinkID=306205</maml:uri></maml:navigationLink><maml:navigationLink><maml:linkText>Add-BgpCustomRoute</maml:linkText><maml:uri /></maml:navigationLink><maml:navigationLink><maml:linkText>Add-BgpCustomRoute</maml:linkText><maml:uri /></maml:navigationLink></maml:relatedLinks></command:command>

</helpItems>

