﻿<?xml version = "1.0" encoding = "utf-8" ?>

<helpItems schema="maml">

<command:command xmlns:maml="http://schemas.microsoft.com/maml/2004/10" xmlns:command="http://schemas.microsoft.com/maml/dev/command/2004/10" xmlns:dev="http://schemas.microsoft.com/maml/dev/2004/10" xmlns:MSHelp="http://msdn.microsoft.com/mshelp"><command:details><command:name>Add-BgpRoutingPolicy</command:name><maml:description><maml:para>Adds a BGP routing policy to the policy store.</maml:para></maml:description><maml:copyright><maml:para /></maml:copyright><command:verb>Add</command:verb><command:noun>BgpRoutingPolicy</command:noun><dev:version /></command:details><maml:description><maml:para>The Add-BgpRoutingPolicy cmdlet adds a Border Gateway Protocol (BGP) routing policy to the policy store. The cmdlet selects and configures the routes for the routing policy that match the criteria that you specify for this cmdlet. If you do not set any matching criteria, you must specify the Force parameter to add a BGP routing policy. You can set the criteria by specifying the following parameters: 

-- MatchASNRange
-- MatchCommunity
-- MatchNextHop
-- MatchPrefix</maml:para></maml:description><command:syntax><command:syntaxItem><maml:name>Add-BgpRoutingPolicy</maml:name><command:parameter required="true" variableLength="false" globbing="false" pipelineInput="True (ByPropertyName)" position="2" aliases="PolicyId,PolicyName"><maml:name>Name</maml:name><maml:description><maml:para>Specifies a name for the routing policy. The name of a routing policy must be unique.</maml:para></maml:description><command:parameterValue required="true" variableLength="false">String</command:parameterValue></command:parameter><command:parameter required="true" variableLength="false" globbing="false" pipelineInput="True (ByPropertyName)" position="3" aliases=""><maml:name>PolicyType</maml:name><maml:description><maml:para>Specifies the type of BGP routing policy or the filtering action that the cmdlet applies to the BGP routes that match the criteria that you specify for this cmdlet. The acceptable values for this parameter are: 

-- ModifyAttribute
-- Allow. The routing policy allows all routes that match the criteria for the BGP best path selection process.
-- Deny. The routing policy filters and drops all routes that match the criteria from the BGP best path selection process.</maml:para></maml:description><command:parameterValue required="true" variableLength="false">PolicyType</command:parameterValue></command:parameter><command:parameter required="false" variableLength="true" globbing="false" pipelineInput="True (ByPropertyName)" position="named" aliases=""><maml:name>AddCommunity</maml:name><maml:description><maml:para>Specifies an array of Community attribute values. The routing policy adds the Community attribute values to the BGP routes that match the criteria that you specify for  the routing policy.</maml:para></maml:description><command:parameterValue required="true" variableLength="true">String[]</command:parameterValue></command:parameter><command:parameter required="false" variableLength="false" globbing="false" pipelineInput="false" position="named" aliases=""><maml:name>AsJob</maml:name><maml:description><maml:para>Runs the cmdlet as a background job. Use this parameter to run commands that take a long time to complete. 
 The cmdlet immediately returns an object that represents the job and then displays the command prompt. You can continue to work in the session while the job completes. To manage the job, use the *-Job cmdlets. To get the job results, use the <maml:navigationLink><maml:linkText>Receive-Job</maml:linkText><maml:uri></maml:uri></maml:navigationLink> cmdlet. 
 For more information about Windows PowerShell® background jobs, see <maml:navigationLink><maml:linkText>about_Jobs</maml:linkText><maml:uri></maml:uri></maml:navigationLink>.</maml:para></maml:description></command:parameter><command:parameter required="false" variableLength="true" globbing="false" pipelineInput="false" position="named" aliases="Session"><maml:name>CimSession</maml:name><maml:description><maml:para>Runs the cmdlet in a remote session or on a remote computer. Enter a computer name or a session object, such as the output of a <maml:navigationLink><maml:linkText>New-CimSession</maml:linkText><maml:uri></maml:uri></maml:navigationLink> or <maml:navigationLink><maml:linkText>Get-CimSession</maml:linkText><maml:uri></maml:uri></maml:navigationLink> cmdlet. The default is the current session on the local computer.</maml:para></maml:description><command:parameterValue required="true" variableLength="true">CimSession[]</command:parameterValue></command:parameter><command:parameter required="false" variableLength="false" globbing="false" pipelineInput="True (ByPropertyName)" position="named" aliases=""><maml:name>ClearMED</maml:name><maml:description><maml:para>Indicates that the routing policy removes the Multi-Exit Discriminator (MED) value from the route advertisements of the BGP routes that match the criteria that you specify for the routing policy.</maml:para></maml:description></command:parameter><command:parameter required="false" variableLength="false" globbing="false" pipelineInput="false" position="named" aliases=""><maml:name>Force</maml:name><maml:description><maml:para>Forces the command to run without asking for user confirmation.</maml:para></maml:description></command:parameter><command:parameter required="false" variableLength="true" globbing="false" pipelineInput="True (ByPropertyName)" position="named" aliases=""><maml:name>IgnorePrefix</maml:name><maml:description><maml:para>Specifies an array of network prefixes. The cmdlet does not process routes that have the network prefix that you specify.</maml:para></maml:description><command:parameterValue required="true" variableLength="true">String[]</command:parameterValue></command:parameter><command:parameter required="false" variableLength="true" globbing="false" pipelineInput="True (ByPropertyName)" position="named" aliases=""><maml:name>MatchASNRange</maml:name><maml:description><maml:para>Specifies a range of autonomous system numbers (ASNs). The cmdlet matches these ASNs with the ASNs in the As-Path attribute in the BGP route advertisements. The cmdlet processes the routes that match these criteria.</maml:para></maml:description><command:parameterValue required="true" variableLength="true">UInt32[]</command:parameterValue></command:parameter><command:parameter required="false" variableLength="true" globbing="false" pipelineInput="True (ByPropertyName)" position="named" aliases=""><maml:name>MatchCommunity</maml:name><maml:description><maml:para>Specifies an array of Community attribute values. The cmdlet matches these Community attribute values in the BGP route advertisements. The cmdlet processes the routes that match these criteria.</maml:para></maml:description><command:parameterValue required="true" variableLength="true">String[]</command:parameterValue></command:parameter><command:parameter required="false" variableLength="true" globbing="false" pipelineInput="True (ByPropertyName)" position="named" aliases=""><maml:name>MatchNextHop</maml:name><maml:description><maml:para>Specifies an array of Next-Hop attribute values. The cmdlet matches these IP addresses in the BGP route advertisements, and it processes the routes that match these criteria.</maml:para></maml:description><command:parameterValue required="true" variableLength="true">IPAddress[]</command:parameterValue></command:parameter><command:parameter required="false" variableLength="true" globbing="false" pipelineInput="True (ByPropertyName)" position="named" aliases=""><maml:name>MatchPrefix</maml:name><maml:description><maml:para>Specifies an array of network prefixes. The cmdlet matches these network addresses in the BGP route advertisements, and it processes the routes that match these criteria.</maml:para></maml:description><command:parameterValue required="true" variableLength="true">String[]</command:parameterValue></command:parameter><command:parameter required="false" variableLength="false" globbing="false" pipelineInput="True (ByPropertyName)" position="named" aliases=""><maml:name>NewLocalPref</maml:name><maml:description><maml:para>Specifies a new value of the Local-Pref attribute of the BGP routes that match the criteria that you specify for this cmdlet.</maml:para></maml:description><command:parameterValue required="true" variableLength="false">UInt32</command:parameterValue></command:parameter><command:parameter required="false" variableLength="false" globbing="false" pipelineInput="True (ByPropertyName)" position="named" aliases=""><maml:name>NewMED</maml:name><maml:description><maml:para>Specifies a new value of the MED attribute of the BGP routes that match the criteria that you specify for this cmdlet.</maml:para></maml:description><command:parameterValue required="true" variableLength="false">UInt32</command:parameterValue></command:parameter><command:parameter required="false" variableLength="false" globbing="false" pipelineInput="True (ByPropertyName)" position="named" aliases=""><maml:name>NewNextHop</maml:name><maml:description><maml:para>Specifies a new IP address value for the Next-Hop attribute of the BGP routes that match the criteria that you specify for this cmdlet.</maml:para></maml:description><command:parameterValue required="true" variableLength="false">IPAddress</command:parameterValue></command:parameter><command:parameter required="false" variableLength="false" globbing="false" pipelineInput="false" position="named" aliases=""><maml:name>PassThru</maml:name><maml:description><maml:para>Returns an object representing the item with which you are working. By default, this cmdlet does not generate any output.</maml:para></maml:description></command:parameter><command:parameter required="false" variableLength="true" globbing="false" pipelineInput="True (ByPropertyName)" position="named" aliases=""><maml:name>RemoveCommunity</maml:name><maml:description><maml:para>Specifies an array of Community attribute values. The cmdlet removes the Community attribute values from the BGP routes that match the criteria that you specify for this cmdlet.</maml:para></maml:description><command:parameterValue required="true" variableLength="true">String[]</command:parameterValue></command:parameter><command:parameter required="false" variableLength="false" globbing="false" pipelineInput="True (ByPropertyName)" position="named" aliases="RoutingDomainName"><maml:name>RoutingDomain</maml:name><maml:description><maml:para>Specifies the name, as a string, of the routing domain. The ID of a routing domain is a user-defined alphanumeric string.</maml:para></maml:description><command:parameterValue required="true" variableLength="false">String</command:parameterValue></command:parameter><command:parameter required="false" variableLength="false" globbing="false" pipelineInput="false" position="named" aliases=""><maml:name>ThrottleLimit</maml:name><maml:description><maml:para>Specifies the maximum number of concurrent operations that can be established to run the cmdlet. If this parameter is omitted or a value of 0 is entered, then Windows PowerShell® calculates an optimum throttle limit for the cmdlet based on the number of CIM cmdlets that are running on the computer. The throttle limit applies only to the current cmdlet, not to the session or to the computer.</maml:para></maml:description><command:parameterValue required="true" variableLength="false">Int32</command:parameterValue></command:parameter></command:syntaxItem></command:syntax><command:parameters><command:parameter required="false" variableLength="true" globbing="false" pipelineInput="True (ByPropertyName)" position="named" aliases=""><maml:name>AddCommunity</maml:name><maml:description><maml:para>Specifies an array of Community attribute values. The routing policy adds the Community attribute values to the BGP routes that match the criteria that you specify for  the routing policy.</maml:para></maml:description><command:parameterValue required="true" variableLength="true">String[]</command:parameterValue><dev:type><maml:name>String[]</maml:name><maml:uri /></dev:type><dev:defaultValue></dev:defaultValue></command:parameter><command:parameter required="false" variableLength="false" globbing="false" pipelineInput="false" position="named" aliases=""><maml:name>AsJob</maml:name><maml:description><maml:para>Runs the cmdlet as a background job. Use this parameter to run commands that take a long time to complete. 
 The cmdlet immediately returns an object that represents the job and then displays the command prompt. You can continue to work in the session while the job completes. To manage the job, use the *-Job cmdlets. To get the job results, use the <maml:navigationLink><maml:linkText>Receive-Job</maml:linkText><maml:uri></maml:uri></maml:navigationLink> cmdlet. 
 For more information about Windows PowerShell® background jobs, see <maml:navigationLink><maml:linkText>about_Jobs</maml:linkText><maml:uri></maml:uri></maml:navigationLink>.</maml:para></maml:description><command:parameterValue required="false" variableLength="false">SwitchParameter</command:parameterValue><dev:type><maml:name>SwitchParameter</maml:name><maml:uri /></dev:type><dev:defaultValue></dev:defaultValue></command:parameter><command:parameter required="false" variableLength="true" globbing="false" pipelineInput="false" position="named" aliases="Session"><maml:name>CimSession</maml:name><maml:description><maml:para>Runs the cmdlet in a remote session or on a remote computer. Enter a computer name or a session object, such as the output of a <maml:navigationLink><maml:linkText>New-CimSession</maml:linkText><maml:uri></maml:uri></maml:navigationLink> or <maml:navigationLink><maml:linkText>Get-CimSession</maml:linkText><maml:uri></maml:uri></maml:navigationLink> cmdlet. The default is the current session on the local computer.</maml:para></maml:description><command:parameterValue required="true" variableLength="true">CimSession[]</command:parameterValue><dev:type><maml:name>CimSession[]</maml:name><maml:uri /></dev:type><dev:defaultValue></dev:defaultValue></command:parameter><command:parameter required="false" variableLength="false" globbing="false" pipelineInput="True (ByPropertyName)" position="named" aliases=""><maml:name>ClearMED</maml:name><maml:description><maml:para>Indicates that the routing policy removes the Multi-Exit Discriminator (MED) value from the route advertisements of the BGP routes that match the criteria that you specify for the routing policy.</maml:para></maml:description><command:parameterValue required="false" variableLength="false">SwitchParameter</command:parameterValue><dev:type><maml:name>SwitchParameter</maml:name><maml:uri /></dev:type><dev:defaultValue></dev:defaultValue></command:parameter><command:parameter required="false" variableLength="false" globbing="false" pipelineInput="false" position="named" aliases=""><maml:name>Force</maml:name><maml:description><maml:para>Forces the command to run without asking for user confirmation.</maml:para></maml:description><command:parameterValue required="false" variableLength="false">SwitchParameter</command:parameterValue><dev:type><maml:name>SwitchParameter</maml:name><maml:uri /></dev:type><dev:defaultValue></dev:defaultValue></command:parameter><command:parameter required="false" variableLength="true" globbing="false" pipelineInput="True (ByPropertyName)" position="named" aliases=""><maml:name>IgnorePrefix</maml:name><maml:description><maml:para>Specifies an array of network prefixes. The cmdlet does not process routes that have the network prefix that you specify.</maml:para></maml:description><command:parameterValue required="true" variableLength="true">String[]</command:parameterValue><dev:type><maml:name>String[]</maml:name><maml:uri /></dev:type><dev:defaultValue></dev:defaultValue></command:parameter><command:parameter required="false" variableLength="true" globbing="false" pipelineInput="True (ByPropertyName)" position="named" aliases=""><maml:name>MatchASNRange</maml:name><maml:description><maml:para>Specifies a range of autonomous system numbers (ASNs). The cmdlet matches these ASNs with the ASNs in the As-Path attribute in the BGP route advertisements. The cmdlet processes the routes that match these criteria.</maml:para></maml:description><command:parameterValue required="true" variableLength="true">UInt32[]</command:parameterValue><dev:type><maml:name>UInt32[]</maml:name><maml:uri /></dev:type><dev:defaultValue></dev:defaultValue></command:parameter><command:parameter required="false" variableLength="true" globbing="false" pipelineInput="True (ByPropertyName)" position="named" aliases=""><maml:name>MatchCommunity</maml:name><maml:description><maml:para>Specifies an array of Community attribute values. The cmdlet matches these Community attribute values in the BGP route advertisements. The cmdlet processes the routes that match these criteria.</maml:para></maml:description><command:parameterValue required="true" variableLength="true">String[]</command:parameterValue><dev:type><maml:name>String[]</maml:name><maml:uri /></dev:type><dev:defaultValue></dev:defaultValue></command:parameter><command:parameter required="false" variableLength="true" globbing="false" pipelineInput="True (ByPropertyName)" position="named" aliases=""><maml:name>MatchNextHop</maml:name><maml:description><maml:para>Specifies an array of Next-Hop attribute values. The cmdlet matches these IP addresses in the BGP route advertisements, and it processes the routes that match these criteria.</maml:para></maml:description><command:parameterValue required="true" variableLength="true">IPAddress[]</command:parameterValue><dev:type><maml:name>IPAddress[]</maml:name><maml:uri /></dev:type><dev:defaultValue></dev:defaultValue></command:parameter><command:parameter required="false" variableLength="true" globbing="false" pipelineInput="True (ByPropertyName)" position="named" aliases=""><maml:name>MatchPrefix</maml:name><maml:description><maml:para>Specifies an array of network prefixes. The cmdlet matches these network addresses in the BGP route advertisements, and it processes the routes that match these criteria.</maml:para></maml:description><command:parameterValue required="true" variableLength="true">String[]</command:parameterValue><dev:type><maml:name>String[]</maml:name><maml:uri /></dev:type><dev:defaultValue></dev:defaultValue></command:parameter><command:parameter required="true" variableLength="false" globbing="false" pipelineInput="True (ByPropertyName)" position="2" aliases="PolicyId,PolicyName"><maml:name>Name</maml:name><maml:description><maml:para>Specifies a name for the routing policy. The name of a routing policy must be unique.</maml:para></maml:description><command:parameterValue required="true" variableLength="false">String</command:parameterValue><dev:type><maml:name>String</maml:name><maml:uri /></dev:type><dev:defaultValue></dev:defaultValue></command:parameter><command:parameter required="false" variableLength="false" globbing="false" pipelineInput="True (ByPropertyName)" position="named" aliases=""><maml:name>NewLocalPref</maml:name><maml:description><maml:para>Specifies a new value of the Local-Pref attribute of the BGP routes that match the criteria that you specify for this cmdlet.</maml:para></maml:description><command:parameterValue required="true" variableLength="false">UInt32</command:parameterValue><dev:type><maml:name>UInt32</maml:name><maml:uri /></dev:type><dev:defaultValue></dev:defaultValue></command:parameter><command:parameter required="false" variableLength="false" globbing="false" pipelineInput="True (ByPropertyName)" position="named" aliases=""><maml:name>NewMED</maml:name><maml:description><maml:para>Specifies a new value of the MED attribute of the BGP routes that match the criteria that you specify for this cmdlet.</maml:para></maml:description><command:parameterValue required="true" variableLength="false">UInt32</command:parameterValue><dev:type><maml:name>UInt32</maml:name><maml:uri /></dev:type><dev:defaultValue></dev:defaultValue></command:parameter><command:parameter required="false" variableLength="false" globbing="false" pipelineInput="True (ByPropertyName)" position="named" aliases=""><maml:name>NewNextHop</maml:name><maml:description><maml:para>Specifies a new IP address value for the Next-Hop attribute of the BGP routes that match the criteria that you specify for this cmdlet.</maml:para></maml:description><command:parameterValue required="true" variableLength="false">IPAddress</command:parameterValue><dev:type><maml:name>IPAddress</maml:name><maml:uri /></dev:type><dev:defaultValue></dev:defaultValue></command:parameter><command:parameter required="false" variableLength="false" globbing="false" pipelineInput="false" position="named" aliases=""><maml:name>PassThru</maml:name><maml:description><maml:para>Returns an object representing the item with which you are working. By default, this cmdlet does not generate any output.</maml:para></maml:description><command:parameterValue required="false" variableLength="false">SwitchParameter</command:parameterValue><dev:type><maml:name>SwitchParameter</maml:name><maml:uri /></dev:type><dev:defaultValue></dev:defaultValue></command:parameter><command:parameter required="true" variableLength="false" globbing="false" pipelineInput="True (ByPropertyName)" position="3" aliases=""><maml:name>PolicyType</maml:name><maml:description><maml:para>Specifies the type of BGP routing policy or the filtering action that the cmdlet applies to the BGP routes that match the criteria that you specify for this cmdlet. The acceptable values for this parameter are: 

-- ModifyAttribute
-- Allow. The routing policy allows all routes that match the criteria for the BGP best path selection process.
-- Deny. The routing policy filters and drops all routes that match the criteria from the BGP best path selection process.</maml:para></maml:description><command:parameterValue required="true" variableLength="false">PolicyType</command:parameterValue><dev:type><maml:name>PolicyType</maml:name><maml:uri /></dev:type><dev:defaultValue></dev:defaultValue></command:parameter><command:parameter required="false" variableLength="true" globbing="false" pipelineInput="True (ByPropertyName)" position="named" aliases=""><maml:name>RemoveCommunity</maml:name><maml:description><maml:para>Specifies an array of Community attribute values. The cmdlet removes the Community attribute values from the BGP routes that match the criteria that you specify for this cmdlet.</maml:para></maml:description><command:parameterValue required="true" variableLength="true">String[]</command:parameterValue><dev:type><maml:name>String[]</maml:name><maml:uri /></dev:type><dev:defaultValue></dev:defaultValue></command:parameter><command:parameter required="false" variableLength="false" globbing="false" pipelineInput="True (ByPropertyName)" position="named" aliases="RoutingDomainName"><maml:name>RoutingDomain</maml:name><maml:description><maml:para>Specifies the name, as a string, of the routing domain. The ID of a routing domain is a user-defined alphanumeric string.</maml:para></maml:description><command:parameterValue required="true" variableLength="false">String</command:parameterValue><dev:type><maml:name>String</maml:name><maml:uri /></dev:type><dev:defaultValue></dev:defaultValue></command:parameter><command:parameter required="false" variableLength="false" globbing="false" pipelineInput="false" position="named" aliases=""><maml:name>ThrottleLimit</maml:name><maml:description><maml:para>Specifies the maximum number of concurrent operations that can be established to run the cmdlet. If this parameter is omitted or a value of 0 is entered, then Windows PowerShell® calculates an optimum throttle limit for the cmdlet based on the number of CIM cmdlets that are running on the computer. The throttle limit applies only to the current cmdlet, not to the session or to the computer.</maml:para></maml:description><command:parameterValue required="true" variableLength="false">Int32</command:parameterValue><dev:type><maml:name>Int32</maml:name><maml:uri /></dev:type><dev:defaultValue></dev:defaultValue></command:parameter></command:parameters><command:inputTypes><command:inputType><dev:type><maml:name></maml:name><maml:uri></maml:uri><maml:description><maml:para /></maml:description></dev:type><maml:description></maml:description></command:inputType></command:inputTypes><command:returnValues><command:returnValue><dev:type><maml:name>Microsoft.Management.Infrastructure.CimInstance#BgpRoutingPolicyConfig</maml:name><maml:uri></maml:uri><maml:description><maml:para /></maml:description></dev:type><maml:description></maml:description></command:returnValue></command:returnValues><command:terminatingErrors /><command:nonTerminatingErrors /><command:examples><command:example><maml:title>Example 1: Add a BGP routing policy that modifies router attributes</maml:title><maml:introduction><maml:para></maml:para></maml:introduction><dev:code>PS C:\&gt; Add-BgpRoutingPolicy -Name "RTPolicy04" -PolicyType ModifyAttribute -MatchPrefix 10.1.4.0/24 -IgnorePrefix 10.1.4.16/28 -NewLocalPref 400 -PassThru




PolicyName   : RTPolicy04
PolicyType   : ModifyAttribute
MatchClauses : MatchPrefix  : {10.1.4.0/24}
IgnorePrefix : {10.1.4.16/28}
SetClauses   : NewLocalPref : 400


</dev:code><dev:remarks><maml:para>This command adds a BGP routing policy named RTPolicy04 to the local BGP router. The routing policy modifies the Local-Pref attribute of the BGP routes that match the value of the MatchPrefix parameter. The command assigns the value of 400 to the Local-Pref attribute of the BGP routes that match the network prefix 10.1.4.0/24. The command specifies that the cmdlet does not modify the Local-Pref attribute of the BGP routes that have the network prefix 10.1.4.16/28.</maml:para></dev:remarks><command:commandLines><command:commandLine><command:commandText /></command:commandLine></command:commandLines></command:example><command:example><maml:title>Example 2: Add a BGP routing policy that disables routes</maml:title><maml:introduction><maml:para></maml:para></maml:introduction><dev:code>PS C:\&gt; Add-BgpRoutingPolicy -Name RTPolicy06 -PolicyType Deny -MatchASNRange 64545,64555 -PassThru




PolicyName   : RTPolicy06
PolicyType   : Deny
MatchClauses : MatchASNRange : {64545, 64555}
SetClauses   :



</dev:code><dev:remarks><maml:para>This command adds a BGP routing policy named RTPolicy06 to the local BGP router. The routing policy drops the routes that have an ASN in the range of 64545 to 64555 in the As-Path attribute from the BGP best path selection process..</maml:para></dev:remarks><command:commandLines><command:commandLine><command:commandText /></command:commandLine></command:commandLines></command:example><command:example><maml:title>Example 3: Add a BGP routing policy for a routing domain</maml:title><maml:introduction><maml:para></maml:para></maml:introduction><dev:code>PS C:\&gt; Add-BgpRoutingPolicy -Name RTPolicy01 -RoutingDomain "Rd_001" -PolicyType ModifyAttribute -MatchPrefix 10.1.4.0/24 -IgnorePrefix 10.1.4.16/28 -NewLocalPref 400 -PassThru | Format-Table



PolicyName                    PolicyType                    MatchClauses                  SetClauses
----------                    ----------                    ------------                  ----------
RTPolicy01                    ModifyAttribute               MatchPrefix  : {10.1.4.0/24}  NewLocalPref : 400
IgnorePrefix : {10.1.4.16/28}



</dev:code><dev:remarks><maml:para>This command adds a BGP routing policy named RTPolicy01 to the BGP router for the routing domain named Rd_001. The routing policy sets the value of the Local-Pref attribute of the BGP routes that match the value of the MatchPrefix parameter. The command specifies that the cmdlet does not modify the Local-Pref attribute of the BGP routes that have the network prefix 10.1.4.16/28. The command passes the results of the cmdlet to the Format-Table cmdlet by using the pipeline operator. The Format-Table cmdlet formats the output as a table. For more information, type Get-Help Format-Table.</maml:para></dev:remarks><command:commandLines><command:commandLine><command:commandText /></command:commandLine></command:commandLines></command:example></command:examples><maml:relatedLinks><maml:navigationLink><maml:linkText>Online Version:</maml:linkText><maml:uri>http://go.microsoft.com/fwlink/?LinkID=306217</maml:uri></maml:navigationLink><maml:navigationLink><maml:linkText>Get-BgpRoutingPolicy</maml:linkText><maml:uri /></maml:navigationLink><maml:navigationLink><maml:linkText>Set-BgpRoutingPolicy</maml:linkText><maml:uri /></maml:navigationLink><maml:navigationLink><maml:linkText>Remove-BgpRoutingPolicy</maml:linkText><maml:uri /></maml:navigationLink></maml:relatedLinks></command:command>

<command:command xmlns:maml="http://schemas.microsoft.com/maml/2004/10" xmlns:command="http://schemas.microsoft.com/maml/dev/command/2004/10" xmlns:dev="http://schemas.microsoft.com/maml/dev/2004/10" xmlns:MSHelp="http://msdn.microsoft.com/mshelp"><command:details><command:name>Get-BgpRoutingPolicy</command:name><maml:description><maml:para>Gets configuration information of BGP routing policies.</maml:para></maml:description><maml:copyright><maml:para /></maml:copyright><command:verb>Get</command:verb><command:noun>BgpRoutingPolicy</command:noun><dev:version /></command:details><maml:description><maml:para>The Get-BgpRoutingPolicy cmdlet gets configuration information of BGP routing policies from the policy store. You can specify the names and policy type of the routing policies to return. If you do not specify the Name and PolicyType parameters, the cmdlet returns all routing policies of the local BGP router.</maml:para></maml:description><command:syntax><command:syntaxItem><maml:name>Get-BgpRoutingPolicy</maml:name><command:parameter required="false" variableLength="true" globbing="false" pipelineInput="True (ByPropertyName)" position="2" aliases="PolicyList,PolicyId,PolicyName"><maml:name>Name</maml:name><maml:description><maml:para>Specifies an array of names of policies.</maml:para></maml:description><command:parameterValue required="true" variableLength="true">String[]</command:parameterValue></command:parameter><command:parameter required="false" variableLength="false" globbing="false" pipelineInput="false" position="named" aliases=""><maml:name>AsJob</maml:name><maml:description><maml:para>Runs the cmdlet as a background job. Use this parameter to run commands that take a long time to complete. 
 The cmdlet immediately returns an object that represents the job and then displays the command prompt. You can continue to work in the session while the job completes. To manage the job, use the *-Job cmdlets. To get the job results, use the <maml:navigationLink><maml:linkText>Receive-Job</maml:linkText><maml:uri></maml:uri></maml:navigationLink> cmdlet. 
 For more information about Windows PowerShell® background jobs, see <maml:navigationLink><maml:linkText>about_Jobs</maml:linkText><maml:uri></maml:uri></maml:navigationLink>.</maml:para></maml:description></command:parameter><command:parameter required="false" variableLength="true" globbing="false" pipelineInput="false" position="named" aliases="Session"><maml:name>CimSession</maml:name><maml:description><maml:para>Runs the cmdlet in a remote session or on a remote computer. Enter a computer name or a session object, such as the output of a <maml:navigationLink><maml:linkText>New-CimSession</maml:linkText><maml:uri></maml:uri></maml:navigationLink> or <maml:navigationLink><maml:linkText>Get-CimSession</maml:linkText><maml:uri></maml:uri></maml:navigationLink> cmdlet. The default is the current session on the local computer.</maml:para></maml:description><command:parameterValue required="true" variableLength="true">CimSession[]</command:parameterValue></command:parameter><command:parameter required="false" variableLength="false" globbing="false" pipelineInput="True (ByPropertyName)" position="named" aliases=""><maml:name>PolicyType</maml:name><maml:description><maml:para>Specifies the type of BGP routing policy. The acceptable values for this parameter are: 

-- ModifyAttribute
-- Allow
-- Deny</maml:para></maml:description><command:parameterValue required="true" variableLength="false">PolicyType</command:parameterValue></command:parameter><command:parameter required="false" variableLength="false" globbing="false" pipelineInput="True (ByPropertyName)" position="named" aliases="RoutingDomainName"><maml:name>RoutingDomain</maml:name><maml:description><maml:para>Specifies a name, as a string, of a routing domain. The name of a routing domain is a unique user-defined alphanumeric string.</maml:para></maml:description><command:parameterValue required="true" variableLength="false">String</command:parameterValue></command:parameter><command:parameter required="false" variableLength="false" globbing="false" pipelineInput="false" position="named" aliases=""><maml:name>ThrottleLimit</maml:name><maml:description><maml:para>Specifies the maximum number of concurrent operations that can be established to run the cmdlet. If this parameter is omitted or a value of 0 is entered, then Windows PowerShell® calculates an optimum throttle limit for the cmdlet based on the number of CIM cmdlets that are running on the computer. The throttle limit applies only to the current cmdlet, not to the session or to the computer.</maml:para></maml:description><command:parameterValue required="true" variableLength="false">Int32</command:parameterValue></command:parameter></command:syntaxItem></command:syntax><command:parameters><command:parameter required="false" variableLength="false" globbing="false" pipelineInput="false" position="named" aliases=""><maml:name>AsJob</maml:name><maml:description><maml:para>Runs the cmdlet as a background job. Use this parameter to run commands that take a long time to complete. 
 The cmdlet immediately returns an object that represents the job and then displays the command prompt. You can continue to work in the session while the job completes. To manage the job, use the *-Job cmdlets. To get the job results, use the <maml:navigationLink><maml:linkText>Receive-Job</maml:linkText><maml:uri></maml:uri></maml:navigationLink> cmdlet. 
 For more information about Windows PowerShell® background jobs, see <maml:navigationLink><maml:linkText>about_Jobs</maml:linkText><maml:uri></maml:uri></maml:navigationLink>.</maml:para></maml:description><command:parameterValue required="false" variableLength="false">SwitchParameter</command:parameterValue><dev:type><maml:name>SwitchParameter</maml:name><maml:uri /></dev:type><dev:defaultValue></dev:defaultValue></command:parameter><command:parameter required="false" variableLength="true" globbing="false" pipelineInput="false" position="named" aliases="Session"><maml:name>CimSession</maml:name><maml:description><maml:para>Runs the cmdlet in a remote session or on a remote computer. Enter a computer name or a session object, such as the output of a <maml:navigationLink><maml:linkText>New-CimSession</maml:linkText><maml:uri></maml:uri></maml:navigationLink> or <maml:navigationLink><maml:linkText>Get-CimSession</maml:linkText><maml:uri></maml:uri></maml:navigationLink> cmdlet. The default is the current session on the local computer.</maml:para></maml:description><command:parameterValue required="true" variableLength="true">CimSession[]</command:parameterValue><dev:type><maml:name>CimSession[]</maml:name><maml:uri /></dev:type><dev:defaultValue></dev:defaultValue></command:parameter><command:parameter required="false" variableLength="true" globbing="false" pipelineInput="True (ByPropertyName)" position="2" aliases="PolicyList,PolicyId,PolicyName"><maml:name>Name</maml:name><maml:description><maml:para>Specifies an array of names of policies.</maml:para></maml:description><command:parameterValue required="true" variableLength="true">String[]</command:parameterValue><dev:type><maml:name>String[]</maml:name><maml:uri /></dev:type><dev:defaultValue></dev:defaultValue></command:parameter><command:parameter required="false" variableLength="false" globbing="false" pipelineInput="True (ByPropertyName)" position="named" aliases=""><maml:name>PolicyType</maml:name><maml:description><maml:para>Specifies the type of BGP routing policy. The acceptable values for this parameter are: 

-- ModifyAttribute
-- Allow
-- Deny</maml:para></maml:description><command:parameterValue required="true" variableLength="false">PolicyType</command:parameterValue><dev:type><maml:name>PolicyType</maml:name><maml:uri /></dev:type><dev:defaultValue></dev:defaultValue></command:parameter><command:parameter required="false" variableLength="false" globbing="false" pipelineInput="True (ByPropertyName)" position="named" aliases="RoutingDomainName"><maml:name>RoutingDomain</maml:name><maml:description><maml:para>Specifies a name, as a string, of a routing domain. The name of a routing domain is a unique user-defined alphanumeric string.</maml:para></maml:description><command:parameterValue required="true" variableLength="false">String</command:parameterValue><dev:type><maml:name>String</maml:name><maml:uri /></dev:type><dev:defaultValue></dev:defaultValue></command:parameter><command:parameter required="false" variableLength="false" globbing="false" pipelineInput="false" position="named" aliases=""><maml:name>ThrottleLimit</maml:name><maml:description><maml:para>Specifies the maximum number of concurrent operations that can be established to run the cmdlet. If this parameter is omitted or a value of 0 is entered, then Windows PowerShell® calculates an optimum throttle limit for the cmdlet based on the number of CIM cmdlets that are running on the computer. The throttle limit applies only to the current cmdlet, not to the session or to the computer.</maml:para></maml:description><command:parameterValue required="true" variableLength="false">Int32</command:parameterValue><dev:type><maml:name>Int32</maml:name><maml:uri /></dev:type><dev:defaultValue></dev:defaultValue></command:parameter></command:parameters><command:inputTypes><command:inputType><dev:type><maml:name></maml:name><maml:uri></maml:uri><maml:description><maml:para /></maml:description></dev:type><maml:description></maml:description></command:inputType></command:inputTypes><command:returnValues><command:returnValue><dev:type><maml:name>Microsoft.Management.Infrastructure.CimInstance#BgpRoutingPolicyConfig[]</maml:name><maml:uri></maml:uri><maml:description><maml:para /></maml:description></dev:type><maml:description></maml:description></command:returnValue></command:returnValues><command:terminatingErrors /><command:nonTerminatingErrors /><command:examples><command:example><maml:title>Example 1: Get BGP routing policies by using a name</maml:title><maml:introduction><maml:para></maml:para></maml:introduction><dev:code>PS C:\&gt; Get-BgpRoutingPolicy -Name "RTPolicy01", "RTPolicy02", "RTPolicy04", "RTPolicy07"


Get-BgpRoutingPolicy : Policy RTPolicy07 not found.
At line:1 char:1
+ Get-BgpRoutingPolicy RTPolicy01, RTPolicy02, RTPolicy04, RTPolicy07
+ ~~~~~~~~~~~~~~~~~~~~~~~~~~~~~~~~~~~~~~~~~~~~~~~~~~~~~~~~~~~~~~~~~~~
+ CategoryInfo          : ObjectNotFound: (PS_BgpRoutingPolicy:root/Microsoft/...gpRoutingPolicy) [Get-BgpRoutingP
olicy], CimException
+ FullyQualifiedErrorId : HRESULT 80070490,Get-BgpRoutingPolicy

PolicyName   : RTPolicy04
PolicyType   : ModifyAttribute
MatchClauses : MatchPrefix  : {10.1.4.0/24}
IgnorePrefix : {10.1.4.16/28}
SetClauses   : NewLocalPref : 400

PolicyName   : RTPolicy01
PolicyType   : ModifyAttribute
MatchClauses : MatchASNRange : {64522, 64555}
SetClauses   : NewMED       : 100
AddCommunity : {645:2}

PolicyName   : RTPolicy02
PolicyType   : ModifyAttribute
MatchClauses : MatchASNRange : {64522, 64555}
SetClauses   : NewMED       : 100
AddCommunity : {645:2}



</dev:code><dev:remarks><maml:para>This command gets the BGP routing policies named RTPolicy01, RTPolicy02, RTPolicy04, and RTPolicy07.</maml:para></dev:remarks><command:commandLines><command:commandLine><command:commandText /></command:commandLine></command:commandLines></command:example><command:example><maml:title>Example 2: Get all BGP routing policies</maml:title><maml:introduction><maml:para></maml:para></maml:introduction><dev:code>PS C:\&gt; Get-BgpRoutingPolicy




PolicyName   : RTPolicy04
PolicyType   : ModifyAttribute
MatchClauses : MatchPrefix  : {10.1.4.0/24}
IgnorePrefix : {10.1.4.16/28}
SetClauses   : NewLocalPref : 400

PolicyName   : RTPolicy05
PolicyType   : ModifyAttribute
MatchClauses : MatchCommunity : {100:500}
SetClauses   : NewMED : 500

PolicyName   : RTPolicy01
PolicyType   : ModifyAttribute
MatchClauses : MatchASNRange : {64522, 64555}
SetClauses   : NewMED       : 100
AddCommunity : {645:2}

PolicyName   : RTPolicy02
PolicyType   : ModifyAttribute
MatchClauses : MatchASNRange : {64522, 64555}
SetClauses   : NewMED       : 100
AddCommunity : {645:2}

PolicyName   : RTPolicy06
PolicyType   : Deny
MatchClauses : MatchASNRange  : {64545, 64555}
MatchCommunity : {100:500}
SetClauses   :



</dev:code><dev:remarks><maml:para>This command gets all BGP Routing policies in the policy store.</maml:para></dev:remarks><command:commandLines><command:commandLine><command:commandText /></command:commandLine></command:commandLines></command:example><command:example><maml:title>Example 3: Get BGP Routing policies by using a policy type</maml:title><maml:introduction><maml:para></maml:para></maml:introduction><dev:code>PS C:\&gt; Get-BgpRoutingPolicy -PolicyType ModifyAttribute




PolicyName   : RTPolicy04
PolicyType   : ModifyAttribute
MatchClauses : MatchPrefix  : {10.1.4.0/24}
IgnorePrefix : {10.1.4.16/28}
SetClauses   : NewLocalPref : 400

PolicyName   : RTPolicy05
PolicyType   : ModifyAttribute
MatchClauses : MatchCommunity : {100:500}
SetClauses   : NewMED : 500

PolicyName   : RTPolicy01
PolicyType   : ModifyAttribute
MatchClauses : MatchASNRange : {64522, 64555}
SetClauses   : NewMED       : 100
AddCommunity : {645:2}

PolicyName   : RTPolicy02
PolicyType   : ModifyAttribute
MatchClauses : MatchASNRange : {64522, 64555}
SetClauses   : NewMED       : 100
AddCommunity : {645:2}



</dev:code><dev:remarks><maml:para>This command gets the BGP Routing policies in the policy store that are a ModifyAttribute type of policy.</maml:para></dev:remarks><command:commandLines><command:commandLine><command:commandText /></command:commandLine></command:commandLines></command:example><command:example><maml:title>Example 4: Get BGP Routing policies for a Routing Domain</maml:title><maml:introduction><maml:para></maml:para></maml:introduction><dev:code>PS C:\&gt; Get-BgpRoutingPolicy -RoutingDomain "Rd_001" | ft



PolicyName                    PolicyType                    MatchClauses                  SetClauses
----------                    ----------                    ------------                  ----------
RTPolicy04                    ModifyAttribute               MatchPrefix  : {10.1.4.0/24}  NewLocalPref : 300
IgnorePrefix : {10.1.4.16/28}



</dev:code><dev:remarks><maml:para>This command gets all the BGP routing policies in the policy store for the routing domain named Rd_001 in a multi-tenant environment. The command passes the results of the cmdlet to the Format-Table cmdlet by using the pipeline operator. The Format-Table cmdlet formats the output as a table. For more information, type Get-Help Format-Table.</maml:para></dev:remarks><command:commandLines><command:commandLine><command:commandText /></command:commandLine></command:commandLines></command:example></command:examples><maml:relatedLinks><maml:navigationLink><maml:linkText>Online Version:</maml:linkText><maml:uri>http://go.microsoft.com/fwlink/?LinkID=306218</maml:uri></maml:navigationLink><maml:navigationLink><maml:linkText>Set-BgpRoutingPolicy</maml:linkText><maml:uri /></maml:navigationLink><maml:navigationLink><maml:linkText>Add-BgpRoutingPolicy</maml:linkText><maml:uri /></maml:navigationLink><maml:navigationLink><maml:linkText>Remove-BgpRoutingPolicy</maml:linkText><maml:uri /></maml:navigationLink></maml:relatedLinks></command:command>

<command:command xmlns:maml="http://schemas.microsoft.com/maml/2004/10" xmlns:command="http://schemas.microsoft.com/maml/dev/command/2004/10" xmlns:dev="http://schemas.microsoft.com/maml/dev/2004/10" xmlns:MSHelp="http://msdn.microsoft.com/mshelp"><command:details><command:name>Remove-BgpRoutingPolicy</command:name><maml:description><maml:para>Removes routing policies from the policy store.</maml:para></maml:description><maml:copyright><maml:para /></maml:copyright><command:verb>Remove</command:verb><command:noun>BgpRoutingPolicy</command:noun><dev:version /></command:details><maml:description><maml:para>The Remove-BgpRoutingPolicy cmdlet removes Border Gateway Protocol (BGP) routing policies from the policy store. Specify the names of the routing policies to remove. When you remove a routing policy, the BGP router no longer uses the policy to learn and distribute routing information between autonomous systems (AS).</maml:para></maml:description><command:syntax><command:syntaxItem><maml:name>Remove-BgpRoutingPolicy</maml:name><command:parameter required="true" variableLength="true" globbing="false" pipelineInput="True (ByPropertyName)" position="2" aliases="PolicyList,PolicyId,PolicyName"><maml:name>Name</maml:name><maml:description><maml:para>Specifies an array of names of policies.</maml:para></maml:description><command:parameterValue required="true" variableLength="true">String[]</command:parameterValue></command:parameter><command:parameter required="false" variableLength="false" globbing="false" pipelineInput="false" position="named" aliases=""><maml:name>AsJob</maml:name><maml:description><maml:para>Runs the cmdlet as a background job. Use this parameter to run commands that take a long time to complete. 
 The cmdlet immediately returns an object that represents the job and then displays the command prompt. You can continue to work in the session while the job completes. To manage the job, use the *-Job cmdlets. To get the job results, use the <maml:navigationLink><maml:linkText>Receive-Job</maml:linkText><maml:uri></maml:uri></maml:navigationLink> cmdlet. 
 For more information about Windows PowerShell® background jobs, see <maml:navigationLink><maml:linkText>about_Jobs</maml:linkText><maml:uri></maml:uri></maml:navigationLink>.</maml:para></maml:description></command:parameter><command:parameter required="false" variableLength="true" globbing="false" pipelineInput="false" position="named" aliases="Session"><maml:name>CimSession</maml:name><maml:description><maml:para>Runs the cmdlet in a remote session or on a remote computer. Enter a computer name or a session object, such as the output of a <maml:navigationLink><maml:linkText>New-CimSession</maml:linkText><maml:uri></maml:uri></maml:navigationLink> or <maml:navigationLink><maml:linkText>Get-CimSession</maml:linkText><maml:uri></maml:uri></maml:navigationLink> cmdlet. The default is the current session on the local computer.</maml:para></maml:description><command:parameterValue required="true" variableLength="true">CimSession[]</command:parameterValue></command:parameter><command:parameter required="false" variableLength="false" globbing="false" pipelineInput="false" position="named" aliases=""><maml:name>Force</maml:name><maml:description><maml:para>Forces the command to run without asking for user confirmation.</maml:para></maml:description></command:parameter><command:parameter required="false" variableLength="false" globbing="false" pipelineInput="True (ByPropertyName)" position="named" aliases="RoutingDomainName"><maml:name>RoutingDomain</maml:name><maml:description><maml:para>Specifies a name, as a string, of a routing domain. The name of a routing domain is a unique user-defined alphanumeric string.</maml:para></maml:description><command:parameterValue required="true" variableLength="false">String</command:parameterValue></command:parameter><command:parameter required="false" variableLength="false" globbing="false" pipelineInput="false" position="named" aliases=""><maml:name>ThrottleLimit</maml:name><maml:description><maml:para>Specifies the maximum number of concurrent operations that can be established to run the cmdlet. If this parameter is omitted or a value of 0 is entered, then Windows PowerShell® calculates an optimum throttle limit for the cmdlet based on the number of CIM cmdlets that are running on the computer. The throttle limit applies only to the current cmdlet, not to the session or to the computer.</maml:para></maml:description><command:parameterValue required="true" variableLength="false">Int32</command:parameterValue></command:parameter><command:parameter required="false" variableLength="true" globbing="false" pipelineInput="false" position="named"><maml:name>Confirm</maml:name><maml:description><maml:para>Prompts you for confirmation before running the cmdlet.</maml:para></maml:description></command:parameter><command:parameter required="false" variableLength="true" globbing="false" pipelineInput="false" position="named"><maml:name>WhatIf</maml:name><maml:description><maml:para>Shows what would happen if the cmdlet runs. The cmdlet is not run.</maml:para></maml:description></command:parameter></command:syntaxItem></command:syntax><command:parameters><command:parameter required="false" variableLength="false" globbing="false" pipelineInput="false" position="named" aliases=""><maml:name>AsJob</maml:name><maml:description><maml:para>Runs the cmdlet as a background job. Use this parameter to run commands that take a long time to complete. 
 The cmdlet immediately returns an object that represents the job and then displays the command prompt. You can continue to work in the session while the job completes. To manage the job, use the *-Job cmdlets. To get the job results, use the <maml:navigationLink><maml:linkText>Receive-Job</maml:linkText><maml:uri></maml:uri></maml:navigationLink> cmdlet. 
 For more information about Windows PowerShell® background jobs, see <maml:navigationLink><maml:linkText>about_Jobs</maml:linkText><maml:uri></maml:uri></maml:navigationLink>.</maml:para></maml:description><command:parameterValue required="false" variableLength="false">SwitchParameter</command:parameterValue><dev:type><maml:name>SwitchParameter</maml:name><maml:uri /></dev:type><dev:defaultValue></dev:defaultValue></command:parameter><command:parameter required="false" variableLength="true" globbing="false" pipelineInput="false" position="named" aliases="Session"><maml:name>CimSession</maml:name><maml:description><maml:para>Runs the cmdlet in a remote session or on a remote computer. Enter a computer name or a session object, such as the output of a <maml:navigationLink><maml:linkText>New-CimSession</maml:linkText><maml:uri></maml:uri></maml:navigationLink> or <maml:navigationLink><maml:linkText>Get-CimSession</maml:linkText><maml:uri></maml:uri></maml:navigationLink> cmdlet. The default is the current session on the local computer.</maml:para></maml:description><command:parameterValue required="true" variableLength="true">CimSession[]</command:parameterValue><dev:type><maml:name>CimSession[]</maml:name><maml:uri /></dev:type><dev:defaultValue></dev:defaultValue></command:parameter><command:parameter required="false" variableLength="false" globbing="false" pipelineInput="false" position="named" aliases=""><maml:name>Force</maml:name><maml:description><maml:para>Forces the command to run without asking for user confirmation.</maml:para></maml:description><command:parameterValue required="false" variableLength="false">SwitchParameter</command:parameterValue><dev:type><maml:name>SwitchParameter</maml:name><maml:uri /></dev:type><dev:defaultValue></dev:defaultValue></command:parameter><command:parameter required="true" variableLength="true" globbing="false" pipelineInput="True (ByPropertyName)" position="2" aliases="PolicyList,PolicyId,PolicyName"><maml:name>Name</maml:name><maml:description><maml:para>Specifies an array of names of policies.</maml:para></maml:description><command:parameterValue required="true" variableLength="true">String[]</command:parameterValue><dev:type><maml:name>String[]</maml:name><maml:uri /></dev:type><dev:defaultValue></dev:defaultValue></command:parameter><command:parameter required="false" variableLength="false" globbing="false" pipelineInput="True (ByPropertyName)" position="named" aliases="RoutingDomainName"><maml:name>RoutingDomain</maml:name><maml:description><maml:para>Specifies a name, as a string, of a routing domain. The name of a routing domain is a unique user-defined alphanumeric string.</maml:para></maml:description><command:parameterValue required="true" variableLength="false">String</command:parameterValue><dev:type><maml:name>String</maml:name><maml:uri /></dev:type><dev:defaultValue></dev:defaultValue></command:parameter><command:parameter required="false" variableLength="false" globbing="false" pipelineInput="false" position="named" aliases=""><maml:name>ThrottleLimit</maml:name><maml:description><maml:para>Specifies the maximum number of concurrent operations that can be established to run the cmdlet. If this parameter is omitted or a value of 0 is entered, then Windows PowerShell® calculates an optimum throttle limit for the cmdlet based on the number of CIM cmdlets that are running on the computer. The throttle limit applies only to the current cmdlet, not to the session or to the computer.</maml:para></maml:description><command:parameterValue required="true" variableLength="false">Int32</command:parameterValue><dev:type><maml:name>Int32</maml:name><maml:uri /></dev:type><dev:defaultValue></dev:defaultValue></command:parameter><command:parameter required="false" variableLength="true" globbing="false" pipelineInput="false" position="named"><maml:name>Confirm</maml:name><maml:description><maml:para>Prompts you for confirmation before running the cmdlet.</maml:para></maml:description><command:parameterValue required="false" variableLength="false">SwitchParameter</command:parameterValue><dev:type><maml:name>SwitchParameter</maml:name><maml:uri /></dev:type><dev:defaultValue>false</dev:defaultValue></command:parameter><command:parameter required="false" variableLength="true" globbing="false" pipelineInput="false" position="named"><maml:name>WhatIf</maml:name><maml:description><maml:para>Shows what would happen if the cmdlet runs. The cmdlet is not run.</maml:para></maml:description><command:parameterValue required="false" variableLength="false">SwitchParameter</command:parameterValue><dev:type><maml:name>SwitchParameter</maml:name><maml:uri /></dev:type><dev:defaultValue>false</dev:defaultValue></command:parameter></command:parameters><command:inputTypes><command:inputType><dev:type><maml:name></maml:name><maml:uri></maml:uri><maml:description><maml:para /></maml:description></dev:type><maml:description></maml:description></command:inputType></command:inputTypes><command:returnValues><command:returnValue><dev:type><maml:name></maml:name><maml:uri></maml:uri><maml:description><maml:para /></maml:description></dev:type><maml:description></maml:description></command:returnValue></command:returnValues><command:terminatingErrors /><command:nonTerminatingErrors /><command:examples><command:example><maml:title>Example 1: Remove BGP routing policies</maml:title><maml:introduction><maml:para></maml:para></maml:introduction><dev:code>PS C:\&gt; Remove-BgpRoutingPolicy -Name "RTPolicy01", "RTPolicy02"



Confirm
BGP routing policy RTPolicy01, RTPolicy02 could currently be active. Do you want to remove policy and restart
corresponding peerings?
[Y] Yes  [N] No  [S] Suspend  [?] Help (default is "Y"):
PS C:\Users\Administrator&gt;

</dev:code><dev:remarks><maml:para>This command removes the BGP routing policies named RTPolicy01 and RTPolicy02. The command prompts the user for confirmation before removing the policies from the policy store.</maml:para></dev:remarks><command:commandLines><command:commandLine><command:commandText /></command:commandLine></command:commandLines></command:example><command:example><maml:title>Example 2: Remove BGP routing policies without confirmation</maml:title><maml:introduction><maml:para></maml:para></maml:introduction><dev:code>PS C:\&gt; Get-BgpRoutingPolicy | Remove-BgpRoutingPolicy -Force

</dev:code><dev:remarks><maml:para>This command removes all the BGP routing policies from the policy store. Because the cmdlet uses the Force parameter, the cmdlet removes the routing policies without prompting the user for confirmation. </maml:para></dev:remarks><command:commandLines><command:commandLine><command:commandText /></command:commandLine></command:commandLines></command:example><command:example><maml:title>Example 3: Remove BGP routing policies for a routing domain</maml:title><maml:introduction><maml:para></maml:para></maml:introduction><dev:code>PS C:\&gt; Remove-BgpRoutingPolicy -Name "RTPolicy04" -RoutingDomain "Rd_001"



Confirm
BGP routing policy RTPolicy04 could currently be active. Do you want to remove policy and restart corresponding
peerings for routing domain Rd_001?
[Y] Yes  [N] No  [S] Suspend  [?] Help (default is "Y"): y



</dev:code><dev:remarks><maml:para>This command removes the routing policy named RTPolicy04 from the BGP router for the routing domain named Rd_001. The command prompts the user for confirmation before removing the policy from the policy store.</maml:para></dev:remarks><command:commandLines><command:commandLine><command:commandText /></command:commandLine></command:commandLines></command:example></command:examples><maml:relatedLinks><maml:navigationLink><maml:linkText>Online Version:</maml:linkText><maml:uri>http://go.microsoft.com/fwlink/?LinkID=306219</maml:uri></maml:navigationLink><maml:navigationLink><maml:linkText>Get-BgpRoutingPolicy</maml:linkText><maml:uri /></maml:navigationLink><maml:navigationLink><maml:linkText>Set-BgpRoutingPolicy</maml:linkText><maml:uri /></maml:navigationLink><maml:navigationLink><maml:linkText>Add-BgpRoutingPolicy</maml:linkText><maml:uri /></maml:navigationLink></maml:relatedLinks></command:command>

<command:command xmlns:maml="http://schemas.microsoft.com/maml/2004/10" xmlns:command="http://schemas.microsoft.com/maml/dev/command/2004/10" xmlns:dev="http://schemas.microsoft.com/maml/dev/2004/10" xmlns:MSHelp="http://msdn.microsoft.com/mshelp"><command:details><command:name>Set-BgpRoutingPolicy</command:name><maml:description><maml:para>Modifies a routing policy configuration.</maml:para></maml:description><maml:copyright><maml:para /></maml:copyright><command:verb>Set</command:verb><command:noun>BgpRoutingPolicy</command:noun><dev:version /></command:details><maml:description><maml:para>The Set-BgpRoutingPolicy cmdlet modifies the configuration of a BGP routing policy. The cmdlet selects and configures the routes for the routing policy that match the criteria that you specify for this cmdlet. You can set the criteria by specifying the following parameters: 

-- MatchASNRange
-- MatchCommunity
-- MatchNextHop
-- MatchPrefix</maml:para></maml:description><command:syntax><command:syntaxItem><maml:name>Set-BgpRoutingPolicy</maml:name><command:parameter required="true" variableLength="false" globbing="false" pipelineInput="True (ByPropertyName)" position="2" aliases="PolicyId,PolicyName"><maml:name>Name</maml:name><maml:description><maml:para>Specifies the name of a routing policy.</maml:para></maml:description><command:parameterValue required="true" variableLength="false">String</command:parameterValue></command:parameter><command:parameter required="false" variableLength="true" globbing="false" pipelineInput="True (ByPropertyName)" position="named" aliases=""><maml:name>AddCommunity</maml:name><maml:description><maml:para>Specifies an array of Community attribute values. The cmdlet adds the Community attribute values to the BGP routes that match the criteria that you specify for this cmdlet.</maml:para></maml:description><command:parameterValue required="true" variableLength="true">String[]</command:parameterValue></command:parameter><command:parameter required="false" variableLength="false" globbing="false" pipelineInput="false" position="named" aliases=""><maml:name>AsJob</maml:name><maml:description><maml:para>Runs the cmdlet as a background job. Use this parameter to run commands that take a long time to complete. 
 The cmdlet immediately returns an object that represents the job and then displays the command prompt. You can continue to work in the session while the job completes. To manage the job, use the *-Job cmdlets. To get the job results, use the <maml:navigationLink><maml:linkText>Receive-Job</maml:linkText><maml:uri></maml:uri></maml:navigationLink> cmdlet. 
 For more information about Windows PowerShell® background jobs, see <maml:navigationLink><maml:linkText>about_Jobs</maml:linkText><maml:uri></maml:uri></maml:navigationLink>.</maml:para></maml:description></command:parameter><command:parameter required="false" variableLength="true" globbing="false" pipelineInput="false" position="named" aliases="Session"><maml:name>CimSession</maml:name><maml:description><maml:para>Runs the cmdlet in a remote session or on a remote computer. Enter a computer name or a session object, such as the output of a <maml:navigationLink><maml:linkText>New-CimSession</maml:linkText><maml:uri></maml:uri></maml:navigationLink> or <maml:navigationLink><maml:linkText>Get-CimSession</maml:linkText><maml:uri></maml:uri></maml:navigationLink> cmdlet. The default is the current session on the local computer.</maml:para></maml:description><command:parameterValue required="true" variableLength="true">CimSession[]</command:parameterValue></command:parameter><command:parameter required="false" variableLength="false" globbing="false" pipelineInput="True (ByPropertyName)" position="named" aliases=""><maml:name>ClearMED</maml:name><maml:description><maml:para>Indicates that the cmdlet removes the Multi-Exit Discriminator (MED) value from the route advertisements of the BGP routes that match the criteria that you specify for this cmdlet.</maml:para></maml:description></command:parameter><command:parameter required="false" variableLength="false" globbing="false" pipelineInput="false" position="named" aliases=""><maml:name>Force</maml:name><maml:description><maml:para>Forces the command to run without asking for user confirmation.</maml:para></maml:description></command:parameter><command:parameter required="false" variableLength="true" globbing="false" pipelineInput="True (ByPropertyName)" position="named" aliases=""><maml:name>IgnorePrefix</maml:name><maml:description><maml:para>Specifies an array of network prefixes. The cmdlet does not process routes that have the network prefix that you specify.</maml:para></maml:description><command:parameterValue required="true" variableLength="true">String[]</command:parameterValue></command:parameter><command:parameter required="false" variableLength="true" globbing="false" pipelineInput="True (ByPropertyName)" position="named" aliases=""><maml:name>MatchASNRange</maml:name><maml:description><maml:para>Specifies a range of autonomous system numbers (ASNs). The cmdlet matches these ASNs with the ASNs in the As-Path attribute in the BGP route advertisements. The cmdlet processes the routes that match these criteria.</maml:para></maml:description><command:parameterValue required="true" variableLength="true">UInt32[]</command:parameterValue></command:parameter><command:parameter required="false" variableLength="true" globbing="false" pipelineInput="True (ByPropertyName)" position="named" aliases=""><maml:name>MatchCommunity</maml:name><maml:description><maml:para>Specifies an array of Community attribute values. The cmdlet matches these Community attribute values in the BGP route advertisements. The cmdlet processes the routes that match these criteria.</maml:para></maml:description><command:parameterValue required="true" variableLength="true">String[]</command:parameterValue></command:parameter><command:parameter required="false" variableLength="true" globbing="false" pipelineInput="True (ByPropertyName)" position="named" aliases=""><maml:name>MatchNextHop</maml:name><maml:description><maml:para>Specifies an array of Next-Hop attribute values. The cmdlet matches these IP addresses in the BGP route advertisements, and it processes the routes that match these criteria.</maml:para></maml:description><command:parameterValue required="true" variableLength="true">IPAddress[]</command:parameterValue></command:parameter><command:parameter required="false" variableLength="true" globbing="false" pipelineInput="True (ByPropertyName)" position="named" aliases=""><maml:name>MatchPrefix</maml:name><maml:description><maml:para>Specifies an array of network prefixes. The cmdlet matches these network addresses in the BGP route advertisements and processes the routes that match this criteria.</maml:para></maml:description><command:parameterValue required="true" variableLength="true">String[]</command:parameterValue></command:parameter><command:parameter required="false" variableLength="false" globbing="false" pipelineInput="True (ByPropertyName)" position="named" aliases=""><maml:name>NewLocalPref</maml:name><maml:description><maml:para>Specifies a new value of the Local-Pref attribute of the BGP routes that match the criteria that you specify for this cmdlet.</maml:para></maml:description><command:parameterValue required="true" variableLength="false">UInt32</command:parameterValue></command:parameter><command:parameter required="false" variableLength="false" globbing="false" pipelineInput="True (ByPropertyName)" position="named" aliases=""><maml:name>NewMED</maml:name><maml:description><maml:para>Specifies anew value of the MED attribute of the BGP routes that match the criteria that you specify for this cmdlet.</maml:para></maml:description><command:parameterValue required="true" variableLength="false">UInt32</command:parameterValue></command:parameter><command:parameter required="false" variableLength="false" globbing="false" pipelineInput="True (ByPropertyName)" position="named" aliases=""><maml:name>NewNextHop</maml:name><maml:description><maml:para>Specifies a new IP address value of the Next-Hop attribute of the BGP routes that match the criteria that you specify for this cmdlet. </maml:para></maml:description><command:parameterValue required="true" variableLength="false">IPAddress</command:parameterValue></command:parameter><command:parameter required="false" variableLength="false" globbing="false" pipelineInput="false" position="named" aliases=""><maml:name>PassThru</maml:name><maml:description><maml:para>Returns an object representing the item with which you are working. By default, this cmdlet does not generate any output.</maml:para></maml:description></command:parameter><command:parameter required="false" variableLength="false" globbing="false" pipelineInput="True (ByPropertyName)" position="named" aliases=""><maml:name>PolicyType</maml:name><maml:description><maml:para>Specifies the type of BGP routing policy or the filtering action that the cmdlet applies to the BGP routes that match the criteria that you specify for this cmdlet. The acceptable values for this parameter are: 

-- ModifyAttribute
-- Allow. The routing policy allows all routes that match the criteria for the BGP best path selection process.
-- Deny. The routing policy filters and drops all routes that match the criteria from the BGP best path selection process.</maml:para></maml:description><command:parameterValue required="true" variableLength="false">PolicyType</command:parameterValue></command:parameter><command:parameter required="false" variableLength="true" globbing="false" pipelineInput="True (ByPropertyName)" position="named" aliases=""><maml:name>RemoveCommunity</maml:name><maml:description><maml:para>Specifies an array of Community attribute values. The cmdlet removes the Community attribute values from the BGP routes that match the criteria that you specify for this cmdlet.</maml:para></maml:description><command:parameterValue required="true" variableLength="true">String[]</command:parameterValue></command:parameter><command:parameter required="false" variableLength="true" globbing="false" pipelineInput="false" position="named" aliases=""><maml:name>RemovePolicyClause</maml:name><maml:description><maml:para>Specified an array of policy clauses. The cmdlet removes these policy clauses from the routing policy.</maml:para></maml:description><command:parameterValue required="true" variableLength="true">String[]</command:parameterValue></command:parameter><command:parameter required="false" variableLength="false" globbing="false" pipelineInput="True (ByPropertyName)" position="named" aliases="RoutingDomainName"><maml:name>RoutingDomain</maml:name><maml:description><maml:para>Specifies a name, as a string, for a routing domain. The name of a routing domain is a unique user-defined alphanumeric string.</maml:para></maml:description><command:parameterValue required="true" variableLength="false">String</command:parameterValue></command:parameter><command:parameter required="false" variableLength="false" globbing="false" pipelineInput="false" position="named" aliases=""><maml:name>ThrottleLimit</maml:name><maml:description><maml:para>Specifies the maximum number of concurrent operations that can be established to run the cmdlet. If this parameter is omitted or a value of 0 is entered, then Windows PowerShell® calculates an optimum throttle limit for the cmdlet based on the number of CIM cmdlets that are running on the computer. The throttle limit applies only to the current cmdlet, not to the session or to the computer.</maml:para></maml:description><command:parameterValue required="true" variableLength="false">Int32</command:parameterValue></command:parameter><command:parameter required="false" variableLength="true" globbing="false" pipelineInput="false" position="named"><maml:name>Confirm</maml:name><maml:description><maml:para>Prompts you for confirmation before running the cmdlet.</maml:para></maml:description></command:parameter><command:parameter required="false" variableLength="true" globbing="false" pipelineInput="false" position="named"><maml:name>WhatIf</maml:name><maml:description><maml:para>Shows what would happen if the cmdlet runs. The cmdlet is not run.</maml:para></maml:description></command:parameter></command:syntaxItem></command:syntax><command:parameters><command:parameter required="false" variableLength="true" globbing="false" pipelineInput="True (ByPropertyName)" position="named" aliases=""><maml:name>AddCommunity</maml:name><maml:description><maml:para>Specifies an array of Community attribute values. The cmdlet adds the Community attribute values to the BGP routes that match the criteria that you specify for this cmdlet.</maml:para></maml:description><command:parameterValue required="true" variableLength="true">String[]</command:parameterValue><dev:type><maml:name>String[]</maml:name><maml:uri /></dev:type><dev:defaultValue></dev:defaultValue></command:parameter><command:parameter required="false" variableLength="false" globbing="false" pipelineInput="false" position="named" aliases=""><maml:name>AsJob</maml:name><maml:description><maml:para>Runs the cmdlet as a background job. Use this parameter to run commands that take a long time to complete. 
 The cmdlet immediately returns an object that represents the job and then displays the command prompt. You can continue to work in the session while the job completes. To manage the job, use the *-Job cmdlets. To get the job results, use the <maml:navigationLink><maml:linkText>Receive-Job</maml:linkText><maml:uri></maml:uri></maml:navigationLink> cmdlet. 
 For more information about Windows PowerShell® background jobs, see <maml:navigationLink><maml:linkText>about_Jobs</maml:linkText><maml:uri></maml:uri></maml:navigationLink>.</maml:para></maml:description><command:parameterValue required="false" variableLength="false">SwitchParameter</command:parameterValue><dev:type><maml:name>SwitchParameter</maml:name><maml:uri /></dev:type><dev:defaultValue></dev:defaultValue></command:parameter><command:parameter required="false" variableLength="true" globbing="false" pipelineInput="false" position="named" aliases="Session"><maml:name>CimSession</maml:name><maml:description><maml:para>Runs the cmdlet in a remote session or on a remote computer. Enter a computer name or a session object, such as the output of a <maml:navigationLink><maml:linkText>New-CimSession</maml:linkText><maml:uri></maml:uri></maml:navigationLink> or <maml:navigationLink><maml:linkText>Get-CimSession</maml:linkText><maml:uri></maml:uri></maml:navigationLink> cmdlet. The default is the current session on the local computer.</maml:para></maml:description><command:parameterValue required="true" variableLength="true">CimSession[]</command:parameterValue><dev:type><maml:name>CimSession[]</maml:name><maml:uri /></dev:type><dev:defaultValue></dev:defaultValue></command:parameter><command:parameter required="false" variableLength="false" globbing="false" pipelineInput="True (ByPropertyName)" position="named" aliases=""><maml:name>ClearMED</maml:name><maml:description><maml:para>Indicates that the cmdlet removes the Multi-Exit Discriminator (MED) value from the route advertisements of the BGP routes that match the criteria that you specify for this cmdlet.</maml:para></maml:description><command:parameterValue required="false" variableLength="false">SwitchParameter</command:parameterValue><dev:type><maml:name>SwitchParameter</maml:name><maml:uri /></dev:type><dev:defaultValue></dev:defaultValue></command:parameter><command:parameter required="false" variableLength="false" globbing="false" pipelineInput="false" position="named" aliases=""><maml:name>Force</maml:name><maml:description><maml:para>Forces the command to run without asking for user confirmation.</maml:para></maml:description><command:parameterValue required="false" variableLength="false">SwitchParameter</command:parameterValue><dev:type><maml:name>SwitchParameter</maml:name><maml:uri /></dev:type><dev:defaultValue></dev:defaultValue></command:parameter><command:parameter required="false" variableLength="true" globbing="false" pipelineInput="True (ByPropertyName)" position="named" aliases=""><maml:name>IgnorePrefix</maml:name><maml:description><maml:para>Specifies an array of network prefixes. The cmdlet does not process routes that have the network prefix that you specify.</maml:para></maml:description><command:parameterValue required="true" variableLength="true">String[]</command:parameterValue><dev:type><maml:name>String[]</maml:name><maml:uri /></dev:type><dev:defaultValue></dev:defaultValue></command:parameter><command:parameter required="false" variableLength="true" globbing="false" pipelineInput="True (ByPropertyName)" position="named" aliases=""><maml:name>MatchASNRange</maml:name><maml:description><maml:para>Specifies a range of autonomous system numbers (ASNs). The cmdlet matches these ASNs with the ASNs in the As-Path attribute in the BGP route advertisements. The cmdlet processes the routes that match these criteria.</maml:para></maml:description><command:parameterValue required="true" variableLength="true">UInt32[]</command:parameterValue><dev:type><maml:name>UInt32[]</maml:name><maml:uri /></dev:type><dev:defaultValue></dev:defaultValue></command:parameter><command:parameter required="false" variableLength="true" globbing="false" pipelineInput="True (ByPropertyName)" position="named" aliases=""><maml:name>MatchCommunity</maml:name><maml:description><maml:para>Specifies an array of Community attribute values. The cmdlet matches these Community attribute values in the BGP route advertisements. The cmdlet processes the routes that match these criteria.</maml:para></maml:description><command:parameterValue required="true" variableLength="true">String[]</command:parameterValue><dev:type><maml:name>String[]</maml:name><maml:uri /></dev:type><dev:defaultValue></dev:defaultValue></command:parameter><command:parameter required="false" variableLength="true" globbing="false" pipelineInput="True (ByPropertyName)" position="named" aliases=""><maml:name>MatchNextHop</maml:name><maml:description><maml:para>Specifies an array of Next-Hop attribute values. The cmdlet matches these IP addresses in the BGP route advertisements, and it processes the routes that match these criteria.</maml:para></maml:description><command:parameterValue required="true" variableLength="true">IPAddress[]</command:parameterValue><dev:type><maml:name>IPAddress[]</maml:name><maml:uri /></dev:type><dev:defaultValue></dev:defaultValue></command:parameter><command:parameter required="false" variableLength="true" globbing="false" pipelineInput="True (ByPropertyName)" position="named" aliases=""><maml:name>MatchPrefix</maml:name><maml:description><maml:para>Specifies an array of network prefixes. The cmdlet matches these network addresses in the BGP route advertisements and processes the routes that match this criteria.</maml:para></maml:description><command:parameterValue required="true" variableLength="true">String[]</command:parameterValue><dev:type><maml:name>String[]</maml:name><maml:uri /></dev:type><dev:defaultValue></dev:defaultValue></command:parameter><command:parameter required="true" variableLength="false" globbing="false" pipelineInput="True (ByPropertyName)" position="2" aliases="PolicyId,PolicyName"><maml:name>Name</maml:name><maml:description><maml:para>Specifies the name of a routing policy.</maml:para></maml:description><command:parameterValue required="true" variableLength="false">String</command:parameterValue><dev:type><maml:name>String</maml:name><maml:uri /></dev:type><dev:defaultValue></dev:defaultValue></command:parameter><command:parameter required="false" variableLength="false" globbing="false" pipelineInput="True (ByPropertyName)" position="named" aliases=""><maml:name>NewLocalPref</maml:name><maml:description><maml:para>Specifies a new value of the Local-Pref attribute of the BGP routes that match the criteria that you specify for this cmdlet.</maml:para></maml:description><command:parameterValue required="true" variableLength="false">UInt32</command:parameterValue><dev:type><maml:name>UInt32</maml:name><maml:uri /></dev:type><dev:defaultValue></dev:defaultValue></command:parameter><command:parameter required="false" variableLength="false" globbing="false" pipelineInput="True (ByPropertyName)" position="named" aliases=""><maml:name>NewMED</maml:name><maml:description><maml:para>Specifies anew value of the MED attribute of the BGP routes that match the criteria that you specify for this cmdlet.</maml:para></maml:description><command:parameterValue required="true" variableLength="false">UInt32</command:parameterValue><dev:type><maml:name>UInt32</maml:name><maml:uri /></dev:type><dev:defaultValue></dev:defaultValue></command:parameter><command:parameter required="false" variableLength="false" globbing="false" pipelineInput="True (ByPropertyName)" position="named" aliases=""><maml:name>NewNextHop</maml:name><maml:description><maml:para>Specifies a new IP address value of the Next-Hop attribute of the BGP routes that match the criteria that you specify for this cmdlet. </maml:para></maml:description><command:parameterValue required="true" variableLength="false">IPAddress</command:parameterValue><dev:type><maml:name>IPAddress</maml:name><maml:uri /></dev:type><dev:defaultValue></dev:defaultValue></command:parameter><command:parameter required="false" variableLength="false" globbing="false" pipelineInput="false" position="named" aliases=""><maml:name>PassThru</maml:name><maml:description><maml:para>Returns an object representing the item with which you are working. By default, this cmdlet does not generate any output.</maml:para></maml:description><command:parameterValue required="false" variableLength="false">SwitchParameter</command:parameterValue><dev:type><maml:name>SwitchParameter</maml:name><maml:uri /></dev:type><dev:defaultValue></dev:defaultValue></command:parameter><command:parameter required="false" variableLength="false" globbing="false" pipelineInput="True (ByPropertyName)" position="named" aliases=""><maml:name>PolicyType</maml:name><maml:description><maml:para>Specifies the type of BGP routing policy or the filtering action that the cmdlet applies to the BGP routes that match the criteria that you specify for this cmdlet. The acceptable values for this parameter are: 

-- ModifyAttribute
-- Allow. The routing policy allows all routes that match the criteria for the BGP best path selection process.
-- Deny. The routing policy filters and drops all routes that match the criteria from the BGP best path selection process.</maml:para></maml:description><command:parameterValue required="true" variableLength="false">PolicyType</command:parameterValue><dev:type><maml:name>PolicyType</maml:name><maml:uri /></dev:type><dev:defaultValue></dev:defaultValue></command:parameter><command:parameter required="false" variableLength="true" globbing="false" pipelineInput="True (ByPropertyName)" position="named" aliases=""><maml:name>RemoveCommunity</maml:name><maml:description><maml:para>Specifies an array of Community attribute values. The cmdlet removes the Community attribute values from the BGP routes that match the criteria that you specify for this cmdlet.</maml:para></maml:description><command:parameterValue required="true" variableLength="true">String[]</command:parameterValue><dev:type><maml:name>String[]</maml:name><maml:uri /></dev:type><dev:defaultValue></dev:defaultValue></command:parameter><command:parameter required="false" variableLength="true" globbing="false" pipelineInput="false" position="named" aliases=""><maml:name>RemovePolicyClause</maml:name><maml:description><maml:para>Specified an array of policy clauses. The cmdlet removes these policy clauses from the routing policy.</maml:para></maml:description><command:parameterValue required="true" variableLength="true">String[]</command:parameterValue><dev:type><maml:name>String[]</maml:name><maml:uri /></dev:type><dev:defaultValue></dev:defaultValue></command:parameter><command:parameter required="false" variableLength="false" globbing="false" pipelineInput="True (ByPropertyName)" position="named" aliases="RoutingDomainName"><maml:name>RoutingDomain</maml:name><maml:description><maml:para>Specifies a name, as a string, for a routing domain. The name of a routing domain is a unique user-defined alphanumeric string.</maml:para></maml:description><command:parameterValue required="true" variableLength="false">String</command:parameterValue><dev:type><maml:name>String</maml:name><maml:uri /></dev:type><dev:defaultValue></dev:defaultValue></command:parameter><command:parameter required="false" variableLength="false" globbing="false" pipelineInput="false" position="named" aliases=""><maml:name>ThrottleLimit</maml:name><maml:description><maml:para>Specifies the maximum number of concurrent operations that can be established to run the cmdlet. If this parameter is omitted or a value of 0 is entered, then Windows PowerShell® calculates an optimum throttle limit for the cmdlet based on the number of CIM cmdlets that are running on the computer. The throttle limit applies only to the current cmdlet, not to the session or to the computer.</maml:para></maml:description><command:parameterValue required="true" variableLength="false">Int32</command:parameterValue><dev:type><maml:name>Int32</maml:name><maml:uri /></dev:type><dev:defaultValue></dev:defaultValue></command:parameter><command:parameter required="false" variableLength="true" globbing="false" pipelineInput="false" position="named"><maml:name>Confirm</maml:name><maml:description><maml:para>Prompts you for confirmation before running the cmdlet.</maml:para></maml:description><command:parameterValue required="false" variableLength="false">SwitchParameter</command:parameterValue><dev:type><maml:name>SwitchParameter</maml:name><maml:uri /></dev:type><dev:defaultValue>false</dev:defaultValue></command:parameter><command:parameter required="false" variableLength="true" globbing="false" pipelineInput="false" position="named"><maml:name>WhatIf</maml:name><maml:description><maml:para>Shows what would happen if the cmdlet runs. The cmdlet is not run.</maml:para></maml:description><command:parameterValue required="false" variableLength="false">SwitchParameter</command:parameterValue><dev:type><maml:name>SwitchParameter</maml:name><maml:uri /></dev:type><dev:defaultValue>false</dev:defaultValue></command:parameter></command:parameters><command:inputTypes><command:inputType><dev:type><maml:name></maml:name><maml:uri></maml:uri><maml:description><maml:para /></maml:description></dev:type><maml:description></maml:description></command:inputType></command:inputTypes><command:returnValues><command:returnValue><dev:type><maml:name>Microsoft.Management.Infrastructure.CimInstance#BgpRoutingPolicyConfig</maml:name><maml:uri></maml:uri><maml:description><maml:para /></maml:description></dev:type><maml:description></maml:description></command:returnValue></command:returnValues><command:terminatingErrors /><command:nonTerminatingErrors /><command:examples><command:example><maml:title>Example 1: Modify a BGP routing policy</maml:title><maml:introduction><maml:para></maml:para></maml:introduction><dev:code>PS C:\&gt; Set-BgpRoutingPolicy -Name "RTPolicy01" -PolicyType ModifyAttribute -NewMED 100 -PassThru



Confirm
BGP routing policy RTPolicy01 could currently be active. Do you want to apply these changes and restart corresponding
peerings?
[Y] Yes  [N] No  [S] Suspend  [?] Help (default is "Y"):


PolicyName   : RTPolicy01
PolicyType   : ModifyAttribute
MatchClauses : MatchASNRange : {64522, 64555}
SetClauses   : NewMED       : 100
AddCommunity : {645:2}


</dev:code><dev:remarks><maml:para>This command modifies the routing policy named RTPolicy01. The command sets the ModifyAttribute policy type of the routing policy, and specifies the value 100 for the MED attribute of the BGP routes that match the criteria that you specify for the routing policy.</maml:para></dev:remarks><command:commandLines><command:commandLine><command:commandText /></command:commandLine></command:commandLines></command:example><command:example><maml:title>Example 2: Modify the community attribute of a BGP routing policy</maml:title><maml:introduction><maml:para></maml:para></maml:introduction><dev:code>PS C:\&gt; Set-BgpRoutingPolicy -Name "RTPolicy06" -MatchCommunity 100:500 -Force -PassThru





PolicyName   : RTPolicy06
PolicyType   : Deny
MatchClauses : MatchASNRange  : {64545, 64555}
MatchCommunity : {100:500}
SetClauses   :


</dev:code><dev:remarks><maml:para>This command modifies the MatchCommunity attribute for the BGP routing policy named RTPolicy06. Because the cmdlet uses the Force parameter, the cmdlet modifies the routing policy without prompting the user for confirmation.</maml:para></dev:remarks><command:commandLines><command:commandLine><command:commandText /></command:commandLine></command:commandLines></command:example><command:example><maml:title>Example 3: Modify a BGP routing policy of a routing domain</maml:title><maml:introduction><maml:para></maml:para></maml:introduction><dev:code>PS C:\&gt; Set-BgpRoutingPolicy -Name "RTPolicy04" -RoutingDomain "Rd_001" -NewLocalPref 300 -PassThru



Confirm
BGP routing policy RTPolicy04 could currently be active. Do you want to apply these changes and restart corresponding
peerings for routing domain Rd_001?
[Y] Yes  [N] No  [S] Suspend  [?] Help (default is "Y"):


PolicyName   : RTPolicy04
PolicyType   : ModifyAttribute
MatchClauses : MatchPrefix  : {10.1.4.0/24}
IgnorePrefix : {10.1.4.16/28}
SetClauses   : NewLocalPref : 300




</dev:code><dev:remarks><maml:para>This command removes the routing policy named RTPolicy04 from the BGP router for the routing domain named Rd_001. The command prompts the user for confirmation before it removes the routing policy.</maml:para></dev:remarks><command:commandLines><command:commandLine><command:commandText /></command:commandLine></command:commandLines></command:example></command:examples><maml:relatedLinks><maml:navigationLink><maml:linkText>Online Version:</maml:linkText><maml:uri>http://go.microsoft.com/fwlink/?LinkID=306220</maml:uri></maml:navigationLink><maml:navigationLink><maml:linkText>Get-BgpRoutingPolicy</maml:linkText><maml:uri /></maml:navigationLink><maml:navigationLink><maml:linkText>Add-BgpRoutingPolicy</maml:linkText><maml:uri /></maml:navigationLink><maml:navigationLink><maml:linkText>Remove-BgpRoutingPolicy</maml:linkText><maml:uri /></maml:navigationLink></maml:relatedLinks></command:command>

</helpItems>

