﻿<?xml version = "1.0" encoding = "utf-8" ?>

<helpItems schema="maml">

<command:command xmlns:maml="http://schemas.microsoft.com/maml/2004/10" xmlns:command="http://schemas.microsoft.com/maml/dev/command/2004/10" xmlns:dev="http://schemas.microsoft.com/maml/dev/2004/10" xmlns:MSHelp="http://msdn.microsoft.com/mshelp"><command:details><command:name>Add-DAClient</command:name><maml:description><maml:para>Adds one or more client computer security groups (SGs) to the DirectAccess (DA) deployment, adds one or more DA client Group Policy Objects (GPOs) in one or more domains, adds one or more SGs of down-level clients to the DA deployment in a multi-site deployment, or adds one or more down-level DA client GPOs in one or more domains in a multi-site deployment.</maml:para></maml:description><maml:copyright><maml:para /></maml:copyright><command:verb>Add</command:verb><command:noun>DAClient</command:noun><dev:version /></command:details><maml:description><maml:para>The Add-DAClient cmdlet adds one or more client computer security groups (SGs) to the DirectAccess (DA) deployment, adds one or more DA client Group Policy Objects (GPOs) in one or more domains, adds one or more SGs of down-level clients to the DA deployment in a multi-site deployment, or adds one or more down-level DA client GPOs in one or more domains in a multi-site deployment.</maml:para><maml:para>The client SG and GPO parameters are treated as independent entities. The basic paradigm is that client GPOs can be created independent of the SGs and the represented domains. Every SG that is added to the DA deployment is added in all current client GPOs. Therefore all GPOs always contain all SGs even if all the corresponding domains are not represented in all the SGs.</maml:para><maml:para>There will never be a scenario where an SG is present only in some of the GPOs. If this happens, then it means that the state of the configuration is bad.</maml:para><maml:para>Extending this paradigm, adding clients to an SG is a pure SG level operation which can be accomplished using AD cmdlets, such as the Add-ADGroupMember cmdlet.</maml:para><maml:para>Although AD cmdlets are already available for the addition of SGs and GPOs, the additional capabilities of this cmdlet are justified as follows. 
                       
 -- When an SG is added it is added in all Client GPOs. If user does not have permissions to edit a GPO, then the SG is not added to any of the Client GPOs in any of the domains. When using the AD cmdlet, the user would have to carefully ensure that it is run for each of the domains and it is difficult to handle the case where the user does not have permissions on some domains. 
                       
 -- When a GPO is added all SGs are added in the GPO and DA client specific policies are created. This cmdlet takes care of the conditions where the GPO is created if not already present. If the GPO is already present, then it is merely edited </maml:para><maml:para>The following are additional behavior notes for the cmdlet. 
                       
 -- At least one client GPO is always present. The Install-RemoteAccess cmdlet always creates a GPO even if there are no SGs added. There is never a case where there are no client GPOs. However, if this situation occurs, then adding an SG without specifying a domain or GPO is not allowed. A GPO can still be added alone, but only when there is no client GPO already present in that domain. 
                       
 -- If DA is configured to be deployed only on laptops and notebooks, then when a domain or GPO is added, a WMI filter to enforce this policy is created in that domain and applied to all the SGs. If the user does not have the permissions to create a filter in a domain, then a GPO is not created in that domain and a non-terminating error is issued. 
                       
 -- When adding a new GPO, if it is already present in the domain, then it is merely configured with the list of SG and DA client specific policies. Essentially, it is brought into the DA deployment. If it is not present, then it is created first. 
                       
 -- Attempting to re-add a domain or specify the same GPO name for the domain again will result in no changes being made. 
                       
 -- Attempting to add a new GPO in a domain that already consists of a client GPO will result in no action being taken and the display of a non-terminating error. 
                       
 -- Attempting to add SGs in even a single GPO without the correct permissions will result in the cmdlet terminating the processing of the entire list of SGs that were specified. However, the cmdlet still processes the list of GPOs that have been specified. 
                       
 -- Attempting to create or configure one of the specified GPOs without the correct permissions will result in the cmdlet proceeding with the processing of the remaining GPOs. 
                       
 -- In a multi-site deployment. 
                       
 ---- Clients that are added can connect to all the sites. 
                       
 ---- A separate set of parameters is available for adding down-level clients. Additional information can be found under parameter description. 
                       
 -- If multi-site has not been deployed, attempting to add down-level GPOs or SGs using the DownlevelGpoName and DownlevelSecurityGroupNameList parameters will display an error. </maml:para></maml:description><command:syntax><command:syntaxItem><maml:name>Add-DAClient</maml:name><command:parameter required="false" variableLength="false" globbing="false" pipelineInput="false" position="named" aliases=""><maml:name>AsJob</maml:name><maml:description><maml:para>Runs the cmdlet as a background job. Use this parameter to run commands that take a long time to complete. 
 The cmdlet immediately returns an object that represents the job and then displays the command prompt. You can continue to work in the session while the job completes. To manage the job, use the *-Job cmdlets. To get the job results, use the <maml:navigationLink><maml:linkText>Receive-Job</maml:linkText><maml:uri></maml:uri></maml:navigationLink> cmdlet. 
 For more information about Windows PowerShell® background jobs, see <maml:navigationLink><maml:linkText>about_Jobs</maml:linkText><maml:uri></maml:uri></maml:navigationLink>.</maml:para></maml:description></command:parameter><command:parameter required="false" variableLength="true" globbing="false" pipelineInput="false" position="named" aliases="Session"><maml:name>CimSession</maml:name><maml:description><maml:para>Runs the cmdlet in a remote session or on a remote computer. Enter a computer name or a session object, such as the output of a <maml:navigationLink><maml:linkText>New-CimSession</maml:linkText><maml:uri></maml:uri></maml:navigationLink> or <maml:navigationLink><maml:linkText>Get-CimSession</maml:linkText><maml:uri></maml:uri></maml:navigationLink> cmdlet. The default is the current session on the local computer.</maml:para></maml:description><command:parameterValue required="true" variableLength="true">CimSession[]</command:parameterValue></command:parameter><command:parameter required="false" variableLength="false" globbing="false" pipelineInput="false" position="named" aliases="Cn"><maml:name>ComputerName</maml:name><maml:description><maml:para>Specifies the IPv4 or IPv6 address, or host name, of the computer on which the Remote Access server computer specific tasks should be run.</maml:para></maml:description><command:parameterValue required="true" variableLength="false">String</command:parameterValue></command:parameter><command:parameter required="false" variableLength="true" globbing="false" pipelineInput="True (ByPropertyName)" position="named" aliases=""><maml:name>GpoName</maml:name><maml:description><maml:para>Specifies the name to be used when creating the client GPO in the specified domain or represents the domain in which a client GPO with the default name should be created. GPO is specified in the format DOMAIN\GPO_NAME. Domain is specified in the format DOMAIN. If this parameter contains only the domain name, then the following default GPO name is used. 
                         
 -- &lt;domain&gt; client policy for &lt;DirectAccess connection friendly name&gt;. 
                         
A list of GPOs can be specified. </maml:para></maml:description><command:parameterValue required="true" variableLength="true">String[]</command:parameterValue></command:parameter><command:parameter required="false" variableLength="false" globbing="false" pipelineInput="false" position="named" aliases=""><maml:name>PassThru</maml:name><maml:description><maml:para>Returns an object representing the item with which you are working. By default, this cmdlet does not generate any output.</maml:para></maml:description></command:parameter><command:parameter required="false" variableLength="true" globbing="false" pipelineInput="True (ByPropertyName)" position="named" aliases=""><maml:name>SecurityGroupNameList</maml:name><maml:description><maml:para>Specifies the list of client SGs that are to be added to the DA deployment. Each SG is specified in DOMAIN\SG_NAME format.</maml:para></maml:description><command:parameterValue required="true" variableLength="true">String[]</command:parameterValue></command:parameter><command:parameter required="false" variableLength="false" globbing="false" pipelineInput="false" position="named" aliases=""><maml:name>ThrottleLimit</maml:name><maml:description><maml:para>Specifies the maximum number of concurrent operations that can be established to run the cmdlet. If this parameter is omitted or a value of 0 is entered, then Windows PowerShell® calculates an optimum throttle limit for the cmdlet based on the number of CIM cmdlets that are running on the computer. The throttle limit applies only to the current cmdlet, not to the session or to the computer.</maml:para></maml:description><command:parameterValue required="true" variableLength="false">Int32</command:parameterValue></command:parameter><command:parameter required="false" variableLength="true" globbing="false" pipelineInput="false" position="named"><maml:name>Confirm</maml:name><maml:description><maml:para>Prompts you for confirmation before running the cmdlet.</maml:para></maml:description></command:parameter><command:parameter required="false" variableLength="true" globbing="false" pipelineInput="false" position="named"><maml:name>WhatIf</maml:name><maml:description><maml:para>Shows what would happen if the cmdlet runs. The cmdlet is not run.</maml:para></maml:description></command:parameter></command:syntaxItem><command:syntaxItem><maml:name>Add-DAClient</maml:name><command:parameter required="false" variableLength="false" globbing="false" pipelineInput="false" position="named" aliases=""><maml:name>AsJob</maml:name><maml:description><maml:para>Runs the cmdlet as a background job. Use this parameter to run commands that take a long time to complete. 
 The cmdlet immediately returns an object that represents the job and then displays the command prompt. You can continue to work in the session while the job completes. To manage the job, use the *-Job cmdlets. To get the job results, use the <maml:navigationLink><maml:linkText>Receive-Job</maml:linkText><maml:uri></maml:uri></maml:navigationLink> cmdlet. 
 For more information about Windows PowerShell® background jobs, see <maml:navigationLink><maml:linkText>about_Jobs</maml:linkText><maml:uri></maml:uri></maml:navigationLink>.</maml:para></maml:description></command:parameter><command:parameter required="false" variableLength="true" globbing="false" pipelineInput="false" position="named" aliases="Session"><maml:name>CimSession</maml:name><maml:description><maml:para>Runs the cmdlet in a remote session or on a remote computer. Enter a computer name or a session object, such as the output of a <maml:navigationLink><maml:linkText>New-CimSession</maml:linkText><maml:uri></maml:uri></maml:navigationLink> or <maml:navigationLink><maml:linkText>Get-CimSession</maml:linkText><maml:uri></maml:uri></maml:navigationLink> cmdlet. The default is the current session on the local computer.</maml:para></maml:description><command:parameterValue required="true" variableLength="true">CimSession[]</command:parameterValue></command:parameter><command:parameter required="false" variableLength="false" globbing="false" pipelineInput="false" position="named" aliases="Cn"><maml:name>ComputerName</maml:name><maml:description><maml:para>Specifies the IPv4 or IPv6 address, or host name, of the computer on which the Remote Access server computer specific tasks should be run.</maml:para></maml:description><command:parameterValue required="true" variableLength="false">String</command:parameterValue></command:parameter><command:parameter required="false" variableLength="true" globbing="false" pipelineInput="True (ByPropertyName)" position="named" aliases="DownlevelGpoNameList"><maml:name>DownlevelGpoName</maml:name><maml:description><maml:para>Specifies the name to be used when creating the down-level client GPO in the specified domain or represents the domain in which a down-level client GPO with the default name should be created. GPO is specified in the format DOMAIN\GPO_NAME. Domain is specified in the format DOMAIN. This parameter can be used to create the multiple GPOs in multiple domains in one run, so the list of names of the GPOs can be provided. These GPOs correspond to the down-level SGs added using the DownlevelSecurityGroupNameList parameter. 
                         
If this parameter contains only the domain name, then the following default GPO name is used. 
                         
 -- &lt;domain&gt; client policy for &lt;DirectAccess connection friendly name&gt;-&lt;entry point name&gt;. 
                         
A list of GPOs can be specified. 
                         
This parameter is applicable only in case of multi-site deployment. </maml:para></maml:description><command:parameterValue required="true" variableLength="true">String[]</command:parameterValue></command:parameter><command:parameter required="false" variableLength="true" globbing="false" pipelineInput="True (ByPropertyName)" position="named" aliases=""><maml:name>DownlevelSecurityGroupNameList</maml:name><maml:description><maml:para>Specifies the names of one or more down-level client SGs that are not already part of the DA deployment. Specified in DOMAIN\SG_NAME format. 
                         
These down-level clients can then connect only to the site specified in the EntrypointName parameter. 
                         
This parameter is only applicable in case of a multi-site deployment. </maml:para></maml:description><command:parameterValue required="true" variableLength="true">String[]</command:parameterValue></command:parameter><command:parameter required="false" variableLength="false" globbing="false" pipelineInput="True (ByPropertyName)" position="named" aliases=""><maml:name>EntrypointName</maml:name><maml:description><maml:para>Specifies the identity of a site in a multi-site deployment to which down-level clients are added, such as these clients can only connect to the specified site. If this parameter is not specified, then the site to which the computer on which the cmdlet is run is used (the user may or may not be specifying a computer name). If both this parameter and the ComputerName parameter are specified and the computer name does not belong to the site represented by the name of the entry point, then the entry point takes precedence and the authentication type is configured for it.</maml:para></maml:description><command:parameterValue required="true" variableLength="false">String</command:parameterValue></command:parameter><command:parameter required="false" variableLength="false" globbing="false" pipelineInput="false" position="named" aliases=""><maml:name>PassThru</maml:name><maml:description><maml:para>Returns an object representing the item with which you are working. By default, this cmdlet does not generate any output.</maml:para></maml:description></command:parameter><command:parameter required="false" variableLength="false" globbing="false" pipelineInput="false" position="named" aliases=""><maml:name>ThrottleLimit</maml:name><maml:description><maml:para>Specifies the maximum number of concurrent operations that can be established to run the cmdlet. If this parameter is omitted or a value of 0 is entered, then Windows PowerShell® calculates an optimum throttle limit for the cmdlet based on the number of CIM cmdlets that are running on the computer. The throttle limit applies only to the current cmdlet, not to the session or to the computer.</maml:para></maml:description><command:parameterValue required="true" variableLength="false">Int32</command:parameterValue></command:parameter><command:parameter required="false" variableLength="true" globbing="false" pipelineInput="false" position="named"><maml:name>Confirm</maml:name><maml:description><maml:para>Prompts you for confirmation before running the cmdlet.</maml:para></maml:description></command:parameter><command:parameter required="false" variableLength="true" globbing="false" pipelineInput="false" position="named"><maml:name>WhatIf</maml:name><maml:description><maml:para>Shows what would happen if the cmdlet runs. The cmdlet is not run.</maml:para></maml:description></command:parameter></command:syntaxItem></command:syntax><command:parameters><command:parameter required="false" variableLength="false" globbing="false" pipelineInput="false" position="named" aliases=""><maml:name>AsJob</maml:name><maml:description><maml:para>Runs the cmdlet as a background job. Use this parameter to run commands that take a long time to complete. 
 The cmdlet immediately returns an object that represents the job and then displays the command prompt. You can continue to work in the session while the job completes. To manage the job, use the *-Job cmdlets. To get the job results, use the <maml:navigationLink><maml:linkText>Receive-Job</maml:linkText><maml:uri></maml:uri></maml:navigationLink> cmdlet. 
 For more information about Windows PowerShell® background jobs, see <maml:navigationLink><maml:linkText>about_Jobs</maml:linkText><maml:uri></maml:uri></maml:navigationLink>.</maml:para></maml:description><command:parameterValue required="false" variableLength="false">SwitchParameter</command:parameterValue><dev:type><maml:name>SwitchParameter</maml:name><maml:uri /></dev:type><dev:defaultValue></dev:defaultValue></command:parameter><command:parameter required="false" variableLength="true" globbing="false" pipelineInput="false" position="named" aliases="Session"><maml:name>CimSession</maml:name><maml:description><maml:para>Runs the cmdlet in a remote session or on a remote computer. Enter a computer name or a session object, such as the output of a <maml:navigationLink><maml:linkText>New-CimSession</maml:linkText><maml:uri></maml:uri></maml:navigationLink> or <maml:navigationLink><maml:linkText>Get-CimSession</maml:linkText><maml:uri></maml:uri></maml:navigationLink> cmdlet. The default is the current session on the local computer.</maml:para></maml:description><command:parameterValue required="true" variableLength="true">CimSession[]</command:parameterValue><dev:type><maml:name>CimSession[]</maml:name><maml:uri /></dev:type><dev:defaultValue></dev:defaultValue></command:parameter><command:parameter required="false" variableLength="false" globbing="false" pipelineInput="false" position="named" aliases="Cn"><maml:name>ComputerName</maml:name><maml:description><maml:para>Specifies the IPv4 or IPv6 address, or host name, of the computer on which the Remote Access server computer specific tasks should be run.</maml:para></maml:description><command:parameterValue required="true" variableLength="false">String</command:parameterValue><dev:type><maml:name>String</maml:name><maml:uri /></dev:type><dev:defaultValue></dev:defaultValue></command:parameter><command:parameter required="false" variableLength="true" globbing="false" pipelineInput="True (ByPropertyName)" position="named" aliases="DownlevelGpoNameList"><maml:name>DownlevelGpoName</maml:name><maml:description><maml:para>Specifies the name to be used when creating the down-level client GPO in the specified domain or represents the domain in which a down-level client GPO with the default name should be created. GPO is specified in the format DOMAIN\GPO_NAME. Domain is specified in the format DOMAIN. This parameter can be used to create the multiple GPOs in multiple domains in one run, so the list of names of the GPOs can be provided. These GPOs correspond to the down-level SGs added using the DownlevelSecurityGroupNameList parameter. 
                         
If this parameter contains only the domain name, then the following default GPO name is used. 
                         
 -- &lt;domain&gt; client policy for &lt;DirectAccess connection friendly name&gt;-&lt;entry point name&gt;. 
                         
A list of GPOs can be specified. 
                         
This parameter is applicable only in case of multi-site deployment. </maml:para></maml:description><command:parameterValue required="true" variableLength="true">String[]</command:parameterValue><dev:type><maml:name>String[]</maml:name><maml:uri /></dev:type><dev:defaultValue></dev:defaultValue></command:parameter><command:parameter required="false" variableLength="true" globbing="false" pipelineInput="True (ByPropertyName)" position="named" aliases=""><maml:name>DownlevelSecurityGroupNameList</maml:name><maml:description><maml:para>Specifies the names of one or more down-level client SGs that are not already part of the DA deployment. Specified in DOMAIN\SG_NAME format. 
                         
These down-level clients can then connect only to the site specified in the EntrypointName parameter. 
                         
This parameter is only applicable in case of a multi-site deployment. </maml:para></maml:description><command:parameterValue required="true" variableLength="true">String[]</command:parameterValue><dev:type><maml:name>String[]</maml:name><maml:uri /></dev:type><dev:defaultValue></dev:defaultValue></command:parameter><command:parameter required="false" variableLength="false" globbing="false" pipelineInput="True (ByPropertyName)" position="named" aliases=""><maml:name>EntrypointName</maml:name><maml:description><maml:para>Specifies the identity of a site in a multi-site deployment to which down-level clients are added, such as these clients can only connect to the specified site. If this parameter is not specified, then the site to which the computer on which the cmdlet is run is used (the user may or may not be specifying a computer name). If both this parameter and the ComputerName parameter are specified and the computer name does not belong to the site represented by the name of the entry point, then the entry point takes precedence and the authentication type is configured for it.</maml:para></maml:description><command:parameterValue required="true" variableLength="false">String</command:parameterValue><dev:type><maml:name>String</maml:name><maml:uri /></dev:type><dev:defaultValue></dev:defaultValue></command:parameter><command:parameter required="false" variableLength="true" globbing="false" pipelineInput="True (ByPropertyName)" position="named" aliases=""><maml:name>GpoName</maml:name><maml:description><maml:para>Specifies the name to be used when creating the client GPO in the specified domain or represents the domain in which a client GPO with the default name should be created. GPO is specified in the format DOMAIN\GPO_NAME. Domain is specified in the format DOMAIN. If this parameter contains only the domain name, then the following default GPO name is used. 
                         
 -- &lt;domain&gt; client policy for &lt;DirectAccess connection friendly name&gt;. 
                         
A list of GPOs can be specified. </maml:para></maml:description><command:parameterValue required="true" variableLength="true">String[]</command:parameterValue><dev:type><maml:name>String[]</maml:name><maml:uri /></dev:type><dev:defaultValue></dev:defaultValue></command:parameter><command:parameter required="false" variableLength="false" globbing="false" pipelineInput="false" position="named" aliases=""><maml:name>PassThru</maml:name><maml:description><maml:para>Returns an object representing the item with which you are working. By default, this cmdlet does not generate any output.</maml:para></maml:description><command:parameterValue required="false" variableLength="false">SwitchParameter</command:parameterValue><dev:type><maml:name>SwitchParameter</maml:name><maml:uri /></dev:type><dev:defaultValue></dev:defaultValue></command:parameter><command:parameter required="false" variableLength="true" globbing="false" pipelineInput="True (ByPropertyName)" position="named" aliases=""><maml:name>SecurityGroupNameList</maml:name><maml:description><maml:para>Specifies the list of client SGs that are to be added to the DA deployment. Each SG is specified in DOMAIN\SG_NAME format.</maml:para></maml:description><command:parameterValue required="true" variableLength="true">String[]</command:parameterValue><dev:type><maml:name>String[]</maml:name><maml:uri /></dev:type><dev:defaultValue></dev:defaultValue></command:parameter><command:parameter required="false" variableLength="false" globbing="false" pipelineInput="false" position="named" aliases=""><maml:name>ThrottleLimit</maml:name><maml:description><maml:para>Specifies the maximum number of concurrent operations that can be established to run the cmdlet. If this parameter is omitted or a value of 0 is entered, then Windows PowerShell® calculates an optimum throttle limit for the cmdlet based on the number of CIM cmdlets that are running on the computer. The throttle limit applies only to the current cmdlet, not to the session or to the computer.</maml:para></maml:description><command:parameterValue required="true" variableLength="false">Int32</command:parameterValue><dev:type><maml:name>Int32</maml:name><maml:uri /></dev:type><dev:defaultValue></dev:defaultValue></command:parameter><command:parameter required="false" variableLength="true" globbing="false" pipelineInput="false" position="named"><maml:name>Confirm</maml:name><maml:description><maml:para>Prompts you for confirmation before running the cmdlet.</maml:para></maml:description><command:parameterValue required="false" variableLength="false">SwitchParameter</command:parameterValue><dev:type><maml:name>SwitchParameter</maml:name><maml:uri /></dev:type><dev:defaultValue>false</dev:defaultValue></command:parameter><command:parameter required="false" variableLength="true" globbing="false" pipelineInput="false" position="named"><maml:name>WhatIf</maml:name><maml:description><maml:para>Shows what would happen if the cmdlet runs. The cmdlet is not run.</maml:para></maml:description><command:parameterValue required="false" variableLength="false">SwitchParameter</command:parameterValue><dev:type><maml:name>SwitchParameter</maml:name><maml:uri /></dev:type><dev:defaultValue>false</dev:defaultValue></command:parameter></command:parameters><command:inputTypes><command:inputType><dev:type><maml:name>None</maml:name><maml:uri></maml:uri><maml:description><maml:para /></maml:description></dev:type><maml:description><maml:para></maml:para></maml:description></command:inputType></command:inputTypes><command:returnValues><command:returnValue><dev:type><maml:name>Microsoft.Management.Infrastructure.CimInstance#DAClient</maml:name><maml:uri></maml:uri><maml:description><maml:para /></maml:description></dev:type><maml:description><maml:para>The Microsoft.Management.Infrastructure.CimInstance object is a wrapper class that displays Windows Management Instrumentation (WMI) objects. The path after the pound sign (#) provides the namespace and class name for the underlying WMI object.
                         
The output object contains the following properties: 
                         
 -- The list of client SGs present in the DA deployment.
                         
 -- The list of client GPOs present in the DA deployment. 
                         
 -- The status of force tunnel. 
                         
 -- The Name Resolution Policy Table (NRPT) object (for force tunnel properties). 
                         
 -- The status of the policy to deploy DA only on laptops and notebooks and not on all computers in the domain. 
                         
 -- The status of whether appropriate policies should be deployed on down-level clients (Windows 7) to enable them to connect to the Windows Server 2012 DA server. 
                         
If multi-site is enabled, then the following additional properties are present:
                         
 -- The name of the entry point (identity of a site) to which down-level clients are added. 
                         
 -- The name of the down-level client GPO. 
                         
 -- The list of SGs of down-level clients. </maml:para></maml:description></command:returnValue></command:returnValues><command:terminatingErrors /><command:nonTerminatingErrors /><command:examples><command:example><maml:title>EXAMPLE 1</maml:title><maml:introduction><maml:para></maml:para></maml:introduction><dev:code>PS C:\&gt; Add-DAClient -SecurityGroupNameList 'corp.contoso.com\DirectAccessLaptopClients','corp.contoso.com\DirectAccessMobileClients' -PassThru
SecurityGroupNameList          : {corp.contoso.com\DirectAccessLaptopClients, corp.contoso.com\DirectAccessMobileClients} 
GPOName                        : {corp.contoso.com\DirectAccess Client Settings} 
OnlyRemoteComputers            : Disabled 
Downlevel                      : Disabled 
ForceTunnelingStatus           : Disabled 
ForceTunnelingNrptSuffix       : 
EntrypointName                 : 
DownlevelSecurityGroupNameList : 
DownlevelGpoName               : 
</dev:code><dev:remarks><maml:para>This example will add the SGs corp.contoso.com\DirectAccessLaptopClients and corp.contoso.com\DirectAccessMobileClients to DA configuration. corp .contoso.com/DirectAccess Client Settings is the DA Client GPO configured at the time of DA installation. 
                         
Two new SGs DirectAccessLaptopClients and DirectAccessMobileClients are created and DA Connectivity is provisioned for these SGs. This cmdlet will add the SGs to DA configuration. This essentially means that the existing Client GPO configuration corp.contoso.com/DirectAccess Client Settings will be filtered on the two SGs. 
                         
This cmdlet will only provision Windows® 8 clients. Down-level clients have to be provisioned separately. </maml:para></dev:remarks><command:commandLines><command:commandLine><command:commandText /></command:commandLine></command:commandLines></command:example><command:example><maml:title>EXAMPLE 2</maml:title><maml:introduction><maml:para></maml:para></maml:introduction><dev:code>PS C:\&gt;Add-DAClient -GPOName 'child.corp.contoso.com' -PassThru
SecurityGroupNameList          : {corp.contoso.com\DirectAccessLaptopClients, corp.contoso.com\DirectAccessMobileClients} 
GPOName                        : {corp.contoso.com\DirectAccess Client Settings, child.corp.contoso.com\DirectAccess Client Settings} 
OnlyRemoteComputers            : Disabled 
Downlevel                      : Disabled 
ForceTunnelingStatus           : Disabled 
ForceTunnelingNrptSuffix       : 
EntrypointName                 : 
DownlevelSecurityGroupNameList : 
DownlevelGpoName               : 
</dev:code><dev:remarks><maml:para>This example will provision DA for the domain child.corp.contoso.com which is the child of corp.contoso.com. This will create a GPO named child.corp.contoso.com/DirectAccess Client Settings, using default naming convention). This cmdlet makes sure that all the SGs present in DA Client configuration are added to this GPO.</maml:para></dev:remarks><command:commandLines><command:commandLine><command:commandText /></command:commandLine></command:commandLines></command:example><command:example><maml:title>EXAMPLE 3</maml:title><maml:introduction><maml:para></maml:para></maml:introduction><dev:code>PS C:\&gt;Add-DAClient -DownlevelSecurityGroupNameList 'child.corp.contoso.com\DownlevelClients' -DownlevelGPOName 'child.corp.contoso.com\DownLevelClientsGPO' -EntrypointName '2-Edge-Site' -PassThru
SecurityGroupNameList          : {corp.contoso.com\DirectAccessLaptopClients, corp.contoso.com\DirectAccessMobileClients} 
GPOName                        : {corp.contoso.com\DirectAccess Client Settings, child.corp.contoso.com\DirectAccess Client Settings } 
OnlyRemoteComputers            : Disabled 
Downlevel                      : Disabled 
ForceTunnelingStatus           : Disabled 
ForceTunnelingNrptSuffix       : 
EntrypointName                 : 
DownlevelSecurityGroupNameList : child.corp.contoso.com\DownlevelClients 
DownlevelGpoName               : child.corp.contoso.com\DownLevelClientsGPO 
</dev:code><dev:remarks><maml:para>This example provisions DA for Windows® 7 clients present in the domain child.corp.contoso.com enabling them to connect to site 2-Edge-Site. 
2-Edge-Site is the site configured for the child domain. A new GPO (DownlevelClientsGPO) can be added to the DiretAccessConfiguration. This GPO is filtered on DownlevelClients SG which contains Windows 7 clients in the child domain. Note: The Windows 7 clients can only connect access the site specified in the EntrypointName parameter. </maml:para></dev:remarks><command:commandLines><command:commandLine><command:commandText /></command:commandLine></command:commandLines></command:example></command:examples><maml:relatedLinks><maml:navigationLink><maml:linkText>Online Version:</maml:linkText><maml:uri>http://go.microsoft.com/fwlink/p/?linkid=289489</maml:uri></maml:navigationLink><maml:navigationLink><maml:linkText>Get-DAClient</maml:linkText><maml:uri /></maml:navigationLink><maml:navigationLink><maml:linkText>Remove-DAClient</maml:linkText><maml:uri /></maml:navigationLink><maml:navigationLink><maml:linkText>Set-DAClient</maml:linkText><maml:uri /></maml:navigationLink><maml:navigationLink><maml:linkText>Add-ADGroupMember</maml:linkText><maml:uri /></maml:navigationLink></maml:relatedLinks></command:command>

<command:command xmlns:maml="http://schemas.microsoft.com/maml/2004/10" xmlns:command="http://schemas.microsoft.com/maml/dev/command/2004/10" xmlns:dev="http://schemas.microsoft.com/maml/dev/2004/10" xmlns:MSHelp="http://msdn.microsoft.com/mshelp"><command:details><command:name>Get-DAClient</command:name><maml:description><maml:para>Displays the list of client security groups that are part of the DirectAccess (DA) deployment and the client properties.</maml:para></maml:description><maml:copyright><maml:para /></maml:copyright><command:verb>Get</command:verb><command:noun>DAClient</command:noun><dev:version /></command:details><maml:description><maml:para>The Get-DAClient cmdlet displays the list of client security groups that are part of the DirectAccess (DA) deployment and the client properties.</maml:para><maml:para>The output displayed consists of the following. 

 -- DA client properties, which are globally applicable to all clients, such as the status of force tunneling, suffix list in the Name Resolution Policy Table (NRPT) entry corresponding to force tunneling, status of policy to deploy DA only on laptops and notebooks and not on all of the computers in the domain, status of whether appropriate policies should be deployed on down level clients (Windows® 7) clients such that they too can connect to the Windows Server® 2012 DA Server. 

 -- Client Security Groups and Group Policy Objects (GPOs). 

 -- If multi-site is deployed then the SGs and GPOs of down-level clients belonging to a site (such as clients that can connect to a site). The EntryPoint parameter is used to specify the site. </maml:para></maml:description><command:syntax><command:syntaxItem><maml:name>Get-DAClient</maml:name><command:parameter required="false" variableLength="false" globbing="false" pipelineInput="true (ByPropertyName)" position="2" aliases=""><maml:name>EntrypointName</maml:name><maml:description><maml:para>Specifies the identity of a site in a multi-site deployment. When specified only those down-level security groups and GPOs that belong to the specified site (such as these clients connect only to this site) are displayed. However, all Windows® 8 security groups and GPOs are displayed as they are independent of site. 

If there is a multi-site deployment, then down-level client security group and GPO information is always retrieved only for a specific site. If this parameter is not specified, then the site to which the computer on which the cmdlet is run is used (the user may or may not be specifying a computer name). It is not possible to retrieve all the down-level security groups and GPOs across all sites. 

If both this parameter and the ComputerName parameter are specified and the computer name does not belong to the site represented by the entry point, then this parameter takes precedence and the authentication type is configured for it. 

If there is no multi-site deployment but user specifies this parameter, then the cmdlet returns an error message.</maml:para></maml:description><command:parameterValue required="true" variableLength="false">String</command:parameterValue></command:parameter><command:parameter required="false" variableLength="false" globbing="false" pipelineInput="false" position="named" aliases=""><maml:name>AsJob</maml:name><maml:description><maml:para>Runs the cmdlet as a background job. Use this parameter to run commands that take a long time to complete. 
 The cmdlet immediately returns an object that represents the job and then displays the command prompt. You can continue to work in the session while the job completes. To manage the job, use the *-Job cmdlets. To get the job results, use the <maml:navigationLink><maml:linkText>Receive-Job</maml:linkText><maml:uri></maml:uri></maml:navigationLink> cmdlet. 
 For more information about Windows PowerShell® background jobs, see <maml:navigationLink><maml:linkText>about_Jobs</maml:linkText><maml:uri></maml:uri></maml:navigationLink>.</maml:para></maml:description></command:parameter><command:parameter required="false" variableLength="true" globbing="false" pipelineInput="false" position="named" aliases=""><maml:name>CimSession</maml:name><maml:description><maml:para>Runs the cmdlet in a remote session or on a remote computer. Enter a computer name or a session object, such as the output of a <maml:navigationLink><maml:linkText>New-CimSession</maml:linkText><maml:uri></maml:uri></maml:navigationLink> or <maml:navigationLink><maml:linkText>Get-CimSession</maml:linkText><maml:uri></maml:uri></maml:navigationLink> cmdlet. The default is the current session on the local computer.</maml:para></maml:description><command:parameterValue required="true" variableLength="true">CimSession[]</command:parameterValue></command:parameter><command:parameter required="false" variableLength="false" globbing="false" pipelineInput="false" position="named" aliases=""><maml:name>ComputerName</maml:name><maml:description><maml:para>Specifies the IPv4 or IPv6 address, or host name, of the computer on which the Remote Access server computer specific tasks should be run.</maml:para></maml:description><command:parameterValue required="true" variableLength="false">String</command:parameterValue></command:parameter><command:parameter required="false" variableLength="false" globbing="false" pipelineInput="false" position="named" aliases=""><maml:name>ThrottleLimit</maml:name><maml:description><maml:para>Specifies the maximum number of concurrent operations that can be established to run the cmdlet. If this parameter is omitted or a value of 0 is entered, then Windows PowerShell® calculates an optimum throttle limit for the cmdlet based on the number of CIM cmdlets that are running on the computer. The throttle limit applies only to the current cmdlet, not to the session or to the computer.</maml:para></maml:description><command:parameterValue required="true" variableLength="false">Int32</command:parameterValue></command:parameter></command:syntaxItem></command:syntax><command:parameters><command:parameter required="false" variableLength="false" globbing="false" pipelineInput="false" position="named" aliases=""><maml:name>AsJob</maml:name><maml:description><maml:para>Runs the cmdlet as a background job. Use this parameter to run commands that take a long time to complete. 
 The cmdlet immediately returns an object that represents the job and then displays the command prompt. You can continue to work in the session while the job completes. To manage the job, use the *-Job cmdlets. To get the job results, use the <maml:navigationLink><maml:linkText>Receive-Job</maml:linkText><maml:uri></maml:uri></maml:navigationLink> cmdlet. 
 For more information about Windows PowerShell® background jobs, see <maml:navigationLink><maml:linkText>about_Jobs</maml:linkText><maml:uri></maml:uri></maml:navigationLink>.</maml:para></maml:description><command:parameterValue required="false" variableLength="false">SwitchParameter</command:parameterValue><dev:type><maml:name>SwitchParameter</maml:name><maml:uri /></dev:type><dev:defaultValue></dev:defaultValue></command:parameter><command:parameter required="false" variableLength="true" globbing="false" pipelineInput="false" position="named" aliases=""><maml:name>CimSession</maml:name><maml:description><maml:para>Runs the cmdlet in a remote session or on a remote computer. Enter a computer name or a session object, such as the output of a <maml:navigationLink><maml:linkText>New-CimSession</maml:linkText><maml:uri></maml:uri></maml:navigationLink> or <maml:navigationLink><maml:linkText>Get-CimSession</maml:linkText><maml:uri></maml:uri></maml:navigationLink> cmdlet. The default is the current session on the local computer.</maml:para></maml:description><command:parameterValue required="true" variableLength="true">CimSession[]</command:parameterValue><dev:type><maml:name>CimSession[]</maml:name><maml:uri /></dev:type><dev:defaultValue></dev:defaultValue></command:parameter><command:parameter required="false" variableLength="false" globbing="false" pipelineInput="false" position="named" aliases=""><maml:name>ComputerName</maml:name><maml:description><maml:para>Specifies the IPv4 or IPv6 address, or host name, of the computer on which the Remote Access server computer specific tasks should be run.</maml:para></maml:description><command:parameterValue required="true" variableLength="false">String</command:parameterValue><dev:type><maml:name>String</maml:name><maml:uri /></dev:type><dev:defaultValue></dev:defaultValue></command:parameter><command:parameter required="false" variableLength="false" globbing="false" pipelineInput="true (ByPropertyName)" position="2" aliases=""><maml:name>EntrypointName</maml:name><maml:description><maml:para>Specifies the identity of a site in a multi-site deployment. When specified only those down-level security groups and GPOs that belong to the specified site (such as these clients connect only to this site) are displayed. However, all Windows® 8 security groups and GPOs are displayed as they are independent of site. 

If there is a multi-site deployment, then down-level client security group and GPO information is always retrieved only for a specific site. If this parameter is not specified, then the site to which the computer on which the cmdlet is run is used (the user may or may not be specifying a computer name). It is not possible to retrieve all the down-level security groups and GPOs across all sites. 

If both this parameter and the ComputerName parameter are specified and the computer name does not belong to the site represented by the entry point, then this parameter takes precedence and the authentication type is configured for it. 

If there is no multi-site deployment but user specifies this parameter, then the cmdlet returns an error message.</maml:para></maml:description><command:parameterValue required="true" variableLength="false">String</command:parameterValue><dev:type><maml:name>String</maml:name><maml:uri /></dev:type><dev:defaultValue></dev:defaultValue></command:parameter><command:parameter required="false" variableLength="false" globbing="false" pipelineInput="false" position="named" aliases=""><maml:name>ThrottleLimit</maml:name><maml:description><maml:para>Specifies the maximum number of concurrent operations that can be established to run the cmdlet. If this parameter is omitted or a value of 0 is entered, then Windows PowerShell® calculates an optimum throttle limit for the cmdlet based on the number of CIM cmdlets that are running on the computer. The throttle limit applies only to the current cmdlet, not to the session or to the computer.</maml:para></maml:description><command:parameterValue required="true" variableLength="false">Int32</command:parameterValue><dev:type><maml:name>Int32</maml:name><maml:uri /></dev:type><dev:defaultValue></dev:defaultValue></command:parameter></command:parameters><command:inputTypes><command:inputType><dev:type><maml:name>None</maml:name><maml:uri></maml:uri><maml:description><maml:para /></maml:description></dev:type><maml:description><maml:para></maml:para></maml:description></command:inputType></command:inputTypes><command:returnValues><command:returnValue><dev:type><maml:name>Microsoft.Management.Infrastructure.CimInstance#DAClient</maml:name><maml:uri></maml:uri><maml:description><maml:para /></maml:description></dev:type><maml:description><maml:para>The Microsoft.Management.Infrastructure.CimInstance object is a wrapper class that displays Windows Management Instrumentation (WMI) objects. The path after the pound sign (#) provides the namespace and class name for the underlying WMI object.

The output object contains the following properties: 

 -- The list of client security groups present in the DA deployment. 

 -- The list of client GPOs present in the DA deployment. 

 -- The status of force tunnel. 

 -- The NRPT object (for force tunnel properties). 

 -- The status of the policy to deploy DA only on laptops and notebooks and not on all of the computers in the domain. 

 -- The status of whether appropriate policies should be deployed on down-level clients (Windows 7) to enable the clients to connect to the Windows Server 2012 DA Server. 

If multi-site is enabled, then the following additional properties are present: 

 -- The name of the entry point (identity of a site) to which down-level clients are added. 

 -- The name of the down-level client GPO. 

 -- The list of security groups of down-level clients. </maml:para></maml:description></command:returnValue></command:returnValues><command:terminatingErrors /><command:nonTerminatingErrors /><command:examples><command:example><maml:title>EXAMPLE 1</maml:title><maml:introduction><maml:para></maml:para></maml:introduction><dev:code>PS C:\&gt; Get-DAClient -EntryPointName 1-Edge-Site
SecurityGroupNameList  : {corp.contoso.com\DirectAccessClients} 
GPOName    : {corp.contoso.com\DirectAccess Client Settings} 
OnlyRemoteComputers   : Disabled 
Downlevel    : Disabled 
ForceTunnelingStatus  : Disabled 
ForceTunnelingNrptSuffix  : 
EntrypointName   : 1-Edge-Site 
DownlevelSecurityGroupNameList : 
DownlevelGpoName   : 
</dev:code><dev:remarks><maml:para>This example retrieves DAClient properties applicable to all clients in the site 1-Edge-Site. As can be seen from the output, the cmdlet lists down all the security groups currently configured for DA and the client GPO. In addition, it gets status of force tunneling and whether DA is provisioned for Down level clients. The OnlyRemoteComputers property refers to whether the WMI filter to provision DA only for remote laptops and notebooks is enabled. The Downlevel property is not applicable in this case since it is a multi-site setup.</maml:para></dev:remarks><command:commandLines><command:commandLine><command:commandText /></command:commandLine></command:commandLines></command:example></command:examples><maml:relatedLinks><maml:navigationLink><maml:linkText>Online Version:</maml:linkText><maml:uri>http://go.microsoft.com/fwlink/p/?linkid=289516</maml:uri></maml:navigationLink><maml:navigationLink><maml:linkText>Add-DAClient</maml:linkText><maml:uri /></maml:navigationLink><maml:navigationLink><maml:linkText>Remove-DAClient</maml:linkText><maml:uri /></maml:navigationLink><maml:navigationLink><maml:linkText>Set-DAClient</maml:linkText><maml:uri /></maml:navigationLink></maml:relatedLinks></command:command>

<command:command xmlns:maml="http://schemas.microsoft.com/maml/2004/10" xmlns:command="http://schemas.microsoft.com/maml/dev/command/2004/10" xmlns:dev="http://schemas.microsoft.com/maml/dev/2004/10" xmlns:MSHelp="http://msdn.microsoft.com/mshelp"><command:details><command:name>Remove-DAClient</command:name><maml:description><maml:para>Removes one or more client computer security groups (SGs) from the DirectAccess (DA) deployment, removes one or more DA client Group Policy Objects (GPOs) from domains, removes one or more SGs of down-level clients (down-level clients can connect only to the specified site) from the DA deployment in a multi-site deployment, and removes one or more down-level DA client GPOs from domains in a multi-site deployment.</maml:para></maml:description><maml:copyright><maml:para /></maml:copyright><command:verb>Remove</command:verb><command:noun>DAClient</command:noun><dev:version /></command:details><maml:description><maml:para>The Remove-DAClient cmdlet removes one or more client computer security groups (SGs) from the DirectAccess (DA) deployment, removes one or more DA client Group Policy Objects (GPOs) from domains, removes one or more SGs of down-level clients (down-level clients can connect only to the specified site) from the DA deployment in a multi-site deployment, and removes one or more down-level DA client GPOs from domains in a multi-site deployment.</maml:para><maml:para>The basic paradigm is that all client GPOs always point to all SGs even if the domains to which these GPOs belong are not represented in the SGs. There will never be a scenario where an SG is present only in some of the GPOs. If this happens, then the state of the configuration is bad. A user can remove client GPOs independent of the SGs and the domains these SGs represent. Every SG that is removed from the DA deployment is removed in all client GPOs currently present.</maml:para><maml:para>When this paradigm is extended to clients being removed from an SG we see that it is a pure SG level operation which can be accomplished using Active Directory (AD) cmdlets (such as Remove-ADGroupMember). </maml:para><maml:para>Although AD cmdlets are already available for the removal of SGs and GPOs, the additional capabilities of this cmdlet are justified as follows. 
                       
 -- When an SG is removed it is removed in all GPOs. If user does not have permissions to edit a GPO, then the SG is not removed from any of the domains. When using the AD cmdlet, the user would have to carefully ensure that it is run for each of the domains and it is difficult to handle the case where the user does not have permissions on some domains. 
                       
 -- When a GPO is removed all SGs in the GPO are removed and DA client specific policies are deleted. This cmdlet takes care of the conditions where the GPO is removed at the time of deletion. If the GPO was already present when adding it to the DA deployment, then only the DA related policies and settings are deleted and the GPO is left intact. </maml:para><maml:para>The following are additional behavior notes for the cmdlet. 
                       
 -- The user is not allowed to delete all client GPOs and SGs. At least one of each should be present always. 
                       
 -- Attempting to remove SGs in even a single GPO with the correct permissions results in the cmdlet terminating the processing of the entire list of SGs that were specified. However, This cmdlet still processes the list of domains that the user might have specified in the cmdlet. 
                       
 -- Attempting to create, remove, or configure a client GPO in one of the specified domains without the correct permissions will result in a non-terminating error for that domain but the cmdlet proceeds with the processing of the remaining domains. </maml:para></maml:description><command:syntax><command:syntaxItem><maml:name>Remove-DAClient</maml:name><command:parameter required="false" variableLength="false" globbing="false" pipelineInput="false" position="named" aliases=""><maml:name>AsJob</maml:name><maml:description><maml:para>Runs the cmdlet as a background job. Use this parameter to run commands that take a long time to complete. 
 The cmdlet immediately returns an object that represents the job and then displays the command prompt. You can continue to work in the session while the job completes. To manage the job, use the *-Job cmdlets. To get the job results, use the <maml:navigationLink><maml:linkText>Receive-Job</maml:linkText><maml:uri></maml:uri></maml:navigationLink> cmdlet. 
 For more information about Windows PowerShell® background jobs, see <maml:navigationLink><maml:linkText>about_Jobs</maml:linkText><maml:uri></maml:uri></maml:navigationLink>.</maml:para></maml:description></command:parameter><command:parameter required="false" variableLength="true" globbing="false" pipelineInput="false" position="named" aliases="Session"><maml:name>CimSession</maml:name><maml:description><maml:para>Runs the cmdlet in a remote session or on a remote computer. Enter a computer name or a session object, such as the output of a <maml:navigationLink><maml:linkText>New-CimSession</maml:linkText><maml:uri></maml:uri></maml:navigationLink> or <maml:navigationLink><maml:linkText>Get-CimSession</maml:linkText><maml:uri></maml:uri></maml:navigationLink> cmdlet. The default is the current session on the local computer.</maml:para></maml:description><command:parameterValue required="true" variableLength="true">CimSession[]</command:parameterValue></command:parameter><command:parameter required="false" variableLength="false" globbing="false" pipelineInput="false" position="named" aliases="Cn"><maml:name>ComputerName</maml:name><maml:description><maml:para>Specifies the IPv4 or IPv6 address, or host name, of the computer on which the Remote Access server computer specific tasks should be run.</maml:para></maml:description><command:parameterValue required="true" variableLength="false">String</command:parameterValue></command:parameter><command:parameter required="false" variableLength="true" globbing="false" pipelineInput="True (ByPropertyName)" position="named" aliases=""><maml:name>DomainName</maml:name><maml:description><maml:para>Specifies the list of domains in which client GPOs need to be removed. A domain is specified in the DOMAIN format.</maml:para></maml:description><command:parameterValue required="true" variableLength="true">String[]</command:parameterValue></command:parameter><command:parameter required="false" variableLength="false" globbing="false" pipelineInput="false" position="named" aliases=""><maml:name>PassThru</maml:name><maml:description><maml:para>Returns an object representing the item with which you are working. By default, this cmdlet does not generate any output.</maml:para></maml:description></command:parameter><command:parameter required="false" variableLength="true" globbing="false" pipelineInput="True (ByPropertyName)" position="named" aliases=""><maml:name>SecurityGroupNameList</maml:name><maml:description><maml:para>Specifies a list of client SGs that are part of the DA deployment which need to be removed. The name of the SG is in DOMAIN\SG_NAME format.</maml:para></maml:description><command:parameterValue required="true" variableLength="true">String[]</command:parameterValue></command:parameter><command:parameter required="false" variableLength="false" globbing="false" pipelineInput="false" position="named" aliases=""><maml:name>ThrottleLimit</maml:name><maml:description><maml:para>Specifies the maximum number of concurrent operations that can be established to run the cmdlet. If this parameter is omitted or a value of 0 is entered, then Windows PowerShell® calculates an optimum throttle limit for the cmdlet based on the number of CIM cmdlets that are running on the computer. The throttle limit applies only to the current cmdlet, not to the session or to the computer.</maml:para></maml:description><command:parameterValue required="true" variableLength="false">Int32</command:parameterValue></command:parameter><command:parameter required="false" variableLength="true" globbing="false" pipelineInput="false" position="named"><maml:name>Confirm</maml:name><maml:description><maml:para>Prompts you for confirmation before running the cmdlet.</maml:para></maml:description></command:parameter><command:parameter required="false" variableLength="true" globbing="false" pipelineInput="false" position="named"><maml:name>WhatIf</maml:name><maml:description><maml:para>Shows what would happen if the cmdlet runs. The cmdlet is not run.</maml:para></maml:description></command:parameter></command:syntaxItem><command:syntaxItem><maml:name>Remove-DAClient</maml:name><command:parameter required="false" variableLength="false" globbing="false" pipelineInput="false" position="named" aliases=""><maml:name>AsJob</maml:name><maml:description><maml:para>Runs the cmdlet as a background job. Use this parameter to run commands that take a long time to complete. 
 The cmdlet immediately returns an object that represents the job and then displays the command prompt. You can continue to work in the session while the job completes. To manage the job, use the *-Job cmdlets. To get the job results, use the <maml:navigationLink><maml:linkText>Receive-Job</maml:linkText><maml:uri></maml:uri></maml:navigationLink> cmdlet. 
 For more information about Windows PowerShell® background jobs, see <maml:navigationLink><maml:linkText>about_Jobs</maml:linkText><maml:uri></maml:uri></maml:navigationLink>.</maml:para></maml:description></command:parameter><command:parameter required="false" variableLength="true" globbing="false" pipelineInput="false" position="named" aliases="Session"><maml:name>CimSession</maml:name><maml:description><maml:para>Runs the cmdlet in a remote session or on a remote computer. Enter a computer name or a session object, such as the output of a <maml:navigationLink><maml:linkText>New-CimSession</maml:linkText><maml:uri></maml:uri></maml:navigationLink> or <maml:navigationLink><maml:linkText>Get-CimSession</maml:linkText><maml:uri></maml:uri></maml:navigationLink> cmdlet. The default is the current session on the local computer.</maml:para></maml:description><command:parameterValue required="true" variableLength="true">CimSession[]</command:parameterValue></command:parameter><command:parameter required="false" variableLength="false" globbing="false" pipelineInput="false" position="named" aliases="Cn"><maml:name>ComputerName</maml:name><maml:description><maml:para>Specifies the IPv4 or IPv6 address, or host name, of the computer on which the Remote Access server computer specific tasks should be run.</maml:para></maml:description><command:parameterValue required="true" variableLength="false">String</command:parameterValue></command:parameter><command:parameter required="false" variableLength="true" globbing="false" pipelineInput="True (ByPropertyName)" position="named" aliases=""><maml:name>DownlevelDomainName</maml:name><maml:description><maml:para>Specifies the list of domains in which client GPOs need to be removed. A domain is specified in the DOMAIN format.</maml:para></maml:description><command:parameterValue required="true" variableLength="true">String[]</command:parameterValue></command:parameter><command:parameter required="false" variableLength="true" globbing="false" pipelineInput="True (ByPropertyName)" position="named" aliases=""><maml:name>DownlevelSecurityGroupNameList</maml:name><maml:description><maml:para>Specifies the names of one or more down-level client SGs that are part of the DA deployment which need to be removed. This parameter is specified in DOMAIN\SG_NAME format. 
                         
These down-level clients can connect only to the site specified in the EntryPointName parameter. </maml:para></maml:description><command:parameterValue required="true" variableLength="true">String[]</command:parameterValue></command:parameter><command:parameter required="false" variableLength="false" globbing="false" pipelineInput="True (ByPropertyName)" position="named" aliases=""><maml:name>EntrypointName</maml:name><maml:description><maml:para>Specifies the identity of a site in a multi-site deployment from which down-level clients are removed (these clients can only connect to the specified site). If this parameter is not specified, then the site to which the computer on which the cmdlet is run is used (the ComputerName parameter may or may not be specified). If both this parameter and the ComputerName parameter are specified and the computer name does not belong to the site represented by the entry point name then this parameter takes precedence and the authentication type is configured for it.</maml:para></maml:description><command:parameterValue required="true" variableLength="false">String</command:parameterValue></command:parameter><command:parameter required="false" variableLength="false" globbing="false" pipelineInput="false" position="named" aliases=""><maml:name>PassThru</maml:name><maml:description><maml:para>Returns an object representing the item with which you are working. By default, this cmdlet does not generate any output.</maml:para></maml:description></command:parameter><command:parameter required="false" variableLength="false" globbing="false" pipelineInput="false" position="named" aliases=""><maml:name>ThrottleLimit</maml:name><maml:description><maml:para>Specifies the maximum number of concurrent operations that can be established to run the cmdlet. If this parameter is omitted or a value of 0 is entered, then Windows PowerShell® calculates an optimum throttle limit for the cmdlet based on the number of CIM cmdlets that are running on the computer. The throttle limit applies only to the current cmdlet, not to the session or to the computer.</maml:para></maml:description><command:parameterValue required="true" variableLength="false">Int32</command:parameterValue></command:parameter><command:parameter required="false" variableLength="true" globbing="false" pipelineInput="false" position="named"><maml:name>Confirm</maml:name><maml:description><maml:para>Prompts you for confirmation before running the cmdlet.</maml:para></maml:description></command:parameter><command:parameter required="false" variableLength="true" globbing="false" pipelineInput="false" position="named"><maml:name>WhatIf</maml:name><maml:description><maml:para>Shows what would happen if the cmdlet runs. The cmdlet is not run.</maml:para></maml:description></command:parameter></command:syntaxItem></command:syntax><command:parameters><command:parameter required="false" variableLength="false" globbing="false" pipelineInput="false" position="named" aliases=""><maml:name>AsJob</maml:name><maml:description><maml:para>Runs the cmdlet as a background job. Use this parameter to run commands that take a long time to complete. 
 The cmdlet immediately returns an object that represents the job and then displays the command prompt. You can continue to work in the session while the job completes. To manage the job, use the *-Job cmdlets. To get the job results, use the <maml:navigationLink><maml:linkText>Receive-Job</maml:linkText><maml:uri></maml:uri></maml:navigationLink> cmdlet. 
 For more information about Windows PowerShell® background jobs, see <maml:navigationLink><maml:linkText>about_Jobs</maml:linkText><maml:uri></maml:uri></maml:navigationLink>.</maml:para></maml:description><command:parameterValue required="false" variableLength="false">SwitchParameter</command:parameterValue><dev:type><maml:name>SwitchParameter</maml:name><maml:uri /></dev:type><dev:defaultValue></dev:defaultValue></command:parameter><command:parameter required="false" variableLength="true" globbing="false" pipelineInput="false" position="named" aliases="Session"><maml:name>CimSession</maml:name><maml:description><maml:para>Runs the cmdlet in a remote session or on a remote computer. Enter a computer name or a session object, such as the output of a <maml:navigationLink><maml:linkText>New-CimSession</maml:linkText><maml:uri></maml:uri></maml:navigationLink> or <maml:navigationLink><maml:linkText>Get-CimSession</maml:linkText><maml:uri></maml:uri></maml:navigationLink> cmdlet. The default is the current session on the local computer.</maml:para></maml:description><command:parameterValue required="true" variableLength="true">CimSession[]</command:parameterValue><dev:type><maml:name>CimSession[]</maml:name><maml:uri /></dev:type><dev:defaultValue></dev:defaultValue></command:parameter><command:parameter required="false" variableLength="false" globbing="false" pipelineInput="false" position="named" aliases="Cn"><maml:name>ComputerName</maml:name><maml:description><maml:para>Specifies the IPv4 or IPv6 address, or host name, of the computer on which the Remote Access server computer specific tasks should be run.</maml:para></maml:description><command:parameterValue required="true" variableLength="false">String</command:parameterValue><dev:type><maml:name>String</maml:name><maml:uri /></dev:type><dev:defaultValue></dev:defaultValue></command:parameter><command:parameter required="false" variableLength="true" globbing="false" pipelineInput="True (ByPropertyName)" position="named" aliases=""><maml:name>DomainName</maml:name><maml:description><maml:para>Specifies the list of domains in which client GPOs need to be removed. A domain is specified in the DOMAIN format.</maml:para></maml:description><command:parameterValue required="true" variableLength="true">String[]</command:parameterValue><dev:type><maml:name>String[]</maml:name><maml:uri /></dev:type><dev:defaultValue></dev:defaultValue></command:parameter><command:parameter required="false" variableLength="true" globbing="false" pipelineInput="True (ByPropertyName)" position="named" aliases=""><maml:name>DownlevelDomainName</maml:name><maml:description><maml:para>Specifies the list of domains in which client GPOs need to be removed. A domain is specified in the DOMAIN format.</maml:para></maml:description><command:parameterValue required="true" variableLength="true">String[]</command:parameterValue><dev:type><maml:name>String[]</maml:name><maml:uri /></dev:type><dev:defaultValue></dev:defaultValue></command:parameter><command:parameter required="false" variableLength="true" globbing="false" pipelineInput="True (ByPropertyName)" position="named" aliases=""><maml:name>DownlevelSecurityGroupNameList</maml:name><maml:description><maml:para>Specifies the names of one or more down-level client SGs that are part of the DA deployment which need to be removed. This parameter is specified in DOMAIN\SG_NAME format. 
                         
These down-level clients can connect only to the site specified in the EntryPointName parameter. </maml:para></maml:description><command:parameterValue required="true" variableLength="true">String[]</command:parameterValue><dev:type><maml:name>String[]</maml:name><maml:uri /></dev:type><dev:defaultValue></dev:defaultValue></command:parameter><command:parameter required="false" variableLength="false" globbing="false" pipelineInput="True (ByPropertyName)" position="named" aliases=""><maml:name>EntrypointName</maml:name><maml:description><maml:para>Specifies the identity of a site in a multi-site deployment from which down-level clients are removed (these clients can only connect to the specified site). If this parameter is not specified, then the site to which the computer on which the cmdlet is run is used (the ComputerName parameter may or may not be specified). If both this parameter and the ComputerName parameter are specified and the computer name does not belong to the site represented by the entry point name then this parameter takes precedence and the authentication type is configured for it.</maml:para></maml:description><command:parameterValue required="true" variableLength="false">String</command:parameterValue><dev:type><maml:name>String</maml:name><maml:uri /></dev:type><dev:defaultValue></dev:defaultValue></command:parameter><command:parameter required="false" variableLength="false" globbing="false" pipelineInput="false" position="named" aliases=""><maml:name>PassThru</maml:name><maml:description><maml:para>Returns an object representing the item with which you are working. By default, this cmdlet does not generate any output.</maml:para></maml:description><command:parameterValue required="false" variableLength="false">SwitchParameter</command:parameterValue><dev:type><maml:name>SwitchParameter</maml:name><maml:uri /></dev:type><dev:defaultValue></dev:defaultValue></command:parameter><command:parameter required="false" variableLength="true" globbing="false" pipelineInput="True (ByPropertyName)" position="named" aliases=""><maml:name>SecurityGroupNameList</maml:name><maml:description><maml:para>Specifies a list of client SGs that are part of the DA deployment which need to be removed. The name of the SG is in DOMAIN\SG_NAME format.</maml:para></maml:description><command:parameterValue required="true" variableLength="true">String[]</command:parameterValue><dev:type><maml:name>String[]</maml:name><maml:uri /></dev:type><dev:defaultValue></dev:defaultValue></command:parameter><command:parameter required="false" variableLength="false" globbing="false" pipelineInput="false" position="named" aliases=""><maml:name>ThrottleLimit</maml:name><maml:description><maml:para>Specifies the maximum number of concurrent operations that can be established to run the cmdlet. If this parameter is omitted or a value of 0 is entered, then Windows PowerShell® calculates an optimum throttle limit for the cmdlet based on the number of CIM cmdlets that are running on the computer. The throttle limit applies only to the current cmdlet, not to the session or to the computer.</maml:para></maml:description><command:parameterValue required="true" variableLength="false">Int32</command:parameterValue><dev:type><maml:name>Int32</maml:name><maml:uri /></dev:type><dev:defaultValue></dev:defaultValue></command:parameter><command:parameter required="false" variableLength="true" globbing="false" pipelineInput="false" position="named"><maml:name>Confirm</maml:name><maml:description><maml:para>Prompts you for confirmation before running the cmdlet.</maml:para></maml:description><command:parameterValue required="false" variableLength="false">SwitchParameter</command:parameterValue><dev:type><maml:name>SwitchParameter</maml:name><maml:uri /></dev:type><dev:defaultValue>false</dev:defaultValue></command:parameter><command:parameter required="false" variableLength="true" globbing="false" pipelineInput="false" position="named"><maml:name>WhatIf</maml:name><maml:description><maml:para>Shows what would happen if the cmdlet runs. The cmdlet is not run.</maml:para></maml:description><command:parameterValue required="false" variableLength="false">SwitchParameter</command:parameterValue><dev:type><maml:name>SwitchParameter</maml:name><maml:uri /></dev:type><dev:defaultValue>false</dev:defaultValue></command:parameter></command:parameters><command:inputTypes><command:inputType><dev:type><maml:name>None</maml:name><maml:uri></maml:uri><maml:description><maml:para /></maml:description></dev:type><maml:description><maml:para></maml:para></maml:description></command:inputType></command:inputTypes><command:returnValues><command:returnValue><dev:type><maml:name>Microsoft.Management.Infrastructure.CimInstance#DAClient</maml:name><maml:uri></maml:uri><maml:description><maml:para /></maml:description></dev:type><maml:description><maml:para>The Microsoft.Management.Infrastructure.CimInstance object is a wrapper class that displays Windows Management Instrumentation (WMI) objects. The path after the pound sign (#) provides the namespace and class name for the underlying WMI object.
                         
The DAClient object contains the following properties: 
                         
 -- The list of client security groups present in the DA deployment.
                         
 -- The list of client GPOs present in the DA deployment. 
                         
 -- The status of force tunnel. 
                         
 -- The NRPT object (for force tunnel properties). 
                         
 -- The status of the policy to deploy DA only on laptops and notebooks and not on all of the computers in the domain. 
                         
 -- The status of whether appropriate policies should be deployed on down-level clients (Windows 7) to enable them to connect to the Windows Server 2012 DA Server. 
                         
If multi-site is enabled, then the following additional properties are present:
                         
 -- The name of the entry point (identity of a site) to which down-level clients are added. 
                         
 -- The name of the down-level client GPO. 
                         
 -- The list of security groups of down-level clients. </maml:para></maml:description></command:returnValue></command:returnValues><command:terminatingErrors /><command:nonTerminatingErrors /><command:examples><command:example><maml:title>EXAMPLE 1</maml:title><maml:introduction><maml:para></maml:para></maml:introduction><dev:code>PS C:\&gt; Remove-DAClient -SecurityGroupNameList 'corp.contoso.com\DirectAccessMobileClients'

</dev:code><dev:remarks><maml:para>This example removes the DirectAccessMobileClients SG from the DA deployment. The use of the cmdlet to restrict users and laptops in DirectAccessMobileClients SG from accessing the corporate resources of our Contoso firm is demonstrated here.</maml:para></dev:remarks><command:commandLines><command:commandLine><command:commandText /></command:commandLine></command:commandLines></command:example><command:example><maml:title>EXAMPLE 2</maml:title><maml:introduction><maml:para></maml:para></maml:introduction><dev:code>PS C:\&gt;Remove-DAClient -DomainName "child.corp.contoso.com"

</dev:code><dev:remarks><maml:para>This example displays the deployment that contains two domains viz.corp.contoso.com and child.corp.contoso.com and the cmdlet removes the DA client GPO in child.corp.cotoso.com domain. This cmdlet automatically locates the client GPO in the domain and removes it.</maml:para></dev:remarks><command:commandLines><command:commandLine><command:commandText /></command:commandLine></command:commandLines></command:example><command:example><maml:title>EXAMPLE 3</maml:title><maml:introduction><maml:para></maml:para></maml:introduction><dev:code>PS C:\&gt;Remove-DAClient -DownLevelSecurityGroupNameList 'child.corp.contoso.com\DownlevelClients' -DownlevelDomainName 'child.corp.contoso.com' -EntrypointName '2-Edge-Site' -PassThru
SecurityGroupNameList  : {corp.contoso.com\DirectAccessLaptopClients} 
GPOName    : {corp.contoso.com\DirectAccess Client Settings} 
OnlyRemoteComputers   : Disabled 
Downlevel    : Disabled 
ForceTunnelingStatus  : Disabled 
ForceTunnelingNrptSuffix  : 
EntrypointName   : 
DownlevelSecurityGroupNameList : 
DownlevelGpoName   : 
</dev:code><dev:remarks><maml:para>This example removes DA for Windows® 7 client computers present in domain named child.corp.contoso.com at site 2-Edge-Site. This is accomplished by removing the client SG DownlevelClients which contains the Windows 7 clients and the domain named child.corp.contoso.com.</maml:para></dev:remarks><command:commandLines><command:commandLine><command:commandText /></command:commandLine></command:commandLines></command:example></command:examples><maml:relatedLinks><maml:navigationLink><maml:linkText>Online Version:</maml:linkText><maml:uri>http://go.microsoft.com/fwlink/p/?linkid=289549</maml:uri></maml:navigationLink><maml:navigationLink><maml:linkText>Add-DAClient</maml:linkText><maml:uri /></maml:navigationLink><maml:navigationLink><maml:linkText>Get-DAClient</maml:linkText><maml:uri /></maml:navigationLink><maml:navigationLink><maml:linkText>Set-DAClient</maml:linkText><maml:uri /></maml:navigationLink><maml:navigationLink><maml:linkText>Remove-ADGroupMember</maml:linkText><maml:uri /></maml:navigationLink></maml:relatedLinks></command:command>

<command:command xmlns:maml="http://schemas.microsoft.com/maml/2004/10" xmlns:command="http://schemas.microsoft.com/maml/dev/command/2004/10" xmlns:dev="http://schemas.microsoft.com/maml/dev/2004/10" xmlns:MSHelp="http://msdn.microsoft.com/mshelp"><command:details><command:name>Set-DAClient</command:name><maml:description><maml:para>Configures the properties related to a DirectAccess (DA) client.</maml:para></maml:description><maml:copyright><maml:para /></maml:copyright><command:verb>Set</command:verb><command:noun>DAClient</command:noun><dev:version /></command:details><maml:description><maml:para>The Set-DAClient cmdlet configures the properties related to a DirectAccess (DA) client.</maml:para><maml:para>The DA client properties consist of the following. 

 -- Force tunneling. 

 -- Support for down-level clients. 

 -- Support for remote computers only. </maml:para><maml:para>The DA client configuration is a global configuration and is applicable to all of the client computers in the DA deployment.</maml:para></maml:description><command:syntax><command:syntaxItem><maml:name>Set-DAClient</maml:name><command:parameter required="false" variableLength="false" globbing="false" pipelineInput="false" position="named" aliases=""><maml:name>AsJob</maml:name><maml:description><maml:para>Runs the cmdlet as a background job. Use this parameter to run commands that take a long time to complete. 
 The cmdlet immediately returns an object that represents the job and then displays the command prompt. You can continue to work in the session while the job completes. To manage the job, use the *-Job cmdlets. To get the job results, use the <maml:navigationLink><maml:linkText>Receive-Job</maml:linkText><maml:uri></maml:uri></maml:navigationLink> cmdlet. 
 For more information about Windows PowerShell® background jobs, see <maml:navigationLink><maml:linkText>about_Jobs</maml:linkText><maml:uri></maml:uri></maml:navigationLink>.</maml:para></maml:description></command:parameter><command:parameter required="false" variableLength="true" globbing="false" pipelineInput="false" position="named" aliases=""><maml:name>CimSession</maml:name><maml:description><maml:para>Runs the cmdlet in a remote session or on a remote computer. Enter a computer name or a session object, such as the output of a <maml:navigationLink><maml:linkText>New-CimSession</maml:linkText><maml:uri></maml:uri></maml:navigationLink> or <maml:navigationLink><maml:linkText>Get-CimSession</maml:linkText><maml:uri></maml:uri></maml:navigationLink> cmdlet. The default is the current session on the local computer.</maml:para></maml:description><command:parameterValue required="true" variableLength="true">CimSession[]</command:parameterValue></command:parameter><command:parameter required="false" variableLength="false" globbing="false" pipelineInput="false" position="named" aliases=""><maml:name>ComputerName</maml:name><maml:description><maml:para>Specifies the IPv4 or IPv6 address, or host name, of the computer on which the Remote Access server computer specific tasks should be run.</maml:para></maml:description><command:parameterValue required="true" variableLength="false">String</command:parameterValue></command:parameter><command:parameter required="false" variableLength="false" globbing="false" pipelineInput="true (ByPropertyName)" position="named" aliases=""><maml:name>Downlevel</maml:name><maml:description><maml:para>Specifies that the appropriate policies should be deployed on down-level clients (Windows® 7) clients for allowing connection to a Windows Server® 2012 DA server. The acceptable values for this parameter are:  Enabled or Disabled. 

This parameter can be configured only when multi-site is not deployed. If a user tries to configure it in a multi-site deployment, then this cmdlet displays an error.</maml:para></maml:description><command:parameterValue required="true" variableLength="false">String</command:parameterValue></command:parameter><command:parameter required="false" variableLength="false" globbing="false" pipelineInput="true (ByPropertyName)" position="named" aliases=""><maml:name>ForceTunnel</maml:name><maml:description><maml:para>Specifies that force tunneling should be enabled or disabled. The acceptable values for this parameter are:  Enabled or Disabled.</maml:para></maml:description><command:parameterValue required="true" variableLength="false">String</command:parameterValue></command:parameter><command:parameter required="false" variableLength="false" globbing="false" pipelineInput="true (ByPropertyName)" position="named" aliases=""><maml:name>OnlyRemoteComputers</maml:name><maml:description><maml:para>Allows a user to enable or disable deployment of DA only on remote computers such as laptops and notebooks. The acceptable values for this parameter are:  Enabled or Disabled.</maml:para></maml:description><command:parameterValue required="true" variableLength="false">String</command:parameterValue></command:parameter><command:parameter required="false" variableLength="false" globbing="false" pipelineInput="false" position="named" aliases=""><maml:name>PassThru</maml:name><maml:description><maml:para>Returns an object representing the item with which you are working. By default, this cmdlet does not generate any output.</maml:para></maml:description></command:parameter><command:parameter required="false" variableLength="false" globbing="false" pipelineInput="false" position="named" aliases=""><maml:name>ThrottleLimit</maml:name><maml:description><maml:para>Specifies the maximum number of concurrent operations that can be established to run the cmdlet. If this parameter is omitted or a value of 0 is entered, then Windows PowerShell® calculates an optimum throttle limit for the cmdlet based on the number of CIM cmdlets that are running on the computer. The throttle limit applies only to the current cmdlet, not to the session or to the computer.</maml:para></maml:description><command:parameterValue required="true" variableLength="false">Int32</command:parameterValue></command:parameter><command:parameter required="false" variableLength="true" globbing="false" pipelineInput="false" position="named"><maml:name>Confirm</maml:name><maml:description><maml:para>Prompts you for confirmation before running the cmdlet.</maml:para></maml:description></command:parameter><command:parameter required="false" variableLength="true" globbing="false" pipelineInput="false" position="named"><maml:name>WhatIf</maml:name><maml:description><maml:para>Shows what would happen if the cmdlet runs. The cmdlet is not run.</maml:para></maml:description></command:parameter></command:syntaxItem></command:syntax><command:parameters><command:parameter required="false" variableLength="false" globbing="false" pipelineInput="false" position="named" aliases=""><maml:name>AsJob</maml:name><maml:description><maml:para>Runs the cmdlet as a background job. Use this parameter to run commands that take a long time to complete. 
 The cmdlet immediately returns an object that represents the job and then displays the command prompt. You can continue to work in the session while the job completes. To manage the job, use the *-Job cmdlets. To get the job results, use the <maml:navigationLink><maml:linkText>Receive-Job</maml:linkText><maml:uri></maml:uri></maml:navigationLink> cmdlet. 
 For more information about Windows PowerShell® background jobs, see <maml:navigationLink><maml:linkText>about_Jobs</maml:linkText><maml:uri></maml:uri></maml:navigationLink>.</maml:para></maml:description><command:parameterValue required="false" variableLength="false">SwitchParameter</command:parameterValue><dev:type><maml:name>SwitchParameter</maml:name><maml:uri /></dev:type><dev:defaultValue></dev:defaultValue></command:parameter><command:parameter required="false" variableLength="true" globbing="false" pipelineInput="false" position="named" aliases=""><maml:name>CimSession</maml:name><maml:description><maml:para>Runs the cmdlet in a remote session or on a remote computer. Enter a computer name or a session object, such as the output of a <maml:navigationLink><maml:linkText>New-CimSession</maml:linkText><maml:uri></maml:uri></maml:navigationLink> or <maml:navigationLink><maml:linkText>Get-CimSession</maml:linkText><maml:uri></maml:uri></maml:navigationLink> cmdlet. The default is the current session on the local computer.</maml:para></maml:description><command:parameterValue required="true" variableLength="true">CimSession[]</command:parameterValue><dev:type><maml:name>CimSession[]</maml:name><maml:uri /></dev:type><dev:defaultValue></dev:defaultValue></command:parameter><command:parameter required="false" variableLength="false" globbing="false" pipelineInput="false" position="named" aliases=""><maml:name>ComputerName</maml:name><maml:description><maml:para>Specifies the IPv4 or IPv6 address, or host name, of the computer on which the Remote Access server computer specific tasks should be run.</maml:para></maml:description><command:parameterValue required="true" variableLength="false">String</command:parameterValue><dev:type><maml:name>String</maml:name><maml:uri /></dev:type><dev:defaultValue></dev:defaultValue></command:parameter><command:parameter required="false" variableLength="false" globbing="false" pipelineInput="true (ByPropertyName)" position="named" aliases=""><maml:name>Downlevel</maml:name><maml:description><maml:para>Specifies that the appropriate policies should be deployed on down-level clients (Windows® 7) clients for allowing connection to a Windows Server® 2012 DA server. The acceptable values for this parameter are:  Enabled or Disabled. 

This parameter can be configured only when multi-site is not deployed. If a user tries to configure it in a multi-site deployment, then this cmdlet displays an error.</maml:para></maml:description><command:parameterValue required="true" variableLength="false">String</command:parameterValue><dev:type><maml:name>String</maml:name><maml:uri /></dev:type><dev:defaultValue></dev:defaultValue></command:parameter><command:parameter required="false" variableLength="false" globbing="false" pipelineInput="true (ByPropertyName)" position="named" aliases=""><maml:name>ForceTunnel</maml:name><maml:description><maml:para>Specifies that force tunneling should be enabled or disabled. The acceptable values for this parameter are:  Enabled or Disabled.</maml:para></maml:description><command:parameterValue required="true" variableLength="false">String</command:parameterValue><dev:type><maml:name>String</maml:name><maml:uri /></dev:type><dev:defaultValue></dev:defaultValue></command:parameter><command:parameter required="false" variableLength="false" globbing="false" pipelineInput="true (ByPropertyName)" position="named" aliases=""><maml:name>OnlyRemoteComputers</maml:name><maml:description><maml:para>Allows a user to enable or disable deployment of DA only on remote computers such as laptops and notebooks. The acceptable values for this parameter are:  Enabled or Disabled.</maml:para></maml:description><command:parameterValue required="true" variableLength="false">String</command:parameterValue><dev:type><maml:name>String</maml:name><maml:uri /></dev:type><dev:defaultValue></dev:defaultValue></command:parameter><command:parameter required="false" variableLength="false" globbing="false" pipelineInput="false" position="named" aliases=""><maml:name>PassThru</maml:name><maml:description><maml:para>Returns an object representing the item with which you are working. By default, this cmdlet does not generate any output.</maml:para></maml:description><command:parameterValue required="false" variableLength="false">SwitchParameter</command:parameterValue><dev:type><maml:name>SwitchParameter</maml:name><maml:uri /></dev:type><dev:defaultValue></dev:defaultValue></command:parameter><command:parameter required="false" variableLength="false" globbing="false" pipelineInput="false" position="named" aliases=""><maml:name>ThrottleLimit</maml:name><maml:description><maml:para>Specifies the maximum number of concurrent operations that can be established to run the cmdlet. If this parameter is omitted or a value of 0 is entered, then Windows PowerShell® calculates an optimum throttle limit for the cmdlet based on the number of CIM cmdlets that are running on the computer. The throttle limit applies only to the current cmdlet, not to the session or to the computer.</maml:para></maml:description><command:parameterValue required="true" variableLength="false">Int32</command:parameterValue><dev:type><maml:name>Int32</maml:name><maml:uri /></dev:type><dev:defaultValue></dev:defaultValue></command:parameter><command:parameter required="false" variableLength="true" globbing="false" pipelineInput="false" position="named"><maml:name>Confirm</maml:name><maml:description><maml:para>Prompts you for confirmation before running the cmdlet.</maml:para></maml:description><command:parameterValue required="false" variableLength="false">SwitchParameter</command:parameterValue><dev:type><maml:name>SwitchParameter</maml:name><maml:uri /></dev:type><dev:defaultValue>false</dev:defaultValue></command:parameter><command:parameter required="false" variableLength="true" globbing="false" pipelineInput="false" position="named"><maml:name>WhatIf</maml:name><maml:description><maml:para>Shows what would happen if the cmdlet runs. The cmdlet is not run.</maml:para></maml:description><command:parameterValue required="false" variableLength="false">SwitchParameter</command:parameterValue><dev:type><maml:name>SwitchParameter</maml:name><maml:uri /></dev:type><dev:defaultValue>false</dev:defaultValue></command:parameter></command:parameters><command:inputTypes><command:inputType><dev:type><maml:name>None</maml:name><maml:uri></maml:uri><maml:description><maml:para /></maml:description></dev:type><maml:description><maml:para></maml:para></maml:description></command:inputType></command:inputTypes><command:returnValues><command:returnValue><dev:type><maml:name>Microsoft.Management.Infrastructure.CimInstance#DAClientSettings</maml:name><maml:uri></maml:uri><maml:description><maml:para /></maml:description></dev:type><maml:description><maml:para>The Microsoft.Management.Infrastructure.CimInstance object is a wrapper class that displays Windows Management Instrumentation (WMI) objects. The path after the pound sign (#) provides the namespace and class name for the underlying WMI object.

The DAClientSettings object contains the following properties: 

 -- The status of force tunneling. 

 -- The NRPT object (for force tunnel properties). 

 -- The status of the policy to deploy DA only on laptops and notebooks and not on all computers in the domain. 

 -- The status of whether appropriate policies should be deployed on down-level clients (Windows 7) to enable them to connect to the Windows Server 2012 DA server. </maml:para></maml:description></command:returnValue></command:returnValues><command:terminatingErrors /><command:nonTerminatingErrors /><command:examples><command:example><maml:title>EXAMPLE 1</maml:title><maml:introduction><maml:para></maml:para></maml:introduction><dev:code>PS C:\&gt; Set-DAClient -ForceTunnel "Enabled" -OnlyRemoteComputers "Enabled" -PassThru
OnlyRemoteComputers   : Enabled 
Downlevel    : Disabled 
ForceTunnelingStatus  : Enabled 
ForceTunnelingNrptSuffix  : . 
</dev:code><dev:remarks><maml:para>This example configures DA only for remote laptops and computers and mandatorily route traffic through the corporate network. A default Name Resolution Policy Table (NRPT) entry is added to indicate that all traffic to any suffix should be sent to the corporate network. This is a global setting and will be applied across clients.</maml:para></dev:remarks><command:commandLines><command:commandLine><command:commandText /></command:commandLine></command:commandLines></command:example><command:example><maml:title>EXAMPLE 2</maml:title><maml:introduction><maml:para></maml:para></maml:introduction><dev:code>
PS C:\&gt;$certs = Get-ChildItem –Path Cert:\LocalMachine\Root



PS C:\&gt;$IPSecRootCert = $certs[13]



PS C:\&gt;Set-DAServer -IPSecRootCertificate $IPSecRootCert -UserAuthentication TwoFactor



PS C:\&gt;Set-DAClient -Downlevel "Enabled"
OnlyRemoteComputers   : Enabled 
Downlevel    : Enabled 
ForceTunnelingStatus  : Enabled 
ForceTunnelingNrptSuffix  : . 
</dev:code><dev:remarks><maml:para>This example enables Windows 7 clients to connect to the corporate networking over DA. There are multiple steps involved in achieving this configuration. By default PKI is disabled during DA installation and it needs to be enabled. This is achieved by provisioning an IPsec root certificate on the DA server using the Set-DAServer cmdlet. The enterprise needs to have a certification authority (CA) which will provision this certificate for all domain joint computers. The first two steps list out the certificates present in the root certificate store of the server computer and pick an appropriate one. In this case it happens to be the 13th certificate in the list. This certificate is then assigned as the IPsec root certificate to enable PKI. Once this is done the Down-level parameter in this cmdlet is set to Enabled to enable DA for Windows 7 clients. This causes appropriate policies to be configured on Windows 7 computer only.</maml:para></dev:remarks><command:commandLines><command:commandLine><command:commandText /></command:commandLine></command:commandLines></command:example></command:examples><maml:relatedLinks><maml:navigationLink><maml:linkText>Online Version:</maml:linkText><maml:uri>http://go.microsoft.com/fwlink/p/?linkid=289703</maml:uri></maml:navigationLink><maml:navigationLink><maml:linkText>Get-ChildItem</maml:linkText><maml:uri></maml:uri></maml:navigationLink><maml:navigationLink><maml:linkText>Add-DAClient</maml:linkText><maml:uri /></maml:navigationLink><maml:navigationLink><maml:linkText>Get-DAClient</maml:linkText><maml:uri /></maml:navigationLink><maml:navigationLink><maml:linkText>Remove-DAClient</maml:linkText><maml:uri /></maml:navigationLink><maml:navigationLink><maml:linkText>Set-DAServer</maml:linkText><maml:uri /></maml:navigationLink></maml:relatedLinks></command:command>

</helpItems>

