﻿<?xml version = "1.0" encoding = "utf-8" ?>

<helpItems schema="maml">

<command:command xmlns:maml="http://schemas.microsoft.com/maml/2004/10" xmlns:command="http://schemas.microsoft.com/maml/dev/command/2004/10" xmlns:dev="http://schemas.microsoft.com/maml/dev/2004/10" xmlns:MSHelp="http://msdn.microsoft.com/mshelp"><command:details><command:name>Add-DAAppServer</command:name><maml:description><maml:para>Adds a new application server security group to the DirectAccess (DA) deployment, adds an application servers to an application server security group that is already part of the DirectAccess deployment, and adds or updates application server Group Policy Object (GPO) in a domain.</maml:para></maml:description><maml:copyright><maml:para /></maml:copyright><command:verb>Add</command:verb><command:noun>DAAppServer</command:noun><dev:version /></command:details><maml:description><maml:para>The Add-DAAppServer cmdlet adds a new application server security group to the DirectAccess (DA) deployment, adds an application servers to an application server security group that is already part of the DirectAccess deployment, and adds or updates application server Group Policy Object (GPO) in a domain. This cmdlet is not applicable when DA is deployed only for the management of remote clients.</maml:para><maml:para>The application server security group and GPO parameters are treated as independent entities. The basic paradigm is that a user can create application server GPOs independent of the SGs and the domains where these SGs exist. Every SG that is added to the DA deployment is added in all application server GPOs currently present. Hence, all GPOs always contain all SGs even if all the corresponding domains are not represented in all the SGs. There will never be a scenario where an SG is present only in some of the GPOs. If this happens, then it means that the configuration is in a bad state.</maml:para><maml:para>With this paradigm there is still a need to parse the SG to add independent application servers in an SG because every application server has a unique end-to-end IPsec policy in all client and application server GPOs.</maml:para><maml:para>The following additional capabilities of the application server cmdlets justify their need though AD cmdlets are already available for the addition of SGs and GPOs. 
                       
 -- When an SG is added it is added in all GPOs. Additionally, if the user does not have permissions to edit a GPO the SG is not added to any of the GPOs. When using the AD cmdlet user would have to carefully ensure that it is run for each of the domains and it is difficult to handle the case where the user does not have permissions on some domains. 
                       
 -- When a GPO is added all SGs are added in the GPO and application server specific policies are created. The cmdlet takes care of the conditions where the GPO is created if not already present. If the GPO is already present then it is merely edited. </maml:para><maml:para>The App Server configuration is a global configuration and is applicable to all DA servers in the enterprise deployment even when there is multi-site enterprise deployment.</maml:para><maml:para>Following are additional behavioral notes for this cmdlet. 
                       
 -- If the user adds an SG without specifying a domain or GPO, then by default an application server GPO is created in the DA server's domain. If the user specifies a GPO name or domain name, then the GPO is created only in that domain. 
                       
 -- Adding an application server GPO alone without any application server SGs is permitted operation. When adding a GPO the admin can either specify the name of the GPO and the domain to which it belongs or the domain name alone. If only a domain is specified, then the GPO is created with a default name. 
                       
 -- If nested SGs are specified, then the cmdlet recursively parses all SGs so that all servers are retrieved and policies can be created or removed accordingly. However, the cmdlet does not refer to the domain to which an application server belongs. Hence it is the responsibility of the user to ensure that application server GPOs are created in every supported domain by explicitly adding GPOs in that domain. 
                       
 -- When adding a new app server GPO if it is already present in the domain then it is merely configured with the SGs,IPsec policies and other settings. If it is not present then it is created first. 
                       
 -- If user tries to re-add a GPO by either re-adding a domain or specifying the same GPO name for the domain again then no changes are made. 
                       
 - If the user tries to add a GPO with a new name in a domain that already contains an app server GPO, then no action is taken but a non-terminating error is displayed. If this cmdlet finds that no action can be taken based on the parameters passed, then it will return a terminating error. 
                       
 -- When adding SGs if the user does not have the permissions to configure even one app server GPO among the many that might be present then the cmdlet terminates the processing of the entire list of SGs specified. However, it still processes any GPOs that the user might have specified to add. 
                       
 -- When adding GPOs if the user does not have the permissions to create or configure one of the specified GPOs then the cmdlet still proceeds with the processing of the remaining GPOs in the list. 
                       
 -- Each new application server GPO that is added is configured with the end-to-end authentication and IPsec traffic protection settings. These settings are common to all GPOs. The default values assigned by this cmdlet for end-to-end authentication is E2EAuthOnlyToAppServer and IPsec traffic protection is Disabled The default setting is Enabled. If the user wishes to change these values, then use the Set-DAAppServerConnection cmdlet. </maml:para></maml:description><command:syntax><command:syntaxItem><maml:name>Add-DAAppServer</maml:name><command:parameter required="false" variableLength="false" globbing="false" pipelineInput="false" position="named" aliases=""><maml:name>AsJob</maml:name><maml:description><maml:para>Runs the cmdlet as a background job. Use this parameter to run commands that take a long time to complete. 
 The cmdlet immediately returns an object that represents the job and then displays the command prompt. You can continue to work in the session while the job completes. To manage the job, use the *-Job cmdlets. To get the job results, use the <maml:navigationLink><maml:linkText>Receive-Job</maml:linkText><maml:uri></maml:uri></maml:navigationLink> cmdlet. 
 For more information about Windows PowerShell® background jobs, see <maml:navigationLink><maml:linkText>about_Jobs</maml:linkText><maml:uri></maml:uri></maml:navigationLink>.</maml:para></maml:description></command:parameter><command:parameter required="false" variableLength="true" globbing="false" pipelineInput="false" position="named" aliases="Session"><maml:name>CimSession</maml:name><maml:description><maml:para>Runs the cmdlet in a remote session or on a remote computer. Enter a computer name or a session object, such as the output of a <maml:navigationLink><maml:linkText>New-CimSession</maml:linkText><maml:uri></maml:uri></maml:navigationLink> or <maml:navigationLink><maml:linkText>Get-CimSession</maml:linkText><maml:uri></maml:uri></maml:navigationLink> cmdlet. The default is the current session on the local computer.</maml:para></maml:description><command:parameterValue required="true" variableLength="true">CimSession[]</command:parameterValue></command:parameter><command:parameter required="false" variableLength="false" globbing="false" pipelineInput="false" position="named" aliases="Cn"><maml:name>ComputerName</maml:name><maml:description><maml:para>Specifies the IPv4 or IPv6 address, or host name, of the computer on which the remote access server computer specific tasks should be run.</maml:para></maml:description><command:parameterValue required="true" variableLength="false">String</command:parameterValue></command:parameter><command:parameter required="false" variableLength="true" globbing="false" pipelineInput="True (ByPropertyName)" position="named" aliases=""><maml:name>GpoName</maml:name><maml:description><maml:para>Specifies the name to be used when creating the application server GPO in the specified domain or represents the domain in which an app server GPO with the default name should be created. GPO is specified in the format DOMAIN\GPO_NAME. Domain is specified in the format DOMAIN. If the parameter contains only the domain name then the following default GPO name is used: 
                         
 -- &lt;domain&gt; application server policy for &lt;DirectAccess connection friendly name&gt;. 
                         
The Default value is DirectAccess Application Server Settings
                         
A list of GPOs can be specified. </maml:para></maml:description><command:parameterValue required="true" variableLength="true">String[]</command:parameterValue></command:parameter><command:parameter required="false" variableLength="false" globbing="false" pipelineInput="false" position="named" aliases=""><maml:name>PassThru</maml:name><maml:description><maml:para>Returns an object representing the item with which you are working. By default, this cmdlet does not generate any output.</maml:para></maml:description></command:parameter><command:parameter required="false" variableLength="true" globbing="false" pipelineInput="True (ByPropertyName)" position="named" aliases=""><maml:name>SecurityGroupNameList</maml:name><maml:description><maml:para>Specifies the list of application server security groups that are to be added to the DirectAccess deployment. Specified in DOMAIN\SG_NAME format.</maml:para></maml:description><command:parameterValue required="true" variableLength="true">String[]</command:parameterValue></command:parameter><command:parameter required="false" variableLength="false" globbing="false" pipelineInput="false" position="named" aliases=""><maml:name>ThrottleLimit</maml:name><maml:description><maml:para>Specifies the maximum number of concurrent operations that can be established to run the cmdlet. If this parameter is omitted or a value of 0 is entered, then Windows PowerShell® calculates an optimum throttle limit for the cmdlet based on the number of CIM cmdlets that are running on the computer. The throttle limit applies only to the current cmdlet, not to the session or to the computer.</maml:para></maml:description><command:parameterValue required="true" variableLength="false">Int32</command:parameterValue></command:parameter><command:parameter required="false" variableLength="true" globbing="false" pipelineInput="false" position="named"><maml:name>Confirm</maml:name><maml:description><maml:para>Prompts you for confirmation before running the cmdlet.</maml:para></maml:description></command:parameter><command:parameter required="false" variableLength="true" globbing="false" pipelineInput="false" position="named"><maml:name>WhatIf</maml:name><maml:description><maml:para>Shows what would happen if the cmdlet runs. The cmdlet is not run.</maml:para></maml:description></command:parameter></command:syntaxItem><command:syntaxItem><maml:name>Add-DAAppServer</maml:name><command:parameter required="true" variableLength="true" globbing="false" pipelineInput="True (ByPropertyName)" position="2" aliases=""><maml:name>Name</maml:name><maml:description><maml:para>Specifies the list of application servers that have to be added to the DirectAccess deployment. The servers are specified by their hostnames and are added to the security group specified by the SecurityGroupName parameter. The servers cannot be specified by their IPv4 or IPv6 addresses.</maml:para></maml:description><command:parameterValue required="true" variableLength="true">String[]</command:parameterValue></command:parameter><command:parameter required="true" variableLength="false" globbing="false" pipelineInput="True (ByPropertyName)" position="3" aliases=""><maml:name>SecurityGroupName</maml:name><maml:description><maml:para>Specifies the name of a security group that is already part of the DirectAccess deployment to which the specified list of application servers should be added. Specified in the DOMAIN\SG_NAME format.</maml:para></maml:description><command:parameterValue required="true" variableLength="false">String</command:parameterValue></command:parameter><command:parameter required="false" variableLength="false" globbing="false" pipelineInput="false" position="named" aliases=""><maml:name>AsJob</maml:name><maml:description><maml:para>Runs the cmdlet as a background job. Use this parameter to run commands that take a long time to complete. 
 The cmdlet immediately returns an object that represents the job and then displays the command prompt. You can continue to work in the session while the job completes. To manage the job, use the *-Job cmdlets. To get the job results, use the <maml:navigationLink><maml:linkText>Receive-Job</maml:linkText><maml:uri></maml:uri></maml:navigationLink> cmdlet. 
 For more information about Windows PowerShell® background jobs, see <maml:navigationLink><maml:linkText>about_Jobs</maml:linkText><maml:uri></maml:uri></maml:navigationLink>.</maml:para></maml:description></command:parameter><command:parameter required="false" variableLength="true" globbing="false" pipelineInput="false" position="named" aliases="Session"><maml:name>CimSession</maml:name><maml:description><maml:para>Runs the cmdlet in a remote session or on a remote computer. Enter a computer name or a session object, such as the output of a <maml:navigationLink><maml:linkText>New-CimSession</maml:linkText><maml:uri></maml:uri></maml:navigationLink> or <maml:navigationLink><maml:linkText>Get-CimSession</maml:linkText><maml:uri></maml:uri></maml:navigationLink> cmdlet. The default is the current session on the local computer.</maml:para></maml:description><command:parameterValue required="true" variableLength="true">CimSession[]</command:parameterValue></command:parameter><command:parameter required="false" variableLength="false" globbing="false" pipelineInput="false" position="named" aliases="Cn"><maml:name>ComputerName</maml:name><maml:description><maml:para>Specifies the IPv4 or IPv6 address, or host name, of the computer on which the remote access server computer specific tasks should be run.</maml:para></maml:description><command:parameterValue required="true" variableLength="false">String</command:parameterValue></command:parameter><command:parameter required="false" variableLength="true" globbing="false" pipelineInput="True (ByPropertyName)" position="named" aliases=""><maml:name>GpoName</maml:name><maml:description><maml:para>Specifies the name to be used when creating the application server GPO in the specified domain or represents the domain in which an app server GPO with the default name should be created. GPO is specified in the format DOMAIN\GPO_NAME. Domain is specified in the format DOMAIN. If the parameter contains only the domain name then the following default GPO name is used: 
                         
 -- &lt;domain&gt; application server policy for &lt;DirectAccess connection friendly name&gt;. 
                         
The Default value is DirectAccess Application Server Settings
                         
A list of GPOs can be specified. </maml:para></maml:description><command:parameterValue required="true" variableLength="true">String[]</command:parameterValue></command:parameter><command:parameter required="false" variableLength="false" globbing="false" pipelineInput="false" position="named" aliases=""><maml:name>PassThru</maml:name><maml:description><maml:para>Returns an object representing the item with which you are working. By default, this cmdlet does not generate any output.</maml:para></maml:description></command:parameter><command:parameter required="false" variableLength="false" globbing="false" pipelineInput="false" position="named" aliases=""><maml:name>ThrottleLimit</maml:name><maml:description><maml:para>Specifies the maximum number of concurrent operations that can be established to run the cmdlet. If this parameter is omitted or a value of 0 is entered, then Windows PowerShell® calculates an optimum throttle limit for the cmdlet based on the number of CIM cmdlets that are running on the computer. The throttle limit applies only to the current cmdlet, not to the session or to the computer.</maml:para></maml:description><command:parameterValue required="true" variableLength="false">Int32</command:parameterValue></command:parameter><command:parameter required="false" variableLength="true" globbing="false" pipelineInput="false" position="named"><maml:name>Confirm</maml:name><maml:description><maml:para>Prompts you for confirmation before running the cmdlet.</maml:para></maml:description></command:parameter><command:parameter required="false" variableLength="true" globbing="false" pipelineInput="false" position="named"><maml:name>WhatIf</maml:name><maml:description><maml:para>Shows what would happen if the cmdlet runs. The cmdlet is not run.</maml:para></maml:description></command:parameter></command:syntaxItem></command:syntax><command:parameters><command:parameter required="false" variableLength="false" globbing="false" pipelineInput="false" position="named" aliases=""><maml:name>AsJob</maml:name><maml:description><maml:para>Runs the cmdlet as a background job. Use this parameter to run commands that take a long time to complete. 
 The cmdlet immediately returns an object that represents the job and then displays the command prompt. You can continue to work in the session while the job completes. To manage the job, use the *-Job cmdlets. To get the job results, use the <maml:navigationLink><maml:linkText>Receive-Job</maml:linkText><maml:uri></maml:uri></maml:navigationLink> cmdlet. 
 For more information about Windows PowerShell® background jobs, see <maml:navigationLink><maml:linkText>about_Jobs</maml:linkText><maml:uri></maml:uri></maml:navigationLink>.</maml:para></maml:description><command:parameterValue required="false" variableLength="false">SwitchParameter</command:parameterValue><dev:type><maml:name>SwitchParameter</maml:name><maml:uri /></dev:type><dev:defaultValue></dev:defaultValue></command:parameter><command:parameter required="false" variableLength="true" globbing="false" pipelineInput="false" position="named" aliases="Session"><maml:name>CimSession</maml:name><maml:description><maml:para>Runs the cmdlet in a remote session or on a remote computer. Enter a computer name or a session object, such as the output of a <maml:navigationLink><maml:linkText>New-CimSession</maml:linkText><maml:uri></maml:uri></maml:navigationLink> or <maml:navigationLink><maml:linkText>Get-CimSession</maml:linkText><maml:uri></maml:uri></maml:navigationLink> cmdlet. The default is the current session on the local computer.</maml:para></maml:description><command:parameterValue required="true" variableLength="true">CimSession[]</command:parameterValue><dev:type><maml:name>CimSession[]</maml:name><maml:uri /></dev:type><dev:defaultValue></dev:defaultValue></command:parameter><command:parameter required="false" variableLength="false" globbing="false" pipelineInput="false" position="named" aliases="Cn"><maml:name>ComputerName</maml:name><maml:description><maml:para>Specifies the IPv4 or IPv6 address, or host name, of the computer on which the remote access server computer specific tasks should be run.</maml:para></maml:description><command:parameterValue required="true" variableLength="false">String</command:parameterValue><dev:type><maml:name>String</maml:name><maml:uri /></dev:type><dev:defaultValue></dev:defaultValue></command:parameter><command:parameter required="false" variableLength="true" globbing="false" pipelineInput="True (ByPropertyName)" position="named" aliases=""><maml:name>GpoName</maml:name><maml:description><maml:para>Specifies the name to be used when creating the application server GPO in the specified domain or represents the domain in which an app server GPO with the default name should be created. GPO is specified in the format DOMAIN\GPO_NAME. Domain is specified in the format DOMAIN. If the parameter contains only the domain name then the following default GPO name is used: 
                         
 -- &lt;domain&gt; application server policy for &lt;DirectAccess connection friendly name&gt;. 
                         
The Default value is DirectAccess Application Server Settings
                         
A list of GPOs can be specified. </maml:para></maml:description><command:parameterValue required="true" variableLength="true">String[]</command:parameterValue><dev:type><maml:name>String[]</maml:name><maml:uri /></dev:type><dev:defaultValue></dev:defaultValue></command:parameter><command:parameter required="true" variableLength="true" globbing="false" pipelineInput="True (ByPropertyName)" position="2" aliases=""><maml:name>Name</maml:name><maml:description><maml:para>Specifies the list of application servers that have to be added to the DirectAccess deployment. The servers are specified by their hostnames and are added to the security group specified by the SecurityGroupName parameter. The servers cannot be specified by their IPv4 or IPv6 addresses.</maml:para></maml:description><command:parameterValue required="true" variableLength="true">String[]</command:parameterValue><dev:type><maml:name>String[]</maml:name><maml:uri /></dev:type><dev:defaultValue></dev:defaultValue></command:parameter><command:parameter required="false" variableLength="false" globbing="false" pipelineInput="false" position="named" aliases=""><maml:name>PassThru</maml:name><maml:description><maml:para>Returns an object representing the item with which you are working. By default, this cmdlet does not generate any output.</maml:para></maml:description><command:parameterValue required="false" variableLength="false">SwitchParameter</command:parameterValue><dev:type><maml:name>SwitchParameter</maml:name><maml:uri /></dev:type><dev:defaultValue></dev:defaultValue></command:parameter><command:parameter required="true" variableLength="false" globbing="false" pipelineInput="True (ByPropertyName)" position="3" aliases=""><maml:name>SecurityGroupName</maml:name><maml:description><maml:para>Specifies the name of a security group that is already part of the DirectAccess deployment to which the specified list of application servers should be added. Specified in the DOMAIN\SG_NAME format.</maml:para></maml:description><command:parameterValue required="true" variableLength="false">String</command:parameterValue><dev:type><maml:name>String</maml:name><maml:uri /></dev:type><dev:defaultValue></dev:defaultValue></command:parameter><command:parameter required="false" variableLength="true" globbing="false" pipelineInput="True (ByPropertyName)" position="named" aliases=""><maml:name>SecurityGroupNameList</maml:name><maml:description><maml:para>Specifies the list of application server security groups that are to be added to the DirectAccess deployment. Specified in DOMAIN\SG_NAME format.</maml:para></maml:description><command:parameterValue required="true" variableLength="true">String[]</command:parameterValue><dev:type><maml:name>String[]</maml:name><maml:uri /></dev:type><dev:defaultValue></dev:defaultValue></command:parameter><command:parameter required="false" variableLength="false" globbing="false" pipelineInput="false" position="named" aliases=""><maml:name>ThrottleLimit</maml:name><maml:description><maml:para>Specifies the maximum number of concurrent operations that can be established to run the cmdlet. If this parameter is omitted or a value of 0 is entered, then Windows PowerShell® calculates an optimum throttle limit for the cmdlet based on the number of CIM cmdlets that are running on the computer. The throttle limit applies only to the current cmdlet, not to the session or to the computer.</maml:para></maml:description><command:parameterValue required="true" variableLength="false">Int32</command:parameterValue><dev:type><maml:name>Int32</maml:name><maml:uri /></dev:type><dev:defaultValue></dev:defaultValue></command:parameter><command:parameter required="false" variableLength="true" globbing="false" pipelineInput="false" position="named"><maml:name>Confirm</maml:name><maml:description><maml:para>Prompts you for confirmation before running the cmdlet.</maml:para></maml:description><command:parameterValue required="false" variableLength="false">SwitchParameter</command:parameterValue><dev:type><maml:name>SwitchParameter</maml:name><maml:uri /></dev:type><dev:defaultValue>false</dev:defaultValue></command:parameter><command:parameter required="false" variableLength="true" globbing="false" pipelineInput="false" position="named"><maml:name>WhatIf</maml:name><maml:description><maml:para>Shows what would happen if the cmdlet runs. The cmdlet is not run.</maml:para></maml:description><command:parameterValue required="false" variableLength="false">SwitchParameter</command:parameterValue><dev:type><maml:name>SwitchParameter</maml:name><maml:uri /></dev:type><dev:defaultValue>false</dev:defaultValue></command:parameter></command:parameters><command:inputTypes><command:inputType><dev:type><maml:name>None</maml:name><maml:uri></maml:uri><maml:description><maml:para /></maml:description></dev:type><maml:description><maml:para></maml:para></maml:description></command:inputType></command:inputTypes><command:returnValues><command:returnValue><dev:type><maml:name>Microsoft.Management.Infrastructure.CimInstance#DAAppServer</maml:name><maml:uri></maml:uri><maml:description><maml:para /></maml:description></dev:type><maml:description><maml:para>The Microsoft.Management.Infrastructure.CimInstance object is a wrapper class that displays Windows Management Instrumentation (WMI) objects. The path after the pound sign (#) provides the namespace and class name for the underlying WMI object.
                         
The DAAppServer object consists of the following properties: 
                         
 -- The list of application server security groups. Each security group is specified in the Domain\GroupName format. 
                         
 -- The List of application server GPOs. Each GPO is specified in the Domain\GPOName format. 
                         
 -- The properties of the connection to the application server. If there are no application servers configured then the default value is NoE2EAuth, which mean no end-to-end authentication is required. 
                         
 -- Whether or not IPsec traffic protection is enabled. If there are no application servers configured then the default value is Disabled. </maml:para></maml:description></command:returnValue></command:returnValues><command:terminatingErrors /><command:nonTerminatingErrors /><command:examples><command:example><maml:title>EXAMPLE 1</maml:title><maml:introduction><maml:para></maml:para></maml:introduction><dev:code>PS C:\&gt; Add-DAAppServer -SecurityGroupNameList daAppServerGrp -PassThru
SecurityGroupNameList: {corp.contoso.com\daappservergrp} 
GpoName              : {corp.contoso.com\DirectAccess Application Server Settings} 
ConnectionType       : E2EAuthOnlyToAppServer 
TrafficProtection    : Enabled 
</dev:code><dev:remarks><maml:para>This example adds an appserver security group to DirectAccess deployment. 
                         
This cmdlet adds security group daAppServerGrp consisting of application servers to the DirectAccess deployment. Additionally, a GPO is created with default name DirectAccess Application Server Settings in the same domain as the DirectAccess server and the GPO is filtered on this security group.</maml:para></dev:remarks><command:commandLines><command:commandLine><command:commandText /></command:commandLine></command:commandLines></command:example><command:example><maml:title>EXAMPLE 2</maml:title><maml:introduction><maml:para></maml:para></maml:introduction><dev:code>PS C:\&gt;Add-DAAppServer -Name da-test-0807 -SecuirtyGroupName daAppServerGrp
SecurityGroupNameList: {corp.contoso.com\daappservergrp} 
GpoName              : {corp.contoso.com\DirectAccess Application Server Settings} 
ConnectionType       : E2EAuthOnlyToAppServer 
TrafficProtection    : Enabled 
</dev:code><dev:remarks><maml:para>This example add an application server to the application server security group. 
                         
This cmdlet adds the application server da-test-0807 to the pre-existing security group daappservergrp.</maml:para></dev:remarks><command:commandLines><command:commandLine><command:commandText /></command:commandLine></command:commandLines></command:example><command:example><maml:title>EXAMPLE 3</maml:title><maml:introduction><maml:para></maml:para></maml:introduction><dev:code>PS C:\&gt;Add-DAAppServer –GpoName child.corp.contoso.com\DAAppServerGpo –PassThru
SecurityGroupNameList: {corp.contoso.com\testappserver} 
GpoName              : {corp.contoso.com\DirectAccess Application Server Settings, 
                       child.corp.contoso.com\DAAppServerGpo} 
ConnectionType       : E2EAuthOnlyToAppServer 
TrafficProtection    : Enabled 
</dev:code><dev:remarks><maml:para>This example adds an application server GPOs to the DirectAccess deployment. The setup consists of two domains viz. corp.contoso.com and child.corp.contoso.com. There is already an Application Server GPO in corp.contoso.com. This cmdlet adds a GPO in the domain child.corp.contoso.com</maml:para></dev:remarks><command:commandLines><command:commandLine><command:commandText /></command:commandLine></command:commandLines></command:example></command:examples><maml:relatedLinks><maml:navigationLink><maml:linkText>Online Version:</maml:linkText><maml:uri>http://go.microsoft.com/fwlink/p/?linkid=289488</maml:uri></maml:navigationLink><maml:navigationLink><maml:linkText>Get-DAAppServer</maml:linkText><maml:uri /></maml:navigationLink><maml:navigationLink><maml:linkText>Remove-DAAppServer</maml:linkText><maml:uri /></maml:navigationLink><maml:navigationLink><maml:linkText>Set-DAAppServerConnection</maml:linkText><maml:uri /></maml:navigationLink></maml:relatedLinks></command:command>

<command:command xmlns:maml="http://schemas.microsoft.com/maml/2004/10" xmlns:command="http://schemas.microsoft.com/maml/dev/command/2004/10" xmlns:dev="http://schemas.microsoft.com/maml/dev/2004/10" xmlns:MSHelp="http://msdn.microsoft.com/mshelp"><command:details><command:name>Get-DAAppServer</command:name><maml:description><maml:para>Displays the list of application server security groups that are part of the DirectAccess (DA) deployment and the properties of the connections made to the application servers in the groups.</maml:para></maml:description><maml:copyright><maml:para /></maml:copyright><command:verb>Get</command:verb><command:noun>DAAppServer</command:noun><dev:version /></command:details><maml:description><maml:para>The Get-DAAppServer cmdlet displays the list of application server security groups that are part of the DirectAccess (DA) deployment and the properties of the connections made to the application servers in the groups. This cmdlet is not applicable when DA is deployed only for the management of remote clients.</maml:para></maml:description><command:syntax><command:syntaxItem><maml:name>Get-DAAppServer</maml:name><command:parameter required="false" variableLength="false" globbing="false" pipelineInput="false" position="named" aliases=""><maml:name>AsJob</maml:name><maml:description><maml:para>Runs the cmdlet as a background job. Use this parameter to run commands that take a long time to complete. 
 The cmdlet immediately returns an object that represents the job and then displays the command prompt. You can continue to work in the session while the job completes. To manage the job, use the *-Job cmdlets. To get the job results, use the <maml:navigationLink><maml:linkText>Receive-Job</maml:linkText><maml:uri></maml:uri></maml:navigationLink> cmdlet. 
 For more information about Windows PowerShell® background jobs, see <maml:navigationLink><maml:linkText>about_Jobs</maml:linkText><maml:uri></maml:uri></maml:navigationLink>.</maml:para></maml:description></command:parameter><command:parameter required="false" variableLength="true" globbing="false" pipelineInput="false" position="named" aliases=""><maml:name>CimSession</maml:name><maml:description><maml:para>Runs the cmdlet in a remote session or on a remote computer. Enter a computer name or a session object, such as the output of a <maml:navigationLink><maml:linkText>New-CimSession</maml:linkText><maml:uri></maml:uri></maml:navigationLink> or <maml:navigationLink><maml:linkText>Get-CimSession</maml:linkText><maml:uri></maml:uri></maml:navigationLink> cmdlet. The default is the current session on the local computer.</maml:para></maml:description><command:parameterValue required="true" variableLength="true">CimSession[]</command:parameterValue></command:parameter><command:parameter required="false" variableLength="false" globbing="false" pipelineInput="false" position="named" aliases=""><maml:name>ComputerName</maml:name><maml:description><maml:para>Specifies the IPv4 or IPv6 address, or host name, of the computer on which the Remote Access server computer specific tasks should be run.</maml:para></maml:description><command:parameterValue required="true" variableLength="false">String</command:parameterValue></command:parameter><command:parameter required="false" variableLength="false" globbing="false" pipelineInput="false" position="named" aliases=""><maml:name>ThrottleLimit</maml:name><maml:description><maml:para>Specifies the maximum number of concurrent operations that can be established to run the cmdlet. If this parameter is omitted or a value of 0 is entered, then Windows PowerShell® calculates an optimum throttle limit for the cmdlet based on the number of CIM cmdlets that are running on the computer. The throttle limit applies only to the current cmdlet, not to the session or to the computer.</maml:para></maml:description><command:parameterValue required="true" variableLength="false">Int32</command:parameterValue></command:parameter></command:syntaxItem></command:syntax><command:parameters><command:parameter required="false" variableLength="false" globbing="false" pipelineInput="false" position="named" aliases=""><maml:name>AsJob</maml:name><maml:description><maml:para>Runs the cmdlet as a background job. Use this parameter to run commands that take a long time to complete. 
 The cmdlet immediately returns an object that represents the job and then displays the command prompt. You can continue to work in the session while the job completes. To manage the job, use the *-Job cmdlets. To get the job results, use the <maml:navigationLink><maml:linkText>Receive-Job</maml:linkText><maml:uri></maml:uri></maml:navigationLink> cmdlet. 
 For more information about Windows PowerShell® background jobs, see <maml:navigationLink><maml:linkText>about_Jobs</maml:linkText><maml:uri></maml:uri></maml:navigationLink>.</maml:para></maml:description><command:parameterValue required="false" variableLength="false">SwitchParameter</command:parameterValue><dev:type><maml:name>SwitchParameter</maml:name><maml:uri /></dev:type><dev:defaultValue></dev:defaultValue></command:parameter><command:parameter required="false" variableLength="true" globbing="false" pipelineInput="false" position="named" aliases=""><maml:name>CimSession</maml:name><maml:description><maml:para>Runs the cmdlet in a remote session or on a remote computer. Enter a computer name or a session object, such as the output of a <maml:navigationLink><maml:linkText>New-CimSession</maml:linkText><maml:uri></maml:uri></maml:navigationLink> or <maml:navigationLink><maml:linkText>Get-CimSession</maml:linkText><maml:uri></maml:uri></maml:navigationLink> cmdlet. The default is the current session on the local computer.</maml:para></maml:description><command:parameterValue required="true" variableLength="true">CimSession[]</command:parameterValue><dev:type><maml:name>CimSession[]</maml:name><maml:uri /></dev:type><dev:defaultValue></dev:defaultValue></command:parameter><command:parameter required="false" variableLength="false" globbing="false" pipelineInput="false" position="named" aliases=""><maml:name>ComputerName</maml:name><maml:description><maml:para>Specifies the IPv4 or IPv6 address, or host name, of the computer on which the Remote Access server computer specific tasks should be run.</maml:para></maml:description><command:parameterValue required="true" variableLength="false">String</command:parameterValue><dev:type><maml:name>String</maml:name><maml:uri /></dev:type><dev:defaultValue></dev:defaultValue></command:parameter><command:parameter required="false" variableLength="false" globbing="false" pipelineInput="false" position="named" aliases=""><maml:name>ThrottleLimit</maml:name><maml:description><maml:para>Specifies the maximum number of concurrent operations that can be established to run the cmdlet. If this parameter is omitted or a value of 0 is entered, then Windows PowerShell® calculates an optimum throttle limit for the cmdlet based on the number of CIM cmdlets that are running on the computer. The throttle limit applies only to the current cmdlet, not to the session or to the computer.</maml:para></maml:description><command:parameterValue required="true" variableLength="false">Int32</command:parameterValue><dev:type><maml:name>Int32</maml:name><maml:uri /></dev:type><dev:defaultValue></dev:defaultValue></command:parameter></command:parameters><command:inputTypes><command:inputType><dev:type><maml:name>None</maml:name><maml:uri></maml:uri><maml:description><maml:para /></maml:description></dev:type><maml:description><maml:para></maml:para></maml:description></command:inputType></command:inputTypes><command:returnValues><command:returnValue><dev:type><maml:name>Microsoft.Management.Infrastructure.CimInstance#DAAppServer</maml:name><maml:uri></maml:uri><maml:description><maml:para /></maml:description></dev:type><maml:description><maml:para>The Microsoft.Management.Infrastructure.CimInstance object is a wrapper class that displays Windows Management Instrumentation (WMI) objects. The path after the pound sign (#) provides the namespace and class name for the underlying WMI object.</maml:para><maml:para>The object consists of the following properties: 

The list of application server security groups. Each security group is specified in the Domain\GroupName format. 

The list of application server GPOs. Each GPO is specified in the Domain\GPOName format. 

The properties of the connection to the application server. If there are no application servers configured, then the default value is NoE2EAuth, which means no end-to-end authentication is required. 

Whether or not IPsec traffic protection is enabled. If there are no application servers configured, then the default value is Disabled. </maml:para></maml:description></command:returnValue></command:returnValues><command:terminatingErrors /><command:nonTerminatingErrors /><command:examples><command:example><maml:title>EXAMPLE 1</maml:title><maml:introduction><maml:para></maml:para></maml:introduction><dev:code>PS C:\&gt; Get-DAAppServer -ComputerName edge1.corp.contoso.com
SecurityGroupNameList : {corp.contoso.com\daappservergrp} 
GpoName               : {corp.contoso.com\DirectAccess Application Server Settings} 
ConnectionType        : E2EAuthOnlyToAppServer 
TrafficProtection     : Enabled 
</dev:code><dev:remarks><maml:para>This example lists the application security groups and the application servers Group Policy Objects (GPOs) configured with DA. Since application server settings are global to DA configuration, the ConnectionType and, TrafficProtection are the same for all application servers. These settings can change using the Set-DAAppServerConnection cmdlet.</maml:para></dev:remarks><command:commandLines><command:commandLine><command:commandText /></command:commandLine></command:commandLines></command:example></command:examples><maml:relatedLinks><maml:navigationLink><maml:linkText>Online Version:</maml:linkText><maml:uri>http://go.microsoft.com/fwlink/p/?linkid=289515</maml:uri></maml:navigationLink><maml:navigationLink><maml:linkText>Add-DAAppServer</maml:linkText><maml:uri /></maml:navigationLink><maml:navigationLink><maml:linkText>Get-DAAppServer</maml:linkText><maml:uri /></maml:navigationLink><maml:navigationLink><maml:linkText>Remove-DAAppServer</maml:linkText><maml:uri /></maml:navigationLink><maml:navigationLink><maml:linkText>Set-DAAppServerConnection</maml:linkText><maml:uri /></maml:navigationLink></maml:relatedLinks></command:command>

<command:command xmlns:maml="http://schemas.microsoft.com/maml/2004/10" xmlns:command="http://schemas.microsoft.com/maml/dev/command/2004/10" xmlns:dev="http://schemas.microsoft.com/maml/dev/2004/10" xmlns:MSHelp="http://msdn.microsoft.com/mshelp"><command:details><command:name>Remove-DAAppServer</command:name><maml:description><maml:para>Removes the specified list of application server security groups (SGs) from the DirectAccess (DA) deployment, removes the specified application servers from the specified DA application server SG,and removes the application server Group Policy Objects (GPOs) in the specified domains.</maml:para></maml:description><maml:copyright><maml:para /></maml:copyright><command:verb>Remove</command:verb><command:noun>DAAppServer</command:noun><dev:version /></command:details><maml:description><maml:para>The Remove-DAAppServer cmdlet removes the specified list of application server security groups (SGs) from the DirectAccess (DA) deployment, removes the specified application servers from the specified DA application server SG,and removes the application server Group Policy Objects (GPOs) in the specified domains. This cmdlet is not applicable when DA is deployed only for the management of remote clients.</maml:para><maml:para>The basic paradigm is that all application server GPOs always contain all SGs even if all the corresponding domains are not represented in all the SGs. There will never be a scenario where an SG is present only in some of the GPOs. If this happens, then it means that the configuration is in a bad state.</maml:para><maml:para>The application server SG and GPO parameters are treated as independent entities. A user can remove application server GPOs independent of the SGs and the domains where these SGs exist. Every SG that is removed from the DA deployment is removed from all application server GPOs currently present. 
                       
The following additional capabilities of this cmdlet justify its need though AD cmdlets are already available for the deletion of SGs and GPOs. 
                       
 -- When an SG is removed it is removed in all GPOs. Additionally, if user does not have permissions to edit a GPO the SG is not removed from any of the GPOs. When using the AD cmdlet user would have to carefully ensure that it is run for each of the domains and it is difficult to handle the case where he does not have permissions on some domains. 
                       
 -- With the above described paradigm there is still a need to parse an SG to remove independent application servers in the SG because every application server has a unique IP address that is used in the client policy that needs to be removed. This functionality is handled by this cmdlet. 
                       
 -- When a GPO is removed all SGs are removed from the GPO and the application server specific policies are also removed. The cmdlet takes care of the conditions where the GPO is removed only if it was originally created at the time of adding. If the GPO is already present at the time of adding, then it is merely edited.</maml:para><maml:para>App Server configuration is a global configuration and is applicable to all DA servers in the enterprise deployment even when there is multi-site enterprise deployment.</maml:para><maml:para>Following are additional behavioral notes for this cmdlet. 
                       
 -- If a nested SG has to be removed, then the cmdlet recursively parses the SG so that all servers are retrieved and policies can be removed accordingly. 
                       
 -- Removing a domain deletes the application server GPO only if it was created at the time of addition. If it was already present, then only the DA related policies and settings are wiped out and the GPO is left intact. 
                       
 -- Deletion of all app server GPOs and SGs is a permitted operation. 
                       
 -- When removing SGs if the user does not have the permissions to configure even one app server GPO among the many that might be present, then this cmdlet terminates the processing of the entire list of SGs specified. However, this cmdlet still processes any GPOs that the user might have specified to remove. 
                       
 -- When removing GPOs if the user does not have the permissions to remove or configure one of the specified GPOs, then the cmdlet still proceeds with the processing of the remaining GPOs in the list. </maml:para></maml:description><command:syntax><command:syntaxItem><maml:name>Remove-DAAppServer</maml:name><command:parameter required="false" variableLength="false" globbing="false" pipelineInput="false" position="named" aliases=""><maml:name>AsJob</maml:name><maml:description><maml:para>Runs the cmdlet as a background job. Use this parameter to run commands that take a long time to complete. 
 The cmdlet immediately returns an object that represents the job and then displays the command prompt. You can continue to work in the session while the job completes. To manage the job, use the *-Job cmdlets. To get the job results, use the <maml:navigationLink><maml:linkText>Receive-Job</maml:linkText><maml:uri></maml:uri></maml:navigationLink> cmdlet. 
 For more information about Windows PowerShell® background jobs, see <maml:navigationLink><maml:linkText>about_Jobs</maml:linkText><maml:uri></maml:uri></maml:navigationLink>.</maml:para></maml:description></command:parameter><command:parameter required="false" variableLength="true" globbing="false" pipelineInput="false" position="named" aliases="Session"><maml:name>CimSession</maml:name><maml:description><maml:para>Runs the cmdlet in a remote session or on a remote computer. Enter a computer name or a session object, such as the output of a <maml:navigationLink><maml:linkText>New-CimSession</maml:linkText><maml:uri></maml:uri></maml:navigationLink> or <maml:navigationLink><maml:linkText>Get-CimSession</maml:linkText><maml:uri></maml:uri></maml:navigationLink> cmdlet. The default is the current session on the local computer.</maml:para></maml:description><command:parameterValue required="true" variableLength="true">CimSession[]</command:parameterValue></command:parameter><command:parameter required="false" variableLength="false" globbing="false" pipelineInput="false" position="named" aliases="Cn"><maml:name>ComputerName</maml:name><maml:description><maml:para>Specifies the IPv4 or IPv6 address, or host name, of the computer on which the Remote Access server computer specific tasks should be run.</maml:para></maml:description><command:parameterValue required="true" variableLength="false">String</command:parameterValue></command:parameter><command:parameter required="false" variableLength="true" globbing="false" pipelineInput="True (ByPropertyName)" position="named" aliases=""><maml:name>DomainName</maml:name><maml:description><maml:para>Specifies the list of domains from which application server GPOs need to be removed. A domain is specified in the DOMAIN format.</maml:para></maml:description><command:parameterValue required="true" variableLength="true">String[]</command:parameterValue></command:parameter><command:parameter required="false" variableLength="false" globbing="false" pipelineInput="false" position="named" aliases=""><maml:name>PassThru</maml:name><maml:description><maml:para>Returns an object representing the item with which you are working. By default, this cmdlet does not generate any output.</maml:para></maml:description></command:parameter><command:parameter required="false" variableLength="true" globbing="false" pipelineInput="True (ByPropertyName)" position="named" aliases=""><maml:name>SecurityGroupNameList</maml:name><maml:description><maml:para>Specifies the list of application server SGs that are to be deleted from the DA deployment. Each SG is specified in DOMAIN\SG_NAME format.</maml:para></maml:description><command:parameterValue required="true" variableLength="true">String[]</command:parameterValue></command:parameter><command:parameter required="false" variableLength="false" globbing="false" pipelineInput="false" position="named" aliases=""><maml:name>ThrottleLimit</maml:name><maml:description><maml:para>Specifies the maximum number of concurrent operations that can be established to run the cmdlet. If this parameter is omitted or a value of 0 is entered, then Windows PowerShell® calculates an optimum throttle limit for the cmdlet based on the number of CIM cmdlets that are running on the computer. The throttle limit applies only to the current cmdlet, not to the session or to the computer.</maml:para></maml:description><command:parameterValue required="true" variableLength="false">Int32</command:parameterValue></command:parameter><command:parameter required="false" variableLength="true" globbing="false" pipelineInput="false" position="named"><maml:name>Confirm</maml:name><maml:description><maml:para>Prompts you for confirmation before running the cmdlet.</maml:para></maml:description></command:parameter><command:parameter required="false" variableLength="true" globbing="false" pipelineInput="false" position="named"><maml:name>WhatIf</maml:name><maml:description><maml:para>Shows what would happen if the cmdlet runs. The cmdlet is not run.</maml:para></maml:description></command:parameter></command:syntaxItem><command:syntaxItem><maml:name>Remove-DAAppServer</maml:name><command:parameter required="true" variableLength="true" globbing="false" pipelineInput="True (ByPropertyName)" position="2" aliases=""><maml:name>Name</maml:name><maml:description><maml:para>Specifies the list of application servers that have to be deleted from the DA deployment. The servers are specified by using the host names and are deleted from the SG specified by the SecurityGroupName parameter. The servers cannot be specified by their IPv4 or IPv6 addresses.</maml:para></maml:description><command:parameterValue required="true" variableLength="true">String[]</command:parameterValue></command:parameter><command:parameter required="true" variableLength="false" globbing="false" pipelineInput="True (ByPropertyName)" position="3" aliases=""><maml:name>SecurityGroupName</maml:name><maml:description><maml:para>Specifies the name of a SG that is already part of the DA deployment from which the specified list of app servers should be deleted. Specified in DOMAIN\SG_NAME format.</maml:para></maml:description><command:parameterValue required="true" variableLength="false">String</command:parameterValue></command:parameter><command:parameter required="false" variableLength="false" globbing="false" pipelineInput="false" position="named" aliases=""><maml:name>AsJob</maml:name><maml:description><maml:para>Runs the cmdlet as a background job. Use this parameter to run commands that take a long time to complete. 
 The cmdlet immediately returns an object that represents the job and then displays the command prompt. You can continue to work in the session while the job completes. To manage the job, use the *-Job cmdlets. To get the job results, use the <maml:navigationLink><maml:linkText>Receive-Job</maml:linkText><maml:uri></maml:uri></maml:navigationLink> cmdlet. 
 For more information about Windows PowerShell® background jobs, see <maml:navigationLink><maml:linkText>about_Jobs</maml:linkText><maml:uri></maml:uri></maml:navigationLink>.</maml:para></maml:description></command:parameter><command:parameter required="false" variableLength="true" globbing="false" pipelineInput="false" position="named" aliases="Session"><maml:name>CimSession</maml:name><maml:description><maml:para>Runs the cmdlet in a remote session or on a remote computer. Enter a computer name or a session object, such as the output of a <maml:navigationLink><maml:linkText>New-CimSession</maml:linkText><maml:uri></maml:uri></maml:navigationLink> or <maml:navigationLink><maml:linkText>Get-CimSession</maml:linkText><maml:uri></maml:uri></maml:navigationLink> cmdlet. The default is the current session on the local computer.</maml:para></maml:description><command:parameterValue required="true" variableLength="true">CimSession[]</command:parameterValue></command:parameter><command:parameter required="false" variableLength="false" globbing="false" pipelineInput="false" position="named" aliases="Cn"><maml:name>ComputerName</maml:name><maml:description><maml:para>Specifies the IPv4 or IPv6 address, or host name, of the computer on which the Remote Access server computer specific tasks should be run.</maml:para></maml:description><command:parameterValue required="true" variableLength="false">String</command:parameterValue></command:parameter><command:parameter required="false" variableLength="true" globbing="false" pipelineInput="True (ByPropertyName)" position="named" aliases=""><maml:name>DomainName</maml:name><maml:description><maml:para>Specifies the list of domains from which application server GPOs need to be removed. A domain is specified in the DOMAIN format.</maml:para></maml:description><command:parameterValue required="true" variableLength="true">String[]</command:parameterValue></command:parameter><command:parameter required="false" variableLength="false" globbing="false" pipelineInput="false" position="named" aliases=""><maml:name>PassThru</maml:name><maml:description><maml:para>Returns an object representing the item with which you are working. By default, this cmdlet does not generate any output.</maml:para></maml:description></command:parameter><command:parameter required="false" variableLength="false" globbing="false" pipelineInput="false" position="named" aliases=""><maml:name>ThrottleLimit</maml:name><maml:description><maml:para>Specifies the maximum number of concurrent operations that can be established to run the cmdlet. If this parameter is omitted or a value of 0 is entered, then Windows PowerShell® calculates an optimum throttle limit for the cmdlet based on the number of CIM cmdlets that are running on the computer. The throttle limit applies only to the current cmdlet, not to the session or to the computer.</maml:para></maml:description><command:parameterValue required="true" variableLength="false">Int32</command:parameterValue></command:parameter><command:parameter required="false" variableLength="true" globbing="false" pipelineInput="false" position="named"><maml:name>Confirm</maml:name><maml:description><maml:para>Prompts you for confirmation before running the cmdlet.</maml:para></maml:description></command:parameter><command:parameter required="false" variableLength="true" globbing="false" pipelineInput="false" position="named"><maml:name>WhatIf</maml:name><maml:description><maml:para>Shows what would happen if the cmdlet runs. The cmdlet is not run.</maml:para></maml:description></command:parameter></command:syntaxItem></command:syntax><command:parameters><command:parameter required="false" variableLength="false" globbing="false" pipelineInput="false" position="named" aliases=""><maml:name>AsJob</maml:name><maml:description><maml:para>Runs the cmdlet as a background job. Use this parameter to run commands that take a long time to complete. 
 The cmdlet immediately returns an object that represents the job and then displays the command prompt. You can continue to work in the session while the job completes. To manage the job, use the *-Job cmdlets. To get the job results, use the <maml:navigationLink><maml:linkText>Receive-Job</maml:linkText><maml:uri></maml:uri></maml:navigationLink> cmdlet. 
 For more information about Windows PowerShell® background jobs, see <maml:navigationLink><maml:linkText>about_Jobs</maml:linkText><maml:uri></maml:uri></maml:navigationLink>.</maml:para></maml:description><command:parameterValue required="false" variableLength="false">SwitchParameter</command:parameterValue><dev:type><maml:name>SwitchParameter</maml:name><maml:uri /></dev:type><dev:defaultValue></dev:defaultValue></command:parameter><command:parameter required="false" variableLength="true" globbing="false" pipelineInput="false" position="named" aliases="Session"><maml:name>CimSession</maml:name><maml:description><maml:para>Runs the cmdlet in a remote session or on a remote computer. Enter a computer name or a session object, such as the output of a <maml:navigationLink><maml:linkText>New-CimSession</maml:linkText><maml:uri></maml:uri></maml:navigationLink> or <maml:navigationLink><maml:linkText>Get-CimSession</maml:linkText><maml:uri></maml:uri></maml:navigationLink> cmdlet. The default is the current session on the local computer.</maml:para></maml:description><command:parameterValue required="true" variableLength="true">CimSession[]</command:parameterValue><dev:type><maml:name>CimSession[]</maml:name><maml:uri /></dev:type><dev:defaultValue></dev:defaultValue></command:parameter><command:parameter required="false" variableLength="false" globbing="false" pipelineInput="false" position="named" aliases="Cn"><maml:name>ComputerName</maml:name><maml:description><maml:para>Specifies the IPv4 or IPv6 address, or host name, of the computer on which the Remote Access server computer specific tasks should be run.</maml:para></maml:description><command:parameterValue required="true" variableLength="false">String</command:parameterValue><dev:type><maml:name>String</maml:name><maml:uri /></dev:type><dev:defaultValue></dev:defaultValue></command:parameter><command:parameter required="false" variableLength="true" globbing="false" pipelineInput="True (ByPropertyName)" position="named" aliases=""><maml:name>DomainName</maml:name><maml:description><maml:para>Specifies the list of domains from which application server GPOs need to be removed. A domain is specified in the DOMAIN format.</maml:para></maml:description><command:parameterValue required="true" variableLength="true">String[]</command:parameterValue><dev:type><maml:name>String[]</maml:name><maml:uri /></dev:type><dev:defaultValue></dev:defaultValue></command:parameter><command:parameter required="true" variableLength="true" globbing="false" pipelineInput="True (ByPropertyName)" position="2" aliases=""><maml:name>Name</maml:name><maml:description><maml:para>Specifies the list of application servers that have to be deleted from the DA deployment. The servers are specified by using the host names and are deleted from the SG specified by the SecurityGroupName parameter. The servers cannot be specified by their IPv4 or IPv6 addresses.</maml:para></maml:description><command:parameterValue required="true" variableLength="true">String[]</command:parameterValue><dev:type><maml:name>String[]</maml:name><maml:uri /></dev:type><dev:defaultValue></dev:defaultValue></command:parameter><command:parameter required="false" variableLength="false" globbing="false" pipelineInput="false" position="named" aliases=""><maml:name>PassThru</maml:name><maml:description><maml:para>Returns an object representing the item with which you are working. By default, this cmdlet does not generate any output.</maml:para></maml:description><command:parameterValue required="false" variableLength="false">SwitchParameter</command:parameterValue><dev:type><maml:name>SwitchParameter</maml:name><maml:uri /></dev:type><dev:defaultValue></dev:defaultValue></command:parameter><command:parameter required="true" variableLength="false" globbing="false" pipelineInput="True (ByPropertyName)" position="3" aliases=""><maml:name>SecurityGroupName</maml:name><maml:description><maml:para>Specifies the name of a SG that is already part of the DA deployment from which the specified list of app servers should be deleted. Specified in DOMAIN\SG_NAME format.</maml:para></maml:description><command:parameterValue required="true" variableLength="false">String</command:parameterValue><dev:type><maml:name>String</maml:name><maml:uri /></dev:type><dev:defaultValue></dev:defaultValue></command:parameter><command:parameter required="false" variableLength="true" globbing="false" pipelineInput="True (ByPropertyName)" position="named" aliases=""><maml:name>SecurityGroupNameList</maml:name><maml:description><maml:para>Specifies the list of application server SGs that are to be deleted from the DA deployment. Each SG is specified in DOMAIN\SG_NAME format.</maml:para></maml:description><command:parameterValue required="true" variableLength="true">String[]</command:parameterValue><dev:type><maml:name>String[]</maml:name><maml:uri /></dev:type><dev:defaultValue></dev:defaultValue></command:parameter><command:parameter required="false" variableLength="false" globbing="false" pipelineInput="false" position="named" aliases=""><maml:name>ThrottleLimit</maml:name><maml:description><maml:para>Specifies the maximum number of concurrent operations that can be established to run the cmdlet. If this parameter is omitted or a value of 0 is entered, then Windows PowerShell® calculates an optimum throttle limit for the cmdlet based on the number of CIM cmdlets that are running on the computer. The throttle limit applies only to the current cmdlet, not to the session or to the computer.</maml:para></maml:description><command:parameterValue required="true" variableLength="false">Int32</command:parameterValue><dev:type><maml:name>Int32</maml:name><maml:uri /></dev:type><dev:defaultValue></dev:defaultValue></command:parameter><command:parameter required="false" variableLength="true" globbing="false" pipelineInput="false" position="named"><maml:name>Confirm</maml:name><maml:description><maml:para>Prompts you for confirmation before running the cmdlet.</maml:para></maml:description><command:parameterValue required="false" variableLength="false">SwitchParameter</command:parameterValue><dev:type><maml:name>SwitchParameter</maml:name><maml:uri /></dev:type><dev:defaultValue>false</dev:defaultValue></command:parameter><command:parameter required="false" variableLength="true" globbing="false" pipelineInput="false" position="named"><maml:name>WhatIf</maml:name><maml:description><maml:para>Shows what would happen if the cmdlet runs. The cmdlet is not run.</maml:para></maml:description><command:parameterValue required="false" variableLength="false">SwitchParameter</command:parameterValue><dev:type><maml:name>SwitchParameter</maml:name><maml:uri /></dev:type><dev:defaultValue>false</dev:defaultValue></command:parameter></command:parameters><command:inputTypes><command:inputType><dev:type><maml:name>None</maml:name><maml:uri></maml:uri><maml:description><maml:para /></maml:description></dev:type><maml:description><maml:para></maml:para></maml:description></command:inputType></command:inputTypes><command:returnValues><command:returnValue><dev:type><maml:name>Microsoft.Management.Infrastructure.CimInstance#DAAppServer</maml:name><maml:uri></maml:uri><maml:description><maml:para /></maml:description></dev:type><maml:description><maml:para>The Microsoft.Management.Infrastructure.CimInstance object is a wrapper class that displays Windows Management Instrumentation (WMI) objects. The path after the pound sign (#) provides the namespace and class name for the underlying WMI object.
                         
The DAAppServer object consists of the following properties: 
                         
 -- The list of application server security groups each security group is specified in the Domain\GroupName format. 
                         
 -- The list of application server GPOs: each GPO is specified in the Domain\GPOName format. 
                         
 -- The properties of the connection to the application server. 
                         
 -- Status of IPsec traffic protection: Enabled or Disabled. </maml:para></maml:description></command:returnValue></command:returnValues><command:terminatingErrors /><command:nonTerminatingErrors /><command:examples><command:example><maml:title>EXAMPLE 1</maml:title><maml:introduction><maml:para></maml:para></maml:introduction><dev:code>PS C:\&gt;Remove-DAAppServer -SecurityGroupNameList daAppServerGrp
SecurityGroupNameList: 
GpoName  : 
ConnectionType : E2EAuthOnlyToAppServer 
TrafficProtection : Enabled 
</dev:code><dev:remarks><maml:para>This example deletes the daAppServerGrp SG from all GPOs. In current setup, daAppServerGrp was the only SG present, therefore the application server GPO (such as corp.contoso.com\DirectAccess Application Server Settings) is also removed automatically.</maml:para></dev:remarks><command:commandLines><command:commandLine><command:commandText /></command:commandLine></command:commandLines></command:example><command:example><maml:title>EXAMPLE 2</maml:title><maml:introduction><maml:para></maml:para></maml:introduction><dev:code>PS C:\&gt;Remove-DAAppServer -SecurityGroupName daAppServerGrp -Name "da-test-0807"

</dev:code><dev:remarks><maml:para>This example deletes the computer named da-test-0807 from SG daAppServerGrp. The SG continues to be a part of DA Configuration.</maml:para></dev:remarks><command:commandLines><command:commandLine><command:commandText /></command:commandLine></command:commandLines></command:example><command:example><maml:title>EXAMPLE 3</maml:title><maml:introduction><maml:para></maml:para></maml:introduction><dev:code>PS C:\&gt;Remove-DAAppServer -DomainName "corp.contoso.com"
SecurityGroupNameList: 
GpoName  : 
ConnectionType : E2EAuthOnlyToAppServer 
TrafficProtection : Enabled 
</dev:code><dev:remarks><maml:para>This example removes the application server GPO in the DA configuration from the corp.contoso.com domain.</maml:para></dev:remarks><command:commandLines><command:commandLine><command:commandText /></command:commandLine></command:commandLines></command:example></command:examples><maml:relatedLinks><maml:navigationLink><maml:linkText>Online Version:</maml:linkText><maml:uri>http://go.microsoft.com/fwlink/p/?linkid=289548</maml:uri></maml:navigationLink><maml:navigationLink><maml:linkText>Add-DAAppServer</maml:linkText><maml:uri /></maml:navigationLink><maml:navigationLink><maml:linkText>Get-DAAppServer</maml:linkText><maml:uri /></maml:navigationLink></maml:relatedLinks></command:command>

</helpItems>

