﻿<?xml version = "1.0" encoding = "utf-8" ?>

<helpItems schema="maml">

<command:command xmlns:maml="http://schemas.microsoft.com/maml/2004/10" xmlns:command="http://schemas.microsoft.com/maml/dev/command/2004/10" xmlns:dev="http://schemas.microsoft.com/maml/dev/2004/10" xmlns:MSHelp="http://msdn.microsoft.com/mshelp"><command:details><command:name>Disable-RemoteAccessRoutingDomain</command:name><maml:description><maml:para>Disables remote access functions for a routing domain.</maml:para></maml:description><maml:copyright><maml:para /></maml:copyright><command:verb>Disable</command:verb><command:noun>RemoteAccessRoutingDomain</command:noun><dev:version /></command:details><maml:description><maml:para>The Disable-RemoteAccessRoutingDomain cmdlet disables the specified remote access function for a routing domain. Remote access functions include virtual private networking (Dial-in VPN), VPN site to site (VPNS2S), and routing.</maml:para></maml:description><command:syntax><command:syntaxItem><maml:name>Disable-RemoteAccessRoutingDomain</maml:name><command:parameter required="true" variableLength="false" globbing="false" pipelineInput="True (ByValue, ByPropertyName)" position="2" aliases="RoutingDomainName,RoutingDomain"><maml:name>Name</maml:name><maml:description><maml:para>Specifies the name of a routing domain.</maml:para></maml:description><command:parameterValue required="true" variableLength="false">String</command:parameterValue></command:parameter><command:parameter required="false" variableLength="false" globbing="false" pipelineInput="false" position="named" aliases=""><maml:name>AsJob</maml:name><maml:description><maml:para>Runs the cmdlet as a background job. Use this parameter to run commands that take a long time to complete. 
 The cmdlet immediately returns an object that represents the job and then displays the command prompt. You can continue to work in the session while the job completes. To manage the job, use the *-Job cmdlets. To get the job results, use the <maml:navigationLink><maml:linkText>Receive-Job</maml:linkText><maml:uri></maml:uri></maml:navigationLink> cmdlet. 
 For more information about Windows PowerShell® background jobs, see <maml:navigationLink><maml:linkText>about_Jobs</maml:linkText><maml:uri></maml:uri></maml:navigationLink>.</maml:para></maml:description></command:parameter><command:parameter required="false" variableLength="true" globbing="false" pipelineInput="false" position="named" aliases="Session"><maml:name>CimSession</maml:name><maml:description><maml:para>Runs the cmdlet in a remote session or on a remote computer. Enter a computer name or a session object, such as the output of a <maml:navigationLink><maml:linkText>New-CimSession</maml:linkText><maml:uri></maml:uri></maml:navigationLink> or <maml:navigationLink><maml:linkText>Get-CimSession</maml:linkText><maml:uri></maml:uri></maml:navigationLink> cmdlet. The default is the current session on the local computer.</maml:para></maml:description><command:parameterValue required="true" variableLength="true">CimSession[]</command:parameterValue></command:parameter><command:parameter required="false" variableLength="false" globbing="false" pipelineInput="false" position="named" aliases=""><maml:name>Force</maml:name><maml:description><maml:para>Forces the command to run without asking for user confirmation.</maml:para></maml:description></command:parameter><command:parameter required="false" variableLength="false" globbing="false" pipelineInput="false" position="named" aliases=""><maml:name>PassThru</maml:name><maml:description><maml:para>Returns an object representing the item with which you are working. By default, this cmdlet does not generate any output.</maml:para></maml:description></command:parameter><command:parameter required="false" variableLength="false" globbing="false" pipelineInput="false" position="named" aliases=""><maml:name>ThrottleLimit</maml:name><maml:description><maml:para>Specifies the maximum number of concurrent operations that can be established to run the cmdlet. If this parameter is omitted or a value of 0 is entered, then Windows PowerShell® calculates an optimum throttle limit for the cmdlet based on the number of CIM cmdlets that are running on the computer. The throttle limit applies only to the current cmdlet, not to the session or to the computer.</maml:para></maml:description><command:parameterValue required="true" variableLength="false">Int32</command:parameterValue></command:parameter><command:parameter required="true" variableLength="false" globbing="false" pipelineInput="false" position="named" aliases=""><maml:name>Type</maml:name><maml:description><maml:para>Specifies the type of remote access. The acceptable values for this parameter are: 

-- Vpn
-- VpnS2S
-- All</maml:para></maml:description><command:parameterValue required="true" variableLength="false">DisableType</command:parameterValue></command:parameter><command:parameter required="false" variableLength="true" globbing="false" pipelineInput="false" position="named"><maml:name>Confirm</maml:name><maml:description><maml:para>Prompts you for confirmation before running the cmdlet.</maml:para></maml:description></command:parameter><command:parameter required="false" variableLength="true" globbing="false" pipelineInput="false" position="named"><maml:name>WhatIf</maml:name><maml:description><maml:para>Shows what would happen if the cmdlet runs. The cmdlet is not run.</maml:para></maml:description></command:parameter></command:syntaxItem></command:syntax><command:parameters><command:parameter required="false" variableLength="false" globbing="false" pipelineInput="false" position="named" aliases=""><maml:name>AsJob</maml:name><maml:description><maml:para>Runs the cmdlet as a background job. Use this parameter to run commands that take a long time to complete. 
 The cmdlet immediately returns an object that represents the job and then displays the command prompt. You can continue to work in the session while the job completes. To manage the job, use the *-Job cmdlets. To get the job results, use the <maml:navigationLink><maml:linkText>Receive-Job</maml:linkText><maml:uri></maml:uri></maml:navigationLink> cmdlet. 
 For more information about Windows PowerShell® background jobs, see <maml:navigationLink><maml:linkText>about_Jobs</maml:linkText><maml:uri></maml:uri></maml:navigationLink>.</maml:para></maml:description><command:parameterValue required="false" variableLength="false">SwitchParameter</command:parameterValue><dev:type><maml:name>SwitchParameter</maml:name><maml:uri /></dev:type><dev:defaultValue></dev:defaultValue></command:parameter><command:parameter required="false" variableLength="true" globbing="false" pipelineInput="false" position="named" aliases="Session"><maml:name>CimSession</maml:name><maml:description><maml:para>Runs the cmdlet in a remote session or on a remote computer. Enter a computer name or a session object, such as the output of a <maml:navigationLink><maml:linkText>New-CimSession</maml:linkText><maml:uri></maml:uri></maml:navigationLink> or <maml:navigationLink><maml:linkText>Get-CimSession</maml:linkText><maml:uri></maml:uri></maml:navigationLink> cmdlet. The default is the current session on the local computer.</maml:para></maml:description><command:parameterValue required="true" variableLength="true">CimSession[]</command:parameterValue><dev:type><maml:name>CimSession[]</maml:name><maml:uri /></dev:type><dev:defaultValue></dev:defaultValue></command:parameter><command:parameter required="false" variableLength="false" globbing="false" pipelineInput="false" position="named" aliases=""><maml:name>Force</maml:name><maml:description><maml:para>Forces the command to run without asking for user confirmation.</maml:para></maml:description><command:parameterValue required="false" variableLength="false">SwitchParameter</command:parameterValue><dev:type><maml:name>SwitchParameter</maml:name><maml:uri /></dev:type><dev:defaultValue></dev:defaultValue></command:parameter><command:parameter required="true" variableLength="false" globbing="false" pipelineInput="True (ByValue, ByPropertyName)" position="2" aliases="RoutingDomainName,RoutingDomain"><maml:name>Name</maml:name><maml:description><maml:para>Specifies the name of a routing domain.</maml:para></maml:description><command:parameterValue required="true" variableLength="false">String</command:parameterValue><dev:type><maml:name>String</maml:name><maml:uri /></dev:type><dev:defaultValue></dev:defaultValue></command:parameter><command:parameter required="false" variableLength="false" globbing="false" pipelineInput="false" position="named" aliases=""><maml:name>PassThru</maml:name><maml:description><maml:para>Returns an object representing the item with which you are working. By default, this cmdlet does not generate any output.</maml:para></maml:description><command:parameterValue required="false" variableLength="false">SwitchParameter</command:parameterValue><dev:type><maml:name>SwitchParameter</maml:name><maml:uri /></dev:type><dev:defaultValue></dev:defaultValue></command:parameter><command:parameter required="false" variableLength="false" globbing="false" pipelineInput="false" position="named" aliases=""><maml:name>ThrottleLimit</maml:name><maml:description><maml:para>Specifies the maximum number of concurrent operations that can be established to run the cmdlet. If this parameter is omitted or a value of 0 is entered, then Windows PowerShell® calculates an optimum throttle limit for the cmdlet based on the number of CIM cmdlets that are running on the computer. The throttle limit applies only to the current cmdlet, not to the session or to the computer.</maml:para></maml:description><command:parameterValue required="true" variableLength="false">Int32</command:parameterValue><dev:type><maml:name>Int32</maml:name><maml:uri /></dev:type><dev:defaultValue></dev:defaultValue></command:parameter><command:parameter required="true" variableLength="false" globbing="false" pipelineInput="false" position="named" aliases=""><maml:name>Type</maml:name><maml:description><maml:para>Specifies the type of remote access. The acceptable values for this parameter are: 

-- Vpn
-- VpnS2S
-- All</maml:para></maml:description><command:parameterValue required="true" variableLength="false">DisableType</command:parameterValue><dev:type><maml:name>DisableType</maml:name><maml:uri /></dev:type><dev:defaultValue></dev:defaultValue></command:parameter><command:parameter required="false" variableLength="true" globbing="false" pipelineInput="false" position="named"><maml:name>Confirm</maml:name><maml:description><maml:para>Prompts you for confirmation before running the cmdlet.</maml:para></maml:description><command:parameterValue required="false" variableLength="false">SwitchParameter</command:parameterValue><dev:type><maml:name>SwitchParameter</maml:name><maml:uri /></dev:type><dev:defaultValue>false</dev:defaultValue></command:parameter><command:parameter required="false" variableLength="true" globbing="false" pipelineInput="false" position="named"><maml:name>WhatIf</maml:name><maml:description><maml:para>Shows what would happen if the cmdlet runs. The cmdlet is not run.</maml:para></maml:description><command:parameterValue required="false" variableLength="false">SwitchParameter</command:parameterValue><dev:type><maml:name>SwitchParameter</maml:name><maml:uri /></dev:type><dev:defaultValue>false</dev:defaultValue></command:parameter></command:parameters><command:inputTypes><command:inputType><dev:type><maml:name></maml:name><maml:uri></maml:uri><maml:description><maml:para /></maml:description></dev:type><maml:description></maml:description></command:inputType></command:inputTypes><command:returnValues><command:returnValue><dev:type><maml:name>Microsoft.Management.Infrastructure.CimInstance#RoutingDomainConfiguration</maml:name><maml:uri></maml:uri><maml:description><maml:para /></maml:description></dev:type><maml:description></maml:description></command:returnValue></command:returnValues><command:terminatingErrors /><command:nonTerminatingErrors /><command:examples><command:example><maml:title>Example 1: Disable VPN for a routing domain</maml:title><maml:introduction><maml:para></maml:para></maml:introduction><dev:code>PS C:\&gt; Disable-RemoteAccessRoutingDomain  -RoutingDomain  Rd_01 Type VPN 

</dev:code><dev:remarks><maml:para>This command disables VPN for a routing domain named Rd_01. </maml:para></dev:remarks><command:commandLines><command:commandLine><command:commandText /></command:commandLine></command:commandLines></command:example></command:examples><maml:relatedLinks><maml:navigationLink><maml:linkText>Online Version:</maml:linkText><maml:uri>http://go.microsoft.com/fwlink/?LinkID=306226</maml:uri></maml:navigationLink><maml:navigationLink><maml:linkText>Disable-RemoteAccessRoutingDomain</maml:linkText><maml:uri /></maml:navigationLink><maml:navigationLink><maml:linkText>Enable-RemoteAccessRoutingDomain</maml:linkText><maml:uri /></maml:navigationLink><maml:navigationLink><maml:linkText>Get-RemoteAccessRoutingDomain</maml:linkText><maml:uri /></maml:navigationLink></maml:relatedLinks></command:command>

<command:command xmlns:maml="http://schemas.microsoft.com/maml/2004/10" xmlns:command="http://schemas.microsoft.com/maml/dev/command/2004/10" xmlns:dev="http://schemas.microsoft.com/maml/dev/2004/10" xmlns:MSHelp="http://msdn.microsoft.com/mshelp"><command:details><command:name>Enable-RemoteAccessRoutingDomain</command:name><maml:description><maml:para>Enables VPN or S2S functions for a specified routing domain.</maml:para></maml:description><maml:copyright><maml:para /></maml:copyright><command:verb>Enable</command:verb><command:noun>RemoteAccessRoutingDomain</command:noun><dev:version /></command:details><maml:description><maml:para>The Enable-RemoteAccessRoutingDomain cmdlet enables virtual private network (VPN), site to site (VPNS2S) or all functions for a tenant on a multitenant gateway. </maml:para></maml:description><command:syntax><command:syntaxItem><maml:name>Enable-RemoteAccessRoutingDomain</maml:name><command:parameter required="true" variableLength="false" globbing="false" pipelineInput="True (ByValue, ByPropertyName)" position="2" aliases="RoutingDomainName,RoutingDomain"><maml:name>Name</maml:name><maml:description><maml:para>Specifies the name of a routing domain.</maml:para></maml:description><command:parameterValue required="true" variableLength="false">String</command:parameterValue></command:parameter><command:parameter required="false" variableLength="false" globbing="false" pipelineInput="false" position="named" aliases=""><maml:name>AsJob</maml:name><maml:description><maml:para>Runs the cmdlet as a background job. Use this parameter to run commands that take a long time to complete. 
 The cmdlet immediately returns an object that represents the job and then displays the command prompt. You can continue to work in the session while the job completes. To manage the job, use the *-Job cmdlets. To get the job results, use the <maml:navigationLink><maml:linkText>Receive-Job</maml:linkText><maml:uri></maml:uri></maml:navigationLink> cmdlet. 
 For more information about Windows PowerShell® background jobs, see <maml:navigationLink><maml:linkText>about_Jobs</maml:linkText><maml:uri></maml:uri></maml:navigationLink>.</maml:para></maml:description></command:parameter><command:parameter required="false" variableLength="true" globbing="false" pipelineInput="false" position="named" aliases="Session"><maml:name>CimSession</maml:name><maml:description><maml:para>Runs the cmdlet in a remote session or on a remote computer. Enter a computer name or a session object, such as the output of a <maml:navigationLink><maml:linkText>New-CimSession</maml:linkText><maml:uri></maml:uri></maml:navigationLink> or <maml:navigationLink><maml:linkText>Get-CimSession</maml:linkText><maml:uri></maml:uri></maml:navigationLink> cmdlet. The default is the current session on the local computer.</maml:para></maml:description><command:parameterValue required="true" variableLength="true">CimSession[]</command:parameterValue></command:parameter><command:parameter required="false" variableLength="false" globbing="false" pipelineInput="false" position="named" aliases=""><maml:name>PassThru</maml:name><maml:description><maml:para>Returns an object representing the item with which you are working. By default, this cmdlet does not generate any output.</maml:para></maml:description></command:parameter><command:parameter required="false" variableLength="false" globbing="false" pipelineInput="false" position="named" aliases=""><maml:name>ThrottleLimit</maml:name><maml:description><maml:para>Specifies the maximum number of concurrent operations that can be established to run the cmdlet. If this parameter is omitted or a value of 0 is entered, then Windows PowerShell® calculates an optimum throttle limit for the cmdlet based on the number of CIM cmdlets that are running on the computer. The throttle limit applies only to the current cmdlet, not to the session or to the computer.</maml:para></maml:description><command:parameterValue required="true" variableLength="false">Int32</command:parameterValue></command:parameter><command:parameter required="true" variableLength="false" globbing="false" pipelineInput="false" position="named" aliases=""><maml:name>Type</maml:name><maml:description><maml:para>Specifies the type of remote access. The acceptable values for this parameter are: 

-- Vpn
-- VpnS2S
-- All</maml:para></maml:description><command:parameterValue required="true" variableLength="false">EnableType</command:parameterValue></command:parameter><command:parameter required="false" variableLength="true" globbing="false" pipelineInput="false" position="named"><maml:name>Confirm</maml:name><maml:description><maml:para>Prompts you for confirmation before running the cmdlet.</maml:para></maml:description></command:parameter><command:parameter required="false" variableLength="true" globbing="false" pipelineInput="false" position="named"><maml:name>WhatIf</maml:name><maml:description><maml:para>Shows what would happen if the cmdlet runs. The cmdlet is not run.</maml:para></maml:description></command:parameter></command:syntaxItem></command:syntax><command:parameters><command:parameter required="false" variableLength="false" globbing="false" pipelineInput="false" position="named" aliases=""><maml:name>AsJob</maml:name><maml:description><maml:para>Runs the cmdlet as a background job. Use this parameter to run commands that take a long time to complete. 
 The cmdlet immediately returns an object that represents the job and then displays the command prompt. You can continue to work in the session while the job completes. To manage the job, use the *-Job cmdlets. To get the job results, use the <maml:navigationLink><maml:linkText>Receive-Job</maml:linkText><maml:uri></maml:uri></maml:navigationLink> cmdlet. 
 For more information about Windows PowerShell® background jobs, see <maml:navigationLink><maml:linkText>about_Jobs</maml:linkText><maml:uri></maml:uri></maml:navigationLink>.</maml:para></maml:description><command:parameterValue required="false" variableLength="false">SwitchParameter</command:parameterValue><dev:type><maml:name>SwitchParameter</maml:name><maml:uri /></dev:type><dev:defaultValue></dev:defaultValue></command:parameter><command:parameter required="false" variableLength="true" globbing="false" pipelineInput="false" position="named" aliases="Session"><maml:name>CimSession</maml:name><maml:description><maml:para>Runs the cmdlet in a remote session or on a remote computer. Enter a computer name or a session object, such as the output of a <maml:navigationLink><maml:linkText>New-CimSession</maml:linkText><maml:uri></maml:uri></maml:navigationLink> or <maml:navigationLink><maml:linkText>Get-CimSession</maml:linkText><maml:uri></maml:uri></maml:navigationLink> cmdlet. The default is the current session on the local computer.</maml:para></maml:description><command:parameterValue required="true" variableLength="true">CimSession[]</command:parameterValue><dev:type><maml:name>CimSession[]</maml:name><maml:uri /></dev:type><dev:defaultValue></dev:defaultValue></command:parameter><command:parameter required="true" variableLength="false" globbing="false" pipelineInput="True (ByValue, ByPropertyName)" position="2" aliases="RoutingDomainName,RoutingDomain"><maml:name>Name</maml:name><maml:description><maml:para>Specifies the name of a routing domain.</maml:para></maml:description><command:parameterValue required="true" variableLength="false">String</command:parameterValue><dev:type><maml:name>String</maml:name><maml:uri /></dev:type><dev:defaultValue></dev:defaultValue></command:parameter><command:parameter required="false" variableLength="false" globbing="false" pipelineInput="false" position="named" aliases=""><maml:name>PassThru</maml:name><maml:description><maml:para>Returns an object representing the item with which you are working. By default, this cmdlet does not generate any output.</maml:para></maml:description><command:parameterValue required="false" variableLength="false">SwitchParameter</command:parameterValue><dev:type><maml:name>SwitchParameter</maml:name><maml:uri /></dev:type><dev:defaultValue></dev:defaultValue></command:parameter><command:parameter required="false" variableLength="false" globbing="false" pipelineInput="false" position="named" aliases=""><maml:name>ThrottleLimit</maml:name><maml:description><maml:para>Specifies the maximum number of concurrent operations that can be established to run the cmdlet. If this parameter is omitted or a value of 0 is entered, then Windows PowerShell® calculates an optimum throttle limit for the cmdlet based on the number of CIM cmdlets that are running on the computer. The throttle limit applies only to the current cmdlet, not to the session or to the computer.</maml:para></maml:description><command:parameterValue required="true" variableLength="false">Int32</command:parameterValue><dev:type><maml:name>Int32</maml:name><maml:uri /></dev:type><dev:defaultValue></dev:defaultValue></command:parameter><command:parameter required="true" variableLength="false" globbing="false" pipelineInput="false" position="named" aliases=""><maml:name>Type</maml:name><maml:description><maml:para>Specifies the type of remote access. The acceptable values for this parameter are: 

-- Vpn
-- VpnS2S
-- All</maml:para></maml:description><command:parameterValue required="true" variableLength="false">EnableType</command:parameterValue><dev:type><maml:name>EnableType</maml:name><maml:uri /></dev:type><dev:defaultValue></dev:defaultValue></command:parameter><command:parameter required="false" variableLength="true" globbing="false" pipelineInput="false" position="named"><maml:name>Confirm</maml:name><maml:description><maml:para>Prompts you for confirmation before running the cmdlet.</maml:para></maml:description><command:parameterValue required="false" variableLength="false">SwitchParameter</command:parameterValue><dev:type><maml:name>SwitchParameter</maml:name><maml:uri /></dev:type><dev:defaultValue>false</dev:defaultValue></command:parameter><command:parameter required="false" variableLength="true" globbing="false" pipelineInput="false" position="named"><maml:name>WhatIf</maml:name><maml:description><maml:para>Shows what would happen if the cmdlet runs. The cmdlet is not run.</maml:para></maml:description><command:parameterValue required="false" variableLength="false">SwitchParameter</command:parameterValue><dev:type><maml:name>SwitchParameter</maml:name><maml:uri /></dev:type><dev:defaultValue>false</dev:defaultValue></command:parameter></command:parameters><command:inputTypes><command:inputType><dev:type><maml:name></maml:name><maml:uri></maml:uri><maml:description><maml:para /></maml:description></dev:type><maml:description></maml:description></command:inputType></command:inputTypes><command:returnValues><command:returnValue><dev:type><maml:name>Microsoft.Management.Infrastructure.CimInstance#RoutingDomainConfiguration</maml:name><maml:uri></maml:uri><maml:description><maml:para /></maml:description></dev:type><maml:description></maml:description></command:returnValue></command:returnValues><command:terminatingErrors /><command:nonTerminatingErrors /><command:examples><command:example><maml:title>Example 1: Enables routing in a domain</maml:title><maml:introduction><maml:para></maml:para></maml:introduction><dev:code>PS C:\&gt; Enable-RemoteAccessRoutingDomain  -Name  Rd_01 -Type All 
</dev:code><dev:remarks><maml:para>This command enables all functions for the routing domain named Rd_01.
</maml:para></dev:remarks><command:commandLines><command:commandLine><command:commandText /></command:commandLine></command:commandLines></command:example></command:examples><maml:relatedLinks><maml:navigationLink><maml:linkText>Online Version:</maml:linkText><maml:uri>http://go.microsoft.com/fwlink/?LinkID=306227</maml:uri></maml:navigationLink><maml:navigationLink><maml:linkText>Disable-RemoteAccessRoutingDomain</maml:linkText><maml:uri /></maml:navigationLink><maml:navigationLink><maml:linkText>Get-RemoteAccessRoutingDomain</maml:linkText><maml:uri /></maml:navigationLink><maml:navigationLink><maml:linkText>Set-RemoteAccessRoutingDomain</maml:linkText><maml:uri /></maml:navigationLink></maml:relatedLinks></command:command>

<command:command xmlns:maml="http://schemas.microsoft.com/maml/2004/10" xmlns:command="http://schemas.microsoft.com/maml/dev/command/2004/10" xmlns:dev="http://schemas.microsoft.com/maml/dev/2004/10" xmlns:MSHelp="http://msdn.microsoft.com/mshelp"><command:details><command:name>Get-RemoteAccessRoutingDomain</command:name><maml:description><maml:para>Retrieves configuration information for a routing domain. </maml:para></maml:description><maml:copyright><maml:para /></maml:copyright><command:verb>Get</command:verb><command:noun>RemoteAccessRoutingDomain</command:noun><dev:version /></command:details><maml:description><maml:para>The Get-RemoteAccessRoutingDomain cmdlet retrieves routing domain configuration for a multitenant system.</maml:para></maml:description><command:syntax><command:syntaxItem><maml:name>Get-RemoteAccessRoutingDomain</maml:name><command:parameter required="false" variableLength="false" globbing="false" pipelineInput="True (ByValue, ByPropertyName)" position="2" aliases="RoutingDomainName,RoutingDomain"><maml:name>Name</maml:name><maml:description><maml:para>Specifies the name of a routing domain. If you do not specify this parameter, the cmdlet retrieves information for all routing domain configurations.</maml:para></maml:description><command:parameterValue required="true" variableLength="false">String</command:parameterValue></command:parameter><command:parameter required="false" variableLength="false" globbing="false" pipelineInput="false" position="named" aliases=""><maml:name>AsJob</maml:name><maml:description><maml:para>Runs the cmdlet as a background job. Use this parameter to run commands that take a long time to complete. 
 The cmdlet immediately returns an object that represents the job and then displays the command prompt. You can continue to work in the session while the job completes. To manage the job, use the *-Job cmdlets. To get the job results, use the <maml:navigationLink><maml:linkText>Receive-Job</maml:linkText><maml:uri></maml:uri></maml:navigationLink> cmdlet. 
 For more information about Windows PowerShell® background jobs, see <maml:navigationLink><maml:linkText>about_Jobs</maml:linkText><maml:uri></maml:uri></maml:navigationLink>.</maml:para></maml:description></command:parameter><command:parameter required="false" variableLength="true" globbing="false" pipelineInput="false" position="named" aliases="Session"><maml:name>CimSession</maml:name><maml:description><maml:para>Runs the cmdlet in a remote session or on a remote computer. Enter a computer name or a session object, such as the output of a <maml:navigationLink><maml:linkText>New-CimSession</maml:linkText><maml:uri></maml:uri></maml:navigationLink> or <maml:navigationLink><maml:linkText>Get-CimSession</maml:linkText><maml:uri></maml:uri></maml:navigationLink> cmdlet. The default is the current session on the local computer.</maml:para></maml:description><command:parameterValue required="true" variableLength="true">CimSession[]</command:parameterValue></command:parameter><command:parameter required="false" variableLength="false" globbing="false" pipelineInput="false" position="named" aliases=""><maml:name>ThrottleLimit</maml:name><maml:description><maml:para>Specifies the maximum number of concurrent operations that can be established to run the cmdlet. If this parameter is omitted or a value of 0 is entered, then Windows PowerShell® calculates an optimum throttle limit for the cmdlet based on the number of CIM cmdlets that are running on the computer. The throttle limit applies only to the current cmdlet, not to the session or to the computer.</maml:para></maml:description><command:parameterValue required="true" variableLength="false">Int32</command:parameterValue></command:parameter></command:syntaxItem></command:syntax><command:parameters><command:parameter required="false" variableLength="false" globbing="false" pipelineInput="false" position="named" aliases=""><maml:name>AsJob</maml:name><maml:description><maml:para>Runs the cmdlet as a background job. Use this parameter to run commands that take a long time to complete. 
 The cmdlet immediately returns an object that represents the job and then displays the command prompt. You can continue to work in the session while the job completes. To manage the job, use the *-Job cmdlets. To get the job results, use the <maml:navigationLink><maml:linkText>Receive-Job</maml:linkText><maml:uri></maml:uri></maml:navigationLink> cmdlet. 
 For more information about Windows PowerShell® background jobs, see <maml:navigationLink><maml:linkText>about_Jobs</maml:linkText><maml:uri></maml:uri></maml:navigationLink>.</maml:para></maml:description><command:parameterValue required="false" variableLength="false">SwitchParameter</command:parameterValue><dev:type><maml:name>SwitchParameter</maml:name><maml:uri /></dev:type><dev:defaultValue></dev:defaultValue></command:parameter><command:parameter required="false" variableLength="true" globbing="false" pipelineInput="false" position="named" aliases="Session"><maml:name>CimSession</maml:name><maml:description><maml:para>Runs the cmdlet in a remote session or on a remote computer. Enter a computer name or a session object, such as the output of a <maml:navigationLink><maml:linkText>New-CimSession</maml:linkText><maml:uri></maml:uri></maml:navigationLink> or <maml:navigationLink><maml:linkText>Get-CimSession</maml:linkText><maml:uri></maml:uri></maml:navigationLink> cmdlet. The default is the current session on the local computer.</maml:para></maml:description><command:parameterValue required="true" variableLength="true">CimSession[]</command:parameterValue><dev:type><maml:name>CimSession[]</maml:name><maml:uri /></dev:type><dev:defaultValue></dev:defaultValue></command:parameter><command:parameter required="false" variableLength="false" globbing="false" pipelineInput="True (ByValue, ByPropertyName)" position="2" aliases="RoutingDomainName,RoutingDomain"><maml:name>Name</maml:name><maml:description><maml:para>Specifies the name of a routing domain. If you do not specify this parameter, the cmdlet retrieves information for all routing domain configurations.</maml:para></maml:description><command:parameterValue required="true" variableLength="false">String</command:parameterValue><dev:type><maml:name>String</maml:name><maml:uri /></dev:type><dev:defaultValue>null</dev:defaultValue></command:parameter><command:parameter required="false" variableLength="false" globbing="false" pipelineInput="false" position="named" aliases=""><maml:name>ThrottleLimit</maml:name><maml:description><maml:para>Specifies the maximum number of concurrent operations that can be established to run the cmdlet. If this parameter is omitted or a value of 0 is entered, then Windows PowerShell® calculates an optimum throttle limit for the cmdlet based on the number of CIM cmdlets that are running on the computer. The throttle limit applies only to the current cmdlet, not to the session or to the computer.</maml:para></maml:description><command:parameterValue required="true" variableLength="false">Int32</command:parameterValue><dev:type><maml:name>Int32</maml:name><maml:uri /></dev:type><dev:defaultValue></dev:defaultValue></command:parameter></command:parameters><command:inputTypes><command:inputType><dev:type><maml:name></maml:name><maml:uri></maml:uri><maml:description><maml:para /></maml:description></dev:type><maml:description></maml:description></command:inputType></command:inputTypes><command:returnValues><command:returnValue><dev:type><maml:name>Microsoft.Management.Infrastructure.CimInstance#VpnRoutingDomainConfig[]</maml:name><maml:uri></maml:uri><maml:description><maml:para /></maml:description></dev:type><maml:description></maml:description></command:returnValue></command:returnValues><command:terminatingErrors /><command:nonTerminatingErrors /><command:examples><command:example><maml:title>Example 1: Retrieve configuration for a specific routing domain</maml:title><maml:introduction><maml:para></maml:para></maml:introduction><dev:code>PS C:\&gt; Get-RemoteAccessRoutingDomain -Name Rd_01


RoutingDomain                  : Rd_01
RoutingDomainID                : {11111111-1111-1111-1111-111111111001}
RoutingStatus                  : Enabled and Available
Capacity(Kbps)                 : 10240
IPAddressRange                 : {10.0.0.1 - 10.0.0.10}
IPv6Prefix                     : 3ffe::
IdleDisconnect(s)              : 0
SADataSizeForRenegotiation(KB) : 0
SALifeTime(s)                  : 0
InterimAccounting(s)           :
EncryptionType                 : OptionalEncryption


</dev:code><dev:remarks><maml:para>This command retrieves configuration for a routing domain named Tenant01 in a multitenant environment</maml:para></dev:remarks><command:commandLines><command:commandLine><command:commandText /></command:commandLine></command:commandLines></command:example></command:examples><maml:relatedLinks><maml:navigationLink><maml:linkText>Online Version:</maml:linkText><maml:uri>http://go.microsoft.com/fwlink/?LinkID=306230</maml:uri></maml:navigationLink><maml:navigationLink><maml:linkText>Disable-RemoteAccessRoutingDomain</maml:linkText><maml:uri /></maml:navigationLink><maml:navigationLink><maml:linkText>Enable-RemoteAccessRoutingDomain</maml:linkText><maml:uri /></maml:navigationLink><maml:navigationLink><maml:linkText>Set-RemoteAccessRoutingDomain</maml:linkText><maml:uri /></maml:navigationLink></maml:relatedLinks></command:command>

<command:command xmlns:maml="http://schemas.microsoft.com/maml/2004/10" xmlns:command="http://schemas.microsoft.com/maml/dev/command/2004/10" xmlns:dev="http://schemas.microsoft.com/maml/dev/2004/10" xmlns:MSHelp="http://msdn.microsoft.com/mshelp"><command:details><command:name>Set-RemoteAccessRoutingDomain</command:name><maml:description><maml:para>Configures S2S VPN settings for a routing domain configuration.</maml:para></maml:description><maml:copyright><maml:para /></maml:copyright><command:verb>Set</command:verb><command:noun>RemoteAccessRoutingDomain</command:noun><dev:version /></command:details><maml:description><maml:para>The Set-RemoteAccessRoutingDomain cmdlet configures site to site (S2S) virtual private network (VPN) settings for a routing domain. </maml:para></maml:description><command:syntax><command:syntaxItem><maml:name>Set-RemoteAccessRoutingDomain</maml:name><command:parameter required="true" variableLength="false" globbing="false" pipelineInput="True (ByPropertyName)" position="1" aliases="RoutingDomainName,RoutingDomain"><maml:name>Name</maml:name><maml:description><maml:para>Specifies the name of a routing domain.</maml:para></maml:description><command:parameterValue required="true" variableLength="false">String</command:parameterValue></command:parameter><command:parameter required="false" variableLength="false" globbing="false" pipelineInput="false" position="named" aliases=""><maml:name>AsJob</maml:name><maml:description><maml:para>Runs the cmdlet as a background job. Use this parameter to run commands that take a long time to complete. 
 The cmdlet immediately returns an object that represents the job and then displays the command prompt. You can continue to work in the session while the job completes. To manage the job, use the *-Job cmdlets. To get the job results, use the <maml:navigationLink><maml:linkText>Receive-Job</maml:linkText><maml:uri></maml:uri></maml:navigationLink> cmdlet. 
 For more information about Windows PowerShell® background jobs, see <maml:navigationLink><maml:linkText>about_Jobs</maml:linkText><maml:uri></maml:uri></maml:navigationLink>.</maml:para></maml:description></command:parameter><command:parameter required="false" variableLength="true" globbing="false" pipelineInput="false" position="named" aliases="Session"><maml:name>CimSession</maml:name><maml:description><maml:para>Runs the cmdlet in a remote session or on a remote computer. Enter a computer name or a session object, such as the output of a <maml:navigationLink><maml:linkText>New-CimSession</maml:linkText><maml:uri></maml:uri></maml:navigationLink> or <maml:navigationLink><maml:linkText>Get-CimSession</maml:linkText><maml:uri></maml:uri></maml:navigationLink> cmdlet. The default is the current session on the local computer.</maml:para></maml:description><command:parameterValue required="true" variableLength="true">CimSession[]</command:parameterValue></command:parameter><command:parameter required="false" variableLength="true" globbing="false" pipelineInput="True (ByPropertyName)" position="named" aliases=""><maml:name>DnsIPAddress</maml:name><maml:description><maml:para>Specifies an array of IP addresses.</maml:para></maml:description><command:parameterValue required="true" variableLength="true">IPAddress[]</command:parameterValue></command:parameter><command:parameter required="false" variableLength="false" globbing="false" pipelineInput="True (ByValue, ByPropertyName)" position="named" aliases=""><maml:name>EnableQoS</maml:name><maml:description><maml:para>Indicates whether to enable Quality of Service (QoS) on an interface. The acceptable values for this parameter are: 

-- Enabled
-- Disabled</maml:para></maml:description><command:parameterValue required="true" variableLength="false">EnableQoS</command:parameterValue></command:parameter><command:parameter required="false" variableLength="false" globbing="false" pipelineInput="True (ByPropertyName)" position="named" aliases=""><maml:name>EncryptionType</maml:name><maml:description><maml:para>Specifies the type of encryption. The acceptable values for this parameter are: 

-- NoEncryption
-- RequireEncryption
-- OptionalEncryption
-- MaximumEncryption</maml:para></maml:description><command:parameterValue required="true" variableLength="false">String</command:parameterValue></command:parameter><command:parameter required="false" variableLength="false" globbing="false" pipelineInput="false" position="named" aliases=""><maml:name>Force</maml:name><maml:description><maml:para>Forces the command to run without asking for user confirmation.</maml:para></maml:description></command:parameter><command:parameter required="false" variableLength="false" globbing="false" pipelineInput="True (ByPropertyName)" position="named" aliases=""><maml:name>InterimAccountingPeriodSec</maml:name><maml:description><maml:para>Specifies a time interval, in seconds, for interim accounting. </maml:para></maml:description><command:parameterValue required="true" variableLength="false">UInt32</command:parameterValue></command:parameter><command:parameter required="false" variableLength="true" globbing="false" pipelineInput="True (ByPropertyName)" position="named" aliases=""><maml:name>IPAddressRange</maml:name><maml:description><maml:para>Specifies an array of IP addresses to allocate to VPN clients. The array consists of a beginning IP address and an ending IP address. 
</maml:para></maml:description><command:parameterValue required="true" variableLength="true">String[]</command:parameterValue></command:parameter><command:parameter required="false" variableLength="false" globbing="false" pipelineInput="True (ByPropertyName)" position="named" aliases=""><maml:name>IPv6Prefix</maml:name><maml:description><maml:para>Specifies the IPv6 prefix used for IPv6 address assignment.</maml:para></maml:description><command:parameterValue required="true" variableLength="false">String</command:parameterValue></command:parameter><command:parameter required="false" variableLength="false" globbing="false" pipelineInput="True (ByPropertyName)" position="named" aliases=""><maml:name>MaximumVpnConnections</maml:name><maml:description><maml:para>Specifies the maximum number of concurrent VPN connections.</maml:para></maml:description><command:parameterValue required="true" variableLength="false">UInt32</command:parameterValue></command:parameter><command:parameter required="false" variableLength="true" globbing="false" pipelineInput="True (ByPropertyName)" position="named" aliases=""><maml:name>NetBiosIPAddress</maml:name><maml:description><maml:para>Specifies an array of IP addresses for NetBIOS names.</maml:para></maml:description><command:parameterValue required="true" variableLength="true">IPAddress[]</command:parameterValue></command:parameter><command:parameter required="false" variableLength="false" globbing="false" pipelineInput="false" position="named" aliases=""><maml:name>PassThru</maml:name><maml:description><maml:para>Returns an object representing the item with which you are working. By default, this cmdlet does not generate any output.</maml:para></maml:description></command:parameter><command:parameter required="false" variableLength="false" globbing="false" pipelineInput="True (ByValue, ByPropertyName)" position="named" aliases=""><maml:name>RxBandwidthKbps</maml:name><maml:description><maml:para>Specifies the receive, or ingress, bandwidth limit, in kilobits per second (Kbps).</maml:para></maml:description><command:parameterValue required="true" variableLength="false">UInt64</command:parameterValue></command:parameter><command:parameter required="false" variableLength="true" globbing="false" pipelineInput="True (ByPropertyName)" position="named" aliases=""><maml:name>TenantName</maml:name><maml:description><maml:para>Specifies an array of tenant names.</maml:para></maml:description><command:parameterValue required="true" variableLength="true">String[]</command:parameterValue></command:parameter><command:parameter required="false" variableLength="false" globbing="false" pipelineInput="false" position="named" aliases=""><maml:name>ThrottleLimit</maml:name><maml:description><maml:para>Specifies the maximum number of concurrent operations that can be established to run the cmdlet. If this parameter is omitted or a value of 0 is entered, then Windows PowerShell® calculates an optimum throttle limit for the cmdlet based on the number of CIM cmdlets that are running on the computer. The throttle limit applies only to the current cmdlet, not to the session or to the computer.</maml:para></maml:description><command:parameterValue required="true" variableLength="false">Int32</command:parameterValue></command:parameter><command:parameter required="false" variableLength="false" globbing="false" pipelineInput="True (ByValue, ByPropertyName)" position="named" aliases=""><maml:name>TxBandwidthKbps</maml:name><maml:description><maml:para>Specifies a transmit, or egress, bandwidth limit, in Kbps, for the interface.</maml:para></maml:description><command:parameterValue required="true" variableLength="false">UInt64</command:parameterValue></command:parameter></command:syntaxItem><command:syntaxItem><maml:name>Set-RemoteAccessRoutingDomain</maml:name><command:parameter required="true" variableLength="false" globbing="false" pipelineInput="True (ByPropertyName)" position="1" aliases="RoutingDomainName,RoutingDomain"><maml:name>Name</maml:name><maml:description><maml:para>Specifies the name of a routing domain.</maml:para></maml:description><command:parameterValue required="true" variableLength="false">String</command:parameterValue></command:parameter><command:parameter required="false" variableLength="false" globbing="false" pipelineInput="false" position="named" aliases=""><maml:name>AsJob</maml:name><maml:description><maml:para>Runs the cmdlet as a background job. Use this parameter to run commands that take a long time to complete. 
 The cmdlet immediately returns an object that represents the job and then displays the command prompt. You can continue to work in the session while the job completes. To manage the job, use the *-Job cmdlets. To get the job results, use the <maml:navigationLink><maml:linkText>Receive-Job</maml:linkText><maml:uri></maml:uri></maml:navigationLink> cmdlet. 
 For more information about Windows PowerShell® background jobs, see <maml:navigationLink><maml:linkText>about_Jobs</maml:linkText><maml:uri></maml:uri></maml:navigationLink>.</maml:para></maml:description></command:parameter><command:parameter required="false" variableLength="false" globbing="false" pipelineInput="True (ByPropertyName)" position="named" aliases=""><maml:name>AuthenticationTransformConstant</maml:name><maml:description><maml:para>Specifies a transform constant. The acceptable values for this parameter are: 

-- MD596
--  SHA196
-- SHA256128
-- GCMAES128
--  GCMAES192
--  GCMAES256
-- None</maml:para></maml:description><command:parameterValue required="true" variableLength="false">AuthenticationTransformConstant</command:parameterValue></command:parameter><command:parameter required="false" variableLength="true" globbing="false" pipelineInput="false" position="named" aliases="Session"><maml:name>CimSession</maml:name><maml:description><maml:para>Runs the cmdlet in a remote session or on a remote computer. Enter a computer name or a session object, such as the output of a <maml:navigationLink><maml:linkText>New-CimSession</maml:linkText><maml:uri></maml:uri></maml:navigationLink> or <maml:navigationLink><maml:linkText>Get-CimSession</maml:linkText><maml:uri></maml:uri></maml:navigationLink> cmdlet. The default is the current session on the local computer.</maml:para></maml:description><command:parameterValue required="true" variableLength="true">CimSession[]</command:parameterValue></command:parameter><command:parameter required="false" variableLength="false" globbing="false" pipelineInput="True (ByPropertyName)" position="named" aliases=""><maml:name>CipherTransformConstant</maml:name><maml:description><maml:para>Specifies a cipher transform constant. The acceptable values for this parameter are: 

-- DES
-- DES3
-- AES128
-- AES192
-- AES256
-- GCMAES128
-- GCMAES192
-- GCMAES256
-- None</maml:para></maml:description><command:parameterValue required="true" variableLength="false">CipherTransformConstant</command:parameterValue></command:parameter><command:parameter required="false" variableLength="false" globbing="false" pipelineInput="True (ByPropertyName)" position="named" aliases=""><maml:name>DHGroup</maml:name><maml:description><maml:para>Specifies the Diffie-Hellman (DH) group for the IKE policy. The acceptable values for this parameter are: 

-- None
-- Group1
-- Group2
-- Group14
-- ECP256
-- ECP384
-- Group24</maml:para></maml:description><command:parameterValue required="true" variableLength="false">DHGroup</command:parameterValue></command:parameter><command:parameter required="false" variableLength="true" globbing="false" pipelineInput="True (ByPropertyName)" position="named" aliases=""><maml:name>DnsIPAddress</maml:name><maml:description><maml:para>Specifies an array of IP addresses.</maml:para></maml:description><command:parameterValue required="true" variableLength="true">IPAddress[]</command:parameterValue></command:parameter><command:parameter required="false" variableLength="false" globbing="false" pipelineInput="True (ByValue, ByPropertyName)" position="named" aliases=""><maml:name>EnableQoS</maml:name><maml:description><maml:para>Indicates whether to enable Quality of Service (QoS) on an interface. The acceptable values for this parameter are: 

-- Enabled
-- Disabled</maml:para></maml:description><command:parameterValue required="true" variableLength="false">EnableQoS</command:parameterValue></command:parameter><command:parameter required="false" variableLength="false" globbing="false" pipelineInput="True (ByPropertyName)" position="named" aliases=""><maml:name>EncryptionMethod</maml:name><maml:description><maml:para>Specifies the encryption method for IKE policy. The acceptable values for this parameter are: 

-- DES
-- DES3
-- AES128
-- AES192
-- AES256 </maml:para></maml:description><command:parameterValue required="true" variableLength="false">EncryptionMethod</command:parameterValue></command:parameter><command:parameter required="false" variableLength="false" globbing="false" pipelineInput="false" position="named" aliases=""><maml:name>Force</maml:name><maml:description><maml:para>Forces the command to run without asking for user confirmation.</maml:para></maml:description></command:parameter><command:parameter required="false" variableLength="false" globbing="false" pipelineInput="True (ByPropertyName)" position="named" aliases=""><maml:name>IdleDisconnectSec</maml:name><maml:description><maml:para>Specifies the time interval, in seconds, after which an idle connection is disconnected. Unless you disable idle timeout, an idle connection is disconnected after this time interval is exceeded.</maml:para></maml:description><command:parameterValue required="true" variableLength="false">UInt32</command:parameterValue></command:parameter><command:parameter required="false" variableLength="false" globbing="false" pipelineInput="True (ByPropertyName)" position="named" aliases=""><maml:name>IntegrityCheckMethod</maml:name><maml:description><maml:para>Specifies an integrity check method for the IPsec policy. The acceptable values for this parameter are: 

-- MD5
-- SHA1
-- SHA256
-- SHA384</maml:para></maml:description><command:parameterValue required="true" variableLength="false">IntegrityCheckMethod</command:parameterValue></command:parameter><command:parameter required="false" variableLength="false" globbing="false" pipelineInput="True (ByPropertyName)" position="named" aliases=""><maml:name>InterimAccountingPeriodSec</maml:name><maml:description><maml:para>Specifies a time interval, in seconds, for interim accounting. </maml:para></maml:description><command:parameterValue required="true" variableLength="false">UInt32</command:parameterValue></command:parameter><command:parameter required="false" variableLength="true" globbing="false" pipelineInput="True (ByPropertyName)" position="named" aliases=""><maml:name>IPAddressRange</maml:name><maml:description><maml:para>Specifies an array of IP addresses to allocate to VPN clients. The array consists of a beginning IP address and an ending IP address. 
</maml:para></maml:description><command:parameterValue required="true" variableLength="true">String[]</command:parameterValue></command:parameter><command:parameter required="false" variableLength="false" globbing="false" pipelineInput="True (ByPropertyName)" position="named" aliases=""><maml:name>IPv6Prefix</maml:name><maml:description><maml:para>Specifies the IPv6 prefix used for IPv6 address assignment.</maml:para></maml:description><command:parameterValue required="true" variableLength="false">String</command:parameterValue></command:parameter><command:parameter required="false" variableLength="false" globbing="false" pipelineInput="True (ByPropertyName)" position="named" aliases=""><maml:name>MaximumVpnConnections</maml:name><maml:description><maml:para>Specifies the maximum number of concurrent VPN connections.</maml:para></maml:description><command:parameterValue required="true" variableLength="false">UInt32</command:parameterValue></command:parameter><command:parameter required="false" variableLength="true" globbing="false" pipelineInput="True (ByPropertyName)" position="named" aliases=""><maml:name>NetBiosIPAddress</maml:name><maml:description><maml:para>Specifies an array of IP addresses for NetBIOS names.</maml:para></maml:description><command:parameterValue required="true" variableLength="true">IPAddress[]</command:parameterValue></command:parameter><command:parameter required="false" variableLength="false" globbing="false" pipelineInput="false" position="named" aliases=""><maml:name>PassThru</maml:name><maml:description><maml:para>Returns an object representing the item with which you are working. By default, this cmdlet does not generate any output.</maml:para></maml:description></command:parameter><command:parameter required="false" variableLength="false" globbing="false" pipelineInput="True (ByPropertyName)" position="named" aliases=""><maml:name>PfsGroup</maml:name><maml:description><maml:para>Specifies the PFS group in the IPsec policy. 

-- PFS1
-- PFS2
-- PFS2048
-- ECP256
-- ECP384
-- PFSMM
-- PFS24</maml:para></maml:description><command:parameterValue required="true" variableLength="false">PfsGroup</command:parameterValue></command:parameter><command:parameter required="false" variableLength="false" globbing="false" pipelineInput="True (ByValue, ByPropertyName)" position="named" aliases=""><maml:name>RxBandwidthKbps</maml:name><maml:description><maml:para>Specifies the receive, or ingress, bandwidth limit, in kilobits per second (Kbps).</maml:para></maml:description><command:parameterValue required="true" variableLength="false">UInt64</command:parameterValue></command:parameter><command:parameter required="false" variableLength="false" globbing="false" pipelineInput="True (ByPropertyName)" position="named" aliases=""><maml:name>SaLifeTimeSec</maml:name><maml:description><maml:para>Specifies the lifetime, in seconds, of a security association (SA). The SA is no longer valid after this time interval. </maml:para></maml:description><command:parameterValue required="true" variableLength="false">UInt32</command:parameterValue></command:parameter><command:parameter required="false" variableLength="false" globbing="false" pipelineInput="True (ByPropertyName)" position="named" aliases=""><maml:name>SaRenegotiationDataSizeKB</maml:name><maml:description><maml:para>Specifies the amount of data, in kilobytes (KB), that can be transferred using a security association (SA). When the limit is reached, the SA must be renegotiated.</maml:para></maml:description><command:parameterValue required="true" variableLength="false">UInt32</command:parameterValue></command:parameter><command:parameter required="false" variableLength="true" globbing="false" pipelineInput="True (ByPropertyName)" position="named" aliases=""><maml:name>TenantName</maml:name><maml:description><maml:para>Specifies an array of tenant names.</maml:para></maml:description><command:parameterValue required="true" variableLength="true">String[]</command:parameterValue></command:parameter><command:parameter required="false" variableLength="false" globbing="false" pipelineInput="false" position="named" aliases=""><maml:name>ThrottleLimit</maml:name><maml:description><maml:para>Specifies the maximum number of concurrent operations that can be established to run the cmdlet. If this parameter is omitted or a value of 0 is entered, then Windows PowerShell® calculates an optimum throttle limit for the cmdlet based on the number of CIM cmdlets that are running on the computer. The throttle limit applies only to the current cmdlet, not to the session or to the computer.</maml:para></maml:description><command:parameterValue required="true" variableLength="false">Int32</command:parameterValue></command:parameter><command:parameter required="false" variableLength="false" globbing="false" pipelineInput="True (ByValue, ByPropertyName)" position="named" aliases=""><maml:name>TxBandwidthKbps</maml:name><maml:description><maml:para>Specifies a transmit, or egress, bandwidth limit, in Kbps, for the interface.</maml:para></maml:description><command:parameterValue required="true" variableLength="false">UInt64</command:parameterValue></command:parameter><command:parameter required="true" variableLength="false" globbing="false" pipelineInput="false" position="named" aliases=""><maml:name>CustomPolicy</maml:name><maml:description><maml:para>Indicates that the interface uses custom Internet Key Exchange (IKE) IPsec policies. </maml:para></maml:description></command:parameter></command:syntaxItem></command:syntax><command:parameters><command:parameter required="false" variableLength="false" globbing="false" pipelineInput="false" position="named" aliases=""><maml:name>AsJob</maml:name><maml:description><maml:para>Runs the cmdlet as a background job. Use this parameter to run commands that take a long time to complete. 
 The cmdlet immediately returns an object that represents the job and then displays the command prompt. You can continue to work in the session while the job completes. To manage the job, use the *-Job cmdlets. To get the job results, use the <maml:navigationLink><maml:linkText>Receive-Job</maml:linkText><maml:uri></maml:uri></maml:navigationLink> cmdlet. 
 For more information about Windows PowerShell® background jobs, see <maml:navigationLink><maml:linkText>about_Jobs</maml:linkText><maml:uri></maml:uri></maml:navigationLink>.</maml:para></maml:description><command:parameterValue required="false" variableLength="false">SwitchParameter</command:parameterValue><dev:type><maml:name>SwitchParameter</maml:name><maml:uri /></dev:type><dev:defaultValue></dev:defaultValue></command:parameter><command:parameter required="false" variableLength="false" globbing="false" pipelineInput="True (ByPropertyName)" position="named" aliases=""><maml:name>AuthenticationTransformConstant</maml:name><maml:description><maml:para>Specifies a transform constant. The acceptable values for this parameter are: 

-- MD596
--  SHA196
-- SHA256128
-- GCMAES128
--  GCMAES192
--  GCMAES256
-- None</maml:para></maml:description><command:parameterValue required="true" variableLength="false">AuthenticationTransformConstant</command:parameterValue><dev:type><maml:name>AuthenticationTransformConstant</maml:name><maml:uri /></dev:type><dev:defaultValue>2</dev:defaultValue></command:parameter><command:parameter required="false" variableLength="true" globbing="false" pipelineInput="false" position="named" aliases="Session"><maml:name>CimSession</maml:name><maml:description><maml:para>Runs the cmdlet in a remote session or on a remote computer. Enter a computer name or a session object, such as the output of a <maml:navigationLink><maml:linkText>New-CimSession</maml:linkText><maml:uri></maml:uri></maml:navigationLink> or <maml:navigationLink><maml:linkText>Get-CimSession</maml:linkText><maml:uri></maml:uri></maml:navigationLink> cmdlet. The default is the current session on the local computer.</maml:para></maml:description><command:parameterValue required="true" variableLength="true">CimSession[]</command:parameterValue><dev:type><maml:name>CimSession[]</maml:name><maml:uri /></dev:type><dev:defaultValue></dev:defaultValue></command:parameter><command:parameter required="false" variableLength="false" globbing="false" pipelineInput="True (ByPropertyName)" position="named" aliases=""><maml:name>CipherTransformConstant</maml:name><maml:description><maml:para>Specifies a cipher transform constant. The acceptable values for this parameter are: 

-- DES
-- DES3
-- AES128
-- AES192
-- AES256
-- GCMAES128
-- GCMAES192
-- GCMAES256
-- None</maml:para></maml:description><command:parameterValue required="true" variableLength="false">CipherTransformConstant</command:parameterValue><dev:type><maml:name>CipherTransformConstant</maml:name><maml:uri /></dev:type><dev:defaultValue>1</dev:defaultValue></command:parameter><command:parameter required="true" variableLength="false" globbing="false" pipelineInput="false" position="named" aliases=""><maml:name>CustomPolicy</maml:name><maml:description><maml:para>Indicates that the interface uses custom Internet Key Exchange (IKE) IPsec policies. </maml:para></maml:description><command:parameterValue required="false" variableLength="false">SwitchParameter</command:parameterValue><dev:type><maml:name>SwitchParameter</maml:name><maml:uri /></dev:type><dev:defaultValue></dev:defaultValue></command:parameter><command:parameter required="false" variableLength="false" globbing="false" pipelineInput="True (ByPropertyName)" position="named" aliases=""><maml:name>DHGroup</maml:name><maml:description><maml:para>Specifies the Diffie-Hellman (DH) group for the IKE policy. The acceptable values for this parameter are: 

-- None
-- Group1
-- Group2
-- Group14
-- ECP256
-- ECP384
-- Group24</maml:para></maml:description><command:parameterValue required="true" variableLength="false">DHGroup</command:parameterValue><dev:type><maml:name>DHGroup</maml:name><maml:uri /></dev:type><dev:defaultValue>2</dev:defaultValue></command:parameter><command:parameter required="false" variableLength="true" globbing="false" pipelineInput="True (ByPropertyName)" position="named" aliases=""><maml:name>DnsIPAddress</maml:name><maml:description><maml:para>Specifies an array of IP addresses.</maml:para></maml:description><command:parameterValue required="true" variableLength="true">IPAddress[]</command:parameterValue><dev:type><maml:name>IPAddress[]</maml:name><maml:uri /></dev:type><dev:defaultValue></dev:defaultValue></command:parameter><command:parameter required="false" variableLength="false" globbing="false" pipelineInput="True (ByValue, ByPropertyName)" position="named" aliases=""><maml:name>EnableQoS</maml:name><maml:description><maml:para>Indicates whether to enable Quality of Service (QoS) on an interface. The acceptable values for this parameter are: 

-- Enabled
-- Disabled</maml:para></maml:description><command:parameterValue required="true" variableLength="false">EnableQoS</command:parameterValue><dev:type><maml:name>EnableQoS</maml:name><maml:uri /></dev:type><dev:defaultValue></dev:defaultValue></command:parameter><command:parameter required="false" variableLength="false" globbing="false" pipelineInput="True (ByPropertyName)" position="named" aliases=""><maml:name>EncryptionMethod</maml:name><maml:description><maml:para>Specifies the encryption method for IKE policy. The acceptable values for this parameter are: 

-- DES
-- DES3
-- AES128
-- AES192
-- AES256 </maml:para></maml:description><command:parameterValue required="true" variableLength="false">EncryptionMethod</command:parameterValue><dev:type><maml:name>EncryptionMethod</maml:name><maml:uri /></dev:type><dev:defaultValue>4</dev:defaultValue></command:parameter><command:parameter required="false" variableLength="false" globbing="false" pipelineInput="True (ByPropertyName)" position="named" aliases=""><maml:name>EncryptionType</maml:name><maml:description><maml:para>Specifies the type of encryption. The acceptable values for this parameter are: 

-- NoEncryption
-- RequireEncryption
-- OptionalEncryption
-- MaximumEncryption</maml:para></maml:description><command:parameterValue required="true" variableLength="false">String</command:parameterValue><dev:type><maml:name>String</maml:name><maml:uri /></dev:type><dev:defaultValue>RequireEncryption</dev:defaultValue></command:parameter><command:parameter required="false" variableLength="false" globbing="false" pipelineInput="false" position="named" aliases=""><maml:name>Force</maml:name><maml:description><maml:para>Forces the command to run without asking for user confirmation.</maml:para></maml:description><command:parameterValue required="false" variableLength="false">SwitchParameter</command:parameterValue><dev:type><maml:name>SwitchParameter</maml:name><maml:uri /></dev:type><dev:defaultValue></dev:defaultValue></command:parameter><command:parameter required="false" variableLength="false" globbing="false" pipelineInput="True (ByPropertyName)" position="named" aliases=""><maml:name>IdleDisconnectSec</maml:name><maml:description><maml:para>Specifies the time interval, in seconds, after which an idle connection is disconnected. Unless you disable idle timeout, an idle connection is disconnected after this time interval is exceeded.</maml:para></maml:description><command:parameterValue required="true" variableLength="false">UInt32</command:parameterValue><dev:type><maml:name>UInt32</maml:name><maml:uri /></dev:type><dev:defaultValue>300</dev:defaultValue></command:parameter><command:parameter required="false" variableLength="false" globbing="false" pipelineInput="True (ByPropertyName)" position="named" aliases=""><maml:name>IntegrityCheckMethod</maml:name><maml:description><maml:para>Specifies an integrity check method for the IPsec policy. The acceptable values for this parameter are: 

-- MD5
-- SHA1
-- SHA256
-- SHA384</maml:para></maml:description><command:parameterValue required="true" variableLength="false">IntegrityCheckMethod</command:parameterValue><dev:type><maml:name>IntegrityCheckMethod</maml:name><maml:uri /></dev:type><dev:defaultValue>2</dev:defaultValue></command:parameter><command:parameter required="false" variableLength="false" globbing="false" pipelineInput="True (ByPropertyName)" position="named" aliases=""><maml:name>InterimAccountingPeriodSec</maml:name><maml:description><maml:para>Specifies a time interval, in seconds, for interim accounting. </maml:para></maml:description><command:parameterValue required="true" variableLength="false">UInt32</command:parameterValue><dev:type><maml:name>UInt32</maml:name><maml:uri /></dev:type><dev:defaultValue></dev:defaultValue></command:parameter><command:parameter required="false" variableLength="true" globbing="false" pipelineInput="True (ByPropertyName)" position="named" aliases=""><maml:name>IPAddressRange</maml:name><maml:description><maml:para>Specifies an array of IP addresses to allocate to VPN clients. The array consists of a beginning IP address and an ending IP address. 
</maml:para></maml:description><command:parameterValue required="true" variableLength="true">String[]</command:parameterValue><dev:type><maml:name>String[]</maml:name><maml:uri /></dev:type><dev:defaultValue></dev:defaultValue></command:parameter><command:parameter required="false" variableLength="false" globbing="false" pipelineInput="True (ByPropertyName)" position="named" aliases=""><maml:name>IPv6Prefix</maml:name><maml:description><maml:para>Specifies the IPv6 prefix used for IPv6 address assignment.</maml:para></maml:description><command:parameterValue required="true" variableLength="false">String</command:parameterValue><dev:type><maml:name>String</maml:name><maml:uri /></dev:type><dev:defaultValue>fe80::/64</dev:defaultValue></command:parameter><command:parameter required="false" variableLength="false" globbing="false" pipelineInput="True (ByPropertyName)" position="named" aliases=""><maml:name>MaximumVpnConnections</maml:name><maml:description><maml:para>Specifies the maximum number of concurrent VPN connections.</maml:para></maml:description><command:parameterValue required="true" variableLength="false">UInt32</command:parameterValue><dev:type><maml:name>UInt32</maml:name><maml:uri /></dev:type><dev:defaultValue>100</dev:defaultValue></command:parameter><command:parameter required="true" variableLength="false" globbing="false" pipelineInput="True (ByPropertyName)" position="1" aliases="RoutingDomainName,RoutingDomain"><maml:name>Name</maml:name><maml:description><maml:para>Specifies the name of a routing domain.</maml:para></maml:description><command:parameterValue required="true" variableLength="false">String</command:parameterValue><dev:type><maml:name>String</maml:name><maml:uri /></dev:type><dev:defaultValue>null</dev:defaultValue></command:parameter><command:parameter required="false" variableLength="true" globbing="false" pipelineInput="True (ByPropertyName)" position="named" aliases=""><maml:name>NetBiosIPAddress</maml:name><maml:description><maml:para>Specifies an array of IP addresses for NetBIOS names.</maml:para></maml:description><command:parameterValue required="true" variableLength="true">IPAddress[]</command:parameterValue><dev:type><maml:name>IPAddress[]</maml:name><maml:uri /></dev:type><dev:defaultValue></dev:defaultValue></command:parameter><command:parameter required="false" variableLength="false" globbing="false" pipelineInput="false" position="named" aliases=""><maml:name>PassThru</maml:name><maml:description><maml:para>Returns an object representing the item with which you are working. By default, this cmdlet does not generate any output.</maml:para></maml:description><command:parameterValue required="false" variableLength="false">SwitchParameter</command:parameterValue><dev:type><maml:name>SwitchParameter</maml:name><maml:uri /></dev:type><dev:defaultValue></dev:defaultValue></command:parameter><command:parameter required="false" variableLength="false" globbing="false" pipelineInput="True (ByPropertyName)" position="named" aliases=""><maml:name>PfsGroup</maml:name><maml:description><maml:para>Specifies the PFS group in the IPsec policy. 

-- PFS1
-- PFS2
-- PFS2048
-- ECP256
-- ECP384
-- PFSMM
-- PFS24</maml:para></maml:description><command:parameterValue required="true" variableLength="false">PfsGroup</command:parameterValue><dev:type><maml:name>PfsGroup</maml:name><maml:uri /></dev:type><dev:defaultValue>3</dev:defaultValue></command:parameter><command:parameter required="false" variableLength="false" globbing="false" pipelineInput="True (ByValue, ByPropertyName)" position="named" aliases=""><maml:name>RxBandwidthKbps</maml:name><maml:description><maml:para>Specifies the receive, or ingress, bandwidth limit, in kilobits per second (Kbps).</maml:para></maml:description><command:parameterValue required="true" variableLength="false">UInt64</command:parameterValue><dev:type><maml:name>UInt64</maml:name><maml:uri /></dev:type><dev:defaultValue></dev:defaultValue></command:parameter><command:parameter required="false" variableLength="false" globbing="false" pipelineInput="True (ByPropertyName)" position="named" aliases=""><maml:name>SaLifeTimeSec</maml:name><maml:description><maml:para>Specifies the lifetime, in seconds, of a security association (SA). The SA is no longer valid after this time interval. </maml:para></maml:description><command:parameterValue required="true" variableLength="false">UInt32</command:parameterValue><dev:type><maml:name>UInt32</maml:name><maml:uri /></dev:type><dev:defaultValue>7200</dev:defaultValue></command:parameter><command:parameter required="false" variableLength="false" globbing="false" pipelineInput="True (ByPropertyName)" position="named" aliases=""><maml:name>SaRenegotiationDataSizeKB</maml:name><maml:description><maml:para>Specifies the amount of data, in kilobytes (KB), that can be transferred using a security association (SA). When the limit is reached, the SA must be renegotiated.</maml:para></maml:description><command:parameterValue required="true" variableLength="false">UInt32</command:parameterValue><dev:type><maml:name>UInt32</maml:name><maml:uri /></dev:type><dev:defaultValue>10000</dev:defaultValue></command:parameter><command:parameter required="false" variableLength="true" globbing="false" pipelineInput="True (ByPropertyName)" position="named" aliases=""><maml:name>TenantName</maml:name><maml:description><maml:para>Specifies an array of tenant names.</maml:para></maml:description><command:parameterValue required="true" variableLength="true">String[]</command:parameterValue><dev:type><maml:name>String[]</maml:name><maml:uri /></dev:type><dev:defaultValue></dev:defaultValue></command:parameter><command:parameter required="false" variableLength="false" globbing="false" pipelineInput="false" position="named" aliases=""><maml:name>ThrottleLimit</maml:name><maml:description><maml:para>Specifies the maximum number of concurrent operations that can be established to run the cmdlet. If this parameter is omitted or a value of 0 is entered, then Windows PowerShell® calculates an optimum throttle limit for the cmdlet based on the number of CIM cmdlets that are running on the computer. The throttle limit applies only to the current cmdlet, not to the session or to the computer.</maml:para></maml:description><command:parameterValue required="true" variableLength="false">Int32</command:parameterValue><dev:type><maml:name>Int32</maml:name><maml:uri /></dev:type><dev:defaultValue></dev:defaultValue></command:parameter><command:parameter required="false" variableLength="false" globbing="false" pipelineInput="True (ByValue, ByPropertyName)" position="named" aliases=""><maml:name>TxBandwidthKbps</maml:name><maml:description><maml:para>Specifies a transmit, or egress, bandwidth limit, in Kbps, for the interface.</maml:para></maml:description><command:parameterValue required="true" variableLength="false">UInt64</command:parameterValue><dev:type><maml:name>UInt64</maml:name><maml:uri /></dev:type><dev:defaultValue></dev:defaultValue></command:parameter></command:parameters><command:inputTypes><command:inputType><dev:type><maml:name></maml:name><maml:uri></maml:uri><maml:description><maml:para /></maml:description></dev:type><maml:description></maml:description></command:inputType></command:inputTypes><command:returnValues><command:returnValue><dev:type><maml:name>Microsoft.Management.Infrastructure.CimInstance#VpnRoutingDomainConfig</maml:name><maml:uri></maml:uri><maml:description><maml:para /></maml:description></dev:type><maml:description></maml:description></command:returnValue></command:returnValues><command:terminatingErrors /><command:nonTerminatingErrors /><command:examples><command:example><maml:title>Example 1: Modify the configuration for a routing domain</maml:title><maml:introduction><maml:para></maml:para></maml:introduction><dev:code>PS C:\&gt; Set-RemoteAccessRoutingDomain -RoutingDomain Rd_01 -IPAddressRange @("10.0.0.1","10.0.0.10") -Passthru


RoutingDomain                  : Rd_01
RoutingDomainID                : {11111111-1111-1111-1111-111111111001}
RoutingStatus                  : Enabled and Available
Capacity(Kbps)                 : 10240
IPAddressRange                 : {10.0.0.1 - 10.0.0.10}
IPv6Prefix                     : :: IdleDisconnect(s)              : 0
SADataSizeForRenegotiation(KB) : 0
SALifeTime(s)                  : 0
InterimAccounting(s)           : EncryptionType                 : NoEncryption




</dev:code><dev:remarks><maml:para>This command modifies configuration settings for a specified routing domain in a multitenant environment and displays the resulting configuration. </maml:para></dev:remarks><command:commandLines><command:commandLine><command:commandText /></command:commandLine></command:commandLines></command:example><command:example><maml:title>Example 2: Modify configuration for IPv6 addresses and encryption</maml:title><maml:introduction><maml:para></maml:para></maml:introduction><dev:code>PS C:\&gt; Set-RemoteAccessRoutingDomain -RoutingDomain Rd_01 -IPAddressRange @("10.0.0.1","10.0.0.10") -IPv6Prefix 3ffe::/64   -EncryptionType OptionalEncryption    -Passthru


RoutingDomain                  : Rd_01
RoutingDomainID                : {11111111-1111-1111-1111-111111111001}
RoutingStatus                  : Enabled and Available
Capacity(Kbps)                 : 10240
IPAddressRange                 : {10.0.0.1 - 10.0.0.10}
IPv6Prefix                     : 3ffe:: IdleDisconnect(s)              : 0
SADataSizeForRenegotiation(KB) : 0
SALifeTime(s)                  : 0
InterimAccounting(s)           : EncryptionType                 : OptionalEncryption




</dev:code><dev:remarks><maml:para>This command modifies configuration settings for a routing domain in a multitenant environment and displays the resulting configuration.
</maml:para></dev:remarks><command:commandLines><command:commandLine><command:commandText /></command:commandLine></command:commandLines></command:example></command:examples><maml:relatedLinks><maml:navigationLink><maml:linkText>Online Version:</maml:linkText><maml:uri>http://go.microsoft.com/fwlink/?LinkID=306255</maml:uri></maml:navigationLink><maml:navigationLink><maml:linkText>Disable-RemoteAccessRoutingDomain</maml:linkText><maml:uri /></maml:navigationLink><maml:navigationLink><maml:linkText>Enable-RemoteAccessRoutingDomain</maml:linkText><maml:uri /></maml:navigationLink><maml:navigationLink><maml:linkText>Get-RemoteAccessRoutingDomain</maml:linkText><maml:uri /></maml:navigationLink></maml:relatedLinks></command:command>

</helpItems>

