﻿<?xml version = "1.0" encoding = "utf-8" ?>

<helpItems schema="maml">

<command:command xmlns:maml="http://schemas.microsoft.com/maml/2004/10" xmlns:command="http://schemas.microsoft.com/maml/dev/command/2004/10" xmlns:dev="http://schemas.microsoft.com/maml/dev/2004/10" xmlns:MSHelp="http://msdn.microsoft.com/mshelp"><command:details><command:name>Add-RemoteAccessRadius</command:name><maml:description><maml:para>Adds a new external RADIUS server for VPN authentication, accounting for DirectAccess (DA) and VPN, or one-time password (OTP) authentication for DA.</maml:para></maml:description><maml:copyright><maml:para /></maml:copyright><command:verb>Add</command:verb><command:noun>RemoteAccessRadius</command:noun><dev:version /></command:details><maml:description><maml:para>The Add-RemoteAccessRadius cmdlet adds a new external RADIUS server for one of the following purposes: 

 -- Accounting Radius configuration applies to both DirectAccess (DA) and VPN. 

 -- One-time password (OTP) RADIUS configuration applies only to DA. 

 -- Authentication Radius configuration applies only to VPN. </maml:para><maml:para>Radius server configuration for Accounting and OTP are global in nature, such as the configurations apply to the entire Remote Access deployment. RADIUS server configuration for VPN applies only to a specific VPN server, and all servers in a load balancing cluster, or if multi-site is deployed, to all VPN servers at a site.</maml:para><maml:para>Following describes aspects of this cmdlet behavior. 

 -- If a RADIUS server is currently being used for a specific purpose, then it can be added for additional purpose using this cmdlet. 

 -- The RADIUS server properties for authentication and accounting are the same except for the AccountingOnOffMsg parameter which is applicable only to accounting RADIUS and the  MsgAuthenticator parameter which is applicable only to authentication RADIUS. These properties are not relevant for DA OTP authentication. 

 -- If a user tries to add a RADIUS server for a particular purpose but specifies a parameter that is not applicable to that purpose, then this cmdlet will still run but the parameter will be ignored and a warning message will be issued. When adding a RADIUS server for OTP authentication both the above described parameters are ignored if specified. 

 -- If the accounting configuration is Windows Server® 2012 accounting, then a user can switch to external RADIUS accounting by adding an external RADIUS server for the purpose of accounting. 

 -- Following are some pre-requisites for adding a RADIUS server. 

 ---- A RADIUS server cannot be added for authentication when VPN is not even installed. 

 ---- A RADIUS server cannot be added for authentication when the authentication type is Windows or when local NPS is installed. 

 ---- A RADIUS server cannot be added for the purpose of accounting when external RADIUS accounting is not enabled. 

 ---- A RADIUS server cannot be added for purpose of OTP authentication if OTP authentication is not enabled. </maml:para></maml:description><command:syntax><command:syntaxItem><maml:name>Add-RemoteAccessRadius</maml:name><command:parameter required="true" variableLength="false" globbing="false" pipelineInput="true (ByPropertyName)" position="2" aliases=""><maml:name>ServerName</maml:name><maml:description><maml:para>Specifies the IPv4 or IPv6 address, or host name, of the external RADIUS server.</maml:para></maml:description><command:parameterValue required="true" variableLength="false">String</command:parameterValue></command:parameter><command:parameter required="true" variableLength="false" globbing="false" pipelineInput="true (ByPropertyName)" position="3" aliases=""><maml:name>Purpose</maml:name><maml:description><maml:para>Specifies the purpose for which the external RADIUS server is being added. The acceptable values for this parameter are: 

 -- Authentication. 

 -- Accounting. 

 -- Otp. </maml:para></maml:description><command:parameterValue required="true" variableLength="false">String</command:parameterValue></command:parameter><command:parameter required="true" variableLength="false" globbing="false" pipelineInput="true (ByPropertyName)" position="4" aliases=""><maml:name>SharedSecret</maml:name><maml:description><maml:para>Specifies the shared secret between the VPN server and the specified external RADIUS server. Note: The secret is specified in clear text.</maml:para></maml:description><command:parameterValue required="true" variableLength="false">String</command:parameterValue></command:parameter><command:parameter required="false" variableLength="false" globbing="false" pipelineInput="true (ByPropertyName)" position="named" aliases=""><maml:name>AccountingOnOffMsg</maml:name><maml:description><maml:para>Indicates the enabled state for sending of accounting on or off messages. The acceptable values for this parameter are: 

 -- Enabled. 

 -- Disabled. This is the default value. 
This parameter is applicable only when the RADIUS server is being added for Remote Access accounting. </maml:para></maml:description><command:parameterValue required="true" variableLength="false">String</command:parameterValue></command:parameter><command:parameter required="false" variableLength="false" globbing="false" pipelineInput="false" position="named" aliases=""><maml:name>AsJob</maml:name><maml:description><maml:para>Runs the cmdlet as a background job. Use this parameter to run commands that take a long time to complete. 
 The cmdlet immediately returns an object that represents the job and then displays the command prompt. You can continue to work in the session while the job completes. To manage the job, use the *-Job cmdlets. To get the job results, use the <maml:navigationLink><maml:linkText>Receive-Job</maml:linkText><maml:uri></maml:uri></maml:navigationLink> cmdlet. 
 For more information about Windows PowerShell® background jobs, see <maml:navigationLink><maml:linkText>about_Jobs</maml:linkText><maml:uri></maml:uri></maml:navigationLink>.</maml:para></maml:description></command:parameter><command:parameter required="false" variableLength="true" globbing="false" pipelineInput="false" position="named" aliases=""><maml:name>CimSession</maml:name><maml:description><maml:para>Runs the cmdlet in a remote session or on a remote computer. Enter a computer name or a session object, such as the output of a <maml:navigationLink><maml:linkText>New-CimSession</maml:linkText><maml:uri></maml:uri></maml:navigationLink> or <maml:navigationLink><maml:linkText>Get-CimSession</maml:linkText><maml:uri></maml:uri></maml:navigationLink> cmdlet. The default is the current session on the local computer.</maml:para></maml:description><command:parameterValue required="true" variableLength="true">CimSession[]</command:parameterValue></command:parameter><command:parameter required="false" variableLength="false" globbing="false" pipelineInput="false" position="named" aliases=""><maml:name>ComputerName</maml:name><maml:description><maml:para>Specifies the IPv4 or IPv6 address, or host name, of the computer on which the remote access server computer-specific tasks should be executed. If this parameter is specified when adding a RADIUS server for authentication, then it is added for the VPN server represented by this parameter value.</maml:para></maml:description><command:parameterValue required="true" variableLength="false">String</command:parameterValue></command:parameter><command:parameter required="false" variableLength="false" globbing="false" pipelineInput="true (ByPropertyName)" position="named" aliases=""><maml:name>EntrypointName</maml:name><maml:description><maml:para>Specifies the identity of a site in a multi-site deployment. This parameter is applicable only to RADIUS server configuration for VPN authentication. It is not applicable to RADIUS accounting and OTP and hence is ignored when a user tries to add a radius server for these purposes. 

When this parameter is specified it indicates that the RADIUS server for VPN authentication should be added for that site. 

If this parameter is not specified in a multi-site deployment, then this parameter value for the server on which the cmdlet is run is used. The server could also be represented by using the ComputerName parameter. 

If this parameter and ComputerName parameter are specified and the ComputerName parameter value does not belong to the site represented by this parameter value, then this parameter takes precedence and the RADIUS server is added to it. </maml:para></maml:description><command:parameterValue required="true" variableLength="false">String</command:parameterValue></command:parameter><command:parameter required="false" variableLength="false" globbing="false" pipelineInput="true (ByPropertyName)" position="named" aliases=""><maml:name>MsgAuthenticator</maml:name><maml:description><maml:para>Specifies the enabled state for the usage of message authenticator. The acceptable values for this parameter are: 

 -- Enabled. 

 -- Disabled. This is the default value.

This parameter is applicable only when the RADIUS server is being added for VPN authentication. </maml:para></maml:description><command:parameterValue required="true" variableLength="false">String</command:parameterValue></command:parameter><command:parameter required="false" variableLength="false" globbing="false" pipelineInput="false" position="named" aliases=""><maml:name>PassThru</maml:name><maml:description><maml:para>Returns an object representing the item with which you are working. By default, this cmdlet does not generate any output.</maml:para></maml:description></command:parameter><command:parameter required="false" variableLength="false" globbing="false" pipelineInput="true (ByPropertyName)" position="named" aliases=""><maml:name>Port</maml:name><maml:description><maml:para>Specifies the port number on which the RADIUS server is accepting authentication requests. The default value is 1813.</maml:para></maml:description><command:parameterValue required="true" variableLength="false">UInt16</command:parameterValue></command:parameter><command:parameter required="false" variableLength="false" globbing="false" pipelineInput="true (ByPropertyName)" position="named" aliases=""><maml:name>Score</maml:name><maml:description><maml:para>Specifies the initial score. The default value is 30.</maml:para></maml:description><command:parameterValue required="true" variableLength="false">Byte</command:parameterValue></command:parameter><command:parameter required="false" variableLength="false" globbing="false" pipelineInput="false" position="named" aliases=""><maml:name>ThrottleLimit</maml:name><maml:description><maml:para>Specifies the maximum number of concurrent operations that can be established to run the cmdlet. If this parameter is omitted or a value of 0 is entered, then Windows PowerShell® calculates an optimum throttle limit for the cmdlet based on the number of CIM cmdlets that are running on the computer. The throttle limit applies only to the current cmdlet, not to the session or to the computer.</maml:para></maml:description><command:parameterValue required="true" variableLength="false">Int32</command:parameterValue></command:parameter><command:parameter required="false" variableLength="false" globbing="false" pipelineInput="true (ByPropertyName)" position="named" aliases=""><maml:name>Timeout</maml:name><maml:description><maml:para>Specifies the timeout value in seconds. The default value is 5 (seconds).</maml:para></maml:description><command:parameterValue required="true" variableLength="false">UInt32</command:parameterValue></command:parameter><command:parameter required="false" variableLength="true" globbing="false" pipelineInput="false" position="named"><maml:name>Confirm</maml:name><maml:description><maml:para>Prompts you for confirmation before running the cmdlet.</maml:para></maml:description></command:parameter><command:parameter required="false" variableLength="true" globbing="false" pipelineInput="false" position="named"><maml:name>WhatIf</maml:name><maml:description><maml:para>Shows what would happen if the cmdlet runs. The cmdlet is not run.</maml:para></maml:description></command:parameter></command:syntaxItem></command:syntax><command:parameters><command:parameter required="false" variableLength="false" globbing="false" pipelineInput="true (ByPropertyName)" position="named" aliases=""><maml:name>AccountingOnOffMsg</maml:name><maml:description><maml:para>Indicates the enabled state for sending of accounting on or off messages. The acceptable values for this parameter are: 

 -- Enabled. 

 -- Disabled. This is the default value. 
This parameter is applicable only when the RADIUS server is being added for Remote Access accounting. </maml:para></maml:description><command:parameterValue required="true" variableLength="false">String</command:parameterValue><dev:type><maml:name>String</maml:name><maml:uri /></dev:type><dev:defaultValue>Disabled</dev:defaultValue></command:parameter><command:parameter required="false" variableLength="false" globbing="false" pipelineInput="false" position="named" aliases=""><maml:name>AsJob</maml:name><maml:description><maml:para>Runs the cmdlet as a background job. Use this parameter to run commands that take a long time to complete. 
 The cmdlet immediately returns an object that represents the job and then displays the command prompt. You can continue to work in the session while the job completes. To manage the job, use the *-Job cmdlets. To get the job results, use the <maml:navigationLink><maml:linkText>Receive-Job</maml:linkText><maml:uri></maml:uri></maml:navigationLink> cmdlet. 
 For more information about Windows PowerShell® background jobs, see <maml:navigationLink><maml:linkText>about_Jobs</maml:linkText><maml:uri></maml:uri></maml:navigationLink>.</maml:para></maml:description><command:parameterValue required="false" variableLength="false">SwitchParameter</command:parameterValue><dev:type><maml:name>SwitchParameter</maml:name><maml:uri /></dev:type><dev:defaultValue></dev:defaultValue></command:parameter><command:parameter required="false" variableLength="true" globbing="false" pipelineInput="false" position="named" aliases=""><maml:name>CimSession</maml:name><maml:description><maml:para>Runs the cmdlet in a remote session or on a remote computer. Enter a computer name or a session object, such as the output of a <maml:navigationLink><maml:linkText>New-CimSession</maml:linkText><maml:uri></maml:uri></maml:navigationLink> or <maml:navigationLink><maml:linkText>Get-CimSession</maml:linkText><maml:uri></maml:uri></maml:navigationLink> cmdlet. The default is the current session on the local computer.</maml:para></maml:description><command:parameterValue required="true" variableLength="true">CimSession[]</command:parameterValue><dev:type><maml:name>CimSession[]</maml:name><maml:uri /></dev:type><dev:defaultValue></dev:defaultValue></command:parameter><command:parameter required="false" variableLength="false" globbing="false" pipelineInput="false" position="named" aliases=""><maml:name>ComputerName</maml:name><maml:description><maml:para>Specifies the IPv4 or IPv6 address, or host name, of the computer on which the remote access server computer-specific tasks should be executed. If this parameter is specified when adding a RADIUS server for authentication, then it is added for the VPN server represented by this parameter value.</maml:para></maml:description><command:parameterValue required="true" variableLength="false">String</command:parameterValue><dev:type><maml:name>String</maml:name><maml:uri /></dev:type><dev:defaultValue></dev:defaultValue></command:parameter><command:parameter required="false" variableLength="false" globbing="false" pipelineInput="true (ByPropertyName)" position="named" aliases=""><maml:name>EntrypointName</maml:name><maml:description><maml:para>Specifies the identity of a site in a multi-site deployment. This parameter is applicable only to RADIUS server configuration for VPN authentication. It is not applicable to RADIUS accounting and OTP and hence is ignored when a user tries to add a radius server for these purposes. 

When this parameter is specified it indicates that the RADIUS server for VPN authentication should be added for that site. 

If this parameter is not specified in a multi-site deployment, then this parameter value for the server on which the cmdlet is run is used. The server could also be represented by using the ComputerName parameter. 

If this parameter and ComputerName parameter are specified and the ComputerName parameter value does not belong to the site represented by this parameter value, then this parameter takes precedence and the RADIUS server is added to it. </maml:para></maml:description><command:parameterValue required="true" variableLength="false">String</command:parameterValue><dev:type><maml:name>String</maml:name><maml:uri /></dev:type><dev:defaultValue></dev:defaultValue></command:parameter><command:parameter required="false" variableLength="false" globbing="false" pipelineInput="true (ByPropertyName)" position="named" aliases=""><maml:name>MsgAuthenticator</maml:name><maml:description><maml:para>Specifies the enabled state for the usage of message authenticator. The acceptable values for this parameter are: 

 -- Enabled. 

 -- Disabled. This is the default value.

This parameter is applicable only when the RADIUS server is being added for VPN authentication. </maml:para></maml:description><command:parameterValue required="true" variableLength="false">String</command:parameterValue><dev:type><maml:name>String</maml:name><maml:uri /></dev:type><dev:defaultValue>Disable</dev:defaultValue></command:parameter><command:parameter required="false" variableLength="false" globbing="false" pipelineInput="false" position="named" aliases=""><maml:name>PassThru</maml:name><maml:description><maml:para>Returns an object representing the item with which you are working. By default, this cmdlet does not generate any output.</maml:para></maml:description><command:parameterValue required="false" variableLength="false">SwitchParameter</command:parameterValue><dev:type><maml:name>SwitchParameter</maml:name><maml:uri /></dev:type><dev:defaultValue></dev:defaultValue></command:parameter><command:parameter required="false" variableLength="false" globbing="false" pipelineInput="true (ByPropertyName)" position="named" aliases=""><maml:name>Port</maml:name><maml:description><maml:para>Specifies the port number on which the RADIUS server is accepting authentication requests. The default value is 1813.</maml:para></maml:description><command:parameterValue required="true" variableLength="false">UInt16</command:parameterValue><dev:type><maml:name>UInt16</maml:name><maml:uri /></dev:type><dev:defaultValue>1813</dev:defaultValue></command:parameter><command:parameter required="true" variableLength="false" globbing="false" pipelineInput="true (ByPropertyName)" position="3" aliases=""><maml:name>Purpose</maml:name><maml:description><maml:para>Specifies the purpose for which the external RADIUS server is being added. The acceptable values for this parameter are: 

 -- Authentication. 

 -- Accounting. 

 -- Otp. </maml:para></maml:description><command:parameterValue required="true" variableLength="false">String</command:parameterValue><dev:type><maml:name>String</maml:name><maml:uri /></dev:type><dev:defaultValue></dev:defaultValue></command:parameter><command:parameter required="false" variableLength="false" globbing="false" pipelineInput="true (ByPropertyName)" position="named" aliases=""><maml:name>Score</maml:name><maml:description><maml:para>Specifies the initial score. The default value is 30.</maml:para></maml:description><command:parameterValue required="true" variableLength="false">Byte</command:parameterValue><dev:type><maml:name>Byte</maml:name><maml:uri /></dev:type><dev:defaultValue>30</dev:defaultValue></command:parameter><command:parameter required="true" variableLength="false" globbing="false" pipelineInput="true (ByPropertyName)" position="2" aliases=""><maml:name>ServerName</maml:name><maml:description><maml:para>Specifies the IPv4 or IPv6 address, or host name, of the external RADIUS server.</maml:para></maml:description><command:parameterValue required="true" variableLength="false">String</command:parameterValue><dev:type><maml:name>String</maml:name><maml:uri /></dev:type><dev:defaultValue></dev:defaultValue></command:parameter><command:parameter required="true" variableLength="false" globbing="false" pipelineInput="true (ByPropertyName)" position="4" aliases=""><maml:name>SharedSecret</maml:name><maml:description><maml:para>Specifies the shared secret between the VPN server and the specified external RADIUS server. Note: The secret is specified in clear text.</maml:para></maml:description><command:parameterValue required="true" variableLength="false">String</command:parameterValue><dev:type><maml:name>String</maml:name><maml:uri /></dev:type><dev:defaultValue></dev:defaultValue></command:parameter><command:parameter required="false" variableLength="false" globbing="false" pipelineInput="false" position="named" aliases=""><maml:name>ThrottleLimit</maml:name><maml:description><maml:para>Specifies the maximum number of concurrent operations that can be established to run the cmdlet. If this parameter is omitted or a value of 0 is entered, then Windows PowerShell® calculates an optimum throttle limit for the cmdlet based on the number of CIM cmdlets that are running on the computer. The throttle limit applies only to the current cmdlet, not to the session or to the computer.</maml:para></maml:description><command:parameterValue required="true" variableLength="false">Int32</command:parameterValue><dev:type><maml:name>Int32</maml:name><maml:uri /></dev:type><dev:defaultValue></dev:defaultValue></command:parameter><command:parameter required="false" variableLength="false" globbing="false" pipelineInput="true (ByPropertyName)" position="named" aliases=""><maml:name>Timeout</maml:name><maml:description><maml:para>Specifies the timeout value in seconds. The default value is 5 (seconds).</maml:para></maml:description><command:parameterValue required="true" variableLength="false">UInt32</command:parameterValue><dev:type><maml:name>UInt32</maml:name><maml:uri /></dev:type><dev:defaultValue>5</dev:defaultValue></command:parameter><command:parameter required="false" variableLength="true" globbing="false" pipelineInput="false" position="named"><maml:name>Confirm</maml:name><maml:description><maml:para>Prompts you for confirmation before running the cmdlet.</maml:para></maml:description><command:parameterValue required="false" variableLength="false">SwitchParameter</command:parameterValue><dev:type><maml:name>SwitchParameter</maml:name><maml:uri /></dev:type><dev:defaultValue>false</dev:defaultValue></command:parameter><command:parameter required="false" variableLength="true" globbing="false" pipelineInput="false" position="named"><maml:name>WhatIf</maml:name><maml:description><maml:para>Shows what would happen if the cmdlet runs. The cmdlet is not run.</maml:para></maml:description><command:parameterValue required="false" variableLength="false">SwitchParameter</command:parameterValue><dev:type><maml:name>SwitchParameter</maml:name><maml:uri /></dev:type><dev:defaultValue>false</dev:defaultValue></command:parameter></command:parameters><command:inputTypes><command:inputType><dev:type><maml:name>None</maml:name><maml:uri></maml:uri><maml:description><maml:para /></maml:description></dev:type><maml:description><maml:para></maml:para></maml:description></command:inputType></command:inputTypes><command:returnValues><command:returnValue><dev:type><maml:name>Microsoft.Management.Infrastructure.CimInstance#RemoteAccessRadiusServer[]</maml:name><maml:uri></maml:uri><maml:description><maml:para /></maml:description></dev:type><maml:description><maml:para>The Microsoft.Management.Infrastructure.CimInstance object is a wrapper class that displays Windows Management Instrumentation (WMI) objects. The path after the pound sign (#) provides the namespace and class name for the underlying WMI object.

The RemoteAccessRadiusServer object array consists of the following properties: 

 -- IPv4 or IPv6 address, or host name, of the RADIUS server that was added. 

 -- The Purpose for which the server was added property: the RADIUS server can be added for VPN authentication, accounting or OTP. 

 -- Radius initial score. 

 -- Radius timeout in seconds. 

 -- Radius port number. 

 -- For added security, the Radius shared secret property is never populated; it will always show as blank. 

 -- The Status of accounting on and off messages property is always blank if the RADIUS server was added for authentication or OTP. 

 -- The Status of message authenticator property is always blank if the RADIUS server was added for accounting or OTP. </maml:para></maml:description></command:returnValue></command:returnValues><command:terminatingErrors /><command:nonTerminatingErrors /><command:examples><command:example><maml:title>EXAMPLE 1</maml:title><maml:introduction><maml:para></maml:para></maml:introduction><dev:code>PS C:\&gt;Add-RemoteAccessRadius –ServerName 10.1.2.1 Authentication "s3cr3t2" -PassThru
ServerName   Purpose         Score  Timeout(s)  Port   AccountingOnOffMsg MsgAuthenticator 
----------   -------         -----  ----------  ----   ------------------ ---------------- 
10.1.2.1     Authentication  30     5           1812                      Disabled 
</dev:code><dev:remarks><maml:para>This example adds the RADIUS server named 10.1.2.1 for the purpose of VPN authentication.</maml:para></dev:remarks><command:commandLines><command:commandLine><command:commandText /></command:commandLine></command:commandLines></command:example><command:example><maml:title>EXAMPLE 2</maml:title><maml:introduction><maml:para></maml:para></maml:introduction><dev:code>PS C:\&gt;Add-RemoteAccessRadius –ServerName 10.1.3.1 Accounting "s3cr3t5" -PassThru
ServerName   Purpose         Score  Timeout(s)  Port   AccountingOnOffMsg MsgAuthenticator 
----------   -------         -----  ----------  ----   ------------------ ---------------- 
10.1.3.1     Accounting      30     5           1813   Disabled 
</dev:code><dev:remarks><maml:para>This example adds the RADIUS server named 10.1.3.1 for the purpose of accounting for DA and VPN.</maml:para></dev:remarks><command:commandLines><command:commandLine><command:commandText /></command:commandLine></command:commandLines></command:example></command:examples><maml:relatedLinks><maml:navigationLink><maml:linkText>Online Version:</maml:linkText><maml:uri>http://go.microsoft.com/fwlink/p/?linkid=289495</maml:uri></maml:navigationLink><maml:navigationLink><maml:linkText>Get-RemoteAccessRadius</maml:linkText><maml:uri /></maml:navigationLink><maml:navigationLink><maml:linkText>Remove-RemoteAccessRadius</maml:linkText><maml:uri /></maml:navigationLink><maml:navigationLink><maml:linkText>Set-RemoteAccessRadius</maml:linkText><maml:uri /></maml:navigationLink></maml:relatedLinks></command:command>

<command:command xmlns:maml="http://schemas.microsoft.com/maml/2004/10" xmlns:command="http://schemas.microsoft.com/maml/dev/command/2004/10" xmlns:dev="http://schemas.microsoft.com/maml/dev/2004/10" xmlns:MSHelp="http://msdn.microsoft.com/mshelp"><command:details><command:name>Get-RemoteAccessRadius</command:name><maml:description><maml:para>Displays the list of RADIUS servers including RADIUS for VPN authentication, RADIUS for DirectAccess (DA) and VPN Accounting, and RADIUS for one-time password (OTP) authentication for DA.</maml:para></maml:description><maml:copyright><maml:para /></maml:copyright><command:verb>Get</command:verb><command:noun>RemoteAccessRadius</command:noun><dev:version /></command:details><maml:description><maml:para>The Get-RemoteAccessRadius cmdlet displays the list of RADIUS servers including RADIUS for VPN authentication, RADIUS for DirectAccess (DA) and VPN Accounting, and RADIUS for one-time password (OTP) authentication for DA.</maml:para><maml:para>The following is the information displayed for each RADIUS server. If a RADIUS server is being used for multiple purposes, then a separate entry is displayed for each purpose. 

 -- Server address. 

 -- Purpose that it is being used for. 

 -- Initial score. 

 -- Timeout, in seconds. 

 -- Port. 

 -- Shared secret. 

 -- Status of accounting on and off messages, only if the server is being used for accounting. 

 -- Status of message authenticator, only if the server is being used for VPN authentication. </maml:para></maml:description><command:syntax><command:syntaxItem><maml:name>Get-RemoteAccessRadius</maml:name><command:parameter required="false" variableLength="false" globbing="false" pipelineInput="true (ByPropertyName)" position="2" aliases=""><maml:name>Purpose</maml:name><maml:description><maml:para>Specifies the purpose of the external RADIUS server. The acceptable values for this parameter are: 

 -- Authentication. 

 -- Accounting. 

 -- Otp. 

If this parameter is omitted, then the RADIUS servers that matches any of the above purposes will be presented. </maml:para></maml:description><command:parameterValue required="true" variableLength="false">String</command:parameterValue></command:parameter><command:parameter required="false" variableLength="false" globbing="false" pipelineInput="false" position="named" aliases=""><maml:name>AsJob</maml:name><maml:description><maml:para>Runs the cmdlet as a background job. Use this parameter to run commands that take a long time to complete. 
 The cmdlet immediately returns an object that represents the job and then displays the command prompt. You can continue to work in the session while the job completes. To manage the job, use the *-Job cmdlets. To get the job results, use the <maml:navigationLink><maml:linkText>Receive-Job</maml:linkText><maml:uri></maml:uri></maml:navigationLink> cmdlet. 
 For more information about Windows PowerShell® background jobs, see <maml:navigationLink><maml:linkText>about_Jobs</maml:linkText><maml:uri></maml:uri></maml:navigationLink>.</maml:para></maml:description></command:parameter><command:parameter required="false" variableLength="true" globbing="false" pipelineInput="false" position="named" aliases=""><maml:name>CimSession</maml:name><maml:description><maml:para>Runs the cmdlet in a remote session or on a remote computer. Enter a computer name or a session object, such as the output of a <maml:navigationLink><maml:linkText>New-CimSession</maml:linkText><maml:uri></maml:uri></maml:navigationLink> or <maml:navigationLink><maml:linkText>Get-CimSession</maml:linkText><maml:uri></maml:uri></maml:navigationLink> cmdlet. The default is the current session on the local computer.</maml:para></maml:description><command:parameterValue required="true" variableLength="true">CimSession[]</command:parameterValue></command:parameter><command:parameter required="false" variableLength="false" globbing="false" pipelineInput="false" position="named" aliases=""><maml:name>ComputerName</maml:name><maml:description><maml:para>Specifies theIPv4 or IPv6 address, or host name, of the computer on which the Remote Access server computer specific tasks should be run.</maml:para></maml:description><command:parameterValue required="true" variableLength="false">String</command:parameterValue></command:parameter><command:parameter required="false" variableLength="false" globbing="false" pipelineInput="true (ByPropertyName)" position="named" aliases=""><maml:name>EntrypointName</maml:name><maml:description><maml:para>Specifies the name of the entry point. 

Entry point refers to the identity of a site in a multi-site deployment. It is applicable only to RADIUS server configuration for VPN authentication. It is not applicable to RADIUS accounting and OTP. 

If this parameter is specified, then the RADIUS server for VPN authentication for only that site are retrieved. To retrieve all RADIUS servers for VPN authorization, a script should be created. 

If an entry point is not specified in a multi-site deployment, then the entry point to which the server on which this cmdlet is run is used. The server could also be represented by using the ComputerName parameter. 

If this parameter and the ComputerName parameter are specified and the ComputerName does not belong to the site represented by this parameter, then this parameter takes precedence and the RADIUS server is added to it. </maml:para></maml:description><command:parameterValue required="true" variableLength="false">String</command:parameterValue></command:parameter><command:parameter required="false" variableLength="false" globbing="false" pipelineInput="false" position="named" aliases=""><maml:name>ThrottleLimit</maml:name><maml:description><maml:para>Specifies the maximum number of concurrent operations that can be established to run the cmdlet. If this parameter is omitted or a value of 0 is entered, then Windows PowerShell® calculates an optimum throttle limit for the cmdlet based on the number of CIM cmdlets that are running on the computer. The throttle limit applies only to the current cmdlet, not to the session or to the computer.</maml:para></maml:description><command:parameterValue required="true" variableLength="false">Int32</command:parameterValue></command:parameter></command:syntaxItem></command:syntax><command:parameters><command:parameter required="false" variableLength="false" globbing="false" pipelineInput="false" position="named" aliases=""><maml:name>AsJob</maml:name><maml:description><maml:para>Runs the cmdlet as a background job. Use this parameter to run commands that take a long time to complete. 
 The cmdlet immediately returns an object that represents the job and then displays the command prompt. You can continue to work in the session while the job completes. To manage the job, use the *-Job cmdlets. To get the job results, use the <maml:navigationLink><maml:linkText>Receive-Job</maml:linkText><maml:uri></maml:uri></maml:navigationLink> cmdlet. 
 For more information about Windows PowerShell® background jobs, see <maml:navigationLink><maml:linkText>about_Jobs</maml:linkText><maml:uri></maml:uri></maml:navigationLink>.</maml:para></maml:description><command:parameterValue required="false" variableLength="false">SwitchParameter</command:parameterValue><dev:type><maml:name>SwitchParameter</maml:name><maml:uri /></dev:type><dev:defaultValue></dev:defaultValue></command:parameter><command:parameter required="false" variableLength="true" globbing="false" pipelineInput="false" position="named" aliases=""><maml:name>CimSession</maml:name><maml:description><maml:para>Runs the cmdlet in a remote session or on a remote computer. Enter a computer name or a session object, such as the output of a <maml:navigationLink><maml:linkText>New-CimSession</maml:linkText><maml:uri></maml:uri></maml:navigationLink> or <maml:navigationLink><maml:linkText>Get-CimSession</maml:linkText><maml:uri></maml:uri></maml:navigationLink> cmdlet. The default is the current session on the local computer.</maml:para></maml:description><command:parameterValue required="true" variableLength="true">CimSession[]</command:parameterValue><dev:type><maml:name>CimSession[]</maml:name><maml:uri /></dev:type><dev:defaultValue></dev:defaultValue></command:parameter><command:parameter required="false" variableLength="false" globbing="false" pipelineInput="false" position="named" aliases=""><maml:name>ComputerName</maml:name><maml:description><maml:para>Specifies theIPv4 or IPv6 address, or host name, of the computer on which the Remote Access server computer specific tasks should be run.</maml:para></maml:description><command:parameterValue required="true" variableLength="false">String</command:parameterValue><dev:type><maml:name>String</maml:name><maml:uri /></dev:type><dev:defaultValue></dev:defaultValue></command:parameter><command:parameter required="false" variableLength="false" globbing="false" pipelineInput="true (ByPropertyName)" position="named" aliases=""><maml:name>EntrypointName</maml:name><maml:description><maml:para>Specifies the name of the entry point. 

Entry point refers to the identity of a site in a multi-site deployment. It is applicable only to RADIUS server configuration for VPN authentication. It is not applicable to RADIUS accounting and OTP. 

If this parameter is specified, then the RADIUS server for VPN authentication for only that site are retrieved. To retrieve all RADIUS servers for VPN authorization, a script should be created. 

If an entry point is not specified in a multi-site deployment, then the entry point to which the server on which this cmdlet is run is used. The server could also be represented by using the ComputerName parameter. 

If this parameter and the ComputerName parameter are specified and the ComputerName does not belong to the site represented by this parameter, then this parameter takes precedence and the RADIUS server is added to it. </maml:para></maml:description><command:parameterValue required="true" variableLength="false">String</command:parameterValue><dev:type><maml:name>String</maml:name><maml:uri /></dev:type><dev:defaultValue></dev:defaultValue></command:parameter><command:parameter required="false" variableLength="false" globbing="false" pipelineInput="true (ByPropertyName)" position="2" aliases=""><maml:name>Purpose</maml:name><maml:description><maml:para>Specifies the purpose of the external RADIUS server. The acceptable values for this parameter are: 

 -- Authentication. 

 -- Accounting. 

 -- Otp. 

If this parameter is omitted, then the RADIUS servers that matches any of the above purposes will be presented. </maml:para></maml:description><command:parameterValue required="true" variableLength="false">String</command:parameterValue><dev:type><maml:name>String</maml:name><maml:uri /></dev:type><dev:defaultValue></dev:defaultValue></command:parameter><command:parameter required="false" variableLength="false" globbing="false" pipelineInput="false" position="named" aliases=""><maml:name>ThrottleLimit</maml:name><maml:description><maml:para>Specifies the maximum number of concurrent operations that can be established to run the cmdlet. If this parameter is omitted or a value of 0 is entered, then Windows PowerShell® calculates an optimum throttle limit for the cmdlet based on the number of CIM cmdlets that are running on the computer. The throttle limit applies only to the current cmdlet, not to the session or to the computer.</maml:para></maml:description><command:parameterValue required="true" variableLength="false">Int32</command:parameterValue><dev:type><maml:name>Int32</maml:name><maml:uri /></dev:type><dev:defaultValue></dev:defaultValue></command:parameter></command:parameters><command:inputTypes><command:inputType><dev:type><maml:name>None</maml:name><maml:uri></maml:uri><maml:description><maml:para /></maml:description></dev:type><maml:description><maml:para></maml:para></maml:description></command:inputType></command:inputTypes><command:returnValues><command:returnValue><dev:type><maml:name>Microsoft.Management.Infrastructure.CimInstance#RemoteAccessRadiusServer[]</maml:name><maml:uri></maml:uri><maml:description><maml:para /></maml:description></dev:type><maml:description><maml:para>The Microsoft.Management.Infrastructure.CimInstance object is a wrapper class that displays Windows Management Instrumentation (WMI) objects. The path after the pound sign (#) provides the namespace and class name for the underlying WMI object.

The array of RemoteAccessRadiusServer objects consists of the following properties: 
 
An array of such objects is output with one object for each RADIUS server. If a RADIUS server is used for more than one purpose, then a separate instance is output for each instance. 

 -- IPv4 or IPv6 address or host name of the RADIUS server. 

 -- The purpose of the server: VPN authentication, accounting or OTP. 

 -- RADIUS initial score. 

 -- RADIUS timeout in seconds. 

 -- RADIUS port number. 

 -- RADIUS shared secret. For security reasons, this property is never populated and will always show as blank. 

 -- Status of accounting on/off messages: if the RADIUS server is used for authentication or OTP, then this property is always blank. 

 -- Status of message authenticator: if the RADIUS server is used for accounting or OTP, then this property is always blank. </maml:para></maml:description></command:returnValue></command:returnValues><command:terminatingErrors /><command:nonTerminatingErrors /><command:examples><command:example><maml:title>EXAMPLE 1</maml:title><maml:introduction><maml:para></maml:para></maml:introduction><dev:code>
PS C:\&gt;Get-RemoteAccessRadius
ServerName      Purpose         Score   Timeout(s)  Port    AccountingOnOffMsg MsgAuthenticator 
----------      -------         -----   ----------  ----    ------------------ ---------------- 
10.1.1.1        Accounting       30       5         1813    Disabled 
10.1.3.1        Accounting       30       5         1813    Disabled 
10.1.1.1        Authentication   30       5         1812                       Disabled 
10.1.2.1        Authentication   30       5         1812                       Disabled 


PS C:\&gt;Remove-RemoteAccessRadius -ServerName 10.1.1.1 -Purpose Authentication -PassThru
ServerName : 10.1.1.1 
Purpose    : Authentication 


PS C:\&gt;Get-RemoteAccessRadius
ServerName      Purpose         Score   Timeout(s)  Port    AccountingOnOffMsg MsgAuthenticator 
----------      -------         -----   ----------  ----    ------------------ ---------------- 
10.1.1.1        Accounting       30       5         1813    Disabled 
10.1.3.1        Accounting       30       5         1813    Disabled 
10.1.2.1        Authentication   30       5         1812                       Disabled 
</dev:code><dev:remarks><maml:para>This example removes a RADIUS server from being used for authentication. The RADIUS server named 10.1.1.1 is being used for both authentication and accounting. The Remove-RemoteAccessRadius cmdlet removes the server from being used for authentication.</maml:para></dev:remarks><command:commandLines><command:commandLine><command:commandText /></command:commandLine></command:commandLines></command:example></command:examples><maml:relatedLinks><maml:navigationLink><maml:linkText>Online Version:</maml:linkText><maml:uri>http://go.microsoft.com/fwlink/p/?linkid=289533</maml:uri></maml:navigationLink><maml:navigationLink><maml:linkText>Remove-RemoteAccessRadius</maml:linkText><maml:uri /></maml:navigationLink></maml:relatedLinks></command:command>

<command:command xmlns:maml="http://schemas.microsoft.com/maml/2004/10" xmlns:command="http://schemas.microsoft.com/maml/dev/command/2004/10" xmlns:dev="http://schemas.microsoft.com/maml/dev/2004/10" xmlns:MSHelp="http://msdn.microsoft.com/mshelp"><command:details><command:name>Remove-RemoteAccessRadius</command:name><maml:description><maml:para>Removes an external RADIUS server from being used for VPN authentication, accounting for both DirectAccess (DA) and VPN, or one-time password (OTP) authentication for DA.</maml:para></maml:description><maml:copyright><maml:para /></maml:copyright><command:verb>Remove</command:verb><command:noun>RemoteAccessRadius</command:noun><dev:version /></command:details><maml:description><maml:para>The Remove-RemoteAccessRadius cmdlet removes an external RADIUS server from being used for VPN authentication, Accounting for both DirectAccess (DA) and VPN, or one-time password (OTP) authentication for DA as follows. 

 -- Accounting RADIUS configuration applies to both DA and VPN. 

 -- OTP RADIUS configuration applies only to DA. 

 -- Authentication RADIUS configuration applies only to VPN. </maml:para><maml:para>A RADIUS server configuration for Accounting and OTP are global in nature, such that the configurations apply to the entire Remote Access deployment. RADIUS server configuration for VPN applies only to a specific VPN server, and all servers in a load balancing cluster, or if multi-site is deployed, to all VPN servers at a site.</maml:para><maml:para>The following behaviors describe aspects of this cmdlet. 

 -- If a RADIUS server is currently being used for multiple purposes, then it can be removed for one or more of the purposes. However, the cmdlet would have to be run separately for each purpose. 

 -- If the last RADIUS server being used for accounting is removed, then the accounting type automatically switches to Windows accounting. 

 -- The User is not allowed to delete the last RADIUS server being used for VPN authentication if Radius authentication is configured. 

 -- When RADIUS accounting or RADIUS authentication is disabled, using the Set-RemoteAccessAccounting and Set-VpnAuthType cmdlets, then the RADIUS servers is use do not show up in the configuration and therefore cannot be explicitly removed. </maml:para></maml:description><command:syntax><command:syntaxItem><maml:name>Remove-RemoteAccessRadius</maml:name><command:parameter required="true" variableLength="false" globbing="false" pipelineInput="true (ByPropertyName)" position="2" aliases=""><maml:name>ServerName</maml:name><maml:description><maml:para>Specifies the IPv4 or IPv6 address, or host name, of the external RADIUS server that needs to be removed.</maml:para></maml:description><command:parameterValue required="true" variableLength="false">String</command:parameterValue></command:parameter><command:parameter required="true" variableLength="false" globbing="false" pipelineInput="true (ByPropertyName)" position="3" aliases=""><maml:name>Purpose</maml:name><maml:description><maml:para>Specifies the purpose for which the external RADIUS server is being removed. The acceptable values for this parameter are: 

 -- Authentication. 

 -- Accounting. 

 -- Otp. </maml:para></maml:description><command:parameterValue required="true" variableLength="false">String</command:parameterValue></command:parameter><command:parameter required="false" variableLength="false" globbing="false" pipelineInput="false" position="named" aliases=""><maml:name>AsJob</maml:name><maml:description><maml:para>Runs the cmdlet as a background job. Use this parameter to run commands that take a long time to complete. 
 The cmdlet immediately returns an object that represents the job and then displays the command prompt. You can continue to work in the session while the job completes. To manage the job, use the *-Job cmdlets. To get the job results, use the <maml:navigationLink><maml:linkText>Receive-Job</maml:linkText><maml:uri></maml:uri></maml:navigationLink> cmdlet. 
 For more information about Windows PowerShell® background jobs, see <maml:navigationLink><maml:linkText>about_Jobs</maml:linkText><maml:uri></maml:uri></maml:navigationLink>.</maml:para></maml:description></command:parameter><command:parameter required="false" variableLength="true" globbing="false" pipelineInput="false" position="named" aliases=""><maml:name>CimSession</maml:name><maml:description><maml:para>Runs the cmdlet in a remote session or on a remote computer. Enter a computer name or a session object, such as the output of a <maml:navigationLink><maml:linkText>New-CimSession</maml:linkText><maml:uri></maml:uri></maml:navigationLink> or <maml:navigationLink><maml:linkText>Get-CimSession</maml:linkText><maml:uri></maml:uri></maml:navigationLink> cmdlet. The default is the current session on the local computer.</maml:para></maml:description><command:parameterValue required="true" variableLength="true">CimSession[]</command:parameterValue></command:parameter><command:parameter required="false" variableLength="false" globbing="false" pipelineInput="false" position="named" aliases=""><maml:name>ComputerName</maml:name><maml:description><maml:para>Specifies the IPv4 or IPv6 address, or host name, of the computer on which the Remote Access server computer specific tasks should be run. If this parameter is specified when removing a RADIUS server for authentication, then it is removed for the VPN server represented by this parameter. </maml:para></maml:description><command:parameterValue required="true" variableLength="false">String</command:parameterValue></command:parameter><command:parameter required="false" variableLength="false" globbing="false" pipelineInput="true (ByPropertyName)" position="named" aliases=""><maml:name>EntrypointName</maml:name><maml:description><maml:para>Specifies a site in a multi-site deployment. It is applicable only to RADIUS server configuration for VPN authentication. It is not applicable to RADIUS accounting and OTP. 

When the parameter is specified it indicates that the Radius server for VPN authentication should be removed for that site. 

If this parameter is not specified in a multi-site deployment, then this parameter value on which the cmdlet is run is used. The server could also be represented by using the ComputerName parameter. 

If this parameter and ComputerName are specified and the ComputerName does not belong to the site represented by this parameter, then this parameter takes precedence and the RADIUS server is removed from it. </maml:para></maml:description><command:parameterValue required="true" variableLength="false">String</command:parameterValue></command:parameter><command:parameter required="false" variableLength="false" globbing="false" pipelineInput="false" position="named" aliases=""><maml:name>PassThru</maml:name><maml:description><maml:para>Returns an object representing the item with which you are working. By default, this cmdlet does not generate any output.</maml:para></maml:description></command:parameter><command:parameter required="false" variableLength="false" globbing="false" pipelineInput="false" position="named" aliases=""><maml:name>ThrottleLimit</maml:name><maml:description><maml:para>Specifies the maximum number of concurrent operations that can be established to run the cmdlet. If this parameter is omitted or a value of 0 is entered, then Windows PowerShell® calculates an optimum throttle limit for the cmdlet based on the number of CIM cmdlets that are running on the computer. The throttle limit applies only to the current cmdlet, not to the session or to the computer.</maml:para></maml:description><command:parameterValue required="true" variableLength="false">Int32</command:parameterValue></command:parameter><command:parameter required="false" variableLength="true" globbing="false" pipelineInput="false" position="named"><maml:name>Confirm</maml:name><maml:description><maml:para>Prompts you for confirmation before running the cmdlet.</maml:para></maml:description></command:parameter><command:parameter required="false" variableLength="true" globbing="false" pipelineInput="false" position="named"><maml:name>WhatIf</maml:name><maml:description><maml:para>Shows what would happen if the cmdlet runs. The cmdlet is not run.</maml:para></maml:description></command:parameter></command:syntaxItem></command:syntax><command:parameters><command:parameter required="false" variableLength="false" globbing="false" pipelineInput="false" position="named" aliases=""><maml:name>AsJob</maml:name><maml:description><maml:para>Runs the cmdlet as a background job. Use this parameter to run commands that take a long time to complete. 
 The cmdlet immediately returns an object that represents the job and then displays the command prompt. You can continue to work in the session while the job completes. To manage the job, use the *-Job cmdlets. To get the job results, use the <maml:navigationLink><maml:linkText>Receive-Job</maml:linkText><maml:uri></maml:uri></maml:navigationLink> cmdlet. 
 For more information about Windows PowerShell® background jobs, see <maml:navigationLink><maml:linkText>about_Jobs</maml:linkText><maml:uri></maml:uri></maml:navigationLink>.</maml:para></maml:description><command:parameterValue required="false" variableLength="false">SwitchParameter</command:parameterValue><dev:type><maml:name>SwitchParameter</maml:name><maml:uri /></dev:type><dev:defaultValue></dev:defaultValue></command:parameter><command:parameter required="false" variableLength="true" globbing="false" pipelineInput="false" position="named" aliases=""><maml:name>CimSession</maml:name><maml:description><maml:para>Runs the cmdlet in a remote session or on a remote computer. Enter a computer name or a session object, such as the output of a <maml:navigationLink><maml:linkText>New-CimSession</maml:linkText><maml:uri></maml:uri></maml:navigationLink> or <maml:navigationLink><maml:linkText>Get-CimSession</maml:linkText><maml:uri></maml:uri></maml:navigationLink> cmdlet. The default is the current session on the local computer.</maml:para></maml:description><command:parameterValue required="true" variableLength="true">CimSession[]</command:parameterValue><dev:type><maml:name>CimSession[]</maml:name><maml:uri /></dev:type><dev:defaultValue></dev:defaultValue></command:parameter><command:parameter required="false" variableLength="false" globbing="false" pipelineInput="false" position="named" aliases=""><maml:name>ComputerName</maml:name><maml:description><maml:para>Specifies the IPv4 or IPv6 address, or host name, of the computer on which the Remote Access server computer specific tasks should be run. If this parameter is specified when removing a RADIUS server for authentication, then it is removed for the VPN server represented by this parameter. </maml:para></maml:description><command:parameterValue required="true" variableLength="false">String</command:parameterValue><dev:type><maml:name>String</maml:name><maml:uri /></dev:type><dev:defaultValue></dev:defaultValue></command:parameter><command:parameter required="false" variableLength="false" globbing="false" pipelineInput="true (ByPropertyName)" position="named" aliases=""><maml:name>EntrypointName</maml:name><maml:description><maml:para>Specifies a site in a multi-site deployment. It is applicable only to RADIUS server configuration for VPN authentication. It is not applicable to RADIUS accounting and OTP. 

When the parameter is specified it indicates that the Radius server for VPN authentication should be removed for that site. 

If this parameter is not specified in a multi-site deployment, then this parameter value on which the cmdlet is run is used. The server could also be represented by using the ComputerName parameter. 

If this parameter and ComputerName are specified and the ComputerName does not belong to the site represented by this parameter, then this parameter takes precedence and the RADIUS server is removed from it. </maml:para></maml:description><command:parameterValue required="true" variableLength="false">String</command:parameterValue><dev:type><maml:name>String</maml:name><maml:uri /></dev:type><dev:defaultValue></dev:defaultValue></command:parameter><command:parameter required="false" variableLength="false" globbing="false" pipelineInput="false" position="named" aliases=""><maml:name>PassThru</maml:name><maml:description><maml:para>Returns an object representing the item with which you are working. By default, this cmdlet does not generate any output.</maml:para></maml:description><command:parameterValue required="false" variableLength="false">SwitchParameter</command:parameterValue><dev:type><maml:name>SwitchParameter</maml:name><maml:uri /></dev:type><dev:defaultValue></dev:defaultValue></command:parameter><command:parameter required="true" variableLength="false" globbing="false" pipelineInput="true (ByPropertyName)" position="3" aliases=""><maml:name>Purpose</maml:name><maml:description><maml:para>Specifies the purpose for which the external RADIUS server is being removed. The acceptable values for this parameter are: 

 -- Authentication. 

 -- Accounting. 

 -- Otp. </maml:para></maml:description><command:parameterValue required="true" variableLength="false">String</command:parameterValue><dev:type><maml:name>String</maml:name><maml:uri /></dev:type><dev:defaultValue></dev:defaultValue></command:parameter><command:parameter required="true" variableLength="false" globbing="false" pipelineInput="true (ByPropertyName)" position="2" aliases=""><maml:name>ServerName</maml:name><maml:description><maml:para>Specifies the IPv4 or IPv6 address, or host name, of the external RADIUS server that needs to be removed.</maml:para></maml:description><command:parameterValue required="true" variableLength="false">String</command:parameterValue><dev:type><maml:name>String</maml:name><maml:uri /></dev:type><dev:defaultValue></dev:defaultValue></command:parameter><command:parameter required="false" variableLength="false" globbing="false" pipelineInput="false" position="named" aliases=""><maml:name>ThrottleLimit</maml:name><maml:description><maml:para>Specifies the maximum number of concurrent operations that can be established to run the cmdlet. If this parameter is omitted or a value of 0 is entered, then Windows PowerShell® calculates an optimum throttle limit for the cmdlet based on the number of CIM cmdlets that are running on the computer. The throttle limit applies only to the current cmdlet, not to the session or to the computer.</maml:para></maml:description><command:parameterValue required="true" variableLength="false">Int32</command:parameterValue><dev:type><maml:name>Int32</maml:name><maml:uri /></dev:type><dev:defaultValue></dev:defaultValue></command:parameter><command:parameter required="false" variableLength="true" globbing="false" pipelineInput="false" position="named"><maml:name>Confirm</maml:name><maml:description><maml:para>Prompts you for confirmation before running the cmdlet.</maml:para></maml:description><command:parameterValue required="false" variableLength="false">SwitchParameter</command:parameterValue><dev:type><maml:name>SwitchParameter</maml:name><maml:uri /></dev:type><dev:defaultValue>false</dev:defaultValue></command:parameter><command:parameter required="false" variableLength="true" globbing="false" pipelineInput="false" position="named"><maml:name>WhatIf</maml:name><maml:description><maml:para>Shows what would happen if the cmdlet runs. The cmdlet is not run.</maml:para></maml:description><command:parameterValue required="false" variableLength="false">SwitchParameter</command:parameterValue><dev:type><maml:name>SwitchParameter</maml:name><maml:uri /></dev:type><dev:defaultValue>false</dev:defaultValue></command:parameter></command:parameters><command:inputTypes><command:inputType><dev:type><maml:name>None</maml:name><maml:uri></maml:uri><maml:description><maml:para /></maml:description></dev:type><maml:description><maml:para></maml:para></maml:description></command:inputType></command:inputTypes><command:returnValues><command:returnValue><dev:type><maml:name>Microsoft.Management.Infrastructure.CimInstance#RemoteAccessRadiusServerPurpose[]</maml:name><maml:uri></maml:uri><maml:description><maml:para /></maml:description></dev:type><maml:description><maml:para>The Microsoft.Management.Infrastructure.CimInstance object is a wrapper class that displays Windows Management Instrumentation (WMI) objects. The path after the pound sign (#) provides the namespace and class name for the underlying WMI object.

The array of RemoteAccessRadiusServerPurpose objects consists of the following properties: 

 -- The IPv4 or IPv6 address of the RADIUS server that was removed. 

 -- The purpose for which the server was removed. </maml:para></maml:description></command:returnValue></command:returnValues><command:terminatingErrors /><command:nonTerminatingErrors /><command:examples><command:example><maml:title>EXAMPLE 1</maml:title><maml:introduction><maml:para></maml:para></maml:introduction><dev:code>
PS C:\&gt;Get-RemoteAccessRadius
ServerName      Purpose         Score   Timeout(s)  Port    AccountingOnOffMsg MsgAuthenticator 
----------      -------         -----   ----------  ----    ------------------ ---------------- 
10.1.1.1        Accounting       30       5         1813    Disabled 
10.1.3.1        Accounting       30       5         1813    Disabled 
10.1.1.1        Authentication   30       5         1812                       Disabled 
10.1.2.1        Authentication   30       5         1812                       Disabled 


PS C:\&gt;Remove-RemoteAccessRadius -ServerName 10.1.1.1 -Purpose Authentication -PassThru
ServerName : 10.1.1.1 
Purpose    : Authentication 


PS C:\&gt;Get-RemoteAccessRadius

ServerName      Purpose         Score   Timeout(s)  Port    AccountingOnOffMsg MsgAuthenticator 
----------      -------         -----   ----------  ----    ------------------ ---------------- 
10.1.1.1        Accounting       30       5         1813    Disabled 
10.1.3.1        Accounting       30       5         1813    Disabled 
10.1.2.1        Authentication   30       5         1812                       Disabled 
</dev:code><dev:remarks><maml:para>This example removes a RADIUS server from being used for authentication. The RADIUS server named 10.1.1.1 is being used for both authentication and accounting. This cmdlet removes the server from being used for authentication.</maml:para></dev:remarks><command:commandLines><command:commandLine><command:commandText /></command:commandLine></command:commandLines></command:example></command:examples><maml:relatedLinks><maml:navigationLink><maml:linkText>Online Version:</maml:linkText><maml:uri>http://go.microsoft.com/fwlink/p/?linkid=289659</maml:uri></maml:navigationLink><maml:navigationLink><maml:linkText>Set-RemoteAccessAccounting</maml:linkText><maml:uri /></maml:navigationLink><maml:navigationLink><maml:linkText>Set-VpnAuthType</maml:linkText><maml:uri /></maml:navigationLink></maml:relatedLinks></command:command>

<command:command xmlns:maml="http://schemas.microsoft.com/maml/2004/10" xmlns:command="http://schemas.microsoft.com/maml/dev/command/2004/10" xmlns:dev="http://schemas.microsoft.com/maml/dev/2004/10" xmlns:MSHelp="http://msdn.microsoft.com/mshelp"><command:details><command:name>Set-RemoteAccessRadius</command:name><maml:description><maml:para>Edits the properties associated with an external RADIUS server being used for VPN authentication, accounting for DirectAccess (DA) and VPN, and one-time password (OTP) authentication for DA.</maml:para></maml:description><maml:copyright><maml:para /></maml:copyright><command:verb>Set</command:verb><command:noun>RemoteAccessRadius</command:noun><dev:version /></command:details><maml:description><maml:para>The Set-RemoteAccessRadius cmdlet edits the properties associated with an external RADIUS server being used for VPN authentication, accounting for DirectAccess (DA) and VPN, and one-time password (OTP) authentication for DA. 

 -- Accounting RADIUS configuration applies to both DA and VPN. 

 -- OTP RADIUS configuration applies only to DA. 

 -- Authentication RADIUS configuration applies only to VPN. </maml:para><maml:para>A RADIUS server configuration for Accounting and OTP are global in nature, such as applying the entire Remote Access (RA) deployment. A RADIUS server configuration for VPN applies only to a specific VPN server, and all servers in a load balancing cluster, or if multi-site is deployed, to all VPN servers at a site.</maml:para><maml:para>Following describes aspects of the cmdlet behavior: 

 -- The purpose for which a RADIUS server is currently being used cannot be changed using this cmdlet. Only the other properties of the server can be modified. 

 -- The RADIUS server properties for authentication and accounting are the same except for the AccountingOnOffMsg parameter which is applicable only to accounting RADIUS and the MsgAuthenticator parameter which is applicable only to RADIUS authentication. These parameters are not relevant for DA OTP authentication. 

 -- If a user tries to edit the properties of a RADIUS server for a particular purpose but specifies a parameter that is not applicable to that purpose, then this cmdlet will still run but the parameter will be ignored and a warning message will be displayed. The other parameters specified will still be modified. </maml:para></maml:description><command:syntax><command:syntaxItem><maml:name>Set-RemoteAccessRadius</maml:name><command:parameter required="true" variableLength="false" globbing="false" pipelineInput="true (ByPropertyName)" position="2" aliases=""><maml:name>ServerName</maml:name><maml:description><maml:para>Specifies the IPv4 or IPv6 address, or host name, of the external RADIUS server for which the properties are being modified for the specified purpose.</maml:para></maml:description><command:parameterValue required="true" variableLength="false">String</command:parameterValue></command:parameter><command:parameter required="true" variableLength="false" globbing="false" pipelineInput="true (ByPropertyName)" position="3" aliases=""><maml:name>Purpose</maml:name><maml:description><maml:para>Specifies the purpose of the RADIUS server for which the settings are being modified. The acceptable values for this parameter are: 

 -- Authentication. 

 -- Accounting.

 -- Otp. </maml:para></maml:description><command:parameterValue required="true" variableLength="false">String</command:parameterValue></command:parameter><command:parameter required="false" variableLength="false" globbing="false" pipelineInput="true (ByPropertyName)" position="named" aliases=""><maml:name>AccountingOnOffMsg</maml:name><maml:description><maml:para>Specifies the enabled state for sending of accounting on and off messages. The acceptable values for this parameter are: 

 -- Enabled. 

 -- Disabled. 

This parameter is applicable only when the RADIUS server is being added for RA accounting. </maml:para></maml:description><command:parameterValue required="true" variableLength="false">String</command:parameterValue></command:parameter><command:parameter required="false" variableLength="false" globbing="false" pipelineInput="false" position="named" aliases=""><maml:name>AsJob</maml:name><maml:description><maml:para>Runs the cmdlet as a background job. Use this parameter to run commands that take a long time to complete. 
 The cmdlet immediately returns an object that represents the job and then displays the command prompt. You can continue to work in the session while the job completes. To manage the job, use the *-Job cmdlets. To get the job results, use the <maml:navigationLink><maml:linkText>Receive-Job</maml:linkText><maml:uri></maml:uri></maml:navigationLink> cmdlet. 
 For more information about Windows PowerShell® background jobs, see <maml:navigationLink><maml:linkText>about_Jobs</maml:linkText><maml:uri></maml:uri></maml:navigationLink>.</maml:para></maml:description></command:parameter><command:parameter required="false" variableLength="true" globbing="false" pipelineInput="false" position="named" aliases=""><maml:name>CimSession</maml:name><maml:description><maml:para>Runs the cmdlet in a remote session or on a remote computer. Enter a computer name or a session object, such as the output of a <maml:navigationLink><maml:linkText>New-CimSession</maml:linkText><maml:uri></maml:uri></maml:navigationLink> or <maml:navigationLink><maml:linkText>Get-CimSession</maml:linkText><maml:uri></maml:uri></maml:navigationLink> cmdlet. The default is the current session on the local computer.</maml:para></maml:description><command:parameterValue required="true" variableLength="true">CimSession[]</command:parameterValue></command:parameter><command:parameter required="false" variableLength="false" globbing="false" pipelineInput="false" position="named" aliases=""><maml:name>ComputerName</maml:name><maml:description><maml:para>Specifies the IPv4 or IPv6 address, or host name, of the computer on which the RA server computer specific tasks should be run.</maml:para></maml:description><command:parameterValue required="true" variableLength="false">String</command:parameterValue></command:parameter><command:parameter required="false" variableLength="false" globbing="false" pipelineInput="true (ByPropertyName)" position="named" aliases=""><maml:name>EntrypointName</maml:name><maml:description><maml:para>Specifies a site in a multi-site deployment. This parameter is applicable only to RADIUS server configuration for VPN authentication. This parameter is not applicable to RADIUS accounting and OTP. 

If this parameter is specified when editing, then it indicates that the properties of the RADIUS server for VPN authentication should be modified for that site. 

If an entry point is not specified in a multi-site deployment, then the entry point to which the server on which the cmdlet is run belongs is used. The server could also be represented by using the ComputerName parameter. 

If this parameter and the ComputerName parameter are specified and the ComputerName parameter does not belong to the site represented by this parameter, then this parameter takes precedence and the RADIUS server is added to it. </maml:para></maml:description><command:parameterValue required="true" variableLength="false">String</command:parameterValue></command:parameter><command:parameter required="false" variableLength="false" globbing="false" pipelineInput="true (ByPropertyName)" position="named" aliases=""><maml:name>MsgAuthenticator</maml:name><maml:description><maml:para>Specifies the enabled state for the usage of message authenticator. The acceptable values for this parameter are: 

 -- Enabled. 

 -- Disabled. 

This parameter is applicable only when the RADIUS server is being added for VPN authentication. </maml:para></maml:description><command:parameterValue required="true" variableLength="false">String</command:parameterValue></command:parameter><command:parameter required="false" variableLength="false" globbing="false" pipelineInput="false" position="named" aliases=""><maml:name>PassThru</maml:name><maml:description><maml:para>Returns an object representing the item with which you are working. By default, this cmdlet does not generate any output.</maml:para></maml:description></command:parameter><command:parameter required="false" variableLength="false" globbing="false" pipelineInput="true (ByPropertyName)" position="named" aliases=""><maml:name>Port</maml:name><maml:description><maml:para>Specifies the port number on which the RADIUS server is accepting authentication requests.</maml:para></maml:description><command:parameterValue required="true" variableLength="false">UInt16</command:parameterValue></command:parameter><command:parameter required="false" variableLength="false" globbing="false" pipelineInput="true (ByPropertyName)" position="named" aliases=""><maml:name>Score</maml:name><maml:description><maml:para>Specifies the initial score.</maml:para></maml:description><command:parameterValue required="true" variableLength="false">Byte</command:parameterValue></command:parameter><command:parameter required="false" variableLength="false" globbing="false" pipelineInput="true (ByPropertyName)" position="named" aliases=""><maml:name>SharedSecret</maml:name><maml:description><maml:para>Specifies the shared secret between the VPN server and the specified external RADIUS server. Note: The secret is specified in plain text.</maml:para></maml:description><command:parameterValue required="true" variableLength="false">String</command:parameterValue></command:parameter><command:parameter required="false" variableLength="false" globbing="false" pipelineInput="false" position="named" aliases=""><maml:name>ThrottleLimit</maml:name><maml:description><maml:para>Specifies the maximum number of concurrent operations that can be established to run the cmdlet. If this parameter is omitted or a value of 0 is entered, then Windows PowerShell® calculates an optimum throttle limit for the cmdlet based on the number of CIM cmdlets that are running on the computer. The throttle limit applies only to the current cmdlet, not to the session or to the computer.</maml:para></maml:description><command:parameterValue required="true" variableLength="false">Int32</command:parameterValue></command:parameter><command:parameter required="false" variableLength="false" globbing="false" pipelineInput="true (ByPropertyName)" position="named" aliases=""><maml:name>Timeout</maml:name><maml:description><maml:para>Specifies the time-out value, in seconds.</maml:para></maml:description><command:parameterValue required="true" variableLength="false">UInt32</command:parameterValue></command:parameter><command:parameter required="false" variableLength="true" globbing="false" pipelineInput="false" position="named"><maml:name>Confirm</maml:name><maml:description><maml:para>Prompts you for confirmation before running the cmdlet.</maml:para></maml:description></command:parameter><command:parameter required="false" variableLength="true" globbing="false" pipelineInput="false" position="named"><maml:name>WhatIf</maml:name><maml:description><maml:para>Shows what would happen if the cmdlet runs. The cmdlet is not run.</maml:para></maml:description></command:parameter></command:syntaxItem></command:syntax><command:parameters><command:parameter required="false" variableLength="false" globbing="false" pipelineInput="true (ByPropertyName)" position="named" aliases=""><maml:name>AccountingOnOffMsg</maml:name><maml:description><maml:para>Specifies the enabled state for sending of accounting on and off messages. The acceptable values for this parameter are: 

 -- Enabled. 

 -- Disabled. 

This parameter is applicable only when the RADIUS server is being added for RA accounting. </maml:para></maml:description><command:parameterValue required="true" variableLength="false">String</command:parameterValue><dev:type><maml:name>String</maml:name><maml:uri /></dev:type><dev:defaultValue></dev:defaultValue></command:parameter><command:parameter required="false" variableLength="false" globbing="false" pipelineInput="false" position="named" aliases=""><maml:name>AsJob</maml:name><maml:description><maml:para>Runs the cmdlet as a background job. Use this parameter to run commands that take a long time to complete. 
 The cmdlet immediately returns an object that represents the job and then displays the command prompt. You can continue to work in the session while the job completes. To manage the job, use the *-Job cmdlets. To get the job results, use the <maml:navigationLink><maml:linkText>Receive-Job</maml:linkText><maml:uri></maml:uri></maml:navigationLink> cmdlet. 
 For more information about Windows PowerShell® background jobs, see <maml:navigationLink><maml:linkText>about_Jobs</maml:linkText><maml:uri></maml:uri></maml:navigationLink>.</maml:para></maml:description><command:parameterValue required="false" variableLength="false">SwitchParameter</command:parameterValue><dev:type><maml:name>SwitchParameter</maml:name><maml:uri /></dev:type><dev:defaultValue></dev:defaultValue></command:parameter><command:parameter required="false" variableLength="true" globbing="false" pipelineInput="false" position="named" aliases=""><maml:name>CimSession</maml:name><maml:description><maml:para>Runs the cmdlet in a remote session or on a remote computer. Enter a computer name or a session object, such as the output of a <maml:navigationLink><maml:linkText>New-CimSession</maml:linkText><maml:uri></maml:uri></maml:navigationLink> or <maml:navigationLink><maml:linkText>Get-CimSession</maml:linkText><maml:uri></maml:uri></maml:navigationLink> cmdlet. The default is the current session on the local computer.</maml:para></maml:description><command:parameterValue required="true" variableLength="true">CimSession[]</command:parameterValue><dev:type><maml:name>CimSession[]</maml:name><maml:uri /></dev:type><dev:defaultValue></dev:defaultValue></command:parameter><command:parameter required="false" variableLength="false" globbing="false" pipelineInput="false" position="named" aliases=""><maml:name>ComputerName</maml:name><maml:description><maml:para>Specifies the IPv4 or IPv6 address, or host name, of the computer on which the RA server computer specific tasks should be run.</maml:para></maml:description><command:parameterValue required="true" variableLength="false">String</command:parameterValue><dev:type><maml:name>String</maml:name><maml:uri /></dev:type><dev:defaultValue></dev:defaultValue></command:parameter><command:parameter required="false" variableLength="false" globbing="false" pipelineInput="true (ByPropertyName)" position="named" aliases=""><maml:name>EntrypointName</maml:name><maml:description><maml:para>Specifies a site in a multi-site deployment. This parameter is applicable only to RADIUS server configuration for VPN authentication. This parameter is not applicable to RADIUS accounting and OTP. 

If this parameter is specified when editing, then it indicates that the properties of the RADIUS server for VPN authentication should be modified for that site. 

If an entry point is not specified in a multi-site deployment, then the entry point to which the server on which the cmdlet is run belongs is used. The server could also be represented by using the ComputerName parameter. 

If this parameter and the ComputerName parameter are specified and the ComputerName parameter does not belong to the site represented by this parameter, then this parameter takes precedence and the RADIUS server is added to it. </maml:para></maml:description><command:parameterValue required="true" variableLength="false">String</command:parameterValue><dev:type><maml:name>String</maml:name><maml:uri /></dev:type><dev:defaultValue></dev:defaultValue></command:parameter><command:parameter required="false" variableLength="false" globbing="false" pipelineInput="true (ByPropertyName)" position="named" aliases=""><maml:name>MsgAuthenticator</maml:name><maml:description><maml:para>Specifies the enabled state for the usage of message authenticator. The acceptable values for this parameter are: 

 -- Enabled. 

 -- Disabled. 

This parameter is applicable only when the RADIUS server is being added for VPN authentication. </maml:para></maml:description><command:parameterValue required="true" variableLength="false">String</command:parameterValue><dev:type><maml:name>String</maml:name><maml:uri /></dev:type><dev:defaultValue>Disable</dev:defaultValue></command:parameter><command:parameter required="false" variableLength="false" globbing="false" pipelineInput="false" position="named" aliases=""><maml:name>PassThru</maml:name><maml:description><maml:para>Returns an object representing the item with which you are working. By default, this cmdlet does not generate any output.</maml:para></maml:description><command:parameterValue required="false" variableLength="false">SwitchParameter</command:parameterValue><dev:type><maml:name>SwitchParameter</maml:name><maml:uri /></dev:type><dev:defaultValue></dev:defaultValue></command:parameter><command:parameter required="false" variableLength="false" globbing="false" pipelineInput="true (ByPropertyName)" position="named" aliases=""><maml:name>Port</maml:name><maml:description><maml:para>Specifies the port number on which the RADIUS server is accepting authentication requests.</maml:para></maml:description><command:parameterValue required="true" variableLength="false">UInt16</command:parameterValue><dev:type><maml:name>UInt16</maml:name><maml:uri /></dev:type><dev:defaultValue></dev:defaultValue></command:parameter><command:parameter required="true" variableLength="false" globbing="false" pipelineInput="true (ByPropertyName)" position="3" aliases=""><maml:name>Purpose</maml:name><maml:description><maml:para>Specifies the purpose of the RADIUS server for which the settings are being modified. The acceptable values for this parameter are: 

 -- Authentication. 

 -- Accounting.

 -- Otp. </maml:para></maml:description><command:parameterValue required="true" variableLength="false">String</command:parameterValue><dev:type><maml:name>String</maml:name><maml:uri /></dev:type><dev:defaultValue></dev:defaultValue></command:parameter><command:parameter required="false" variableLength="false" globbing="false" pipelineInput="true (ByPropertyName)" position="named" aliases=""><maml:name>Score</maml:name><maml:description><maml:para>Specifies the initial score.</maml:para></maml:description><command:parameterValue required="true" variableLength="false">Byte</command:parameterValue><dev:type><maml:name>Byte</maml:name><maml:uri /></dev:type><dev:defaultValue></dev:defaultValue></command:parameter><command:parameter required="true" variableLength="false" globbing="false" pipelineInput="true (ByPropertyName)" position="2" aliases=""><maml:name>ServerName</maml:name><maml:description><maml:para>Specifies the IPv4 or IPv6 address, or host name, of the external RADIUS server for which the properties are being modified for the specified purpose.</maml:para></maml:description><command:parameterValue required="true" variableLength="false">String</command:parameterValue><dev:type><maml:name>String</maml:name><maml:uri /></dev:type><dev:defaultValue></dev:defaultValue></command:parameter><command:parameter required="false" variableLength="false" globbing="false" pipelineInput="true (ByPropertyName)" position="named" aliases=""><maml:name>SharedSecret</maml:name><maml:description><maml:para>Specifies the shared secret between the VPN server and the specified external RADIUS server. Note: The secret is specified in plain text.</maml:para></maml:description><command:parameterValue required="true" variableLength="false">String</command:parameterValue><dev:type><maml:name>String</maml:name><maml:uri /></dev:type><dev:defaultValue></dev:defaultValue></command:parameter><command:parameter required="false" variableLength="false" globbing="false" pipelineInput="false" position="named" aliases=""><maml:name>ThrottleLimit</maml:name><maml:description><maml:para>Specifies the maximum number of concurrent operations that can be established to run the cmdlet. If this parameter is omitted or a value of 0 is entered, then Windows PowerShell® calculates an optimum throttle limit for the cmdlet based on the number of CIM cmdlets that are running on the computer. The throttle limit applies only to the current cmdlet, not to the session or to the computer.</maml:para></maml:description><command:parameterValue required="true" variableLength="false">Int32</command:parameterValue><dev:type><maml:name>Int32</maml:name><maml:uri /></dev:type><dev:defaultValue></dev:defaultValue></command:parameter><command:parameter required="false" variableLength="false" globbing="false" pipelineInput="true (ByPropertyName)" position="named" aliases=""><maml:name>Timeout</maml:name><maml:description><maml:para>Specifies the time-out value, in seconds.</maml:para></maml:description><command:parameterValue required="true" variableLength="false">UInt32</command:parameterValue><dev:type><maml:name>UInt32</maml:name><maml:uri /></dev:type><dev:defaultValue></dev:defaultValue></command:parameter><command:parameter required="false" variableLength="true" globbing="false" pipelineInput="false" position="named"><maml:name>Confirm</maml:name><maml:description><maml:para>Prompts you for confirmation before running the cmdlet.</maml:para></maml:description><command:parameterValue required="false" variableLength="false">SwitchParameter</command:parameterValue><dev:type><maml:name>SwitchParameter</maml:name><maml:uri /></dev:type><dev:defaultValue>false</dev:defaultValue></command:parameter><command:parameter required="false" variableLength="true" globbing="false" pipelineInput="false" position="named"><maml:name>WhatIf</maml:name><maml:description><maml:para>Shows what would happen if the cmdlet runs. The cmdlet is not run.</maml:para></maml:description><command:parameterValue required="false" variableLength="false">SwitchParameter</command:parameterValue><dev:type><maml:name>SwitchParameter</maml:name><maml:uri /></dev:type><dev:defaultValue>false</dev:defaultValue></command:parameter></command:parameters><command:inputTypes><command:inputType><dev:type><maml:name>None</maml:name><maml:uri></maml:uri><maml:description><maml:para /></maml:description></dev:type><maml:description><maml:para></maml:para></maml:description></command:inputType></command:inputTypes><command:returnValues><command:returnValue><dev:type><maml:name>Microsoft.Management.Infrastructure.CimInstance#RemoteAccessRadiusServer[]</maml:name><maml:uri></maml:uri><maml:description><maml:para /></maml:description></dev:type><maml:description><maml:para>The Microsoft.Management.Infrastructure.CimInstance object is a wrapper class that displays Windows Management Instrumentation (WMI) objects. The path after the pound sign (#) provides the namespace and class name for the underlying WMI object.

The array of RemoteAccessRadiusServer objects consists of the following properties: 

 -- The IPv4 or IPv6 address or host name of the RADIUS server that was modified. 

 -- The purpose for which the server was modified: VPN authentication, accounting or OTP. 

 -- The RADIUS initial score. 

 -- The RADIUS timeout in seconds. 

 -- The RADIUS port number. 

 -- The RADIUS shared secret: for security reasons, this property is never populated and will always show as blank. 

 -- The status of accounting on/off messages: if the RADIUS server was modified for authentication or OTP, then this property is always blank. 

 -- The status of message authenticator: if the RADIUS server was modified for accounting or OTP, then this property is always blank. </maml:para></maml:description></command:returnValue></command:returnValues><command:terminatingErrors /><command:nonTerminatingErrors /><command:examples><command:example><maml:title>EXAMPLE 1</maml:title><maml:introduction><maml:para></maml:para></maml:introduction><dev:code>PS C:\&gt;Set-RemoteAccessRadius -ServerName 10.1.2.1 -Purpose Authentication -Timeout 10 -SharedSecret "n3ws3cr3t" -PassThru
ServerName    Purpose         Score   Timeout(s)   Port   AccountingOnOffMsg MsgAuthenticator 
----------    -------         -----   ----------   ----   ------------------ ---------------- 
10.1.2.1      Authentication  30       10          1812                      Disabled 
</dev:code><dev:remarks><maml:para>This example configures time out and shared secret properties of the RADIUS server named 10.1.2.1 that is being used for the purpose of VPN authentication.</maml:para></dev:remarks><command:commandLines><command:commandLine><command:commandText /></command:commandLine></command:commandLines></command:example></command:examples><maml:relatedLinks><maml:navigationLink><maml:linkText>Online Version:</maml:linkText><maml:uri>http://go.microsoft.com/fwlink/p/?linkid=291192</maml:uri></maml:navigationLink><maml:navigationLink><maml:linkText>Add-RemoteAccessRadius</maml:linkText><maml:uri /></maml:navigationLink><maml:navigationLink><maml:linkText>Get-RemoteAccessRadius</maml:linkText><maml:uri /></maml:navigationLink><maml:navigationLink><maml:linkText>Remove-RemoteAccessRadius</maml:linkText><maml:uri /></maml:navigationLink><maml:navigationLink><maml:linkText>Set-RemoteAccessRadius</maml:linkText><maml:uri /></maml:navigationLink></maml:relatedLinks></command:command>

</helpItems>

