﻿<?xml version = "1.0" encoding = "utf-8" ?>

<helpItems schema="maml">

<command:command xmlns:maml="http://schemas.microsoft.com/maml/2004/10" xmlns:command="http://schemas.microsoft.com/maml/dev/command/2004/10" xmlns:dev="http://schemas.microsoft.com/maml/dev/2004/10" xmlns:MSHelp="http://msdn.microsoft.com/mshelp"><command:details><command:name>Clear-RemoteAccessInboxAccountingStore</command:name><maml:description><maml:para>Clears the inbox accounting store for the specified time period.</maml:para></maml:description><maml:copyright><maml:para /></maml:copyright><command:verb>Clear</command:verb><command:noun>RemoteAccessInboxAccountingStore</command:noun><dev:version /></command:details><maml:description><maml:para>The Clear-RemoteAccessInboxAccountingStore cmdlet clears the inbox accounting store for the specified time period.</maml:para><maml:para>The store for inbox accounting resides locally on every Remote Access server and the clearing operation happens at the server level. Therefore this cmdlet is not impacted by a multi-site deployment. </maml:para><maml:para>Note: If neither a start date nor an end date is specified, then the entire inbox accounting store is cleared.</maml:para><maml:para>When a store is cleared more space becomes available to record accounting data.</maml:para><maml:para>This cmdlet can be used to clear portions of the store even if inbox accounting is Disabled. This is because the store exists even when inbox accounting is later disabled.</maml:para></maml:description><command:syntax><command:syntaxItem><maml:name>Clear-RemoteAccessInboxAccountingStore</maml:name><command:parameter required="false" variableLength="false" globbing="false" pipelineInput="true (ByValue)" position="2" aliases=""><maml:name>StartDateTime</maml:name><maml:description><maml:para>Specifies the time duration for which the store should be emptied and indicates the start date. If no start date is specified, then the time stamp of the first record entry in the accounting store is used by default.</maml:para></maml:description><command:parameterValue required="true" variableLength="false">DateTime</command:parameterValue></command:parameter><command:parameter required="false" variableLength="false" globbing="false" pipelineInput="true (ByValue)" position="3" aliases=""><maml:name>EndDateTime</maml:name><maml:description><maml:para>Specifies the time duration for which the store should be emptied and indicates the end date. If no start date is specified, then the time stamp of the last record entry in the accounting store is used by default.</maml:para></maml:description><command:parameterValue required="true" variableLength="false">DateTime</command:parameterValue></command:parameter><command:parameter required="false" variableLength="false" globbing="false" pipelineInput="false" position="named" aliases=""><maml:name>AsJob</maml:name><maml:description><maml:para>Runs the cmdlet as a background job. Use this parameter to run commands that take a long time to complete. 
 The cmdlet immediately returns an object that represents the job and then displays the command prompt. You can continue to work in the session while the job completes. To manage the job, use the *-Job cmdlets. To get the job results, use the <maml:navigationLink><maml:linkText>Receive-Job</maml:linkText><maml:uri></maml:uri></maml:navigationLink> cmdlet. 
 For more information about Windows PowerShell® background jobs, see <maml:navigationLink><maml:linkText>about_Jobs</maml:linkText><maml:uri></maml:uri></maml:navigationLink>.</maml:para></maml:description></command:parameter><command:parameter required="false" variableLength="true" globbing="false" pipelineInput="false" position="named" aliases=""><maml:name>CimSession</maml:name><maml:description><maml:para>Runs the cmdlet in a remote session or on a remote computer. Enter a computer name or a session object, such as the output of a <maml:navigationLink><maml:linkText>New-CimSession</maml:linkText><maml:uri></maml:uri></maml:navigationLink> or <maml:navigationLink><maml:linkText>Get-CimSession</maml:linkText><maml:uri></maml:uri></maml:navigationLink> cmdlet. The default is the current session on the local computer.</maml:para></maml:description><command:parameterValue required="true" variableLength="true">CimSession[]</command:parameterValue></command:parameter><command:parameter required="false" variableLength="false" globbing="false" pipelineInput="false" position="named" aliases=""><maml:name>ComputerName</maml:name><maml:description><maml:para>Specifies the IPv4 or IPv6 address, or host name, of the computer on which the remote access server computer specific tasks should be run. When this parameter is specified the store residing on that Remote Access server is cleared.</maml:para></maml:description><command:parameterValue required="true" variableLength="false">String</command:parameterValue></command:parameter><command:parameter required="false" variableLength="false" globbing="false" pipelineInput="false" position="named" aliases=""><maml:name>Force</maml:name><maml:description><maml:para>Forces the command to run without asking for user confirmation.

When this parameter is specified, the cmdlet assumes user confirmation for the clearing of the store.</maml:para></maml:description></command:parameter><command:parameter required="false" variableLength="false" globbing="false" pipelineInput="false" position="named" aliases=""><maml:name>PassThru</maml:name><maml:description><maml:para>Returns an object representing the item with which you are working. By default, this cmdlet does not generate any output.</maml:para></maml:description></command:parameter><command:parameter required="false" variableLength="false" globbing="false" pipelineInput="false" position="named" aliases=""><maml:name>ThrottleLimit</maml:name><maml:description><maml:para>Specifies the maximum number of concurrent operations that can be established to run the cmdlet. If this parameter is omitted or a value of 0 is entered, then Windows PowerShell® calculates an optimum throttle limit for the cmdlet based on the number of CIM cmdlets that are running on the computer. The throttle limit applies only to the current cmdlet, not to the session or to the computer.</maml:para></maml:description><command:parameterValue required="true" variableLength="false">Int32</command:parameterValue></command:parameter><command:parameter required="false" variableLength="true" globbing="false" pipelineInput="false" position="named"><maml:name>Confirm</maml:name><maml:description><maml:para>Prompts you for confirmation before running the cmdlet.</maml:para></maml:description></command:parameter><command:parameter required="false" variableLength="true" globbing="false" pipelineInput="false" position="named"><maml:name>WhatIf</maml:name><maml:description><maml:para>Shows what would happen if the cmdlet runs. The cmdlet is not run.</maml:para></maml:description></command:parameter></command:syntaxItem></command:syntax><command:parameters><command:parameter required="false" variableLength="false" globbing="false" pipelineInput="false" position="named" aliases=""><maml:name>AsJob</maml:name><maml:description><maml:para>Runs the cmdlet as a background job. Use this parameter to run commands that take a long time to complete. 
 The cmdlet immediately returns an object that represents the job and then displays the command prompt. You can continue to work in the session while the job completes. To manage the job, use the *-Job cmdlets. To get the job results, use the <maml:navigationLink><maml:linkText>Receive-Job</maml:linkText><maml:uri></maml:uri></maml:navigationLink> cmdlet. 
 For more information about Windows PowerShell® background jobs, see <maml:navigationLink><maml:linkText>about_Jobs</maml:linkText><maml:uri></maml:uri></maml:navigationLink>.</maml:para></maml:description><command:parameterValue required="false" variableLength="false">SwitchParameter</command:parameterValue><dev:type><maml:name>SwitchParameter</maml:name><maml:uri /></dev:type><dev:defaultValue></dev:defaultValue></command:parameter><command:parameter required="false" variableLength="true" globbing="false" pipelineInput="false" position="named" aliases=""><maml:name>CimSession</maml:name><maml:description><maml:para>Runs the cmdlet in a remote session or on a remote computer. Enter a computer name or a session object, such as the output of a <maml:navigationLink><maml:linkText>New-CimSession</maml:linkText><maml:uri></maml:uri></maml:navigationLink> or <maml:navigationLink><maml:linkText>Get-CimSession</maml:linkText><maml:uri></maml:uri></maml:navigationLink> cmdlet. The default is the current session on the local computer.</maml:para></maml:description><command:parameterValue required="true" variableLength="true">CimSession[]</command:parameterValue><dev:type><maml:name>CimSession[]</maml:name><maml:uri /></dev:type><dev:defaultValue></dev:defaultValue></command:parameter><command:parameter required="false" variableLength="false" globbing="false" pipelineInput="false" position="named" aliases=""><maml:name>ComputerName</maml:name><maml:description><maml:para>Specifies the IPv4 or IPv6 address, or host name, of the computer on which the remote access server computer specific tasks should be run. When this parameter is specified the store residing on that Remote Access server is cleared.</maml:para></maml:description><command:parameterValue required="true" variableLength="false">String</command:parameterValue><dev:type><maml:name>String</maml:name><maml:uri /></dev:type><dev:defaultValue></dev:defaultValue></command:parameter><command:parameter required="false" variableLength="false" globbing="false" pipelineInput="true (ByValue)" position="3" aliases=""><maml:name>EndDateTime</maml:name><maml:description><maml:para>Specifies the time duration for which the store should be emptied and indicates the end date. If no start date is specified, then the time stamp of the last record entry in the accounting store is used by default.</maml:para></maml:description><command:parameterValue required="true" variableLength="false">DateTime</command:parameterValue><dev:type><maml:name>DateTime</maml:name><maml:uri /></dev:type><dev:defaultValue>last day/entry in the accounting store</dev:defaultValue></command:parameter><command:parameter required="false" variableLength="false" globbing="false" pipelineInput="false" position="named" aliases=""><maml:name>Force</maml:name><maml:description><maml:para>Forces the command to run without asking for user confirmation.

When this parameter is specified, the cmdlet assumes user confirmation for the clearing of the store.</maml:para></maml:description><command:parameterValue required="false" variableLength="false">SwitchParameter</command:parameterValue><dev:type><maml:name>SwitchParameter</maml:name><maml:uri /></dev:type><dev:defaultValue></dev:defaultValue></command:parameter><command:parameter required="false" variableLength="false" globbing="false" pipelineInput="false" position="named" aliases=""><maml:name>PassThru</maml:name><maml:description><maml:para>Returns an object representing the item with which you are working. By default, this cmdlet does not generate any output.</maml:para></maml:description><command:parameterValue required="false" variableLength="false">SwitchParameter</command:parameterValue><dev:type><maml:name>SwitchParameter</maml:name><maml:uri /></dev:type><dev:defaultValue></dev:defaultValue></command:parameter><command:parameter required="false" variableLength="false" globbing="false" pipelineInput="true (ByValue)" position="2" aliases=""><maml:name>StartDateTime</maml:name><maml:description><maml:para>Specifies the time duration for which the store should be emptied and indicates the start date. If no start date is specified, then the time stamp of the first record entry in the accounting store is used by default.</maml:para></maml:description><command:parameterValue required="true" variableLength="false">DateTime</command:parameterValue><dev:type><maml:name>DateTime</maml:name><maml:uri /></dev:type><dev:defaultValue>first day/entry in the accounting store </dev:defaultValue></command:parameter><command:parameter required="false" variableLength="false" globbing="false" pipelineInput="false" position="named" aliases=""><maml:name>ThrottleLimit</maml:name><maml:description><maml:para>Specifies the maximum number of concurrent operations that can be established to run the cmdlet. If this parameter is omitted or a value of 0 is entered, then Windows PowerShell® calculates an optimum throttle limit for the cmdlet based on the number of CIM cmdlets that are running on the computer. The throttle limit applies only to the current cmdlet, not to the session or to the computer.</maml:para></maml:description><command:parameterValue required="true" variableLength="false">Int32</command:parameterValue><dev:type><maml:name>Int32</maml:name><maml:uri /></dev:type><dev:defaultValue></dev:defaultValue></command:parameter><command:parameter required="false" variableLength="true" globbing="false" pipelineInput="false" position="named"><maml:name>Confirm</maml:name><maml:description><maml:para>Prompts you for confirmation before running the cmdlet.</maml:para></maml:description><command:parameterValue required="false" variableLength="false">SwitchParameter</command:parameterValue><dev:type><maml:name>SwitchParameter</maml:name><maml:uri /></dev:type><dev:defaultValue>false</dev:defaultValue></command:parameter><command:parameter required="false" variableLength="true" globbing="false" pipelineInput="false" position="named"><maml:name>WhatIf</maml:name><maml:description><maml:para>Shows what would happen if the cmdlet runs. The cmdlet is not run.</maml:para></maml:description><command:parameterValue required="false" variableLength="false">SwitchParameter</command:parameterValue><dev:type><maml:name>SwitchParameter</maml:name><maml:uri /></dev:type><dev:defaultValue>false</dev:defaultValue></command:parameter></command:parameters><command:inputTypes><command:inputType><dev:type><maml:name>None</maml:name><maml:uri></maml:uri><maml:description><maml:para /></maml:description></dev:type><maml:description><maml:para>None</maml:para></maml:description></command:inputType></command:inputTypes><command:returnValues><command:returnValue><dev:type><maml:name>Microsoft.Management.Infrastructure.CimInstance#RemoteAccessInboxAccounting</maml:name><maml:uri></maml:uri><maml:description><maml:para /></maml:description></dev:type><maml:description><maml:para>The Microsoft.Management.Infrastructure.CimInstance object is a wrapper class that displays Windows Management Instrumentation (WMI) objects. The path after the pound sign (#) provides the namespace and class name for the underlying WMI object.

The RemoteAccessInboxAccounting object consists of the following properties: 

 -- Status of inbox accounting (Enabled or Disabled). 

 -- Time span of the store. 

 -- Number of used bytes. 

 -- Percentage of used bytes. 

 -- Number of free bytes. 

 -- Percentage of free bytes. 

 -- Time stamp of the first record in the database. 

 -- Time stamp of the last record in the database. </maml:para></maml:description></command:returnValue></command:returnValues><command:terminatingErrors /><command:nonTerminatingErrors /><command:examples><command:example><maml:title>EXAMPLE 1</maml:title><maml:introduction><maml:para></maml:para></maml:introduction><dev:code>
PS C:\&gt;$startdate = Get-Date –Date "1/1/2011"



PS C:\&gt;$startdate
Saturday, January 01, 2011 12:00:00AM


PS C:\&gt;$enddate = Get-Date –Date "1/3/2011"



PS C:\&gt;$enddate
Tuesday, March 01, 2011 12:00:00AM


PS C:\&gt;Clear-RemoteAccessInboxAccountingStore –StartDateTime $startdate –EndDateTime $enddate –PassThru
Confirm 
Emptying the store will delete the accounting data in accordance with the specified settings. Do you want to continue? 
 
[Y] Yes  [N] No  [S] Suspend  [?] Help  (default is ꞌYꞌ): Y 
 
InboxAccountingStatus      : Enabled 
StoreLimit                 : 12m 
StoreUsedBytes             : 12648448 
StoreUsedBytesInPercentage : 0.2944946 
StoreFreeBytes             : 4282318848 
StoreFreeBytesInPercentage : 99.70551 
StoreFirstRecordDate       : 12/31/2010 11:17:00 PM 
StoreLastRecordDate        : 8/9/2011 12:17:00 AM 
</dev:code><dev:remarks><maml:para>This example deletes the data between the specific dates provided. The remaining data will be preserved.</maml:para></dev:remarks><command:commandLines><command:commandLine><command:commandText /></command:commandLine></command:commandLines></command:example><command:example><maml:title>EXAMPLE 2</maml:title><maml:introduction><maml:para></maml:para></maml:introduction><dev:code>
PS C:\&gt;Clear-RemoteAccessInboxAccountingStore
Confirm 
Emptying the store will delete the accounting data in accordance with the specified settings. Do you want to continue? 
 
[Y] Yes  [N] No  [S] Suspend  [?] Help  (default is ꞌYꞌ): Y 
 
InboxAccountingStatus      : Enabled 
StoreLimit                 : 12m 
StoreUsedBytes             : 12648448 
StoreUsedBytesInPercentage : 0.2944946 
StoreFreeBytes             : 4282318848 
StoreFreeBytesInPercentage : 99.70551 
StoreFirstRecordDate       : 12/29/2011 4:39:41 PM 
StoreLastRecordDate        : 12/29/2011 4:39:41 PM 
</dev:code><dev:remarks><maml:para>This example clears the accounting store and removes all data.</maml:para></dev:remarks><command:commandLines><command:commandLine><command:commandText /></command:commandLine></command:commandLines></command:example></command:examples><maml:relatedLinks><maml:navigationLink><maml:linkText>Online Version:</maml:linkText><maml:uri>http://go.microsoft.com/fwlink/p/?linkid=289498</maml:uri></maml:navigationLink><maml:navigationLink><maml:linkText>Get-Date</maml:linkText><maml:uri></maml:uri></maml:navigationLink><maml:navigationLink><maml:linkText>Set-RemoteAccessInboxAccountingStore</maml:linkText><maml:uri /></maml:navigationLink></maml:relatedLinks></command:command>

<command:command xmlns:maml="http://schemas.microsoft.com/maml/2004/10" xmlns:command="http://schemas.microsoft.com/maml/dev/command/2004/10" xmlns:dev="http://schemas.microsoft.com/maml/dev/2004/10" xmlns:MSHelp="http://msdn.microsoft.com/mshelp"><command:details><command:name>Set-RemoteAccessInboxAccountingStore</command:name><maml:description><maml:para>Modifies the size of the inbox accounting store.</maml:para></maml:description><maml:copyright><maml:para /></maml:copyright><command:verb>Set</command:verb><command:noun>RemoteAccessInboxAccountingStore</command:noun><dev:version /></command:details><maml:description><maml:para>The Set-RemoteAccessInboxAccountingStore cmdlet modifies the size of the inbox accounting store.</maml:para><maml:para>The store for inbox accounting resides locally on every Remote Access (RA) server. When inbox accounting is Enabled for the first time the default size of the store is 12 months on every server. Any subsequent change to the store size can be done using this cmdlet and the change happens at the server level. Therefore this cmdlet is not impacted by a multi-site deployment.</maml:para><maml:para>This cmdlet can be used to modify store size even if inbox accounting is Disabled. This is because the store exists even when inbox accounting is later Disabled.</maml:para></maml:description><command:syntax><command:syntaxItem><maml:name>Set-RemoteAccessInboxAccountingStore</maml:name><command:parameter required="true" variableLength="false" globbing="false" pipelineInput="true (ByPropertyName)" position="2" aliases=""><maml:name>StoreLimit</maml:name><maml:description><maml:para>Specifies the limit on the amount of accounting data that can be stored, specifically the size of the store, in terms of time. Following is the format used: &lt;duration&gt;&lt;time unit&gt;. The time unit can be day, week, month or year as specified using the characters d, w, m, or y. Such as 100d means 100 days, 3m means 3 months, or 2y means 2 years.</maml:para></maml:description><command:parameterValue required="true" variableLength="false">String</command:parameterValue></command:parameter><command:parameter required="false" variableLength="false" globbing="false" pipelineInput="false" position="named" aliases=""><maml:name>AsJob</maml:name><maml:description><maml:para>Runs the cmdlet as a background job. Use this parameter to run commands that take a long time to complete. 
 The cmdlet immediately returns an object that represents the job and then displays the command prompt. You can continue to work in the session while the job completes. To manage the job, use the *-Job cmdlets. To get the job results, use the <maml:navigationLink><maml:linkText>Receive-Job</maml:linkText><maml:uri></maml:uri></maml:navigationLink> cmdlet. 
 For more information about Windows PowerShell® background jobs, see <maml:navigationLink><maml:linkText>about_Jobs</maml:linkText><maml:uri></maml:uri></maml:navigationLink>.</maml:para></maml:description></command:parameter><command:parameter required="false" variableLength="true" globbing="false" pipelineInput="false" position="named" aliases=""><maml:name>CimSession</maml:name><maml:description><maml:para>Runs the cmdlet in a remote session or on a remote computer. Enter a computer name or a session object, such as the output of a <maml:navigationLink><maml:linkText>New-CimSession</maml:linkText><maml:uri></maml:uri></maml:navigationLink> or <maml:navigationLink><maml:linkText>Get-CimSession</maml:linkText><maml:uri></maml:uri></maml:navigationLink> cmdlet. The default is the current session on the local computer.</maml:para></maml:description><command:parameterValue required="true" variableLength="true">CimSession[]</command:parameterValue></command:parameter><command:parameter required="false" variableLength="false" globbing="false" pipelineInput="false" position="named" aliases=""><maml:name>ComputerName</maml:name><maml:description><maml:para>Specifies the IPv4 or IPv6 address, or host name, of the computer on which the RA server computer specific tasks should be run. When this parameter is specified the size limit of the store residing on that RA server is modified.</maml:para></maml:description><command:parameterValue required="true" variableLength="false">String</command:parameterValue></command:parameter><command:parameter required="false" variableLength="false" globbing="false" pipelineInput="false" position="named" aliases=""><maml:name>PassThru</maml:name><maml:description><maml:para>Returns an object representing the item with which you are working. By default, this cmdlet does not generate any output.</maml:para></maml:description></command:parameter><command:parameter required="false" variableLength="false" globbing="false" pipelineInput="false" position="named" aliases=""><maml:name>ThrottleLimit</maml:name><maml:description><maml:para>Specifies the maximum number of concurrent operations that can be established to run the cmdlet. If this parameter is omitted or a value of 0 is entered, then Windows PowerShell® calculates an optimum throttle limit for the cmdlet based on the number of CIM cmdlets that are running on the computer. The throttle limit applies only to the current cmdlet, not to the session or to the computer.</maml:para></maml:description><command:parameterValue required="true" variableLength="false">Int32</command:parameterValue></command:parameter><command:parameter required="false" variableLength="true" globbing="false" pipelineInput="false" position="named"><maml:name>Confirm</maml:name><maml:description><maml:para>Prompts you for confirmation before running the cmdlet.</maml:para></maml:description></command:parameter><command:parameter required="false" variableLength="true" globbing="false" pipelineInput="false" position="named"><maml:name>WhatIf</maml:name><maml:description><maml:para>Shows what would happen if the cmdlet runs. The cmdlet is not run.</maml:para></maml:description></command:parameter></command:syntaxItem></command:syntax><command:parameters><command:parameter required="false" variableLength="false" globbing="false" pipelineInput="false" position="named" aliases=""><maml:name>AsJob</maml:name><maml:description><maml:para>Runs the cmdlet as a background job. Use this parameter to run commands that take a long time to complete. 
 The cmdlet immediately returns an object that represents the job and then displays the command prompt. You can continue to work in the session while the job completes. To manage the job, use the *-Job cmdlets. To get the job results, use the <maml:navigationLink><maml:linkText>Receive-Job</maml:linkText><maml:uri></maml:uri></maml:navigationLink> cmdlet. 
 For more information about Windows PowerShell® background jobs, see <maml:navigationLink><maml:linkText>about_Jobs</maml:linkText><maml:uri></maml:uri></maml:navigationLink>.</maml:para></maml:description><command:parameterValue required="false" variableLength="false">SwitchParameter</command:parameterValue><dev:type><maml:name>SwitchParameter</maml:name><maml:uri /></dev:type><dev:defaultValue></dev:defaultValue></command:parameter><command:parameter required="false" variableLength="true" globbing="false" pipelineInput="false" position="named" aliases=""><maml:name>CimSession</maml:name><maml:description><maml:para>Runs the cmdlet in a remote session or on a remote computer. Enter a computer name or a session object, such as the output of a <maml:navigationLink><maml:linkText>New-CimSession</maml:linkText><maml:uri></maml:uri></maml:navigationLink> or <maml:navigationLink><maml:linkText>Get-CimSession</maml:linkText><maml:uri></maml:uri></maml:navigationLink> cmdlet. The default is the current session on the local computer.</maml:para></maml:description><command:parameterValue required="true" variableLength="true">CimSession[]</command:parameterValue><dev:type><maml:name>CimSession[]</maml:name><maml:uri /></dev:type><dev:defaultValue></dev:defaultValue></command:parameter><command:parameter required="false" variableLength="false" globbing="false" pipelineInput="false" position="named" aliases=""><maml:name>ComputerName</maml:name><maml:description><maml:para>Specifies the IPv4 or IPv6 address, or host name, of the computer on which the RA server computer specific tasks should be run. When this parameter is specified the size limit of the store residing on that RA server is modified.</maml:para></maml:description><command:parameterValue required="true" variableLength="false">String</command:parameterValue><dev:type><maml:name>String</maml:name><maml:uri /></dev:type><dev:defaultValue></dev:defaultValue></command:parameter><command:parameter required="false" variableLength="false" globbing="false" pipelineInput="false" position="named" aliases=""><maml:name>PassThru</maml:name><maml:description><maml:para>Returns an object representing the item with which you are working. By default, this cmdlet does not generate any output.</maml:para></maml:description><command:parameterValue required="false" variableLength="false">SwitchParameter</command:parameterValue><dev:type><maml:name>SwitchParameter</maml:name><maml:uri /></dev:type><dev:defaultValue></dev:defaultValue></command:parameter><command:parameter required="true" variableLength="false" globbing="false" pipelineInput="true (ByPropertyName)" position="2" aliases=""><maml:name>StoreLimit</maml:name><maml:description><maml:para>Specifies the limit on the amount of accounting data that can be stored, specifically the size of the store, in terms of time. Following is the format used: &lt;duration&gt;&lt;time unit&gt;. The time unit can be day, week, month or year as specified using the characters d, w, m, or y. Such as 100d means 100 days, 3m means 3 months, or 2y means 2 years.</maml:para></maml:description><command:parameterValue required="true" variableLength="false">String</command:parameterValue><dev:type><maml:name>String</maml:name><maml:uri /></dev:type><dev:defaultValue></dev:defaultValue></command:parameter><command:parameter required="false" variableLength="false" globbing="false" pipelineInput="false" position="named" aliases=""><maml:name>ThrottleLimit</maml:name><maml:description><maml:para>Specifies the maximum number of concurrent operations that can be established to run the cmdlet. If this parameter is omitted or a value of 0 is entered, then Windows PowerShell® calculates an optimum throttle limit for the cmdlet based on the number of CIM cmdlets that are running on the computer. The throttle limit applies only to the current cmdlet, not to the session or to the computer.</maml:para></maml:description><command:parameterValue required="true" variableLength="false">Int32</command:parameterValue><dev:type><maml:name>Int32</maml:name><maml:uri /></dev:type><dev:defaultValue></dev:defaultValue></command:parameter><command:parameter required="false" variableLength="true" globbing="false" pipelineInput="false" position="named"><maml:name>Confirm</maml:name><maml:description><maml:para>Prompts you for confirmation before running the cmdlet.</maml:para></maml:description><command:parameterValue required="false" variableLength="false">SwitchParameter</command:parameterValue><dev:type><maml:name>SwitchParameter</maml:name><maml:uri /></dev:type><dev:defaultValue>false</dev:defaultValue></command:parameter><command:parameter required="false" variableLength="true" globbing="false" pipelineInput="false" position="named"><maml:name>WhatIf</maml:name><maml:description><maml:para>Shows what would happen if the cmdlet runs. The cmdlet is not run.</maml:para></maml:description><command:parameterValue required="false" variableLength="false">SwitchParameter</command:parameterValue><dev:type><maml:name>SwitchParameter</maml:name><maml:uri /></dev:type><dev:defaultValue>false</dev:defaultValue></command:parameter></command:parameters><command:inputTypes><command:inputType><dev:type><maml:name>None</maml:name><maml:uri></maml:uri><maml:description><maml:para /></maml:description></dev:type><maml:description><maml:para></maml:para></maml:description></command:inputType></command:inputTypes><command:returnValues><command:returnValue><dev:type><maml:name>Microsoft.Management.Infrastructure.CimInstance#RemoteAccessInboxAccounting</maml:name><maml:uri></maml:uri><maml:description><maml:para /></maml:description></dev:type><maml:description><maml:para>The Microsoft.Management.Infrastructure.CimInstance object is a wrapper class that displays Windows Management Instrumentation (WMI) objects. The path after the pound sign (#) provides the namespace and class name for the underlying WMI object.

The RemoteAccessAccountingStore object consists of the following properties: 

 -- The status of inbox accounting (Enabled or Disabled). 

 -- Time span of the store. 

 -- Number of used bytes. 

 -- Percentage of used bytes. 

 -- Number of free bytes. 

 -- Percentage of free bytes. 

 -- Time stamp of the first record in the database. 

 -- Time stamp of the last record in the database. </maml:para></maml:description></command:returnValue></command:returnValues><command:terminatingErrors /><command:nonTerminatingErrors /><command:examples><command:example><maml:title>EXAMPLE 1</maml:title><maml:introduction><maml:para></maml:para></maml:introduction><dev:code>PS C:\&gt;Set-RemoteAccessInboxAccountingStore -StoreLimit 2y -PassThru
InboxAccountingStatus      : Enabled 
StoreLimit                 : 2y 
StoreUsedBytes             : 12648448 
StoreUsedBytesInPercentage : 0.2944946 
StoreFreeBytes             : 4282318848 
StoreFreeBytesInPercentage : 99.70551 
StoreFirstRecordDate       : 29-11-2011 23:54:59 
StoreLastRecordDate        : 29-12-2011 15:37:45 
</dev:code><dev:remarks><maml:para>This example changes the inbox store limit from the configured default to store 2 years of data.</maml:para></dev:remarks><command:commandLines><command:commandLine><command:commandText /></command:commandLine></command:commandLines></command:example></command:examples><maml:relatedLinks><maml:navigationLink><maml:linkText>Online Version:</maml:linkText><maml:uri>http://go.microsoft.com/fwlink/p/?linkid=289985</maml:uri></maml:navigationLink><maml:navigationLink><maml:linkText>Clear-RemoteAccessInboxAccountingStore</maml:linkText><maml:uri /></maml:navigationLink></maml:relatedLinks></command:command>

</helpItems>

