﻿<?xml version = "1.0" encoding = "utf-8" ?>

<helpItems schema="maml">

<command:command xmlns:maml="http://schemas.microsoft.com/maml/2004/10" xmlns:command="http://schemas.microsoft.com/maml/dev/command/2004/10" xmlns:dev="http://schemas.microsoft.com/maml/dev/2004/10" xmlns:MSHelp="http://msdn.microsoft.com/mshelp"><command:details><command:name>Get-RemoteAccessAccounting</command:name><maml:description><maml:para>Displays the accounting configuration for Remote Access, such as the different types of accounting that are enabled and the respective configuration.</maml:para></maml:description><maml:copyright><maml:para /></maml:copyright><command:verb>Get</command:verb><command:noun>RemoteAccessAccounting</command:noun><dev:version /></command:details><maml:description><maml:para>The Get-RemoteAccessAccounting cmdlet displays the accounting configuration for Remote Access, such as the different types of accounting that are enabled and the respective configuration.</maml:para><maml:para>The accounting configuration is applicable globally, such as the enabled state of a particular kind of accounting and the resulting enabled state on all DA servers in the corporate network. The associated configuration is also applicable for all computers in the corporate network. 

 -- All Remote Access servers have the same configured Accounting RADIUS servers. 

 -- The default limit set for the inbox accounting store size is the same on all Remote Access servers. </maml:para><maml:para>Therefore, this cmdlet is not impacted by a multi-site deployment.</maml:para></maml:description><command:syntax><command:syntaxItem><maml:name>Get-RemoteAccessAccounting</maml:name><command:parameter required="false" variableLength="false" globbing="false" pipelineInput="false" position="named" aliases=""><maml:name>AsJob</maml:name><maml:description><maml:para>Runs the cmdlet as a background job. Use this parameter to run commands that take a long time to complete. 
 The cmdlet immediately returns an object that represents the job and then displays the command prompt. You can continue to work in the session while the job completes. To manage the job, use the *-Job cmdlets. To get the job results, use the <maml:navigationLink><maml:linkText>Receive-Job</maml:linkText><maml:uri></maml:uri></maml:navigationLink> cmdlet. 
 For more information about Windows PowerShell® background jobs, see <maml:navigationLink><maml:linkText>about_Jobs</maml:linkText><maml:uri></maml:uri></maml:navigationLink>.</maml:para></maml:description></command:parameter><command:parameter required="false" variableLength="true" globbing="false" pipelineInput="false" position="named" aliases=""><maml:name>CimSession</maml:name><maml:description><maml:para>Runs the cmdlet in a remote session or on a remote computer. Enter a computer name or a session object, such as the output of a <maml:navigationLink><maml:linkText>New-CimSession</maml:linkText><maml:uri></maml:uri></maml:navigationLink> or <maml:navigationLink><maml:linkText>Get-CimSession</maml:linkText><maml:uri></maml:uri></maml:navigationLink> cmdlet. The default is the current session on the local computer.</maml:para></maml:description><command:parameterValue required="true" variableLength="true">CimSession[]</command:parameterValue></command:parameter><command:parameter required="false" variableLength="false" globbing="false" pipelineInput="false" position="named" aliases=""><maml:name>ComputerName</maml:name><maml:description><maml:para>Specifies the IPv4 or IPv6 address, or host name, of the computer on which the Remote Access server computer specific tasks should be run.</maml:para></maml:description><command:parameterValue required="true" variableLength="false">String</command:parameterValue></command:parameter><command:parameter required="false" variableLength="false" globbing="false" pipelineInput="false" position="named" aliases=""><maml:name>ThrottleLimit</maml:name><maml:description><maml:para>Specifies the maximum number of concurrent operations that can be established to run the cmdlet. If this parameter is omitted or a value of 0 is entered, then Windows PowerShell® calculates an optimum throttle limit for the cmdlet based on the number of CIM cmdlets that are running on the computer. The throttle limit applies only to the current cmdlet, not to the session or to the computer.</maml:para></maml:description><command:parameterValue required="true" variableLength="false">Int32</command:parameterValue></command:parameter></command:syntaxItem></command:syntax><command:parameters><command:parameter required="false" variableLength="false" globbing="false" pipelineInput="false" position="named" aliases=""><maml:name>AsJob</maml:name><maml:description><maml:para>Runs the cmdlet as a background job. Use this parameter to run commands that take a long time to complete. 
 The cmdlet immediately returns an object that represents the job and then displays the command prompt. You can continue to work in the session while the job completes. To manage the job, use the *-Job cmdlets. To get the job results, use the <maml:navigationLink><maml:linkText>Receive-Job</maml:linkText><maml:uri></maml:uri></maml:navigationLink> cmdlet. 
 For more information about Windows PowerShell® background jobs, see <maml:navigationLink><maml:linkText>about_Jobs</maml:linkText><maml:uri></maml:uri></maml:navigationLink>.</maml:para></maml:description><command:parameterValue required="false" variableLength="false">SwitchParameter</command:parameterValue><dev:type><maml:name>SwitchParameter</maml:name><maml:uri /></dev:type><dev:defaultValue></dev:defaultValue></command:parameter><command:parameter required="false" variableLength="true" globbing="false" pipelineInput="false" position="named" aliases=""><maml:name>CimSession</maml:name><maml:description><maml:para>Runs the cmdlet in a remote session or on a remote computer. Enter a computer name or a session object, such as the output of a <maml:navigationLink><maml:linkText>New-CimSession</maml:linkText><maml:uri></maml:uri></maml:navigationLink> or <maml:navigationLink><maml:linkText>Get-CimSession</maml:linkText><maml:uri></maml:uri></maml:navigationLink> cmdlet. The default is the current session on the local computer.</maml:para></maml:description><command:parameterValue required="true" variableLength="true">CimSession[]</command:parameterValue><dev:type><maml:name>CimSession[]</maml:name><maml:uri /></dev:type><dev:defaultValue></dev:defaultValue></command:parameter><command:parameter required="false" variableLength="false" globbing="false" pipelineInput="false" position="named" aliases=""><maml:name>ComputerName</maml:name><maml:description><maml:para>Specifies the IPv4 or IPv6 address, or host name, of the computer on which the Remote Access server computer specific tasks should be run.</maml:para></maml:description><command:parameterValue required="true" variableLength="false">String</command:parameterValue><dev:type><maml:name>String</maml:name><maml:uri /></dev:type><dev:defaultValue></dev:defaultValue></command:parameter><command:parameter required="false" variableLength="false" globbing="false" pipelineInput="false" position="named" aliases=""><maml:name>ThrottleLimit</maml:name><maml:description><maml:para>Specifies the maximum number of concurrent operations that can be established to run the cmdlet. If this parameter is omitted or a value of 0 is entered, then Windows PowerShell® calculates an optimum throttle limit for the cmdlet based on the number of CIM cmdlets that are running on the computer. The throttle limit applies only to the current cmdlet, not to the session or to the computer.</maml:para></maml:description><command:parameterValue required="true" variableLength="false">Int32</command:parameterValue><dev:type><maml:name>Int32</maml:name><maml:uri /></dev:type><dev:defaultValue></dev:defaultValue></command:parameter></command:parameters><command:inputTypes><command:inputType><dev:type><maml:name>None</maml:name><maml:uri></maml:uri><maml:description><maml:para /></maml:description></dev:type><maml:description><maml:para></maml:para></maml:description></command:inputType></command:inputTypes><command:returnValues><command:returnValue><dev:type><maml:name>Microsoft.Management.Infrastructure.CimInstance#RemoteAccessAccounting</maml:name><maml:uri></maml:uri><maml:description><maml:para /></maml:description></dev:type><maml:description><maml:para>The Microsoft.Management.Infrastructure.CimInstance object is a wrapper class that displays Windows Management Instrumentation (WMI) objects. The path after the pound sign (#) provides the namespace and class name for the underlying WMI object.

The RemoteAccessAccounting object consists of the following properties: 

 -- The status of RADIUS accounting (Disabled, Windows, ExternalRadius) and the list of RADIUS servers in the case of ExternalRadius accounting. If there is no external radius accounting enabled, then the list of Radius servers is empty. 

 -- The status of inbox accounting (Enabled, Disabled) and its properties. 

 -- Time span of the store. 

 -- Number of used bytes. 

 -- Percentage of used bytes. 

 -- Number of free bytes. 

 -- Percentage of free bytes. 

 -- Time stamp of the first record in the database. 

 -- Time stamp of the last record in the database. </maml:para></maml:description></command:returnValue></command:returnValues><command:terminatingErrors /><command:nonTerminatingErrors /><command:examples><command:example><maml:title>EXAMPLE 1</maml:title><maml:introduction><maml:para></maml:para></maml:introduction><dev:code>PS C:\&gt;Get-RemoteAccessAccounting –ComputerName Edge2
RadiusAccountingStatus          : Disabled 
RemoteRadiusServerList          : 
InboxAccountingStatus           : Enabled 
InboxStoreLimit                 : 12m 
InboxStoreUsedBytes             : 12648448 
InboxStoreUsedBytesInPercentage : 0.29449462890625 
InboxStoreFreeBytes             : 4282318848 
InboxStoreFreeBytesInPercentage : 99.7055053710938 
InboxStoreFirstRecordDate       : 11/14/2011 6:53:24 PM 
InboxStoreLastRecordDate        : 11/22/2011 12:26:59 PM 
</dev:code><dev:remarks><maml:para>This example retrieves accounting status for a server configured for Inbox Accounting named edge2. Inbox accounting is being used and about 99.71% of inbox accounting store is free. The accounting is configured to store 12 months of data as shown by InboxStoreLimit.</maml:para></dev:remarks><command:commandLines><command:commandLine><command:commandText /></command:commandLine></command:commandLines></command:example></command:examples><maml:relatedLinks><maml:navigationLink><maml:linkText>Online Version:</maml:linkText><maml:uri>http://go.microsoft.com/fwlink/p/?linkid=289526</maml:uri></maml:navigationLink><maml:navigationLink><maml:linkText>Set-RemoteAccessAccounting</maml:linkText><maml:uri /></maml:navigationLink></maml:relatedLinks></command:command>

<command:command xmlns:maml="http://schemas.microsoft.com/maml/2004/10" xmlns:command="http://schemas.microsoft.com/maml/dev/command/2004/10" xmlns:dev="http://schemas.microsoft.com/maml/dev/2004/10" xmlns:MSHelp="http://msdn.microsoft.com/mshelp"><command:details><command:name>Set-RemoteAccessAccounting</command:name><maml:description><maml:para>Sets the enabled state for inbox and RADIUS accounting for both external RADIUS and Windows accounting and configures the settings when enabled.</maml:para></maml:description><maml:copyright><maml:para /></maml:copyright><command:verb>Set</command:verb><command:noun>RemoteAccessAccounting</command:noun><dev:version /></command:details><maml:description><maml:para>The Set-RemoteAccessAccounting cmdlet sets the enabled state for inbox and RADIUS accounting for both external RADIUS and Windows accounting and configures the settings when enabled.</maml:para><maml:para>The accounting configuration is globally applicable, such as if a particular kind of accounting is Enabled or Disabled, then that particular kind of accounting is Enabled or Disabled on all Remote Access (RA) servers in the corporate network. The associated configuration is also applicable for all of the corporate network. 
                       
 -- All RA servers have the same configured accounting RADIUS servers. 
                       
 -- The default limit set for the inbox accounting store size is the same on all RA servers. </maml:para><maml:para>Therefore, this cmdlet is not impacted by a multi-site deployment.</maml:para><maml:para>Both inbox accounting and RADIUS accounting can be active at the same time. RADIUS accounting includes Windows accounting, external RADIUS accounting and accounting on the local Network Policy Server (NPS), but only one type of accounting can be active at any time. The RadiusServer, SharedSecret, RadiusPort, RadiusScore, RadiusTimeout, and AccountingOnOffMsg parameters are applicable only when RADIUS accounting is Enabled and cannot be specified when inbox accounting is Enabled.</maml:para><maml:para>The following is the behavior associated with enabling External RADIUS accounting. 
                       
 -- If there is a VPN deployment with accounting enabled and if DirectAccess (DA) is installed on the same RA server then accounting is automatically enabled for DA also and the configuration remains unchanged. Note: If Windows Accounting is enabled for VPN, then it will not work for DA as this is not a supported configuration for DA. For accounting to work for DA in this scenario either NPS needs to be installed locally or an external RADIUS server needs to be configured for accounting. The external radius server can be added using the Add-RemoteAccessRadius cmdlet. 
                       
 -- If user does not specify a RADIUS server then this cmdlet automatically configures Windows accounting: Note: In this scenario, for accounting to work for DA, NPS needs to be installed on the RA server. </maml:para><maml:para>Switching from Windows Accounting to external RADIUS accounting and switching from external RADIUS accounting to Windows Accounting. 
                       
 -- If the current configuration is Windows accounting a user can switch to external RADIUS accounting by doing one of the following: 
                       
 ---- Run the same cmdlet to enable RADIUS accounting and specify an external RADIUS server 
                       
 ---- Add an external RADIUS server using the Add-RemoteAccessRadius cmdlet. This enables RADIUS accounting without running this cmdlet. 
                       
 -- A user can switch back to Windows accounting by deleting all the configured external RADIUS servers. </maml:para></maml:description><command:syntax><command:syntaxItem><maml:name>Set-RemoteAccessAccounting</maml:name><command:parameter required="true" variableLength="false" globbing="false" pipelineInput="True (ByPropertyName)" position="2" aliases=""><maml:name>EnableAccountingType</maml:name><maml:description><maml:para>Indicates the accounting type that needs to be enabled. The acceptable values for this parameter are: 
                         
 -- Inbox: The store size is set to 12 months automatically. The Set-RemoteAccessInboxAccountingStore cmdlet is used to change the store size on individual RA servers. 
                         
 -- ExternalRadius: Can also be used to enable Windows Accounting or Accounting on the NPS installed locally on the same computer. </maml:para></maml:description><command:parameterValue required="true" variableLength="false">String</command:parameterValue></command:parameter><command:parameter required="false" variableLength="false" globbing="false" pipelineInput="True (ByPropertyName)" position="named" aliases=""><maml:name>AccountingOnOffMsg</maml:name><maml:description><maml:para>Specifies the enabled state for the sending of accounting on and off messages. The acceptable values for this parameter are: 
                         
 -- Enabled. 
                         
 -- Disabled. 
                         
The default value is Disabled. </maml:para></maml:description><command:parameterValue required="true" variableLength="false">String</command:parameterValue></command:parameter><command:parameter required="false" variableLength="false" globbing="false" pipelineInput="false" position="named" aliases=""><maml:name>AsJob</maml:name><maml:description><maml:para>Runs the cmdlet as a background job. Use this parameter to run commands that take a long time to complete. 
 The cmdlet immediately returns an object that represents the job and then displays the command prompt. You can continue to work in the session while the job completes. To manage the job, use the *-Job cmdlets. To get the job results, use the <maml:navigationLink><maml:linkText>Receive-Job</maml:linkText><maml:uri></maml:uri></maml:navigationLink> cmdlet. 
 For more information about Windows PowerShell® background jobs, see <maml:navigationLink><maml:linkText>about_Jobs</maml:linkText><maml:uri></maml:uri></maml:navigationLink>.</maml:para></maml:description></command:parameter><command:parameter required="false" variableLength="true" globbing="false" pipelineInput="false" position="named" aliases="Session"><maml:name>CimSession</maml:name><maml:description><maml:para>Runs the cmdlet in a remote session or on a remote computer. Enter a computer name or a session object, such as the output of a <maml:navigationLink><maml:linkText>New-CimSession</maml:linkText><maml:uri></maml:uri></maml:navigationLink> or <maml:navigationLink><maml:linkText>Get-CimSession</maml:linkText><maml:uri></maml:uri></maml:navigationLink> cmdlet. The default is the current session on the local computer.</maml:para></maml:description><command:parameterValue required="true" variableLength="true">CimSession[]</command:parameterValue></command:parameter><command:parameter required="false" variableLength="false" globbing="false" pipelineInput="false" position="named" aliases="Cn"><maml:name>ComputerName</maml:name><maml:description><maml:para>Specifies the IPv4 or IPv6 address, or host name, of the computer on which the RA server computer specific tasks should be run. </maml:para></maml:description><command:parameterValue required="true" variableLength="false">String</command:parameterValue></command:parameter><command:parameter required="false" variableLength="false" globbing="false" pipelineInput="false" position="named" aliases=""><maml:name>PassThru</maml:name><maml:description><maml:para>Returns an object representing the item with which you are working. By default, this cmdlet does not generate any output.</maml:para></maml:description></command:parameter><command:parameter required="false" variableLength="false" globbing="false" pipelineInput="True (ByPropertyName)" position="named" aliases="Port"><maml:name>RadiusPort</maml:name><maml:description><maml:para>Specifies the port number on which the RADIUS server is accepting authentication requests. 
                         
The default value is 1813. 
                         
This parameter can be configured only if the EnableAccountingType parameter is specified to be ExternalRadius. </maml:para></maml:description><command:parameterValue required="true" variableLength="false">UInt16</command:parameterValue></command:parameter><command:parameter required="false" variableLength="false" globbing="false" pipelineInput="True (ByPropertyName)" position="named" aliases="Score"><maml:name>RadiusScore</maml:name><maml:description><maml:para>Specifies the initial score. 
                         
The default value is 30. 
                         
This parameter can be configured only if the EnableAccountingType parameter is specified to be ExternalRadius. </maml:para></maml:description><command:parameterValue required="true" variableLength="false">Byte</command:parameterValue></command:parameter><command:parameter required="false" variableLength="false" globbing="false" pipelineInput="True (ByPropertyName)" position="named" aliases="ServerName"><maml:name>RadiusServer</maml:name><maml:description><maml:para>Specifies the IPv4 or IPv6 address, or host name, of the external RADIUS server that is used for accounting. This parameter can be configured only if the EnableAccountingType parameter is specified to be ExternalRadius. </maml:para></maml:description><command:parameterValue required="true" variableLength="false">String</command:parameterValue></command:parameter><command:parameter required="false" variableLength="false" globbing="false" pipelineInput="True (ByPropertyName)" position="named" aliases="Timeout"><maml:name>RadiusTimeout</maml:name><maml:description><maml:para>Specifies the time in seconds that the RA server waits for a response from the RADIUS server before the RA server tries to connect to the next RADIUS server. The default value is 5. Specify this parameter only if you specify ExternalRadius for the EnableAccountingType parameter. </maml:para></maml:description><command:parameterValue required="true" variableLength="false">UInt32</command:parameterValue></command:parameter><command:parameter required="false" variableLength="false" globbing="false" pipelineInput="True (ByPropertyName)" position="named" aliases=""><maml:name>SharedSecret</maml:name><maml:description><maml:para>Specifies the shared secret between the RA server and the specified external RADIUS server which is required for successful communication between the two servers. 
Note: The secret is specified in clear text. This parameter can be configured only if the EnableAccountingType parameter is specified to be ExternalRadius. </maml:para></maml:description><command:parameterValue required="true" variableLength="false">String</command:parameterValue></command:parameter><command:parameter required="false" variableLength="false" globbing="false" pipelineInput="false" position="named" aliases=""><maml:name>ThrottleLimit</maml:name><maml:description><maml:para>Specifies the maximum number of concurrent operations that can be established to run the cmdlet. If this parameter is omitted or a value of 0 is entered, then Windows PowerShell® calculates an optimum throttle limit for the cmdlet based on the number of CIM cmdlets that are running on the computer. The throttle limit applies only to the current cmdlet, not to the session or to the computer.</maml:para></maml:description><command:parameterValue required="true" variableLength="false">Int32</command:parameterValue></command:parameter><command:parameter required="false" variableLength="true" globbing="false" pipelineInput="false" position="named"><maml:name>Confirm</maml:name><maml:description><maml:para>Prompts you for confirmation before running the cmdlet.</maml:para></maml:description></command:parameter><command:parameter required="false" variableLength="true" globbing="false" pipelineInput="false" position="named"><maml:name>WhatIf</maml:name><maml:description><maml:para>Shows what would happen if the cmdlet runs. The cmdlet is not run.</maml:para></maml:description></command:parameter></command:syntaxItem><command:syntaxItem><maml:name>Set-RemoteAccessAccounting</maml:name><command:parameter required="false" variableLength="false" globbing="false" pipelineInput="false" position="named" aliases=""><maml:name>AsJob</maml:name><maml:description><maml:para>Runs the cmdlet as a background job. Use this parameter to run commands that take a long time to complete. 
 The cmdlet immediately returns an object that represents the job and then displays the command prompt. You can continue to work in the session while the job completes. To manage the job, use the *-Job cmdlets. To get the job results, use the <maml:navigationLink><maml:linkText>Receive-Job</maml:linkText><maml:uri></maml:uri></maml:navigationLink> cmdlet. 
 For more information about Windows PowerShell® background jobs, see <maml:navigationLink><maml:linkText>about_Jobs</maml:linkText><maml:uri></maml:uri></maml:navigationLink>.</maml:para></maml:description></command:parameter><command:parameter required="false" variableLength="true" globbing="false" pipelineInput="false" position="named" aliases="Session"><maml:name>CimSession</maml:name><maml:description><maml:para>Runs the cmdlet in a remote session or on a remote computer. Enter a computer name or a session object, such as the output of a <maml:navigationLink><maml:linkText>New-CimSession</maml:linkText><maml:uri></maml:uri></maml:navigationLink> or <maml:navigationLink><maml:linkText>Get-CimSession</maml:linkText><maml:uri></maml:uri></maml:navigationLink> cmdlet. The default is the current session on the local computer.</maml:para></maml:description><command:parameterValue required="true" variableLength="true">CimSession[]</command:parameterValue></command:parameter><command:parameter required="false" variableLength="false" globbing="false" pipelineInput="false" position="named" aliases="Cn"><maml:name>ComputerName</maml:name><maml:description><maml:para>Specifies the IPv4 or IPv6 address, or host name, of the computer on which the RA server computer specific tasks should be run. </maml:para></maml:description><command:parameterValue required="true" variableLength="false">String</command:parameterValue></command:parameter><command:parameter required="false" variableLength="false" globbing="false" pipelineInput="false" position="named" aliases=""><maml:name>PassThru</maml:name><maml:description><maml:para>Returns an object representing the item with which you are working. By default, this cmdlet does not generate any output.</maml:para></maml:description></command:parameter><command:parameter required="false" variableLength="false" globbing="false" pipelineInput="false" position="named" aliases=""><maml:name>ThrottleLimit</maml:name><maml:description><maml:para>Specifies the maximum number of concurrent operations that can be established to run the cmdlet. If this parameter is omitted or a value of 0 is entered, then Windows PowerShell® calculates an optimum throttle limit for the cmdlet based on the number of CIM cmdlets that are running on the computer. The throttle limit applies only to the current cmdlet, not to the session or to the computer.</maml:para></maml:description><command:parameterValue required="true" variableLength="false">Int32</command:parameterValue></command:parameter><command:parameter required="true" variableLength="false" globbing="false" pipelineInput="True (ByPropertyName)" position="named" aliases=""><maml:name>DisableAccountingType</maml:name><maml:description><maml:para>Indicates the accounting type that has to be disabled. The acceptable values for this parameter are: 
                         
 -- Inbox. 
                         
 -- ExternalRadius. </maml:para></maml:description><command:parameterValue required="true" variableLength="false">String</command:parameterValue></command:parameter><command:parameter required="false" variableLength="true" globbing="false" pipelineInput="false" position="named"><maml:name>Confirm</maml:name><maml:description><maml:para>Prompts you for confirmation before running the cmdlet.</maml:para></maml:description></command:parameter><command:parameter required="false" variableLength="true" globbing="false" pipelineInput="false" position="named"><maml:name>WhatIf</maml:name><maml:description><maml:para>Shows what would happen if the cmdlet runs. The cmdlet is not run.</maml:para></maml:description></command:parameter></command:syntaxItem></command:syntax><command:parameters><command:parameter required="false" variableLength="false" globbing="false" pipelineInput="True (ByPropertyName)" position="named" aliases=""><maml:name>AccountingOnOffMsg</maml:name><maml:description><maml:para>Specifies the enabled state for the sending of accounting on and off messages. The acceptable values for this parameter are: 
                         
 -- Enabled. 
                         
 -- Disabled. 
                         
The default value is Disabled. </maml:para></maml:description><command:parameterValue required="true" variableLength="false">String</command:parameterValue><dev:type><maml:name>String</maml:name><maml:uri /></dev:type><dev:defaultValue>Disable</dev:defaultValue></command:parameter><command:parameter required="false" variableLength="false" globbing="false" pipelineInput="false" position="named" aliases=""><maml:name>AsJob</maml:name><maml:description><maml:para>Runs the cmdlet as a background job. Use this parameter to run commands that take a long time to complete. 
 The cmdlet immediately returns an object that represents the job and then displays the command prompt. You can continue to work in the session while the job completes. To manage the job, use the *-Job cmdlets. To get the job results, use the <maml:navigationLink><maml:linkText>Receive-Job</maml:linkText><maml:uri></maml:uri></maml:navigationLink> cmdlet. 
 For more information about Windows PowerShell® background jobs, see <maml:navigationLink><maml:linkText>about_Jobs</maml:linkText><maml:uri></maml:uri></maml:navigationLink>.</maml:para></maml:description><command:parameterValue required="false" variableLength="false">SwitchParameter</command:parameterValue><dev:type><maml:name>SwitchParameter</maml:name><maml:uri /></dev:type><dev:defaultValue></dev:defaultValue></command:parameter><command:parameter required="false" variableLength="true" globbing="false" pipelineInput="false" position="named" aliases="Session"><maml:name>CimSession</maml:name><maml:description><maml:para>Runs the cmdlet in a remote session or on a remote computer. Enter a computer name or a session object, such as the output of a <maml:navigationLink><maml:linkText>New-CimSession</maml:linkText><maml:uri></maml:uri></maml:navigationLink> or <maml:navigationLink><maml:linkText>Get-CimSession</maml:linkText><maml:uri></maml:uri></maml:navigationLink> cmdlet. The default is the current session on the local computer.</maml:para></maml:description><command:parameterValue required="true" variableLength="true">CimSession[]</command:parameterValue><dev:type><maml:name>CimSession[]</maml:name><maml:uri /></dev:type><dev:defaultValue></dev:defaultValue></command:parameter><command:parameter required="false" variableLength="false" globbing="false" pipelineInput="false" position="named" aliases="Cn"><maml:name>ComputerName</maml:name><maml:description><maml:para>Specifies the IPv4 or IPv6 address, or host name, of the computer on which the RA server computer specific tasks should be run. </maml:para></maml:description><command:parameterValue required="true" variableLength="false">String</command:parameterValue><dev:type><maml:name>String</maml:name><maml:uri /></dev:type><dev:defaultValue></dev:defaultValue></command:parameter><command:parameter required="true" variableLength="false" globbing="false" pipelineInput="True (ByPropertyName)" position="named" aliases=""><maml:name>DisableAccountingType</maml:name><maml:description><maml:para>Indicates the accounting type that has to be disabled. The acceptable values for this parameter are: 
                         
 -- Inbox. 
                         
 -- ExternalRadius. </maml:para></maml:description><command:parameterValue required="true" variableLength="false">String</command:parameterValue><dev:type><maml:name>String</maml:name><maml:uri /></dev:type><dev:defaultValue></dev:defaultValue></command:parameter><command:parameter required="true" variableLength="false" globbing="false" pipelineInput="True (ByPropertyName)" position="2" aliases=""><maml:name>EnableAccountingType</maml:name><maml:description><maml:para>Indicates the accounting type that needs to be enabled. The acceptable values for this parameter are: 
                         
 -- Inbox: The store size is set to 12 months automatically. The Set-RemoteAccessInboxAccountingStore cmdlet is used to change the store size on individual RA servers. 
                         
 -- ExternalRadius: Can also be used to enable Windows Accounting or Accounting on the NPS installed locally on the same computer. </maml:para></maml:description><command:parameterValue required="true" variableLength="false">String</command:parameterValue><dev:type><maml:name>String</maml:name><maml:uri /></dev:type><dev:defaultValue></dev:defaultValue></command:parameter><command:parameter required="false" variableLength="false" globbing="false" pipelineInput="false" position="named" aliases=""><maml:name>PassThru</maml:name><maml:description><maml:para>Returns an object representing the item with which you are working. By default, this cmdlet does not generate any output.</maml:para></maml:description><command:parameterValue required="false" variableLength="false">SwitchParameter</command:parameterValue><dev:type><maml:name>SwitchParameter</maml:name><maml:uri /></dev:type><dev:defaultValue></dev:defaultValue></command:parameter><command:parameter required="false" variableLength="false" globbing="false" pipelineInput="True (ByPropertyName)" position="named" aliases="Port"><maml:name>RadiusPort</maml:name><maml:description><maml:para>Specifies the port number on which the RADIUS server is accepting authentication requests. 
                         
The default value is 1813. 
                         
This parameter can be configured only if the EnableAccountingType parameter is specified to be ExternalRadius. </maml:para></maml:description><command:parameterValue required="true" variableLength="false">UInt16</command:parameterValue><dev:type><maml:name>UInt16</maml:name><maml:uri /></dev:type><dev:defaultValue>1813</dev:defaultValue></command:parameter><command:parameter required="false" variableLength="false" globbing="false" pipelineInput="True (ByPropertyName)" position="named" aliases="Score"><maml:name>RadiusScore</maml:name><maml:description><maml:para>Specifies the initial score. 
                         
The default value is 30. 
                         
This parameter can be configured only if the EnableAccountingType parameter is specified to be ExternalRadius. </maml:para></maml:description><command:parameterValue required="true" variableLength="false">Byte</command:parameterValue><dev:type><maml:name>Byte</maml:name><maml:uri /></dev:type><dev:defaultValue>30</dev:defaultValue></command:parameter><command:parameter required="false" variableLength="false" globbing="false" pipelineInput="True (ByPropertyName)" position="named" aliases="ServerName"><maml:name>RadiusServer</maml:name><maml:description><maml:para>Specifies the IPv4 or IPv6 address, or host name, of the external RADIUS server that is used for accounting. This parameter can be configured only if the EnableAccountingType parameter is specified to be ExternalRadius. </maml:para></maml:description><command:parameterValue required="true" variableLength="false">String</command:parameterValue><dev:type><maml:name>String</maml:name><maml:uri /></dev:type><dev:defaultValue></dev:defaultValue></command:parameter><command:parameter required="false" variableLength="false" globbing="false" pipelineInput="True (ByPropertyName)" position="named" aliases="Timeout"><maml:name>RadiusTimeout</maml:name><maml:description><maml:para>Specifies the time in seconds that the RA server waits for a response from the RADIUS server before the RA server tries to connect to the next RADIUS server. The default value is 5. Specify this parameter only if you specify ExternalRadius for the EnableAccountingType parameter. </maml:para></maml:description><command:parameterValue required="true" variableLength="false">UInt32</command:parameterValue><dev:type><maml:name>UInt32</maml:name><maml:uri /></dev:type><dev:defaultValue>5</dev:defaultValue></command:parameter><command:parameter required="false" variableLength="false" globbing="false" pipelineInput="True (ByPropertyName)" position="named" aliases=""><maml:name>SharedSecret</maml:name><maml:description><maml:para>Specifies the shared secret between the RA server and the specified external RADIUS server which is required for successful communication between the two servers. 
Note: The secret is specified in clear text. This parameter can be configured only if the EnableAccountingType parameter is specified to be ExternalRadius. </maml:para></maml:description><command:parameterValue required="true" variableLength="false">String</command:parameterValue><dev:type><maml:name>String</maml:name><maml:uri /></dev:type><dev:defaultValue></dev:defaultValue></command:parameter><command:parameter required="false" variableLength="false" globbing="false" pipelineInput="false" position="named" aliases=""><maml:name>ThrottleLimit</maml:name><maml:description><maml:para>Specifies the maximum number of concurrent operations that can be established to run the cmdlet. If this parameter is omitted or a value of 0 is entered, then Windows PowerShell® calculates an optimum throttle limit for the cmdlet based on the number of CIM cmdlets that are running on the computer. The throttle limit applies only to the current cmdlet, not to the session or to the computer.</maml:para></maml:description><command:parameterValue required="true" variableLength="false">Int32</command:parameterValue><dev:type><maml:name>Int32</maml:name><maml:uri /></dev:type><dev:defaultValue></dev:defaultValue></command:parameter><command:parameter required="false" variableLength="true" globbing="false" pipelineInput="false" position="named"><maml:name>Confirm</maml:name><maml:description><maml:para>Prompts you for confirmation before running the cmdlet.</maml:para></maml:description><command:parameterValue required="false" variableLength="false">SwitchParameter</command:parameterValue><dev:type><maml:name>SwitchParameter</maml:name><maml:uri /></dev:type><dev:defaultValue>false</dev:defaultValue></command:parameter><command:parameter required="false" variableLength="true" globbing="false" pipelineInput="false" position="named"><maml:name>WhatIf</maml:name><maml:description><maml:para>Shows what would happen if the cmdlet runs. The cmdlet is not run.</maml:para></maml:description><command:parameterValue required="false" variableLength="false">SwitchParameter</command:parameterValue><dev:type><maml:name>SwitchParameter</maml:name><maml:uri /></dev:type><dev:defaultValue>false</dev:defaultValue></command:parameter></command:parameters><command:inputTypes><command:inputType><dev:type><maml:name>None</maml:name><maml:uri></maml:uri><maml:description><maml:para /></maml:description></dev:type><maml:description><maml:para></maml:para></maml:description></command:inputType></command:inputTypes><command:returnValues><command:returnValue><dev:type><maml:name>Microsoft.Management.Infrastructure.CimInstance#RemoteAccessAccounting</maml:name><maml:uri></maml:uri><maml:description><maml:para /></maml:description></dev:type><maml:description><maml:para>The Microsoft.Management.Infrastructure.CimInstance object is a wrapper class that displays Windows Management Instrumentation (WMI) objects. The path after the pound sign (#) provides the namespace and class name for the underlying WMI object.
                         
The RemoteAccessAccounting object consists of the following properties: 
                         
 -- The status of RADIUS accounting (Disabled, Windows, or ExternalRadius) and the list of RADIUS servers in the case of ExternalRadius accounting. If there is no external radius accounting enabled, then the list of Radius servers is empty. 
                         
 -- The status of inbox accounting (Enabled or Disabled) and the associated properties. 
                         
 -- Time span of the store. 
                         
 -- Number of used bytes. 
                         
 -- Percentage of used bytes. 
                         
 -- Number of free bytes. 
                         
 -- Percentage of free bytes. 
                         
 -- Time stamp of the first record in the database. 
                         
 -- Time stamp of the last record in the database. </maml:para></maml:description></command:returnValue></command:returnValues><command:terminatingErrors /><command:nonTerminatingErrors /><command:examples><command:example><maml:title>EXAMPLE 1</maml:title><maml:introduction><maml:para></maml:para></maml:introduction><dev:code>
PS C:\&gt;Set-RemoteAccessAccounting –EnableAccountingType Inbox -ComputerName edge2 –PassThru
WARNING-GPO updates cannot be applied to edge2.corp.contoso.com. Changes will not take effect until the next policy refresh. 
RadiusAccountingStatus          : Disabled 
RemoteRadiusServerList          : 
InboxAccountingStatus           : Enabled 
InboxStoreLimit                 : 12m 
InboxStoreUsedBytes             : 0 
InboxStoreUsedBytesInPercentage : 0 
InboxStoreFreeBytes             : 4282318848 
InboxStoreFreeBytesInPercentage : 99.7055053710938 
InboxStoreFirstRecordDate       : 12/17/2011 6:53:24 PM 
InboxStoreLastRecordDate        : 12/17/2011 6:53:24 PM 

The accounting store is configured to retain data for up to 2 years.
PS C:\&gt;Set-RemoteAccessInboxAccountingStore –StoreLimit 2y

</dev:code><dev:remarks><maml:para>This example enables inbox accounting for this deployment. The RA server on which this cmdlet is run is specified using the ComputerName parameter.</maml:para></dev:remarks><command:commandLines><command:commandLine><command:commandText /></command:commandLine></command:commandLines></command:example><command:example><maml:title>EXAMPLE 2</maml:title><maml:introduction><maml:para></maml:para></maml:introduction><dev:code>PS C:\&gt;Set-RemoteAccessAccounting –EnableAccountingType ExternalRadius –RadiusServer radius1.corp.contoso.com –RadiusTimeout 5 –SharedSecret s3cr3t –RadiusPort 1813 –RadiusScore 30
RadiusAccountingStatus          : ExternalRadius 
RemoteRadiusServerList          : {radius1.corp.contoso.com} 
InboxAccountingStatus           : Enabled 
InboxStoreLimit                 : 12m 
InboxStoreUsedBytes             : 0 
InboxStoreUsedBytesInPercentage : 0 
InboxStoreFreeBytes             : 4282318848 
InboxStoreFreeBytesInPercentage : 99.7055053710938 
InboxStoreFirstRecordDate       : 12/17/2011 6:53:24 PM 
InboxStoreLastRecordDate        : 12/17/2011 6:53:24 PM 
</dev:code><dev:remarks><maml:para>This example configures RA to use RADIUS accounting with configuration parameters.</maml:para></dev:remarks><command:commandLines><command:commandLine><command:commandText /></command:commandLine></command:commandLines></command:example><command:example><maml:title>EXAMPLE 3</maml:title><maml:introduction><maml:para></maml:para></maml:introduction><dev:code>PS C:\&gt;Set-RemoteAccessAccounting –DisableAccountingType ExternalRadius
RadiusAccountingStatus          : Disabled 
RemoteRadiusServerList          : 
InboxAccountingStatus           : Enabled 
InboxStoreLimit                 : 12m 
InboxStoreUsedBytes             : 0 
InboxStoreUsedBytesInPercentage : 0 
InboxStoreFreeBytes             : 4282318848 
InboxStoreFreeBytesInPercentage : 99.7055053710938 
InboxStoreFirstRecordDate       : 12/17/2011 6:53:24 PM 
InboxStoreLastRecordDate        : 12/17/2011 6:53:24 PM 
</dev:code><dev:remarks><maml:para>This example disables RADIUS accounting while still retaining inbox accounting.</maml:para></dev:remarks><command:commandLines><command:commandLine><command:commandText /></command:commandLine></command:commandLines></command:example></command:examples><maml:relatedLinks><maml:navigationLink><maml:linkText>Online Version:</maml:linkText><maml:uri>http://go.microsoft.com/fwlink/p/?linkid=289781</maml:uri></maml:navigationLink><maml:navigationLink><maml:linkText>Add-RemoteAccessRadius</maml:linkText><maml:uri /></maml:navigationLink><maml:navigationLink><maml:linkText>Get-RemoteAccessAccounting</maml:linkText><maml:uri /></maml:navigationLink><maml:navigationLink><maml:linkText>Set-RemoteAccessInboxAccountingStore</maml:linkText><maml:uri /></maml:navigationLink></maml:relatedLinks></command:command>

</helpItems>

