﻿<?xml version = "1.0" encoding = "utf-8" ?>

<helpItems schema="maml">

<command:command xmlns:maml="http://schemas.microsoft.com/maml/2004/10" xmlns:command="http://schemas.microsoft.com/maml/dev/command/2004/10" xmlns:dev="http://schemas.microsoft.com/maml/dev/2004/10" xmlns:MSHelp="http://msdn.microsoft.com/mshelp"><command:details><command:name>Add-RemoteAccessLoadBalancerNode</command:name><maml:description><maml:para>Adds a server to the load balancing cluster.</maml:para></maml:description><maml:copyright><maml:para /></maml:copyright><command:verb>Add</command:verb><command:noun>RemoteAccessLoadBalancerNode</command:noun><dev:version /></command:details><maml:description><maml:para>The Add-RemoteAccessLoadBalancerNode cmdlet adds a server to the load balanced cluster: 

 -- The server is added to the cluster to which the server on which the cmdlet is run, or to the server specified in the ComputerName parameter. 

 -- When a server is added to cluster, Remote Access settings are replicated on the server to match the other servers in the cluster. The Remote Access role and the Network Load Balancing (NLB) role should be installed on the server before adding it to the cluster. 

 -- The internal and external adapters can be specified manually. If no parameters are specified, then the cmdlet will attempt to detect settings automatically. 

 -- The IPv6 prefix for IP-HTTPS should be 59 bits. If IPv6 addressing is used for VPN, then the IPv6 prefix should be 59 bits. 

 -- All the designed IPs on the server being added to the cluster must be in the same subnet as other servers in the cluster. 

 -- If self-signed certificates are not being used, then certificates for IP-HTTPS and network location server (NLS) (if NLS is on DirectAccess (DA) Server) must be present on the new server. Note: The subject name of certificate must be same as the respective certificates on the other computers in the cluster. </maml:para></maml:description><command:syntax><command:syntaxItem><maml:name>Add-RemoteAccessLoadBalancerNode</maml:name><command:parameter required="true" variableLength="false" globbing="false" pipelineInput="true (ByPropertyName)" position="2" aliases=""><maml:name>RemoteAccessServer</maml:name><maml:description><maml:para>Specifies the IPv4 or IPv6 address, or name, of a server. The cmdlet adds the server to the load balanced cluster.</maml:para></maml:description><command:parameterValue required="true" variableLength="false">String</command:parameterValue></command:parameter><command:parameter required="false" variableLength="false" globbing="false" pipelineInput="false" position="named" aliases=""><maml:name>AsJob</maml:name><maml:description><maml:para>Runs the cmdlet as a background job. Use this parameter to run commands that take a long time to complete. 
 The cmdlet immediately returns an object that represents the job and then displays the command prompt. You can continue to work in the session while the job completes. To manage the job, use the *-Job cmdlets. To get the job results, use the <maml:navigationLink><maml:linkText>Receive-Job</maml:linkText><maml:uri></maml:uri></maml:navigationLink> cmdlet. 
 For more information about Windows PowerShell® background jobs, see <maml:navigationLink><maml:linkText>about_Jobs</maml:linkText><maml:uri></maml:uri></maml:navigationLink>.</maml:para></maml:description></command:parameter><command:parameter required="false" variableLength="true" globbing="false" pipelineInput="false" position="named" aliases=""><maml:name>CimSession</maml:name><maml:description><maml:para>Runs the cmdlet in a remote session or on a remote computer. Enter a computer name or a session object, such as the output of a <maml:navigationLink><maml:linkText>New-CimSession</maml:linkText><maml:uri></maml:uri></maml:navigationLink> or <maml:navigationLink><maml:linkText>Get-CimSession</maml:linkText><maml:uri></maml:uri></maml:navigationLink> cmdlet. The default is the current session on the local computer.</maml:para></maml:description><command:parameterValue required="true" variableLength="true">CimSession[]</command:parameterValue></command:parameter><command:parameter required="false" variableLength="false" globbing="false" pipelineInput="false" position="named" aliases=""><maml:name>ComputerName</maml:name><maml:description><maml:para>Specifies the IPv4or IPv6 address, or host name of the computer, on which the Remote Access server computer specific tasks should be run. If this parameter is specified, then it represents the cluster to which the server is added.</maml:para></maml:description><command:parameterValue required="true" variableLength="false">String</command:parameterValue></command:parameter><command:parameter required="false" variableLength="false" globbing="false" pipelineInput="false" position="named" aliases=""><maml:name>Force</maml:name><maml:description><maml:para>Forces the command to run without asking for user confirmation.

When suppressed the cmdlet assumes user confirmation for the below mentioned changes. 

 -- If self-signed NLS certificate is found on all other nodes in the cluster, then a self-signed certificate is created for this node. 

 -- If self-signed SSL (IP-HTTPS) certificate is found on all other nodes in the cluster, then a self-signed certificate is created for this node. </maml:para></maml:description></command:parameter><command:parameter required="false" variableLength="false" globbing="false" pipelineInput="true (ByPropertyName)" position="named" aliases=""><maml:name>InternalInterface</maml:name><maml:description><maml:para>Specifies the name of the corporate network facing interface of the specified server. If a name is not specified, then this cmdlet attempts to find the internal interface automatically. For a single-network adapter configuration the same name is specified for both the internal and internet interfaces.</maml:para></maml:description><command:parameterValue required="true" variableLength="false">String</command:parameterValue></command:parameter><command:parameter required="false" variableLength="false" globbing="false" pipelineInput="true (ByPropertyName)" position="named" aliases=""><maml:name>InternetInterface</maml:name><maml:description><maml:para>Specifies the name of the internet facing interface of the specified server. If a name is not specified, then this cmdlet attempts to find the internet interface automatically. For a single-network adapter configuration the same name is specified for both the internal and internet interfaces.</maml:para></maml:description><command:parameterValue required="true" variableLength="false">String</command:parameterValue></command:parameter><command:parameter required="false" variableLength="false" globbing="false" pipelineInput="false" position="named" aliases=""><maml:name>PassThru</maml:name><maml:description><maml:para>Returns an object representing the item with which you are working. By default, this cmdlet does not generate any output.</maml:para></maml:description></command:parameter><command:parameter required="false" variableLength="false" globbing="false" pipelineInput="false" position="named" aliases=""><maml:name>ThrottleLimit</maml:name><maml:description><maml:para>Specifies the maximum number of concurrent operations that can be established to run the cmdlet. If this parameter is omitted or a value of 0 is entered, then Windows PowerShell® calculates an optimum throttle limit for the cmdlet based on the number of CIM cmdlets that are running on the computer. The throttle limit applies only to the current cmdlet, not to the session or to the computer.</maml:para></maml:description><command:parameterValue required="true" variableLength="false">Int32</command:parameterValue></command:parameter><command:parameter required="false" variableLength="true" globbing="false" pipelineInput="true (ByPropertyName)" position="named" aliases=""><maml:name>VpnIPAddressRange</maml:name><maml:description><maml:para>Specifies the IP address range for allocation to VPN clients. This parameter must be specified if VPN is enabled. The range should not overlap with ranges configured on other servers in the cluster. 

In a cluster, only static pool address assignment can be used. DHCP is not supported. </maml:para></maml:description><command:parameterValue required="true" variableLength="true">String[]</command:parameterValue></command:parameter><command:parameter required="false" variableLength="true" globbing="false" pipelineInput="false" position="named"><maml:name>Confirm</maml:name><maml:description><maml:para>Prompts you for confirmation before running the cmdlet.</maml:para></maml:description></command:parameter><command:parameter required="false" variableLength="true" globbing="false" pipelineInput="false" position="named"><maml:name>WhatIf</maml:name><maml:description><maml:para>Shows what would happen if the cmdlet runs. The cmdlet is not run.</maml:para></maml:description></command:parameter></command:syntaxItem></command:syntax><command:parameters><command:parameter required="false" variableLength="false" globbing="false" pipelineInput="false" position="named" aliases=""><maml:name>AsJob</maml:name><maml:description><maml:para>Runs the cmdlet as a background job. Use this parameter to run commands that take a long time to complete. 
 The cmdlet immediately returns an object that represents the job and then displays the command prompt. You can continue to work in the session while the job completes. To manage the job, use the *-Job cmdlets. To get the job results, use the <maml:navigationLink><maml:linkText>Receive-Job</maml:linkText><maml:uri></maml:uri></maml:navigationLink> cmdlet. 
 For more information about Windows PowerShell® background jobs, see <maml:navigationLink><maml:linkText>about_Jobs</maml:linkText><maml:uri></maml:uri></maml:navigationLink>.</maml:para></maml:description><command:parameterValue required="false" variableLength="false">SwitchParameter</command:parameterValue><dev:type><maml:name>SwitchParameter</maml:name><maml:uri /></dev:type><dev:defaultValue></dev:defaultValue></command:parameter><command:parameter required="false" variableLength="true" globbing="false" pipelineInput="false" position="named" aliases=""><maml:name>CimSession</maml:name><maml:description><maml:para>Runs the cmdlet in a remote session or on a remote computer. Enter a computer name or a session object, such as the output of a <maml:navigationLink><maml:linkText>New-CimSession</maml:linkText><maml:uri></maml:uri></maml:navigationLink> or <maml:navigationLink><maml:linkText>Get-CimSession</maml:linkText><maml:uri></maml:uri></maml:navigationLink> cmdlet. The default is the current session on the local computer.</maml:para></maml:description><command:parameterValue required="true" variableLength="true">CimSession[]</command:parameterValue><dev:type><maml:name>CimSession[]</maml:name><maml:uri /></dev:type><dev:defaultValue></dev:defaultValue></command:parameter><command:parameter required="false" variableLength="false" globbing="false" pipelineInput="false" position="named" aliases=""><maml:name>ComputerName</maml:name><maml:description><maml:para>Specifies the IPv4or IPv6 address, or host name of the computer, on which the Remote Access server computer specific tasks should be run. If this parameter is specified, then it represents the cluster to which the server is added.</maml:para></maml:description><command:parameterValue required="true" variableLength="false">String</command:parameterValue><dev:type><maml:name>String</maml:name><maml:uri /></dev:type><dev:defaultValue></dev:defaultValue></command:parameter><command:parameter required="false" variableLength="false" globbing="false" pipelineInput="false" position="named" aliases=""><maml:name>Force</maml:name><maml:description><maml:para>Forces the command to run without asking for user confirmation.

When suppressed the cmdlet assumes user confirmation for the below mentioned changes. 

 -- If self-signed NLS certificate is found on all other nodes in the cluster, then a self-signed certificate is created for this node. 

 -- If self-signed SSL (IP-HTTPS) certificate is found on all other nodes in the cluster, then a self-signed certificate is created for this node. </maml:para></maml:description><command:parameterValue required="false" variableLength="false">SwitchParameter</command:parameterValue><dev:type><maml:name>SwitchParameter</maml:name><maml:uri /></dev:type><dev:defaultValue></dev:defaultValue></command:parameter><command:parameter required="false" variableLength="false" globbing="false" pipelineInput="true (ByPropertyName)" position="named" aliases=""><maml:name>InternalInterface</maml:name><maml:description><maml:para>Specifies the name of the corporate network facing interface of the specified server. If a name is not specified, then this cmdlet attempts to find the internal interface automatically. For a single-network adapter configuration the same name is specified for both the internal and internet interfaces.</maml:para></maml:description><command:parameterValue required="true" variableLength="false">String</command:parameterValue><dev:type><maml:name>String</maml:name><maml:uri /></dev:type><dev:defaultValue></dev:defaultValue></command:parameter><command:parameter required="false" variableLength="false" globbing="false" pipelineInput="true (ByPropertyName)" position="named" aliases=""><maml:name>InternetInterface</maml:name><maml:description><maml:para>Specifies the name of the internet facing interface of the specified server. If a name is not specified, then this cmdlet attempts to find the internet interface automatically. For a single-network adapter configuration the same name is specified for both the internal and internet interfaces.</maml:para></maml:description><command:parameterValue required="true" variableLength="false">String</command:parameterValue><dev:type><maml:name>String</maml:name><maml:uri /></dev:type><dev:defaultValue></dev:defaultValue></command:parameter><command:parameter required="false" variableLength="false" globbing="false" pipelineInput="false" position="named" aliases=""><maml:name>PassThru</maml:name><maml:description><maml:para>Returns an object representing the item with which you are working. By default, this cmdlet does not generate any output.</maml:para></maml:description><command:parameterValue required="false" variableLength="false">SwitchParameter</command:parameterValue><dev:type><maml:name>SwitchParameter</maml:name><maml:uri /></dev:type><dev:defaultValue></dev:defaultValue></command:parameter><command:parameter required="true" variableLength="false" globbing="false" pipelineInput="true (ByPropertyName)" position="2" aliases=""><maml:name>RemoteAccessServer</maml:name><maml:description><maml:para>Specifies the IPv4 or IPv6 address, or name, of a server. The cmdlet adds the server to the load balanced cluster.</maml:para></maml:description><command:parameterValue required="true" variableLength="false">String</command:parameterValue><dev:type><maml:name>String</maml:name><maml:uri /></dev:type><dev:defaultValue></dev:defaultValue></command:parameter><command:parameter required="false" variableLength="false" globbing="false" pipelineInput="false" position="named" aliases=""><maml:name>ThrottleLimit</maml:name><maml:description><maml:para>Specifies the maximum number of concurrent operations that can be established to run the cmdlet. If this parameter is omitted or a value of 0 is entered, then Windows PowerShell® calculates an optimum throttle limit for the cmdlet based on the number of CIM cmdlets that are running on the computer. The throttle limit applies only to the current cmdlet, not to the session or to the computer.</maml:para></maml:description><command:parameterValue required="true" variableLength="false">Int32</command:parameterValue><dev:type><maml:name>Int32</maml:name><maml:uri /></dev:type><dev:defaultValue></dev:defaultValue></command:parameter><command:parameter required="false" variableLength="true" globbing="false" pipelineInput="true (ByPropertyName)" position="named" aliases=""><maml:name>VpnIPAddressRange</maml:name><maml:description><maml:para>Specifies the IP address range for allocation to VPN clients. This parameter must be specified if VPN is enabled. The range should not overlap with ranges configured on other servers in the cluster. 

In a cluster, only static pool address assignment can be used. DHCP is not supported. </maml:para></maml:description><command:parameterValue required="true" variableLength="true">String[]</command:parameterValue><dev:type><maml:name>String[]</maml:name><maml:uri /></dev:type><dev:defaultValue></dev:defaultValue></command:parameter><command:parameter required="false" variableLength="true" globbing="false" pipelineInput="false" position="named"><maml:name>Confirm</maml:name><maml:description><maml:para>Prompts you for confirmation before running the cmdlet.</maml:para></maml:description><command:parameterValue required="false" variableLength="false">SwitchParameter</command:parameterValue><dev:type><maml:name>SwitchParameter</maml:name><maml:uri /></dev:type><dev:defaultValue>false</dev:defaultValue></command:parameter><command:parameter required="false" variableLength="true" globbing="false" pipelineInput="false" position="named"><maml:name>WhatIf</maml:name><maml:description><maml:para>Shows what would happen if the cmdlet runs. The cmdlet is not run.</maml:para></maml:description><command:parameterValue required="false" variableLength="false">SwitchParameter</command:parameterValue><dev:type><maml:name>SwitchParameter</maml:name><maml:uri /></dev:type><dev:defaultValue>false</dev:defaultValue></command:parameter></command:parameters><command:inputTypes><command:inputType><dev:type><maml:name>None</maml:name><maml:uri></maml:uri><maml:description><maml:para /></maml:description></dev:type><maml:description><maml:para></maml:para></maml:description></command:inputType></command:inputTypes><command:returnValues><command:returnValue><dev:type><maml:name>Microsoft.Management.Infrastructure.CimInstance#RemoteAccessLoadBalancerNode</maml:name><maml:uri></maml:uri><maml:description><maml:para /></maml:description></dev:type><maml:description><maml:para>The Microsoft.Management.Infrastructure.CimInstance object is a wrapper class that displays Windows Management Instrumentation (WMI) objects. The path after the pound sign (#) provides the namespace and class name for the underlying WMI object.

The RemoteAccessLoadBalancerNode object consists of the following properties: 

 -- The IPv4/IPv6 address or host name of the node that was added to the cluster. 

 -- The load balancing status of the node. 

 -- IPv4 address ranges configured on the node for VPN static pool address assignment. </maml:para></maml:description></command:returnValue></command:returnValues><command:terminatingErrors /><command:nonTerminatingErrors /><command:examples><command:example><maml:title>EXAMPLE 1</maml:title><maml:introduction><maml:para></maml:para></maml:introduction><dev:code>Create a load balanced cluster using the Set-RemoteAccessLoadBalancer cmdlet.
PS C:\&gt;Set-RemoteAccessLoadBalancer -InternetDedicatedIPAddress "131.107.0.20/255.255.255.0" -InternalDedicatedIPAddress @("3ffe::2/64","10.0.0.2/255.255.255.0") -InternetVirtualIPAddress @("131.107.0.5/255.255.255.0","131.107.0.15/255.255.255.0") -InternalVirtualIPAddress @("3ffe::5/64","10.0.0.5/255.255.255.0")


Add the Edge2 server as a new node in this load balanced cluster.
PS C:\&gt;$RemoteAccessNLB = Add-RemoteAccessLoadBalancerNode –RemoteAccessServer Edge2.corp.contoso.com –PassThru
Confirm 
Certificate Iphttps cannot be located on the Remote Access server. Do you want DirectAccess to create and use a self-signed certificate? 
 
[Y] Yes  [N] No  [S] Suspend  [?] Help (default is "Y"): Y 
 
Confirm
Certificate NLS cannot be located on the Remote Access server. Do you want DirectAccess to create and use a self-signed certificate? 
 
[Y] Yes  [N] No  [S] Suspend  [?] Help (default is "Y"): Y 
 
WARNING: When adding a server (running the network location server using a self-signed certificate) to a cluster, point the network location server DNS entry to the internal DIP of each cluster server. After GPO updates, update the DNS entry again to the cluster VIP. 

The cmdlet is run on Edge1 server and therefore the Edge2 server is added to the same cluster as the Edge1 server as shown in output of NlbNodeStatus.
PS C:\&gt;$RemoteAccessNLB.NlbNodeStatus
{EDGE1.CORP.CONTOSO.COM, EDGE2.CORP.CONTOSO.COM}
</dev:code><dev:remarks><maml:para>This example creates a NLB Cluster and adding a new server to a load balanced cluster.</maml:para></dev:remarks><command:commandLines><command:commandLine><command:commandText /></command:commandLine></command:commandLines></command:example><command:example><maml:title>EXAMPLE 2</maml:title><maml:introduction><maml:para></maml:para></maml:introduction><dev:code>If VPN is enabled, define a static address range for VPN. If this is being used in in a script and the prompts are to be suppressed, then run this cmdlet with the Force parameter.
PS C:\&gt;Add-RemoteAccessLoadBalancerNode -RemoteAccessServer edge3 -VpnIPAddressRange @("192.168.1.1","192.168.1.100") -PassThru
Confirm 
Certificate Iphttps cannot be located on the Remote Access server. Do you want DirectAccess to create and use a self-signed certificate? 
 
[Y] Yes  [N] No  [S] Suspend  [?] Help (default is "Y"): Y 
 
Confirm
Certificate NLS cannot be located on the Remote Access server. Do you want DirectAccess to create and use a self-signed certificate? 
 
[Y] Yes  [N] No  [S] Suspend  [?] Help (default is "Y"): Y 
 
WARNING: When adding a server (running the network location server using a self-signed certificate) to a cluster, point the network location server DNS entry to the internal DIP of each cluster server. After GPO updates, update the DNS entry again to the cluster VIP. 
 
HostName       : EDGE3 
StatusCode     : In Progress 
IPAddressRange : 
IPv6Prefix     : 
</dev:code><dev:remarks><maml:para>This example adds a new server to a load balanced cluster with VPN enabled.</maml:para></dev:remarks><command:commandLines><command:commandLine><command:commandText /></command:commandLine></command:commandLines></command:example></command:examples><maml:relatedLinks><maml:navigationLink><maml:linkText>Online Version:</maml:linkText><maml:uri>http://go.microsoft.com/fwlink/p/?linkid=289494</maml:uri></maml:navigationLink><maml:navigationLink><maml:linkText>Remove-RemoteAccessLoadBalancerNode</maml:linkText><maml:uri /></maml:navigationLink><maml:navigationLink><maml:linkText>Set-RemoteAccessLoadBalancer</maml:linkText><maml:uri /></maml:navigationLink></maml:relatedLinks></command:command>

<command:command xmlns:maml="http://schemas.microsoft.com/maml/2004/10" xmlns:command="http://schemas.microsoft.com/maml/dev/command/2004/10" xmlns:dev="http://schemas.microsoft.com/maml/dev/2004/10" xmlns:MSHelp="http://msdn.microsoft.com/mshelp"><command:details><command:name>Remove-RemoteAccessLoadBalancerNode</command:name><maml:description><maml:para>Removes a server from the network load balancing (NLB) cluster.</maml:para></maml:description><maml:copyright><maml:para /></maml:copyright><command:verb>Remove</command:verb><command:noun>RemoteAccessLoadBalancerNode</command:noun><dev:version /></command:details><maml:description><maml:para>The Remove-RemoteAccessLoadBalancerNode cmdlet removes a server from the network load balancing (NLB) cluster.</maml:para><maml:para>When a server is removed, DirectAccess (DA) and VPN configuration settings on it are also removed.</maml:para><maml:para>When the last server from a cluster is removed, the DA and VPN configuration on it is not removed.</maml:para><maml:para>A server can be removed from the NLB cluster even if it is not reachable.</maml:para><maml:para>When VPN and DA configuration are cleared the Remote Access role is not uninstalled automatically.</maml:para></maml:description><command:syntax><command:syntaxItem><maml:name>Remove-RemoteAccessLoadBalancerNode</maml:name><command:parameter required="true" variableLength="false" globbing="false" pipelineInput="true (ByPropertyName)" position="2" aliases=""><maml:name>RemoteAccessServer</maml:name><maml:description><maml:para>Specifies the IPv4 orIPv6 address, or host name, of the server that will be removed from the NLB cluster.</maml:para></maml:description><command:parameterValue required="true" variableLength="false">String</command:parameterValue></command:parameter><command:parameter required="false" variableLength="false" globbing="false" pipelineInput="false" position="named" aliases=""><maml:name>AsJob</maml:name><maml:description><maml:para>Runs the cmdlet as a background job. Use this parameter to run commands that take a long time to complete. 
 The cmdlet immediately returns an object that represents the job and then displays the command prompt. You can continue to work in the session while the job completes. To manage the job, use the *-Job cmdlets. To get the job results, use the <maml:navigationLink><maml:linkText>Receive-Job</maml:linkText><maml:uri></maml:uri></maml:navigationLink> cmdlet. 
 For more information about Windows PowerShell® background jobs, see <maml:navigationLink><maml:linkText>about_Jobs</maml:linkText><maml:uri></maml:uri></maml:navigationLink>.</maml:para></maml:description></command:parameter><command:parameter required="false" variableLength="true" globbing="false" pipelineInput="false" position="named" aliases=""><maml:name>CimSession</maml:name><maml:description><maml:para>Runs the cmdlet in a remote session or on a remote computer. Enter a computer name or a session object, such as the output of a <maml:navigationLink><maml:linkText>New-CimSession</maml:linkText><maml:uri></maml:uri></maml:navigationLink> or <maml:navigationLink><maml:linkText>Get-CimSession</maml:linkText><maml:uri></maml:uri></maml:navigationLink> cmdlet. The default is the current session on the local computer.</maml:para></maml:description><command:parameterValue required="true" variableLength="true">CimSession[]</command:parameterValue></command:parameter><command:parameter required="false" variableLength="false" globbing="false" pipelineInput="false" position="named" aliases=""><maml:name>ComputerName</maml:name><maml:description><maml:para>Specifies the IPv4 orIPv6 address, or host name, of the server on which the cmdlet runs.</maml:para></maml:description><command:parameterValue required="true" variableLength="false">String</command:parameterValue></command:parameter><command:parameter required="false" variableLength="false" globbing="false" pipelineInput="false" position="named" aliases=""><maml:name>Force</maml:name><maml:description><maml:para>Forces the command to run without asking for user confirmation.</maml:para></maml:description></command:parameter><command:parameter required="false" variableLength="false" globbing="false" pipelineInput="false" position="named" aliases=""><maml:name>PassThru</maml:name><maml:description><maml:para>Returns an object representing the item with which you are working. By default, this cmdlet does not generate any output.</maml:para></maml:description></command:parameter><command:parameter required="false" variableLength="false" globbing="false" pipelineInput="false" position="named" aliases=""><maml:name>ThrottleLimit</maml:name><maml:description><maml:para>Specifies the maximum number of concurrent operations that can be established to run the cmdlet. If this parameter is omitted or a value of 0 is entered, then Windows PowerShell® calculates an optimum throttle limit for the cmdlet based on the number of CIM cmdlets that are running on the computer. The throttle limit applies only to the current cmdlet, not to the session or to the computer.</maml:para></maml:description><command:parameterValue required="true" variableLength="false">Int32</command:parameterValue></command:parameter><command:parameter required="false" variableLength="true" globbing="false" pipelineInput="false" position="named"><maml:name>Confirm</maml:name><maml:description><maml:para>Prompts you for confirmation before running the cmdlet.</maml:para></maml:description></command:parameter><command:parameter required="false" variableLength="true" globbing="false" pipelineInput="false" position="named"><maml:name>WhatIf</maml:name><maml:description><maml:para>Shows what would happen if the cmdlet runs. The cmdlet is not run.</maml:para></maml:description></command:parameter></command:syntaxItem></command:syntax><command:parameters><command:parameter required="false" variableLength="false" globbing="false" pipelineInput="false" position="named" aliases=""><maml:name>AsJob</maml:name><maml:description><maml:para>Runs the cmdlet as a background job. Use this parameter to run commands that take a long time to complete. 
 The cmdlet immediately returns an object that represents the job and then displays the command prompt. You can continue to work in the session while the job completes. To manage the job, use the *-Job cmdlets. To get the job results, use the <maml:navigationLink><maml:linkText>Receive-Job</maml:linkText><maml:uri></maml:uri></maml:navigationLink> cmdlet. 
 For more information about Windows PowerShell® background jobs, see <maml:navigationLink><maml:linkText>about_Jobs</maml:linkText><maml:uri></maml:uri></maml:navigationLink>.</maml:para></maml:description><command:parameterValue required="false" variableLength="false">SwitchParameter</command:parameterValue><dev:type><maml:name>SwitchParameter</maml:name><maml:uri /></dev:type><dev:defaultValue></dev:defaultValue></command:parameter><command:parameter required="false" variableLength="true" globbing="false" pipelineInput="false" position="named" aliases=""><maml:name>CimSession</maml:name><maml:description><maml:para>Runs the cmdlet in a remote session or on a remote computer. Enter a computer name or a session object, such as the output of a <maml:navigationLink><maml:linkText>New-CimSession</maml:linkText><maml:uri></maml:uri></maml:navigationLink> or <maml:navigationLink><maml:linkText>Get-CimSession</maml:linkText><maml:uri></maml:uri></maml:navigationLink> cmdlet. The default is the current session on the local computer.</maml:para></maml:description><command:parameterValue required="true" variableLength="true">CimSession[]</command:parameterValue><dev:type><maml:name>CimSession[]</maml:name><maml:uri /></dev:type><dev:defaultValue></dev:defaultValue></command:parameter><command:parameter required="false" variableLength="false" globbing="false" pipelineInput="false" position="named" aliases=""><maml:name>ComputerName</maml:name><maml:description><maml:para>Specifies the IPv4 orIPv6 address, or host name, of the server on which the cmdlet runs.</maml:para></maml:description><command:parameterValue required="true" variableLength="false">String</command:parameterValue><dev:type><maml:name>String</maml:name><maml:uri /></dev:type><dev:defaultValue></dev:defaultValue></command:parameter><command:parameter required="false" variableLength="false" globbing="false" pipelineInput="false" position="named" aliases=""><maml:name>Force</maml:name><maml:description><maml:para>Forces the command to run without asking for user confirmation.</maml:para></maml:description><command:parameterValue required="false" variableLength="false">SwitchParameter</command:parameterValue><dev:type><maml:name>SwitchParameter</maml:name><maml:uri /></dev:type><dev:defaultValue></dev:defaultValue></command:parameter><command:parameter required="false" variableLength="false" globbing="false" pipelineInput="false" position="named" aliases=""><maml:name>PassThru</maml:name><maml:description><maml:para>Returns an object representing the item with which you are working. By default, this cmdlet does not generate any output.</maml:para></maml:description><command:parameterValue required="false" variableLength="false">SwitchParameter</command:parameterValue><dev:type><maml:name>SwitchParameter</maml:name><maml:uri /></dev:type><dev:defaultValue></dev:defaultValue></command:parameter><command:parameter required="true" variableLength="false" globbing="false" pipelineInput="true (ByPropertyName)" position="2" aliases=""><maml:name>RemoteAccessServer</maml:name><maml:description><maml:para>Specifies the IPv4 orIPv6 address, or host name, of the server that will be removed from the NLB cluster.</maml:para></maml:description><command:parameterValue required="true" variableLength="false">String</command:parameterValue><dev:type><maml:name>String</maml:name><maml:uri /></dev:type><dev:defaultValue></dev:defaultValue></command:parameter><command:parameter required="false" variableLength="false" globbing="false" pipelineInput="false" position="named" aliases=""><maml:name>ThrottleLimit</maml:name><maml:description><maml:para>Specifies the maximum number of concurrent operations that can be established to run the cmdlet. If this parameter is omitted or a value of 0 is entered, then Windows PowerShell® calculates an optimum throttle limit for the cmdlet based on the number of CIM cmdlets that are running on the computer. The throttle limit applies only to the current cmdlet, not to the session or to the computer.</maml:para></maml:description><command:parameterValue required="true" variableLength="false">Int32</command:parameterValue><dev:type><maml:name>Int32</maml:name><maml:uri /></dev:type><dev:defaultValue></dev:defaultValue></command:parameter><command:parameter required="false" variableLength="true" globbing="false" pipelineInput="false" position="named"><maml:name>Confirm</maml:name><maml:description><maml:para>Prompts you for confirmation before running the cmdlet.</maml:para></maml:description><command:parameterValue required="false" variableLength="false">SwitchParameter</command:parameterValue><dev:type><maml:name>SwitchParameter</maml:name><maml:uri /></dev:type><dev:defaultValue>false</dev:defaultValue></command:parameter><command:parameter required="false" variableLength="true" globbing="false" pipelineInput="false" position="named"><maml:name>WhatIf</maml:name><maml:description><maml:para>Shows what would happen if the cmdlet runs. The cmdlet is not run.</maml:para></maml:description><command:parameterValue required="false" variableLength="false">SwitchParameter</command:parameterValue><dev:type><maml:name>SwitchParameter</maml:name><maml:uri /></dev:type><dev:defaultValue>false</dev:defaultValue></command:parameter></command:parameters><command:inputTypes><command:inputType><dev:type><maml:name>None</maml:name><maml:uri></maml:uri><maml:description><maml:para /></maml:description></dev:type><maml:description><maml:para></maml:para></maml:description></command:inputType></command:inputTypes><command:returnValues><command:returnValue><dev:type><maml:name>System.String</maml:name><maml:uri></maml:uri><maml:description><maml:para /></maml:description></dev:type><maml:description><maml:para>The String consists of the following properties: 

 -- The address (IPv4 or IPv6) or name of the server that was removed from the cluster. </maml:para></maml:description></command:returnValue></command:returnValues><command:terminatingErrors /><command:nonTerminatingErrors /><command:examples><command:example><maml:title>EXAMPLE 1</maml:title><maml:introduction><maml:para></maml:para></maml:introduction><dev:code>
PS C:\&gt;Remove-RemoteAccessLoadBalancerNode –RemoteAccessServer edge3.corp.contoso.com –ComputerName edge2.corp.contoso.com
Confirm 
Removing server edge3 from the load balanced cluster will reduce cluster capacity and availability. Do you want to remove the server? 
 
[Y] Yes  [N] No  [S] Suspend  [?] Help (default is ꞌYꞌ): Y 

In case edge3 is not a part of the NLB cluster that contains edge2, this cmdlet returns with the following message.
PS C:\&gt;
Remove-RemoteAccessLoadBalancerNode: Server edge3 is not a part of a remote access server cluster
</dev:code><dev:remarks><maml:para>This example removes a server from an NLB Node.</maml:para></dev:remarks><command:commandLines><command:commandLine><command:commandText /></command:commandLine></command:commandLines></command:example></command:examples><maml:relatedLinks><maml:navigationLink><maml:linkText>Online Version:</maml:linkText><maml:uri>http://go.microsoft.com/fwlink/p/?linkid=289656</maml:uri></maml:navigationLink><maml:navigationLink><maml:linkText>Add-RemoteAccessLoadBalancerNode</maml:linkText><maml:uri /></maml:navigationLink></maml:relatedLinks></command:command>

</helpItems>

