﻿<?xml version = "1.0" encoding = "utf-8" ?>

<helpItems schema="maml">

<command:command xmlns:maml="http://schemas.microsoft.com/maml/2004/10" xmlns:command="http://schemas.microsoft.com/maml/dev/command/2004/10" xmlns:dev="http://schemas.microsoft.com/maml/dev/2004/10" xmlns:MSHelp="http://msdn.microsoft.com/mshelp"><command:details><command:name>Get-RemoteAccessUserActivity</command:name><maml:description><maml:para>Displays the resources accessed over the active DirectAccess (DA) and VPN connections and the resources accessed over historical DA and VPN connections.</maml:para></maml:description><maml:copyright><maml:para /></maml:copyright><command:verb>Get</command:verb><command:noun>RemoteAccessUserActivity</command:noun><dev:version /></command:details><maml:description><maml:para>The Get-RemoteAccessUserActivity cmdlet displays the resources accessed over the active DirectAccess (DA) and VPN connections and the resources accessed over historical DA and VPN connections.</maml:para><maml:para>The resources accessed over active and historical connections starting or ending on a Remote Access server are stored in the inbox accounting store on that server. This cmdlet retrieves the resources accessed for a specific server. The cmdlet is not impacted by multi-site deployment. 
                       
 -- If a start date nor an end date is specified, then the resources accessed over active connections are retrieved 
                       
 -- In order to retrieve the list of resources accessed over historical connections, a time duration needs to be specified such as a start date, an end date, or both. If only one of them is specified, then the time stamp on the first or last record in the accounting database is used to fill the missing information and create a duration. </maml:para><maml:para>The statistics of active connections can be explicitly filtered by the user name of the user who originated the Remote Access connection and the tunnel IP address of the client computer such as the IP address assigned by the server, from which the connection originated. However, only one of these filters can be used at a time.</maml:para></maml:description><command:syntax><command:syntaxItem><maml:name>Get-RemoteAccessUserActivity</maml:name><command:parameter required="true" variableLength="false" globbing="false" pipelineInput="false" position="2" aliases=""><maml:name>UserName</maml:name><maml:description><maml:para>Specifies the user whose activity needs to be retrieved. This parameter uses the DOMAIN\USERNAME format.</maml:para></maml:description><command:parameterValue required="true" variableLength="false">String</command:parameterValue></command:parameter><command:parameter required="false" variableLength="false" globbing="false" pipelineInput="false" position="named" aliases=""><maml:name>AsJob</maml:name><maml:description><maml:para>Runs the cmdlet as a background job. Use this parameter to run commands that take a long time to complete. 
 The cmdlet immediately returns an object that represents the job and then displays the command prompt. You can continue to work in the session while the job completes. To manage the job, use the *-Job cmdlets. To get the job results, use the <maml:navigationLink><maml:linkText>Receive-Job</maml:linkText><maml:uri></maml:uri></maml:navigationLink> cmdlet. 
 For more information about Windows PowerShell® background jobs, see <maml:navigationLink><maml:linkText>about_Jobs</maml:linkText><maml:uri></maml:uri></maml:navigationLink>.</maml:para></maml:description></command:parameter><command:parameter required="false" variableLength="true" globbing="false" pipelineInput="false" position="named" aliases="Session"><maml:name>CimSession</maml:name><maml:description><maml:para>Runs the cmdlet in a remote session or on a remote computer. Enter a computer name or a session object, such as the output of a <maml:navigationLink><maml:linkText>New-CimSession</maml:linkText><maml:uri></maml:uri></maml:navigationLink> or <maml:navigationLink><maml:linkText>Get-CimSession</maml:linkText><maml:uri></maml:uri></maml:navigationLink> cmdlet. The default is the current session on the local computer.</maml:para></maml:description><command:parameterValue required="true" variableLength="true">CimSession[]</command:parameterValue></command:parameter><command:parameter required="false" variableLength="false" globbing="false" pipelineInput="false" position="named" aliases="Cn"><maml:name>ComputerName</maml:name><maml:description><maml:para>Specifies the IPv4 or IPv6 address, or host name, of the computer on which the remote access server computer specific tasks should be run.</maml:para></maml:description><command:parameterValue required="true" variableLength="false">String</command:parameterValue></command:parameter><command:parameter required="false" variableLength="false" globbing="false" pipelineInput="True (ByValue)" position="named" aliases=""><maml:name>EndDateTime</maml:name><maml:description><maml:para>Specifies the time duration for which the user activity needs to be retrieved and indicates the end date.</maml:para></maml:description><command:parameterValue required="true" variableLength="false">DateTime</command:parameterValue></command:parameter><command:parameter required="false" variableLength="false" globbing="false" pipelineInput="True (ByValue)" position="named" aliases=""><maml:name>StartDateTime</maml:name><maml:description><maml:para>Specifies the time duration for which the user activity needs to be retrieved and indicates the start date.</maml:para></maml:description><command:parameterValue required="true" variableLength="false">DateTime</command:parameterValue></command:parameter><command:parameter required="false" variableLength="false" globbing="false" pipelineInput="false" position="named" aliases=""><maml:name>ThrottleLimit</maml:name><maml:description><maml:para>Specifies the maximum number of concurrent operations that can be established to run the cmdlet. If this parameter is omitted or a value of 0 is entered, then Windows PowerShell® calculates an optimum throttle limit for the cmdlet based on the number of CIM cmdlets that are running on the computer. The throttle limit applies only to the current cmdlet, not to the session or to the computer.</maml:para></maml:description><command:parameterValue required="true" variableLength="false">Int32</command:parameterValue></command:parameter></command:syntaxItem><command:syntaxItem><maml:name>Get-RemoteAccessUserActivity</maml:name><command:parameter required="false" variableLength="false" globbing="false" pipelineInput="false" position="named" aliases=""><maml:name>AsJob</maml:name><maml:description><maml:para>Runs the cmdlet as a background job. Use this parameter to run commands that take a long time to complete. 
 The cmdlet immediately returns an object that represents the job and then displays the command prompt. You can continue to work in the session while the job completes. To manage the job, use the *-Job cmdlets. To get the job results, use the <maml:navigationLink><maml:linkText>Receive-Job</maml:linkText><maml:uri></maml:uri></maml:navigationLink> cmdlet. 
 For more information about Windows PowerShell® background jobs, see <maml:navigationLink><maml:linkText>about_Jobs</maml:linkText><maml:uri></maml:uri></maml:navigationLink>.</maml:para></maml:description></command:parameter><command:parameter required="false" variableLength="true" globbing="false" pipelineInput="false" position="named" aliases="Session"><maml:name>CimSession</maml:name><maml:description><maml:para>Runs the cmdlet in a remote session or on a remote computer. Enter a computer name or a session object, such as the output of a <maml:navigationLink><maml:linkText>New-CimSession</maml:linkText><maml:uri></maml:uri></maml:navigationLink> or <maml:navigationLink><maml:linkText>Get-CimSession</maml:linkText><maml:uri></maml:uri></maml:navigationLink> cmdlet. The default is the current session on the local computer.</maml:para></maml:description><command:parameterValue required="true" variableLength="true">CimSession[]</command:parameterValue></command:parameter><command:parameter required="false" variableLength="false" globbing="false" pipelineInput="false" position="named" aliases="Cn"><maml:name>ComputerName</maml:name><maml:description><maml:para>Specifies the IPv4 or IPv6 address, or host name, of the computer on which the remote access server computer specific tasks should be run.</maml:para></maml:description><command:parameterValue required="true" variableLength="false">String</command:parameterValue></command:parameter><command:parameter required="false" variableLength="false" globbing="false" pipelineInput="True (ByValue)" position="named" aliases=""><maml:name>EndDateTime</maml:name><maml:description><maml:para>Specifies the time duration for which the user activity needs to be retrieved and indicates the end date.</maml:para></maml:description><command:parameterValue required="true" variableLength="false">DateTime</command:parameterValue></command:parameter><command:parameter required="false" variableLength="false" globbing="false" pipelineInput="True (ByValue)" position="named" aliases=""><maml:name>StartDateTime</maml:name><maml:description><maml:para>Specifies the time duration for which the user activity needs to be retrieved and indicates the start date.</maml:para></maml:description><command:parameterValue required="true" variableLength="false">DateTime</command:parameterValue></command:parameter><command:parameter required="false" variableLength="false" globbing="false" pipelineInput="false" position="named" aliases=""><maml:name>ThrottleLimit</maml:name><maml:description><maml:para>Specifies the maximum number of concurrent operations that can be established to run the cmdlet. If this parameter is omitted or a value of 0 is entered, then Windows PowerShell® calculates an optimum throttle limit for the cmdlet based on the number of CIM cmdlets that are running on the computer. The throttle limit applies only to the current cmdlet, not to the session or to the computer.</maml:para></maml:description><command:parameterValue required="true" variableLength="false">Int32</command:parameterValue></command:parameter><command:parameter required="true" variableLength="false" globbing="false" pipelineInput="false" position="named" aliases=""><maml:name>HostIPAddress</maml:name><maml:description><maml:para>Specifies the tunnel IP address of the connection. This can be an IPv4 or IPv6 address.</maml:para></maml:description><command:parameterValue required="true" variableLength="false">String</command:parameterValue></command:parameter></command:syntaxItem><command:syntaxItem><maml:name>Get-RemoteAccessUserActivity</maml:name><command:parameter required="false" variableLength="false" globbing="false" pipelineInput="false" position="named" aliases=""><maml:name>AsJob</maml:name><maml:description><maml:para>Runs the cmdlet as a background job. Use this parameter to run commands that take a long time to complete. 
 The cmdlet immediately returns an object that represents the job and then displays the command prompt. You can continue to work in the session while the job completes. To manage the job, use the *-Job cmdlets. To get the job results, use the <maml:navigationLink><maml:linkText>Receive-Job</maml:linkText><maml:uri></maml:uri></maml:navigationLink> cmdlet. 
 For more information about Windows PowerShell® background jobs, see <maml:navigationLink><maml:linkText>about_Jobs</maml:linkText><maml:uri></maml:uri></maml:navigationLink>.</maml:para></maml:description></command:parameter><command:parameter required="false" variableLength="true" globbing="false" pipelineInput="false" position="named" aliases="Session"><maml:name>CimSession</maml:name><maml:description><maml:para>Runs the cmdlet in a remote session or on a remote computer. Enter a computer name or a session object, such as the output of a <maml:navigationLink><maml:linkText>New-CimSession</maml:linkText><maml:uri></maml:uri></maml:navigationLink> or <maml:navigationLink><maml:linkText>Get-CimSession</maml:linkText><maml:uri></maml:uri></maml:navigationLink> cmdlet. The default is the current session on the local computer.</maml:para></maml:description><command:parameterValue required="true" variableLength="true">CimSession[]</command:parameterValue></command:parameter><command:parameter required="false" variableLength="false" globbing="false" pipelineInput="false" position="named" aliases="Cn"><maml:name>ComputerName</maml:name><maml:description><maml:para>Specifies the IPv4 or IPv6 address, or host name, of the computer on which the remote access server computer specific tasks should be run.</maml:para></maml:description><command:parameterValue required="true" variableLength="false">String</command:parameterValue></command:parameter><command:parameter required="false" variableLength="false" globbing="false" pipelineInput="false" position="named" aliases=""><maml:name>ThrottleLimit</maml:name><maml:description><maml:para>Specifies the maximum number of concurrent operations that can be established to run the cmdlet. If this parameter is omitted or a value of 0 is entered, then Windows PowerShell® calculates an optimum throttle limit for the cmdlet based on the number of CIM cmdlets that are running on the computer. The throttle limit applies only to the current cmdlet, not to the session or to the computer.</maml:para></maml:description><command:parameterValue required="true" variableLength="false">Int32</command:parameterValue></command:parameter><command:parameter required="true" variableLength="false" globbing="false" pipelineInput="True (ByPropertyName)" position="named" aliases=""><maml:name>SessionId</maml:name><maml:description><maml:para>Specifies an ID for a session for which to retrieve user activity data.</maml:para></maml:description><command:parameterValue required="true" variableLength="false">UInt64</command:parameterValue></command:parameter></command:syntaxItem></command:syntax><command:parameters><command:parameter required="false" variableLength="false" globbing="false" pipelineInput="false" position="named" aliases=""><maml:name>AsJob</maml:name><maml:description><maml:para>Runs the cmdlet as a background job. Use this parameter to run commands that take a long time to complete. 
 The cmdlet immediately returns an object that represents the job and then displays the command prompt. You can continue to work in the session while the job completes. To manage the job, use the *-Job cmdlets. To get the job results, use the <maml:navigationLink><maml:linkText>Receive-Job</maml:linkText><maml:uri></maml:uri></maml:navigationLink> cmdlet. 
 For more information about Windows PowerShell® background jobs, see <maml:navigationLink><maml:linkText>about_Jobs</maml:linkText><maml:uri></maml:uri></maml:navigationLink>.</maml:para></maml:description><command:parameterValue required="false" variableLength="false">SwitchParameter</command:parameterValue><dev:type><maml:name>SwitchParameter</maml:name><maml:uri /></dev:type><dev:defaultValue></dev:defaultValue></command:parameter><command:parameter required="false" variableLength="true" globbing="false" pipelineInput="false" position="named" aliases="Session"><maml:name>CimSession</maml:name><maml:description><maml:para>Runs the cmdlet in a remote session or on a remote computer. Enter a computer name or a session object, such as the output of a <maml:navigationLink><maml:linkText>New-CimSession</maml:linkText><maml:uri></maml:uri></maml:navigationLink> or <maml:navigationLink><maml:linkText>Get-CimSession</maml:linkText><maml:uri></maml:uri></maml:navigationLink> cmdlet. The default is the current session on the local computer.</maml:para></maml:description><command:parameterValue required="true" variableLength="true">CimSession[]</command:parameterValue><dev:type><maml:name>CimSession[]</maml:name><maml:uri /></dev:type><dev:defaultValue></dev:defaultValue></command:parameter><command:parameter required="false" variableLength="false" globbing="false" pipelineInput="false" position="named" aliases="Cn"><maml:name>ComputerName</maml:name><maml:description><maml:para>Specifies the IPv4 or IPv6 address, or host name, of the computer on which the remote access server computer specific tasks should be run.</maml:para></maml:description><command:parameterValue required="true" variableLength="false">String</command:parameterValue><dev:type><maml:name>String</maml:name><maml:uri /></dev:type><dev:defaultValue></dev:defaultValue></command:parameter><command:parameter required="false" variableLength="false" globbing="false" pipelineInput="True (ByValue)" position="named" aliases=""><maml:name>EndDateTime</maml:name><maml:description><maml:para>Specifies the time duration for which the user activity needs to be retrieved and indicates the end date.</maml:para></maml:description><command:parameterValue required="true" variableLength="false">DateTime</command:parameterValue><dev:type><maml:name>DateTime</maml:name><maml:uri /></dev:type><dev:defaultValue></dev:defaultValue></command:parameter><command:parameter required="true" variableLength="false" globbing="false" pipelineInput="false" position="named" aliases=""><maml:name>HostIPAddress</maml:name><maml:description><maml:para>Specifies the tunnel IP address of the connection. This can be an IPv4 or IPv6 address.</maml:para></maml:description><command:parameterValue required="true" variableLength="false">String</command:parameterValue><dev:type><maml:name>String</maml:name><maml:uri /></dev:type><dev:defaultValue></dev:defaultValue></command:parameter><command:parameter required="true" variableLength="false" globbing="false" pipelineInput="True (ByPropertyName)" position="named" aliases=""><maml:name>SessionId</maml:name><maml:description><maml:para>Specifies an ID for a session for which to retrieve user activity data.</maml:para></maml:description><command:parameterValue required="true" variableLength="false">UInt64</command:parameterValue><dev:type><maml:name>UInt64</maml:name><maml:uri /></dev:type><dev:defaultValue></dev:defaultValue></command:parameter><command:parameter required="false" variableLength="false" globbing="false" pipelineInput="True (ByValue)" position="named" aliases=""><maml:name>StartDateTime</maml:name><maml:description><maml:para>Specifies the time duration for which the user activity needs to be retrieved and indicates the start date.</maml:para></maml:description><command:parameterValue required="true" variableLength="false">DateTime</command:parameterValue><dev:type><maml:name>DateTime</maml:name><maml:uri /></dev:type><dev:defaultValue></dev:defaultValue></command:parameter><command:parameter required="false" variableLength="false" globbing="false" pipelineInput="false" position="named" aliases=""><maml:name>ThrottleLimit</maml:name><maml:description><maml:para>Specifies the maximum number of concurrent operations that can be established to run the cmdlet. If this parameter is omitted or a value of 0 is entered, then Windows PowerShell® calculates an optimum throttle limit for the cmdlet based on the number of CIM cmdlets that are running on the computer. The throttle limit applies only to the current cmdlet, not to the session or to the computer.</maml:para></maml:description><command:parameterValue required="true" variableLength="false">Int32</command:parameterValue><dev:type><maml:name>Int32</maml:name><maml:uri /></dev:type><dev:defaultValue></dev:defaultValue></command:parameter><command:parameter required="true" variableLength="false" globbing="false" pipelineInput="false" position="2" aliases=""><maml:name>UserName</maml:name><maml:description><maml:para>Specifies the user whose activity needs to be retrieved. This parameter uses the DOMAIN\USERNAME format.</maml:para></maml:description><command:parameterValue required="true" variableLength="false">String</command:parameterValue><dev:type><maml:name>String</maml:name><maml:uri /></dev:type><dev:defaultValue></dev:defaultValue></command:parameter></command:parameters><command:inputTypes><command:inputType><dev:type><maml:name>None</maml:name><maml:uri></maml:uri><maml:description><maml:para /></maml:description></dev:type><maml:description><maml:para></maml:para></maml:description></command:inputType></command:inputTypes><command:returnValues><command:returnValue><dev:type><maml:name>Microsoft.Management.Infrastructure.CimInstance#RemoteAccessUserActivity[]</maml:name><maml:uri></maml:uri><maml:description><maml:para /></maml:description></dev:type><maml:description><maml:para>The Microsoft.Management.Infrastructure.CimInstance object is a wrapper class that displays Windows Management Instrumentation (WMI) objects. The path after the pound sign (#) provides the namespace and class name for the underlying WMI object.
                         
For both real-time and accounting cases, the RemoteAccessUserActivity object consists of the following properties. A separate instance of the RemoteAccessUserActivity object is output for every corporate network resource that is accessed over the connection. 
                         
 -- The IP address of the server in the corporate network. 
                         
 -- The identity of the protocol used to access the server. 
                         
 -- The port number used to access the server. </maml:para></maml:description></command:returnValue></command:returnValues><command:terminatingErrors /><command:nonTerminatingErrors /><command:examples><command:example><maml:title>EXAMPLE 1</maml:title><maml:introduction><maml:para></maml:para></maml:introduction><dev:code>
PS C:\&gt;$startdate = Get-Date –Date "12/16/2011"



PS C:\&gt;$startdate
16 December 2011 00:00:00


PS C:\&gt;$enddate = Get-Date –Date "12/23/2011"



PS C:\&gt;$enddate



PS C:\&gt;Get-RemoteAccessUserActivity -StartDateTime $startdate -EndDateTime $enddate -UserName "corp.contoso.com\User1"
ServerIpAddress                          ProtocolID                     ServerPort 
---------------                          ----------                     ---------- 
2001:4898:0:fff:0:5efe:10.57.36.131      6                              443 
2001:4898:0:fff:0:5efe:10.57.36.131      50                             0 
</dev:code><dev:remarks><maml:para>This example shows historic access details for a particular user. Query the accounting store for user activity details for User1 between the start date and end date.</maml:para></dev:remarks><command:commandLines><command:commandLine><command:commandText /></command:commandLine></command:commandLines></command:example><command:example><maml:title>EXAMPLE 2</maml:title><maml:introduction><maml:para></maml:para></maml:introduction><dev:code>PS C:\&gt;Get-RemoteAccessUserActivity -UserName "contoso\User1" -ComputerName edge1.corp.contoso.com
ServerIpAddress                          ProtocolID                     ServerPort 
---------------                          ----------                     ---------- 
2001:4898:0:fff:0:5efe:10.166.20.136     6                              80 
2001:4898:0:fff:0:5efe:172.27.97.57      6                              443 
2a01:110:10:1005:3e4a:92ff:fee0:1443     17                             500 
2a01:110:10:1005:3e4a:92ff:fee0:1443     17                             389 
2001:4898:a8:6001:3e4a:92ff:fedb:7104    17                             500 
2001:4898:a8:6001:3e4a:92ff:fedb:7104    17                             389 
2001:4898:0:fff:0:5efe:172.27.97.57      17                             500 
fdbd:8187:9fc9:7777::aa6:3609            17                             53 
2001:4898:0:fff:0:5efe:10.166.20.136     17                             500 
</dev:code><dev:remarks><maml:para>This example shows the resources currently being accessed by the user named User1. If the user is not active currently, then the cmdlet will not return any rows.</maml:para></dev:remarks><command:commandLines><command:commandLine><command:commandText /></command:commandLine></command:commandLines></command:example></command:examples><maml:relatedLinks><maml:navigationLink><maml:linkText>Online Version:</maml:linkText><maml:uri>http://go.microsoft.com/fwlink/p/?linkid=289535</maml:uri></maml:navigationLink><maml:navigationLink><maml:linkText>Get-Date</maml:linkText><maml:uri></maml:uri></maml:navigationLink></maml:relatedLinks></command:command>

</helpItems>

