﻿<?xml version = "1.0" encoding = "utf-8" ?>

<helpItems schema="maml">

<command:command xmlns:maml="http://schemas.microsoft.com/maml/2004/10" xmlns:command="http://schemas.microsoft.com/maml/dev/command/2004/10" xmlns:dev="http://schemas.microsoft.com/maml/dev/2004/10" xmlns:MSHelp="http://msdn.microsoft.com/mshelp"><command:details><command:name>Get-RemoteAccessLoadBalancer</command:name><maml:description><maml:para>Displays load balanced cluster settings.</maml:para></maml:description><maml:copyright><maml:para /></maml:copyright><command:verb>Get</command:verb><command:noun>RemoteAccessLoadBalancer</command:noun><dev:version /></command:details><maml:description><maml:para>The Get-RemoteAccessLoadBalancer cmdlet displays the following: 

 -- A list of servers in the cluster. 

 -- The status of each server. 

 -- The VPN IP address range for each server, if VPN is enabled. 

 -- A list of the internal and external virtual IP addresses (VIPs) in the cluster. 

 -- The status of the third-party load balancer. </maml:para></maml:description><command:syntax><command:syntaxItem><maml:name>Get-RemoteAccessLoadBalancer</maml:name><command:parameter required="false" variableLength="false" globbing="false" pipelineInput="true (ByPropertyName)" position="2" aliases=""><maml:name>EntrypointName</maml:name><maml:description><maml:para>Specifies the name of the entry point in the multi-site deployment for which the load balancing configuration should be retrieved.</maml:para></maml:description><command:parameterValue required="true" variableLength="false">String</command:parameterValue></command:parameter><command:parameter required="false" variableLength="false" globbing="false" pipelineInput="false" position="named" aliases=""><maml:name>AsJob</maml:name><maml:description><maml:para>Runs the cmdlet as a background job. Use this parameter to run commands that take a long time to complete. 
 The cmdlet immediately returns an object that represents the job and then displays the command prompt. You can continue to work in the session while the job completes. To manage the job, use the *-Job cmdlets. To get the job results, use the <maml:navigationLink><maml:linkText>Receive-Job</maml:linkText><maml:uri></maml:uri></maml:navigationLink> cmdlet. 
 For more information about Windows PowerShell® background jobs, see <maml:navigationLink><maml:linkText>about_Jobs</maml:linkText><maml:uri></maml:uri></maml:navigationLink>.</maml:para></maml:description></command:parameter><command:parameter required="false" variableLength="false" globbing="false" pipelineInput="false" position="named" aliases=""><maml:name>Brief</maml:name><maml:description><maml:para>Indicates that the cmdlet suppresses retrieving node status. If you specify this parameter, the cmdlet returns only the host name of each node.</maml:para></maml:description></command:parameter><command:parameter required="false" variableLength="true" globbing="false" pipelineInput="false" position="named" aliases=""><maml:name>CimSession</maml:name><maml:description><maml:para>Runs the cmdlet in a remote session or on a remote computer. Enter a computer name or a session object, such as the output of a <maml:navigationLink><maml:linkText>New-CimSession</maml:linkText><maml:uri></maml:uri></maml:navigationLink> or <maml:navigationLink><maml:linkText>Get-CimSession</maml:linkText><maml:uri></maml:uri></maml:navigationLink> cmdlet. The default is the current session on the local computer.</maml:para></maml:description><command:parameterValue required="true" variableLength="true">CimSession[]</command:parameterValue></command:parameter><command:parameter required="false" variableLength="false" globbing="false" pipelineInput="false" position="named" aliases=""><maml:name>ComputerName</maml:name><maml:description><maml:para>Specifies the IPv4 or IPv6 address, or host name, of the server on which the cmdlet runs.</maml:para></maml:description><command:parameterValue required="true" variableLength="false">String</command:parameterValue></command:parameter><command:parameter required="false" variableLength="false" globbing="false" pipelineInput="false" position="named" aliases=""><maml:name>ThrottleLimit</maml:name><maml:description><maml:para>Specifies the maximum number of concurrent operations that can be established to run the cmdlet. If this parameter is omitted or a value of 0 is entered, then Windows PowerShell® calculates an optimum throttle limit for the cmdlet based on the number of CIM cmdlets that are running on the computer. The throttle limit applies only to the current cmdlet, not to the session or to the computer.</maml:para></maml:description><command:parameterValue required="true" variableLength="false">Int32</command:parameterValue></command:parameter></command:syntaxItem></command:syntax><command:parameters><command:parameter required="false" variableLength="false" globbing="false" pipelineInput="false" position="named" aliases=""><maml:name>AsJob</maml:name><maml:description><maml:para>Runs the cmdlet as a background job. Use this parameter to run commands that take a long time to complete. 
 The cmdlet immediately returns an object that represents the job and then displays the command prompt. You can continue to work in the session while the job completes. To manage the job, use the *-Job cmdlets. To get the job results, use the <maml:navigationLink><maml:linkText>Receive-Job</maml:linkText><maml:uri></maml:uri></maml:navigationLink> cmdlet. 
 For more information about Windows PowerShell® background jobs, see <maml:navigationLink><maml:linkText>about_Jobs</maml:linkText><maml:uri></maml:uri></maml:navigationLink>.</maml:para></maml:description><command:parameterValue required="false" variableLength="false">SwitchParameter</command:parameterValue><dev:type><maml:name>SwitchParameter</maml:name><maml:uri /></dev:type><dev:defaultValue></dev:defaultValue></command:parameter><command:parameter required="false" variableLength="false" globbing="false" pipelineInput="false" position="named" aliases=""><maml:name>Brief</maml:name><maml:description><maml:para>Indicates that the cmdlet suppresses retrieving node status. If you specify this parameter, the cmdlet returns only the host name of each node.</maml:para></maml:description><command:parameterValue required="false" variableLength="false">SwitchParameter</command:parameterValue><dev:type><maml:name>SwitchParameter</maml:name><maml:uri /></dev:type><dev:defaultValue></dev:defaultValue></command:parameter><command:parameter required="false" variableLength="true" globbing="false" pipelineInput="false" position="named" aliases=""><maml:name>CimSession</maml:name><maml:description><maml:para>Runs the cmdlet in a remote session or on a remote computer. Enter a computer name or a session object, such as the output of a <maml:navigationLink><maml:linkText>New-CimSession</maml:linkText><maml:uri></maml:uri></maml:navigationLink> or <maml:navigationLink><maml:linkText>Get-CimSession</maml:linkText><maml:uri></maml:uri></maml:navigationLink> cmdlet. The default is the current session on the local computer.</maml:para></maml:description><command:parameterValue required="true" variableLength="true">CimSession[]</command:parameterValue><dev:type><maml:name>CimSession[]</maml:name><maml:uri /></dev:type><dev:defaultValue></dev:defaultValue></command:parameter><command:parameter required="false" variableLength="false" globbing="false" pipelineInput="false" position="named" aliases=""><maml:name>ComputerName</maml:name><maml:description><maml:para>Specifies the IPv4 or IPv6 address, or host name, of the server on which the cmdlet runs.</maml:para></maml:description><command:parameterValue required="true" variableLength="false">String</command:parameterValue><dev:type><maml:name>String</maml:name><maml:uri /></dev:type><dev:defaultValue></dev:defaultValue></command:parameter><command:parameter required="false" variableLength="false" globbing="false" pipelineInput="true (ByPropertyName)" position="2" aliases=""><maml:name>EntrypointName</maml:name><maml:description><maml:para>Specifies the name of the entry point in the multi-site deployment for which the load balancing configuration should be retrieved.</maml:para></maml:description><command:parameterValue required="true" variableLength="false">String</command:parameterValue><dev:type><maml:name>String</maml:name><maml:uri /></dev:type><dev:defaultValue></dev:defaultValue></command:parameter><command:parameter required="false" variableLength="false" globbing="false" pipelineInput="false" position="named" aliases=""><maml:name>ThrottleLimit</maml:name><maml:description><maml:para>Specifies the maximum number of concurrent operations that can be established to run the cmdlet. If this parameter is omitted or a value of 0 is entered, then Windows PowerShell® calculates an optimum throttle limit for the cmdlet based on the number of CIM cmdlets that are running on the computer. The throttle limit applies only to the current cmdlet, not to the session or to the computer.</maml:para></maml:description><command:parameterValue required="true" variableLength="false">Int32</command:parameterValue><dev:type><maml:name>Int32</maml:name><maml:uri /></dev:type><dev:defaultValue></dev:defaultValue></command:parameter></command:parameters><command:inputTypes><command:inputType><dev:type><maml:name>None</maml:name><maml:uri></maml:uri><maml:description><maml:para /></maml:description></dev:type><maml:description><maml:para></maml:para></maml:description></command:inputType></command:inputTypes><command:returnValues><command:returnValue><dev:type><maml:name>Microsoft.Management.Infrastructure.CimInstance#RemoteAccessLoadBalancer</maml:name><maml:uri></maml:uri><maml:description><maml:para /></maml:description></dev:type><maml:description><maml:para>The Microsoft.Management.Infrastructure.CimInstance object is a wrapper class that displays Windows Management Instrumentation (WMI) objects. The path after the pound sign (#) provides the namespace and class name for the underlying WMI object.

The RemoteAccessLoadBalancer object consists of the following properties: 

The list of nodes in the cluster and the following properties for each node: 

 -- IPv4 or IPv6 address or host name of the node. 

 -- The load balancing status of each node. 

 -- IPv4 address ranges configured on each node for the VPN static pool address assignment. 

 -- Status of third party load balancer: Enabled or Disabled. 

 -- The list of internet virtual IP addresses. 

 -- The list of internal virtual IP addresses. </maml:para></maml:description></command:returnValue></command:returnValues><command:terminatingErrors /><command:nonTerminatingErrors /><command:examples><command:example><maml:title>EXAMPLE 1</maml:title><maml:introduction><maml:para></maml:para></maml:introduction><dev:code>PS C:\&gt;Get-RemoteAccessLoadBalancer –EntryPointName Edge1_Site
NlbNodeStatus               : edge.corp.contoso.com 

ThirdPartyLoadBalancer      : Disabled 

InternetVirtualIPAddress    : {131.107.0.2/255.255.255.0} 

InternalVirtualIPAddress    : {2006:2005:1::2/64} 
</dev:code><dev:remarks><maml:para>This example retrieves the NLB status of the site named Edge1_Site.</maml:para></dev:remarks><command:commandLines><command:commandLine><command:commandText /></command:commandLine></command:commandLines></command:example></command:examples><maml:relatedLinks><maml:navigationLink><maml:linkText>Online Version:</maml:linkText><maml:uri>http://go.microsoft.com/fwlink/p/?linkid=289532</maml:uri></maml:navigationLink><maml:navigationLink><maml:linkText>Add-RemoteAccessLoadBalancerNode</maml:linkText><maml:uri /></maml:navigationLink><maml:navigationLink><maml:linkText>Remove-RemoteAccessLoadBalancerNode</maml:linkText><maml:uri /></maml:navigationLink><maml:navigationLink><maml:linkText>Set-RemoteAccessLoadBalancer</maml:linkText><maml:uri /></maml:navigationLink></maml:relatedLinks></command:command>

<command:command xmlns:maml="http://schemas.microsoft.com/maml/2004/10" xmlns:command="http://schemas.microsoft.com/maml/dev/command/2004/10" xmlns:dev="http://schemas.microsoft.com/maml/dev/2004/10" xmlns:MSHelp="http://msdn.microsoft.com/mshelp"><command:details><command:name>Set-RemoteAccessLoadBalancer</command:name><maml:description><maml:para>Configures load balancing on the Remote Access (RA) server or the cluster server.</maml:para></maml:description><maml:copyright><maml:para /></maml:copyright><command:verb>Set</command:verb><command:noun>RemoteAccessLoadBalancer</command:noun><dev:version /></command:details><maml:description><maml:para>The Set-RemoteAccessLoadBalancer cmdlet configures load balancing for a Remote Access (RA) deployment. 
                       
 -- The InternalDedicatedIPAddress and InternalVirtualIPAddress parameters must be specified unless the server is configured with a single network adapter only. 
                       
 -- If the use of a third-party external load balancer is Enabled, then Windows network load balancing (NLB) is automatically Disabled, otherwise NLB is Enabled. 
                       
 -- When load balancing is enabled the IP-HTTPS prefix and the IPv6 prefix for VPN must be of length 59 bits. The IP-HTTPS prefix can be configured using the ClientIPv6Prefix parameter in the Set-DAServer  cmdlet. 
                       
 -- All servers in the cluster share the same RA configuration. </maml:para><maml:para>Note: If Windows load balancing is used then the Network Load Balancing role (NLB) needs to be installed prior to using this cmdlet.</maml:para></maml:description><command:syntax><command:syntaxItem><maml:name>Set-RemoteAccessLoadBalancer</maml:name><command:parameter required="true" variableLength="true" globbing="false" pipelineInput="True (ByPropertyName)" position="2" aliases=""><maml:name>InternetDedicatedIPAddress</maml:name><maml:description><maml:para>Specifies one or more IPv4 or IPv6 addresses with subnet masks that will be used as the DIPs for load balancing on the external network adapter. 
                         
Specify the IPv4 address and subnet in the format IP_ADDR/SUBNET. For IPv6 specify the prefix length along with the IP address. </maml:para></maml:description><command:parameterValue required="true" variableLength="true">String[]</command:parameterValue></command:parameter><command:parameter required="false" variableLength="false" globbing="false" pipelineInput="false" position="named" aliases=""><maml:name>AsJob</maml:name><maml:description><maml:para>Runs the cmdlet as a background job. Use this parameter to run commands that take a long time to complete. 
 The cmdlet immediately returns an object that represents the job and then displays the command prompt. You can continue to work in the session while the job completes. To manage the job, use the *-Job cmdlets. To get the job results, use the <maml:navigationLink><maml:linkText>Receive-Job</maml:linkText><maml:uri></maml:uri></maml:navigationLink> cmdlet. 
 For more information about Windows PowerShell® background jobs, see <maml:navigationLink><maml:linkText>about_Jobs</maml:linkText><maml:uri></maml:uri></maml:navigationLink>.</maml:para></maml:description></command:parameter><command:parameter required="false" variableLength="true" globbing="false" pipelineInput="false" position="named" aliases="Session"><maml:name>CimSession</maml:name><maml:description><maml:para>Runs the cmdlet in a remote session or on a remote computer. Enter a computer name or a session object, such as the output of a <maml:navigationLink><maml:linkText>New-CimSession</maml:linkText><maml:uri></maml:uri></maml:navigationLink> or <maml:navigationLink><maml:linkText>Get-CimSession</maml:linkText><maml:uri></maml:uri></maml:navigationLink> cmdlet. The default is the current session on the local computer.</maml:para></maml:description><command:parameterValue required="true" variableLength="true">CimSession[]</command:parameterValue></command:parameter><command:parameter required="false" variableLength="false" globbing="false" pipelineInput="false" position="named" aliases="Cn"><maml:name>ComputerName</maml:name><maml:description><maml:para>Specifies the IPv4 or IPv6 address, or host name, of the server on which the cmdlet runs. If this parameter is specified, then the server is added to the load balanced cluster.</maml:para></maml:description><command:parameterValue required="true" variableLength="false">String</command:parameterValue></command:parameter><command:parameter required="false" variableLength="true" globbing="false" pipelineInput="True (ByPropertyName)" position="named" aliases=""><maml:name>InternalDedicatedIPAddress</maml:name><maml:description><maml:para>Specifies one or more IP addresses with subnet masks that will be used as the dedicated IP addresses (DIPs) for load balancing on the internal network adapter. 
                         
Specify the IPv4 address and subnet in the format IP_ADDR/SUBNET. For IPv6 specify the prefix length along with the IP address. </maml:para></maml:description><command:parameterValue required="true" variableLength="true">String[]</command:parameterValue></command:parameter><command:parameter required="false" variableLength="true" globbing="false" pipelineInput="True (ByPropertyName)" position="named" aliases=""><maml:name>InternalVirtualIPAddress</maml:name><maml:description><maml:para>Specifies one or more IP addresses with subnet masks that will be used as the virtual IP addresses (VIPs) for load balancing on the internal network adapter. These are usually the current IP addresses on the internal adapter of the server on which the cmdlet is run. 
                         
Specify the IPv4 address and subnet in the format IP_ADDR/SUBNET. For IPv6 specify the prefix length along with the IP address. 
                         
If ISATAP is deployed in the internal network, then at least one of the IP addresses specified in this parameter should be present in the ISATAP name entry in DNS. 
                         
The NLS should resolve to at least one of the VIPs. </maml:para></maml:description><command:parameterValue required="true" variableLength="true">String[]</command:parameterValue></command:parameter><command:parameter required="false" variableLength="true" globbing="false" pipelineInput="True (ByPropertyName)" position="named" aliases=""><maml:name>InternetVirtualIPAddress</maml:name><maml:description><maml:para>Specifies one or more IP addresses with subnet masks that will be used as the VIPs for load balancing on the external network adapter and should include the IPsec tunnel endpoint IP addresses on the external adapter. 
                         
Specify the IPv4 address and subnet in the format IP_ADDR/SUBNET. For IPv6 specify the prefix length along with the IP address. If ISATAP is deployed in the internal network, then at least one of the IP addresses specified in the parameter should be present in the ISATAP name entry in DNS. If the external adapter VIP addresses are not specified, then by default the IPsec tunnel endpoint IP addresses on the external adapter are used. </maml:para></maml:description><command:parameterValue required="true" variableLength="true">String[]</command:parameterValue></command:parameter><command:parameter required="false" variableLength="false" globbing="false" pipelineInput="false" position="named" aliases=""><maml:name>PassThru</maml:name><maml:description><maml:para>Returns an object representing the item with which you are working. By default, this cmdlet does not generate any output.</maml:para></maml:description></command:parameter><command:parameter required="false" variableLength="false" globbing="false" pipelineInput="false" position="named" aliases=""><maml:name>ThrottleLimit</maml:name><maml:description><maml:para>Specifies the maximum number of concurrent operations that can be established to run the cmdlet. If this parameter is omitted or a value of 0 is entered, then Windows PowerShell® calculates an optimum throttle limit for the cmdlet based on the number of CIM cmdlets that are running on the computer. The throttle limit applies only to the current cmdlet, not to the session or to the computer.</maml:para></maml:description><command:parameterValue required="true" variableLength="false">Int32</command:parameterValue></command:parameter><command:parameter required="false" variableLength="false" globbing="false" pipelineInput="false" position="named" aliases=""><maml:name>UseThirdPartyLoadBalancer</maml:name><maml:description><maml:para>Enables use of a third-party external load balancer for cluster traffic. 
Note: If external load balancing is enabled and Teredo has been deployed, then all the external DIPs must be consecutive addresses. </maml:para></maml:description></command:parameter><command:parameter required="false" variableLength="true" globbing="false" pipelineInput="false" position="named"><maml:name>Confirm</maml:name><maml:description><maml:para>Prompts you for confirmation before running the cmdlet.</maml:para></maml:description></command:parameter><command:parameter required="false" variableLength="true" globbing="false" pipelineInput="false" position="named"><maml:name>WhatIf</maml:name><maml:description><maml:para>Shows what would happen if the cmdlet runs. The cmdlet is not run.</maml:para></maml:description></command:parameter></command:syntaxItem><command:syntaxItem><maml:name>Set-RemoteAccessLoadBalancer</maml:name><command:parameter required="false" variableLength="false" globbing="false" pipelineInput="false" position="named" aliases=""><maml:name>AsJob</maml:name><maml:description><maml:para>Runs the cmdlet as a background job. Use this parameter to run commands that take a long time to complete. 
 The cmdlet immediately returns an object that represents the job and then displays the command prompt. You can continue to work in the session while the job completes. To manage the job, use the *-Job cmdlets. To get the job results, use the <maml:navigationLink><maml:linkText>Receive-Job</maml:linkText><maml:uri></maml:uri></maml:navigationLink> cmdlet. 
 For more information about Windows PowerShell® background jobs, see <maml:navigationLink><maml:linkText>about_Jobs</maml:linkText><maml:uri></maml:uri></maml:navigationLink>.</maml:para></maml:description></command:parameter><command:parameter required="false" variableLength="true" globbing="false" pipelineInput="false" position="named" aliases="Session"><maml:name>CimSession</maml:name><maml:description><maml:para>Runs the cmdlet in a remote session or on a remote computer. Enter a computer name or a session object, such as the output of a <maml:navigationLink><maml:linkText>New-CimSession</maml:linkText><maml:uri></maml:uri></maml:navigationLink> or <maml:navigationLink><maml:linkText>Get-CimSession</maml:linkText><maml:uri></maml:uri></maml:navigationLink> cmdlet. The default is the current session on the local computer.</maml:para></maml:description><command:parameterValue required="true" variableLength="true">CimSession[]</command:parameterValue></command:parameter><command:parameter required="false" variableLength="false" globbing="false" pipelineInput="false" position="named" aliases="Cn"><maml:name>ComputerName</maml:name><maml:description><maml:para>Specifies the IPv4 or IPv6 address, or host name, of the server on which the cmdlet runs. If this parameter is specified, then the server is added to the load balanced cluster.</maml:para></maml:description><command:parameterValue required="true" variableLength="false">String</command:parameterValue></command:parameter><command:parameter required="false" variableLength="false" globbing="false" pipelineInput="false" position="named" aliases=""><maml:name>PassThru</maml:name><maml:description><maml:para>Returns an object representing the item with which you are working. By default, this cmdlet does not generate any output.</maml:para></maml:description></command:parameter><command:parameter required="false" variableLength="false" globbing="false" pipelineInput="false" position="named" aliases=""><maml:name>ThrottleLimit</maml:name><maml:description><maml:para>Specifies the maximum number of concurrent operations that can be established to run the cmdlet. If this parameter is omitted or a value of 0 is entered, then Windows PowerShell® calculates an optimum throttle limit for the cmdlet based on the number of CIM cmdlets that are running on the computer. The throttle limit applies only to the current cmdlet, not to the session or to the computer.</maml:para></maml:description><command:parameterValue required="true" variableLength="false">Int32</command:parameterValue></command:parameter><command:parameter required="true" variableLength="false" globbing="false" pipelineInput="True (ByPropertyName)" position="named" aliases=""><maml:name>ThirdPartyLoadBalancer</maml:name><maml:description><maml:para>Specifie the enabled state of a third-party external load balancer. The acceptable values for this parameter are: 
                         
 -- Enabled. 
                         
 -- Disabled. 
Note: If external load balancing is Enabled and Teredo has been deployed, then all the external DIPs must be consecutive addresses. </maml:para></maml:description><command:parameterValue required="true" variableLength="false">String</command:parameterValue></command:parameter><command:parameter required="false" variableLength="true" globbing="false" pipelineInput="false" position="named"><maml:name>Confirm</maml:name><maml:description><maml:para>Prompts you for confirmation before running the cmdlet.</maml:para></maml:description></command:parameter><command:parameter required="false" variableLength="true" globbing="false" pipelineInput="false" position="named"><maml:name>WhatIf</maml:name><maml:description><maml:para>Shows what would happen if the cmdlet runs. The cmdlet is not run.</maml:para></maml:description></command:parameter></command:syntaxItem><command:syntaxItem><maml:name>Set-RemoteAccessLoadBalancer</maml:name><command:parameter required="false" variableLength="false" globbing="false" pipelineInput="false" position="named" aliases=""><maml:name>AsJob</maml:name><maml:description><maml:para>Runs the cmdlet as a background job. Use this parameter to run commands that take a long time to complete. 
 The cmdlet immediately returns an object that represents the job and then displays the command prompt. You can continue to work in the session while the job completes. To manage the job, use the *-Job cmdlets. To get the job results, use the <maml:navigationLink><maml:linkText>Receive-Job</maml:linkText><maml:uri></maml:uri></maml:navigationLink> cmdlet. 
 For more information about Windows PowerShell® background jobs, see <maml:navigationLink><maml:linkText>about_Jobs</maml:linkText><maml:uri></maml:uri></maml:navigationLink>.</maml:para></maml:description></command:parameter><command:parameter required="false" variableLength="true" globbing="false" pipelineInput="false" position="named" aliases="Session"><maml:name>CimSession</maml:name><maml:description><maml:para>Runs the cmdlet in a remote session or on a remote computer. Enter a computer name or a session object, such as the output of a <maml:navigationLink><maml:linkText>New-CimSession</maml:linkText><maml:uri></maml:uri></maml:navigationLink> or <maml:navigationLink><maml:linkText>Get-CimSession</maml:linkText><maml:uri></maml:uri></maml:navigationLink> cmdlet. The default is the current session on the local computer.</maml:para></maml:description><command:parameterValue required="true" variableLength="true">CimSession[]</command:parameterValue></command:parameter><command:parameter required="false" variableLength="false" globbing="false" pipelineInput="false" position="named" aliases="Cn"><maml:name>ComputerName</maml:name><maml:description><maml:para>Specifies the IPv4 or IPv6 address, or host name, of the server on which the cmdlet runs. If this parameter is specified, then the server is added to the load balanced cluster.</maml:para></maml:description><command:parameterValue required="true" variableLength="false">String</command:parameterValue></command:parameter><command:parameter required="false" variableLength="false" globbing="false" pipelineInput="false" position="named" aliases=""><maml:name>Force</maml:name><maml:description><maml:para>Forces the command to run without asking for user confirmation.</maml:para></maml:description></command:parameter><command:parameter required="false" variableLength="false" globbing="false" pipelineInput="false" position="named" aliases=""><maml:name>PassThru</maml:name><maml:description><maml:para>Returns an object representing the item with which you are working. By default, this cmdlet does not generate any output.</maml:para></maml:description></command:parameter><command:parameter required="false" variableLength="false" globbing="false" pipelineInput="false" position="named" aliases=""><maml:name>ThrottleLimit</maml:name><maml:description><maml:para>Specifies the maximum number of concurrent operations that can be established to run the cmdlet. If this parameter is omitted or a value of 0 is entered, then Windows PowerShell® calculates an optimum throttle limit for the cmdlet based on the number of CIM cmdlets that are running on the computer. The throttle limit applies only to the current cmdlet, not to the session or to the computer.</maml:para></maml:description><command:parameterValue required="true" variableLength="false">Int32</command:parameterValue></command:parameter><command:parameter required="true" variableLength="false" globbing="false" pipelineInput="false" position="named" aliases=""><maml:name>Disable</maml:name><maml:description><maml:para>Disables load balancing.</maml:para></maml:description></command:parameter><command:parameter required="false" variableLength="true" globbing="false" pipelineInput="false" position="named"><maml:name>Confirm</maml:name><maml:description><maml:para>Prompts you for confirmation before running the cmdlet.</maml:para></maml:description></command:parameter><command:parameter required="false" variableLength="true" globbing="false" pipelineInput="false" position="named"><maml:name>WhatIf</maml:name><maml:description><maml:para>Shows what would happen if the cmdlet runs. The cmdlet is not run.</maml:para></maml:description></command:parameter></command:syntaxItem></command:syntax><command:parameters><command:parameter required="false" variableLength="false" globbing="false" pipelineInput="false" position="named" aliases=""><maml:name>AsJob</maml:name><maml:description><maml:para>Runs the cmdlet as a background job. Use this parameter to run commands that take a long time to complete. 
 The cmdlet immediately returns an object that represents the job and then displays the command prompt. You can continue to work in the session while the job completes. To manage the job, use the *-Job cmdlets. To get the job results, use the <maml:navigationLink><maml:linkText>Receive-Job</maml:linkText><maml:uri></maml:uri></maml:navigationLink> cmdlet. 
 For more information about Windows PowerShell® background jobs, see <maml:navigationLink><maml:linkText>about_Jobs</maml:linkText><maml:uri></maml:uri></maml:navigationLink>.</maml:para></maml:description><command:parameterValue required="false" variableLength="false">SwitchParameter</command:parameterValue><dev:type><maml:name>SwitchParameter</maml:name><maml:uri /></dev:type><dev:defaultValue></dev:defaultValue></command:parameter><command:parameter required="false" variableLength="true" globbing="false" pipelineInput="false" position="named" aliases="Session"><maml:name>CimSession</maml:name><maml:description><maml:para>Runs the cmdlet in a remote session or on a remote computer. Enter a computer name or a session object, such as the output of a <maml:navigationLink><maml:linkText>New-CimSession</maml:linkText><maml:uri></maml:uri></maml:navigationLink> or <maml:navigationLink><maml:linkText>Get-CimSession</maml:linkText><maml:uri></maml:uri></maml:navigationLink> cmdlet. The default is the current session on the local computer.</maml:para></maml:description><command:parameterValue required="true" variableLength="true">CimSession[]</command:parameterValue><dev:type><maml:name>CimSession[]</maml:name><maml:uri /></dev:type><dev:defaultValue></dev:defaultValue></command:parameter><command:parameter required="false" variableLength="false" globbing="false" pipelineInput="false" position="named" aliases="Cn"><maml:name>ComputerName</maml:name><maml:description><maml:para>Specifies the IPv4 or IPv6 address, or host name, of the server on which the cmdlet runs. If this parameter is specified, then the server is added to the load balanced cluster.</maml:para></maml:description><command:parameterValue required="true" variableLength="false">String</command:parameterValue><dev:type><maml:name>String</maml:name><maml:uri /></dev:type><dev:defaultValue></dev:defaultValue></command:parameter><command:parameter required="true" variableLength="false" globbing="false" pipelineInput="false" position="named" aliases=""><maml:name>Disable</maml:name><maml:description><maml:para>Disables load balancing.</maml:para></maml:description><command:parameterValue required="false" variableLength="false">SwitchParameter</command:parameterValue><dev:type><maml:name>SwitchParameter</maml:name><maml:uri /></dev:type><dev:defaultValue></dev:defaultValue></command:parameter><command:parameter required="false" variableLength="false" globbing="false" pipelineInput="false" position="named" aliases=""><maml:name>Force</maml:name><maml:description><maml:para>Forces the command to run without asking for user confirmation.</maml:para></maml:description><command:parameterValue required="false" variableLength="false">SwitchParameter</command:parameterValue><dev:type><maml:name>SwitchParameter</maml:name><maml:uri /></dev:type><dev:defaultValue></dev:defaultValue></command:parameter><command:parameter required="false" variableLength="true" globbing="false" pipelineInput="True (ByPropertyName)" position="named" aliases=""><maml:name>InternalDedicatedIPAddress</maml:name><maml:description><maml:para>Specifies one or more IP addresses with subnet masks that will be used as the dedicated IP addresses (DIPs) for load balancing on the internal network adapter. 
                         
Specify the IPv4 address and subnet in the format IP_ADDR/SUBNET. For IPv6 specify the prefix length along with the IP address. </maml:para></maml:description><command:parameterValue required="true" variableLength="true">String[]</command:parameterValue><dev:type><maml:name>String[]</maml:name><maml:uri /></dev:type><dev:defaultValue></dev:defaultValue></command:parameter><command:parameter required="false" variableLength="true" globbing="false" pipelineInput="True (ByPropertyName)" position="named" aliases=""><maml:name>InternalVirtualIPAddress</maml:name><maml:description><maml:para>Specifies one or more IP addresses with subnet masks that will be used as the virtual IP addresses (VIPs) for load balancing on the internal network adapter. These are usually the current IP addresses on the internal adapter of the server on which the cmdlet is run. 
                         
Specify the IPv4 address and subnet in the format IP_ADDR/SUBNET. For IPv6 specify the prefix length along with the IP address. 
                         
If ISATAP is deployed in the internal network, then at least one of the IP addresses specified in this parameter should be present in the ISATAP name entry in DNS. 
                         
The NLS should resolve to at least one of the VIPs. </maml:para></maml:description><command:parameterValue required="true" variableLength="true">String[]</command:parameterValue><dev:type><maml:name>String[]</maml:name><maml:uri /></dev:type><dev:defaultValue></dev:defaultValue></command:parameter><command:parameter required="true" variableLength="true" globbing="false" pipelineInput="True (ByPropertyName)" position="2" aliases=""><maml:name>InternetDedicatedIPAddress</maml:name><maml:description><maml:para>Specifies one or more IPv4 or IPv6 addresses with subnet masks that will be used as the DIPs for load balancing on the external network adapter. 
                         
Specify the IPv4 address and subnet in the format IP_ADDR/SUBNET. For IPv6 specify the prefix length along with the IP address. </maml:para></maml:description><command:parameterValue required="true" variableLength="true">String[]</command:parameterValue><dev:type><maml:name>String[]</maml:name><maml:uri /></dev:type><dev:defaultValue></dev:defaultValue></command:parameter><command:parameter required="false" variableLength="true" globbing="false" pipelineInput="True (ByPropertyName)" position="named" aliases=""><maml:name>InternetVirtualIPAddress</maml:name><maml:description><maml:para>Specifies one or more IP addresses with subnet masks that will be used as the VIPs for load balancing on the external network adapter and should include the IPsec tunnel endpoint IP addresses on the external adapter. 
                         
Specify the IPv4 address and subnet in the format IP_ADDR/SUBNET. For IPv6 specify the prefix length along with the IP address. If ISATAP is deployed in the internal network, then at least one of the IP addresses specified in the parameter should be present in the ISATAP name entry in DNS. If the external adapter VIP addresses are not specified, then by default the IPsec tunnel endpoint IP addresses on the external adapter are used. </maml:para></maml:description><command:parameterValue required="true" variableLength="true">String[]</command:parameterValue><dev:type><maml:name>String[]</maml:name><maml:uri /></dev:type><dev:defaultValue></dev:defaultValue></command:parameter><command:parameter required="false" variableLength="false" globbing="false" pipelineInput="false" position="named" aliases=""><maml:name>PassThru</maml:name><maml:description><maml:para>Returns an object representing the item with which you are working. By default, this cmdlet does not generate any output.</maml:para></maml:description><command:parameterValue required="false" variableLength="false">SwitchParameter</command:parameterValue><dev:type><maml:name>SwitchParameter</maml:name><maml:uri /></dev:type><dev:defaultValue></dev:defaultValue></command:parameter><command:parameter required="true" variableLength="false" globbing="false" pipelineInput="True (ByPropertyName)" position="named" aliases=""><maml:name>ThirdPartyLoadBalancer</maml:name><maml:description><maml:para>Specifie the enabled state of a third-party external load balancer. The acceptable values for this parameter are: 
                         
 -- Enabled. 
                         
 -- Disabled. 
Note: If external load balancing is Enabled and Teredo has been deployed, then all the external DIPs must be consecutive addresses. </maml:para></maml:description><command:parameterValue required="true" variableLength="false">String</command:parameterValue><dev:type><maml:name>String</maml:name><maml:uri /></dev:type><dev:defaultValue></dev:defaultValue></command:parameter><command:parameter required="false" variableLength="false" globbing="false" pipelineInput="false" position="named" aliases=""><maml:name>ThrottleLimit</maml:name><maml:description><maml:para>Specifies the maximum number of concurrent operations that can be established to run the cmdlet. If this parameter is omitted or a value of 0 is entered, then Windows PowerShell® calculates an optimum throttle limit for the cmdlet based on the number of CIM cmdlets that are running on the computer. The throttle limit applies only to the current cmdlet, not to the session or to the computer.</maml:para></maml:description><command:parameterValue required="true" variableLength="false">Int32</command:parameterValue><dev:type><maml:name>Int32</maml:name><maml:uri /></dev:type><dev:defaultValue></dev:defaultValue></command:parameter><command:parameter required="false" variableLength="false" globbing="false" pipelineInput="false" position="named" aliases=""><maml:name>UseThirdPartyLoadBalancer</maml:name><maml:description><maml:para>Enables use of a third-party external load balancer for cluster traffic. 
Note: If external load balancing is enabled and Teredo has been deployed, then all the external DIPs must be consecutive addresses. </maml:para></maml:description><command:parameterValue required="false" variableLength="false">SwitchParameter</command:parameterValue><dev:type><maml:name>SwitchParameter</maml:name><maml:uri /></dev:type><dev:defaultValue></dev:defaultValue></command:parameter><command:parameter required="false" variableLength="true" globbing="false" pipelineInput="false" position="named"><maml:name>Confirm</maml:name><maml:description><maml:para>Prompts you for confirmation before running the cmdlet.</maml:para></maml:description><command:parameterValue required="false" variableLength="false">SwitchParameter</command:parameterValue><dev:type><maml:name>SwitchParameter</maml:name><maml:uri /></dev:type><dev:defaultValue>false</dev:defaultValue></command:parameter><command:parameter required="false" variableLength="true" globbing="false" pipelineInput="false" position="named"><maml:name>WhatIf</maml:name><maml:description><maml:para>Shows what would happen if the cmdlet runs. The cmdlet is not run.</maml:para></maml:description><command:parameterValue required="false" variableLength="false">SwitchParameter</command:parameterValue><dev:type><maml:name>SwitchParameter</maml:name><maml:uri /></dev:type><dev:defaultValue>false</dev:defaultValue></command:parameter></command:parameters><command:inputTypes><command:inputType><dev:type><maml:name>None</maml:name><maml:uri></maml:uri><maml:description><maml:para /></maml:description></dev:type><maml:description><maml:para></maml:para></maml:description></command:inputType></command:inputTypes><command:returnValues><command:returnValue><dev:type><maml:name>Microsoft.Management.Infrastructure.CimInstance#RemoteAccessLoadBalancer</maml:name><maml:uri></maml:uri><maml:description><maml:para /></maml:description></dev:type><maml:description><maml:para>The Microsoft.Management.Infrastructure.CimInstance object is a wrapper class that displays Windows Management Instrumentation (WMI) objects. The path after the pound sign (#) provides the namespace and class name for the underlying WMI object.
                         
The RemoteAccessLoadBalancer object consists of the following properties: 
                         
The list of nodes in the cluster and the following properties for each node: 
                         
 -- IPv4 or IPv6 address or host name of the node. 
                         
 -- The load balancing status of each node. 
                         
 -- IPv4 address ranges configured on each node for the VPN static pool address assignment. 
                         
 -- Status of third party load balancer: Enabled or Disabled. 
                         
 -- The list of internet virtual IP addresses. 
                         
 -- The list of internal virtual IP addresses. </maml:para></maml:description></command:returnValue></command:returnValues><command:terminatingErrors /><command:nonTerminatingErrors /><command:examples><command:example><maml:title>EXAMPLE 1</maml:title><maml:introduction><maml:para></maml:para></maml:introduction><dev:code>PS C:\&gt;Set-RemoteAccessLoadBalancer -InternetDedicatedIPAddress "131.107.0.20/255.255.255.0" -InternalDedicatedIPAddress @("3ffe::2/64","10.0.0.2/255.255.255.0") -InternetVirtualIPAddress @("131.107.0.5/255.255.255.0","131.107.0.15/255.255.255.0") -InternalVirtualIPAddress @("3ffe::5/64","10.0.0.5/255.255.255.0") -PassThru
NlbNodeStatus            : edge2.corp.contoso.com 
ThirdPartyLoadBalancer   : Disabled 
InternetVirtualIPAddress : {131.107.0.5/255.255.255.0, 131.107.0.15/255.255.255.0} 
InternalVirtualIPAddress : {3ffe::5/64, 10.0.0.5/255.255.255.0} 
</dev:code><dev:remarks><maml:para>This example sets the NLB settings with Windows load balancer in edge topology. Therefore the Internet address of the existing DA server located at 131.107.0.2 is promoted to be the internet virtual IP address of the load balanced cluster. In this way, clients can still connect to the same external IP that they connected to without bothering about load balancing.</maml:para></dev:remarks><command:commandLines><command:commandLine><command:commandText /></command:commandLine></command:commandLines></command:example><command:example><maml:title>EXAMPLE 2</maml:title><maml:introduction><maml:para></maml:para></maml:introduction><dev:code>PS C:\&gt;Set-RemoteAccessLoadBalancer –InternetDedicatedIPAddress @("10.0.0.2/255.255.255.0","3ffe::2/64") –InternetVirtualIPAddress @("10.0.0.5/255.255.255.0", "3ffe::5/64") –PassThru
NlbNodeStatus            : edge1.corp.contoso.com 
ThirdPartyLoadBalancer    : Disabled 
InternetVirtualIPAddress    : {10.0.0.5/255.255.255.0, 3ffe::5/64} 
InternalVirtualIPAddress    : 
</dev:code><dev:remarks><maml:para>This example sets the NLB settings with Windows load balancer in single network adapter topology. The corporate network is IPv4 and IPv6 enabled and therefore an array containing the IPv4 and IPv6 addresses for internet VIP and DIP is specified. Since the DA server is behind an edge device, the internet VIPs and DIPs contain corporate network addresses.</maml:para></dev:remarks><command:commandLines><command:commandLine><command:commandText /></command:commandLine></command:commandLines></command:example><command:example><maml:title>EXAMPLE 3</maml:title><maml:introduction><maml:para></maml:para></maml:introduction><dev:code>PS C:\&gt;Set-RemoteAccessLoadBalancer -InternetDedicatedIPAddress "131.107.0.20/255.255.255.0" -InternalDedicatedIPAddress @("3ffe::2/64","10.0.0.2/255.255.255.0") -InternetVirtualIPAddress @("131.107.0.5/255.255.255.0","131.107.0.15/255.255.255.0") -InternalVirtualIPAddress @("3ffe::5/64","10.0.0.5/255.255.255.0") -PassThru -UseThirdPartyLoadBalancer
NlbNodeStatus            : edge2.corp.contoso.com 
ThirdPartyLoadBalancer   : Enabled 
InternetVirtualIPAddress : {131.107.0.5/255.255.255.0, 131.107.0.15/255.255.255.0} 
InternalVirtualIPAddress : {3ffe::5/64, 10.0.0.5/255.255.255.0} 
</dev:code><dev:remarks><maml:para>This example sets the NLB settings using third party load balancer. The administrator will still have to manually configure the NLB device.</maml:para></dev:remarks><command:commandLines><command:commandLine><command:commandText /></command:commandLine></command:commandLines></command:example><command:example><maml:title>EXAMPLE 4</maml:title><maml:introduction><maml:para></maml:para></maml:introduction><dev:code>PS C:\&gt;Set-RemoteAccessLoadBalancer -ThirdPartyLoadBalancer Disabled –PassThru
NlbNodeStatus            : edge2.corp.contoso.com 
ThirdPartyLoadBalancer   : Disabled 
InternetVirtualIPAddress : {131.107.0.5/255.255.255.0, 131.107.0.15/255.255.255.0} 
InternalVirtualIPAddress : {3ffe::5/64, 10.0.0.5/255.255.255.0} 
</dev:code><dev:remarks><maml:para>This example disables the external load balancer for a Windows load balanced cluster. The computer will now use the Windows load balancer to balance the load between servers.</maml:para></dev:remarks><command:commandLines><command:commandLine><command:commandText /></command:commandLine></command:commandLines></command:example><command:example><maml:title>EXAMPLE 5</maml:title><maml:introduction><maml:para></maml:para></maml:introduction><dev:code>PS C:\&gt;Set-RemoteAccessLoadBalancer –ThirdPartyLoadBalancer Enabled -PassThru
NlbNodeStatus            : edge2.corp.contoso.com 
ThirdPartyLoadBalancer   : Enabled 
InternetVirtualIPAddress : {131.107.0.5/255.255.255.0, 131.107.0.15/255.255.255.0} 
InternalVirtualIPAddress : {3ffe::5/64, 10.0.0.5/255.255.255.0} 
</dev:code><dev:remarks><maml:para>This example enables the external load balancer for a Windows load balanced cluster. The computer will now use the external load balancer to balance the load between servers.</maml:para></dev:remarks><command:commandLines><command:commandLine><command:commandText /></command:commandLine></command:commandLines></command:example><command:example><maml:title>EXAMPLE 6</maml:title><maml:introduction><maml:para></maml:para></maml:introduction><dev:code>
PS C:\&gt;Set-RemoteAccessLoadBalancer –Disable
Confirm 
Disabling loadbalancing will disable cluster configuration. Do you want to continue? 
 
[Y] Yes  [N] No  [S] Suspend  [?] Help (default is ꞌYꞌ): Y 
</dev:code><dev:remarks><maml:para>This example removes the NLB configuration. DA configuration is also removed from all the servers except the one on which the cmdlet is run.</maml:para></dev:remarks><command:commandLines><command:commandLine><command:commandText /></command:commandLine></command:commandLines></command:example></command:examples><maml:relatedLinks><maml:navigationLink><maml:linkText>Online Version:</maml:linkText><maml:uri>http://go.microsoft.com/fwlink/p/?linkid=291188</maml:uri></maml:navigationLink><maml:navigationLink><maml:linkText>Add-RemoteAccessLoadBalancerNode</maml:linkText><maml:uri /></maml:navigationLink><maml:navigationLink><maml:linkText>Get-RemoteAccessLoadBalancer</maml:linkText><maml:uri /></maml:navigationLink><maml:navigationLink><maml:linkText>Remove-RemoteAccessLoadBalancerNode</maml:linkText><maml:uri /></maml:navigationLink><maml:navigationLink><maml:linkText>Set-DAServer</maml:linkText><maml:uri /></maml:navigationLink><maml:navigationLink><maml:linkText>Set-RemoteAccessLoadBalancer</maml:linkText><maml:uri /></maml:navigationLink></maml:relatedLinks></command:command>

</helpItems>

