﻿<?xml version = "1.0" encoding = "utf-8" ?>

<helpItems schema="maml">

<command:command xmlns:maml="http://schemas.microsoft.com/maml/2004/10" xmlns:command="http://schemas.microsoft.com/maml/dev/command/2004/10" xmlns:dev="http://schemas.microsoft.com/maml/dev/2004/10" xmlns:MSHelp="http://msdn.microsoft.com/mshelp"><command:details><command:name>Get-SmbConnection</command:name><maml:description><maml:para>Retrieves the connections established from the Server Message Block (SMB) client to the SMB servers.</maml:para></maml:description><maml:copyright><maml:para /></maml:copyright><command:verb>Get</command:verb><command:noun>SmbConnection</command:noun><dev:version /></command:details><maml:description><maml:para>The Get-SmbConnection cmdlet retrieves the connections established from the Server Message Block (SMB) client to the SMB servers. Users can connect to an SMB share using credentials different than the associated logon credentials so that there will be a connection listed per share per user logon per credential used.</maml:para></maml:description><command:syntax><command:syntaxItem><maml:name>Get-SmbConnection</maml:name><command:parameter required="false" variableLength="true" globbing="false" pipelineInput="True (ByPropertyName)" position="2" aliases=""><maml:name>ServerName</maml:name><maml:description><maml:para>Specifies that the connections made to the server are enumerated.</maml:para></maml:description><command:parameterValue required="true" variableLength="true">String[]</command:parameterValue></command:parameter><command:parameter required="false" variableLength="true" globbing="false" pipelineInput="True (ByPropertyName)" position="3" aliases=""><maml:name>UserName</maml:name><maml:description><maml:para>Specifies that the connections made by the user are enumerated.</maml:para></maml:description><command:parameterValue required="true" variableLength="true">String[]</command:parameterValue></command:parameter><command:parameter required="false" variableLength="false" globbing="false" pipelineInput="false" position="named" aliases=""><maml:name>AsJob</maml:name><maml:description><maml:para>Runs the cmdlet as a background job. Use this parameter to run commands that take a long time to complete. 
 The cmdlet immediately returns an object that represents the job and then displays the command prompt. You can continue to work in the session while the job completes. To manage the job, use the *-Job cmdlets. To get the job results, use the <maml:navigationLink><maml:linkText>Receive-Job</maml:linkText><maml:uri></maml:uri></maml:navigationLink> cmdlet. 
 For more information about Windows PowerShell® background jobs, see <maml:navigationLink><maml:linkText>about_Jobs</maml:linkText><maml:uri></maml:uri></maml:navigationLink>.</maml:para></maml:description></command:parameter><command:parameter required="false" variableLength="true" globbing="false" pipelineInput="false" position="named" aliases=""><maml:name>CimSession</maml:name><maml:description><maml:para>Runs the cmdlet in a remote session or on a remote computer. Enter a computer name or a session object, such as the output of a <maml:navigationLink><maml:linkText>New-CimSession</maml:linkText><maml:uri></maml:uri></maml:navigationLink> or <maml:navigationLink><maml:linkText>Get-CimSession</maml:linkText><maml:uri></maml:uri></maml:navigationLink> cmdlet. The default is the current session on the local computer.</maml:para></maml:description><command:parameterValue required="true" variableLength="true">CimSession[]</command:parameterValue></command:parameter><command:parameter required="false" variableLength="false" globbing="false" pipelineInput="false" position="named" aliases=""><maml:name>ThrottleLimit</maml:name><maml:description><maml:para>Specifies the maximum number of concurrent operations that can be established to run the cmdlet. If this parameter is omitted or a value of 0 is entered, then Windows PowerShell® calculates an optimum throttle limit for the cmdlet based on the number of CIM cmdlets that are running on the computer. The throttle limit applies only to the current cmdlet, not to the session or to the computer.</maml:para></maml:description><command:parameterValue required="true" variableLength="false">Int32</command:parameterValue></command:parameter></command:syntaxItem></command:syntax><command:parameters><command:parameter required="false" variableLength="false" globbing="false" pipelineInput="false" position="named" aliases=""><maml:name>AsJob</maml:name><maml:description><maml:para>Runs the cmdlet as a background job. Use this parameter to run commands that take a long time to complete. 
 The cmdlet immediately returns an object that represents the job and then displays the command prompt. You can continue to work in the session while the job completes. To manage the job, use the *-Job cmdlets. To get the job results, use the <maml:navigationLink><maml:linkText>Receive-Job</maml:linkText><maml:uri></maml:uri></maml:navigationLink> cmdlet. 
 For more information about Windows PowerShell® background jobs, see <maml:navigationLink><maml:linkText>about_Jobs</maml:linkText><maml:uri></maml:uri></maml:navigationLink>.</maml:para></maml:description><command:parameterValue required="false" variableLength="false">SwitchParameter</command:parameterValue><dev:type><maml:name>SwitchParameter</maml:name><maml:uri /></dev:type><dev:defaultValue></dev:defaultValue></command:parameter><command:parameter required="false" variableLength="true" globbing="false" pipelineInput="false" position="named" aliases=""><maml:name>CimSession</maml:name><maml:description><maml:para>Runs the cmdlet in a remote session or on a remote computer. Enter a computer name or a session object, such as the output of a <maml:navigationLink><maml:linkText>New-CimSession</maml:linkText><maml:uri></maml:uri></maml:navigationLink> or <maml:navigationLink><maml:linkText>Get-CimSession</maml:linkText><maml:uri></maml:uri></maml:navigationLink> cmdlet. The default is the current session on the local computer.</maml:para></maml:description><command:parameterValue required="true" variableLength="true">CimSession[]</command:parameterValue><dev:type><maml:name>CimSession[]</maml:name><maml:uri /></dev:type><dev:defaultValue></dev:defaultValue></command:parameter><command:parameter required="false" variableLength="true" globbing="false" pipelineInput="True (ByPropertyName)" position="2" aliases=""><maml:name>ServerName</maml:name><maml:description><maml:para>Specifies that the connections made to the server are enumerated.</maml:para></maml:description><command:parameterValue required="true" variableLength="true">String[]</command:parameterValue><dev:type><maml:name>String[]</maml:name><maml:uri /></dev:type><dev:defaultValue></dev:defaultValue></command:parameter><command:parameter required="false" variableLength="false" globbing="false" pipelineInput="false" position="named" aliases=""><maml:name>ThrottleLimit</maml:name><maml:description><maml:para>Specifies the maximum number of concurrent operations that can be established to run the cmdlet. If this parameter is omitted or a value of 0 is entered, then Windows PowerShell® calculates an optimum throttle limit for the cmdlet based on the number of CIM cmdlets that are running on the computer. The throttle limit applies only to the current cmdlet, not to the session or to the computer.</maml:para></maml:description><command:parameterValue required="true" variableLength="false">Int32</command:parameterValue><dev:type><maml:name>Int32</maml:name><maml:uri /></dev:type><dev:defaultValue></dev:defaultValue></command:parameter><command:parameter required="false" variableLength="true" globbing="false" pipelineInput="True (ByPropertyName)" position="3" aliases=""><maml:name>UserName</maml:name><maml:description><maml:para>Specifies that the connections made by the user are enumerated.</maml:para></maml:description><command:parameterValue required="true" variableLength="true">String[]</command:parameterValue><dev:type><maml:name>String[]</maml:name><maml:uri /></dev:type><dev:defaultValue></dev:defaultValue></command:parameter></command:parameters><command:inputTypes><command:inputType><dev:type><maml:name>None</maml:name><maml:uri></maml:uri><maml:description><maml:para /></maml:description></dev:type><maml:description><maml:para></maml:para></maml:description></command:inputType></command:inputTypes><command:returnValues><command:returnValue><dev:type><maml:name>Microsoft.Management.Infrastructure.CimInstance#root/Microsoft/Windows/SMB/MSFT_SmbConnection</maml:name><maml:uri></maml:uri><maml:description><maml:para /></maml:description></dev:type><maml:description><maml:para>The MSFT_SmbConnection object represent the per share per user logon per credentials used to connect.</maml:para></maml:description></command:returnValue></command:returnValues><command:terminatingErrors /><command:nonTerminatingErrors /><command:examples><command:example><maml:title>EXAMPLE 1</maml:title><maml:introduction><maml:para></maml:para></maml:introduction><dev:code>PS C:\&gt;Get-SmbConnection
ServerName          ShareName           UserName             Credential           Dialect             NumOpens 
----------          ---------           --------             ----------           -------             -------- 
Contoso-FS1         VMS5                Contoso\Contoso-HV1$ Contoso\Contoso-HV1$ 3.00                1 
Contoso-FS1         VMS5                NT VIRTUAL MACHI...  Contoso\Contoso-HV1$ 3.00                3 
Contoso-FS          VMS1                Contoso\Contoso-HV1$ Contoso\Contoso-HV1$ 3.00                1 
Contoso-FS          VMS1                NT VIRTUAL MACHI...  Contoso\Contoso-HV1$ 3.00                5 
Contoso-SO          VMS3                Contoso\Contoso-HV1$ Contoso\Contoso-HV1$ 3.00                1 
Contoso-SO          VMS3                NT VIRTUAL MACHI...  Contoso\Contoso-HV1$ 3.00                1 
Contoso-SO          VMS3                NT VIRTUAL MACHI...  Contoso\Contoso-HV1$ 3.00                2 
</dev:code><dev:remarks><maml:para>This example retrieves the connections established from the SMB client to the SMB servers.</maml:para></dev:remarks><command:commandLines><command:commandLine><command:commandText /></command:commandLine></command:commandLines></command:example><command:example><maml:title>EXAMPLE 2</maml:title><maml:introduction><maml:para></maml:para></maml:introduction><dev:code>PS C:\&gt;Get-SmbConnection -ServerName Contoso-FS | Select-Object -Property *
ContinuouslyAvailable : True 
Credential            : Contoso\Contoso-HV1$ 
Dialect               : 3.00 
Encrypted             : False 
NumOpens              : 1 
ServerName            : Contoso-FS 
ShareName             : VMS1 
UserName              : Contoso\Contoso-HV1$ 
PSComputerName        : 
CimClass              : ROOT/Microsoft/Windows/SMB:MSFT_SmbConnection 
CimInstanceProperties : {ContinuouslyAvailable, Credential, Dialect, Encrypted...} 
CimSystemProperties   : Microsoft.Management.Infrastructure.CimSystemProperties 
 
ContinuouslyAvailable : True 
Credential            : Contoso\Contoso-HV1$ 
Dialect               : 3.00 
Encrypted             : False 
NumOpens              : 5 
ServerName            : Contoso-FS 
ShareName             : VMS1 
UserName              : NT VIRTUAL MACHINE\F357A523-592B-4CA5-B61E-C06D5627E1C9 
PSComputerName        : 
CimClass              : ROOT/Microsoft/Windows/SMB:MSFT_SmbConnection 
CimInstanceProperties : {ContinuouslyAvailable, Credential, Dialect, Encrypted...} 
CimSystemProperties   : Microsoft.Management.Infrastructure.CimSystemProperties 

</dev:code><dev:remarks><maml:para>This example retrieves the connections established from the SMB client to the SMB server named Contoso-FS.</maml:para></dev:remarks><command:commandLines><command:commandLine><command:commandText /></command:commandLine></command:commandLines></command:example></command:examples><maml:relatedLinks><maml:navigationLink><maml:linkText>Online Version:</maml:linkText><maml:uri>http://go.microsoft.com/fwlink/?LinkId=289511</maml:uri></maml:navigationLink><maml:navigationLink><maml:linkText>Get-SmbMultichannelConnection</maml:linkText><maml:uri /></maml:navigationLink><maml:navigationLink><maml:linkText>Update-SmbMultichannelConnection</maml:linkText><maml:uri /></maml:navigationLink></maml:relatedLinks></command:command>

</helpItems>

