﻿<?xml version = "1.0" encoding = "utf-8" ?>

<helpItems schema="maml">

<command:command xmlns:maml="http://schemas.microsoft.com/maml/2004/10" xmlns:command="http://schemas.microsoft.com/maml/dev/command/2004/10" xmlns:dev="http://schemas.microsoft.com/maml/dev/2004/10" xmlns:MSHelp="http://msdn.microsoft.com/mshelp"><command:details><command:name>Get-SmbClientNetworkInterface</command:name><maml:description><maml:para>Retrieves the network interfaces used by the Server Message Block (SMB) client.</maml:para></maml:description><maml:copyright><maml:para /></maml:copyright><command:verb>Get</command:verb><command:noun>SmbClientNetworkInterface</command:noun><dev:version /></command:details><maml:description><maml:para>The Get-SmbClientNetworkInterface cmdlets retrieves the network interfaces used by the Server Message Block (SMB) client.</maml:para></maml:description><command:syntax><command:syntaxItem><maml:name>Get-SmbClientNetworkInterface</maml:name><command:parameter required="false" variableLength="false" globbing="false" pipelineInput="false" position="named" aliases=""><maml:name>AsJob</maml:name><maml:description><maml:para>Runs the cmdlet as a background job. Use this parameter to run commands that take a long time to complete. 
 The cmdlet immediately returns an object that represents the job and then displays the command prompt. You can continue to work in the session while the job completes. To manage the job, use the *-Job cmdlets. To get the job results, use the <maml:navigationLink><maml:linkText>Receive-Job</maml:linkText><maml:uri></maml:uri></maml:navigationLink> cmdlet. 
 For more information about Windows PowerShell® background jobs, see <maml:navigationLink><maml:linkText>about_Jobs</maml:linkText><maml:uri></maml:uri></maml:navigationLink>.</maml:para></maml:description></command:parameter><command:parameter required="false" variableLength="true" globbing="false" pipelineInput="false" position="named" aliases=""><maml:name>CimSession</maml:name><maml:description><maml:para>Runs the cmdlet in a remote session or on a remote computer. Enter a computer name or a session object, such as the output of a <maml:navigationLink><maml:linkText>New-CimSession</maml:linkText><maml:uri></maml:uri></maml:navigationLink> or <maml:navigationLink><maml:linkText>Get-CimSession</maml:linkText><maml:uri></maml:uri></maml:navigationLink> cmdlet. The default is the current session on the local computer.</maml:para></maml:description><command:parameterValue required="true" variableLength="true">CimSession[]</command:parameterValue></command:parameter><command:parameter required="false" variableLength="false" globbing="false" pipelineInput="false" position="named" aliases=""><maml:name>ThrottleLimit</maml:name><maml:description><maml:para>Specifies the maximum number of concurrent operations that can be established to run the cmdlet. If this parameter is omitted or a value of 0 is entered, then Windows PowerShell® calculates an optimum throttle limit for the cmdlet based on the number of CIM cmdlets that are running on the computer. The throttle limit applies only to the current cmdlet, not to the session or to the computer.</maml:para></maml:description><command:parameterValue required="true" variableLength="false">Int32</command:parameterValue></command:parameter></command:syntaxItem></command:syntax><command:parameters><command:parameter required="false" variableLength="false" globbing="false" pipelineInput="false" position="named" aliases=""><maml:name>AsJob</maml:name><maml:description><maml:para>Runs the cmdlet as a background job. Use this parameter to run commands that take a long time to complete. 
 The cmdlet immediately returns an object that represents the job and then displays the command prompt. You can continue to work in the session while the job completes. To manage the job, use the *-Job cmdlets. To get the job results, use the <maml:navigationLink><maml:linkText>Receive-Job</maml:linkText><maml:uri></maml:uri></maml:navigationLink> cmdlet. 
 For more information about Windows PowerShell® background jobs, see <maml:navigationLink><maml:linkText>about_Jobs</maml:linkText><maml:uri></maml:uri></maml:navigationLink>.</maml:para></maml:description><command:parameterValue required="false" variableLength="false">SwitchParameter</command:parameterValue><dev:type><maml:name>SwitchParameter</maml:name><maml:uri /></dev:type><dev:defaultValue></dev:defaultValue></command:parameter><command:parameter required="false" variableLength="true" globbing="false" pipelineInput="false" position="named" aliases=""><maml:name>CimSession</maml:name><maml:description><maml:para>Runs the cmdlet in a remote session or on a remote computer. Enter a computer name or a session object, such as the output of a <maml:navigationLink><maml:linkText>New-CimSession</maml:linkText><maml:uri></maml:uri></maml:navigationLink> or <maml:navigationLink><maml:linkText>Get-CimSession</maml:linkText><maml:uri></maml:uri></maml:navigationLink> cmdlet. The default is the current session on the local computer.</maml:para></maml:description><command:parameterValue required="true" variableLength="true">CimSession[]</command:parameterValue><dev:type><maml:name>CimSession[]</maml:name><maml:uri /></dev:type><dev:defaultValue></dev:defaultValue></command:parameter><command:parameter required="false" variableLength="false" globbing="false" pipelineInput="false" position="named" aliases=""><maml:name>ThrottleLimit</maml:name><maml:description><maml:para>Specifies the maximum number of concurrent operations that can be established to run the cmdlet. If this parameter is omitted or a value of 0 is entered, then Windows PowerShell® calculates an optimum throttle limit for the cmdlet based on the number of CIM cmdlets that are running on the computer. The throttle limit applies only to the current cmdlet, not to the session or to the computer.</maml:para></maml:description><command:parameterValue required="true" variableLength="false">Int32</command:parameterValue><dev:type><maml:name>Int32</maml:name><maml:uri /></dev:type><dev:defaultValue></dev:defaultValue></command:parameter></command:parameters><command:inputTypes><command:inputType><dev:type><maml:name>None</maml:name><maml:uri></maml:uri><maml:description><maml:para /></maml:description></dev:type><maml:description><maml:para></maml:para></maml:description></command:inputType></command:inputTypes><command:returnValues><command:returnValue><dev:type><maml:name>Microsoft.Management.Infrastructure.CimInstance#root/Microsoft/Windows/SMB/MSFT_SmbClientNetworkInterface</maml:name><maml:uri></maml:uri><maml:description><maml:para /></maml:description></dev:type><maml:description><maml:para>The Microsoft.Management.Infrastructure.CimInstance object is a wrapper class that displays Windows Management Instrumentation (WMI) objects. The path after the pound sign (#) provides the namespace and class name for the underlying WMI object.

The MSFT_SmbClientNetworkInterface object represents the network interfaces used by the SMB client. </maml:para></maml:description></command:returnValue></command:returnValues><command:terminatingErrors /><command:nonTerminatingErrors /><command:examples><command:example><maml:title>EXAMPLE 1</maml:title><maml:introduction><maml:para></maml:para></maml:introduction><dev:code>PS C:\&gt;Get-SmbClientNetworkInterface
Interface Index     RSS Capable         RDMA Capable        Speed               IpAddresses         Friendly Name 
---------------     -----------         ------------        -----               -----------         ------------- 
12                  True                True                32 Gbps             {192.168.101.13}    RDMA1 
15                  True                True                32 Gbps             {192.168.102.13}    RDMA2 
17                  False               False               0  bps              {fe80::5efe:192.... isatap.{EF722F0D... 
18                  False               False               0  bps              {fe80::5efe:192.... isatap.{BD3C4A04... 
19                  False               False               0  bps              {fe80::5efe:192.... isatap.{597B0A73... 
20                  False               False               0  bps              {fe80::6065:ddbf... Local Area Conne... 
32                  False               False               10 Gbps             {172.30.182.10}     ExternalVirtual 
16                  False               False               3  Gbps             {2001:4898:0:fff... isatap.corp.cont... 
14                  False               False               1  Gbps             {192.168.100.13}    Internal 
</dev:code><dev:remarks><maml:para>This example retrieves the network interfaces used by the SMB client.</maml:para></dev:remarks><command:commandLines><command:commandLine><command:commandText /></command:commandLine></command:commandLines></command:example><command:example><maml:title>EXAMPLE 2</maml:title><maml:introduction><maml:para></maml:para></maml:introduction><dev:code>PS C:\&gt;Get-SmbClientNetworkInterface | Where-Object –Property LinkSpeed -Gt 10GB
Interface Index     RSS Capable         RDMA Capable        Speed               IpAddresses         Friendly Name 
---------------     -----------         ------------        -----               -----------         ------------- 
12                  True                True                32 Gbps             {192.168.101.13}    RDMA1 
15                  True                True                32 Gbps             {192.168.102.13}    RDMA2 

</dev:code><dev:remarks><maml:para>This example retrieves the network interfaces used by the SMB client that match the link speed of 10 gigabits or more.</maml:para></dev:remarks><command:commandLines><command:commandLine><command:commandText /></command:commandLine></command:commandLines></command:example><command:example><maml:title>EXAMPLE 3</maml:title><maml:introduction><maml:para></maml:para></maml:introduction><dev:code>PS C:\&gt;Get-SmbClientNetworkInterface | Where-Object –Property LinkSpeed -Gt 10GB | Select-Object –Property *
FriendlyName          : RDMA1 
InterfaceIndex        : 12 
IpAddresses           : {192.168.101.13} 
LinkSpeed             : 32000000000 
RdmaCapable           : True 
RssCapable            : True 
PSComputerName        : 
CimClass              : ROOT/Microsoft/Windows/SMB:MSFT_SmbClientNetworkInterface 
CimInstanceProperties : {FriendlyName, InterfaceIndex, IpAddresses, LinkSpeed...} 
CimSystemProperties   : Microsoft.Management.Infrastructure.CimSystemProperties 
 
FriendlyName          : RDMA2 
InterfaceIndex        : 15 
IpAddresses           : {192.168.102.13} 
LinkSpeed             : 32000000000 
RdmaCapable           : True 
RssCapable            : True 
PSComputerName        : 
CimClass              : ROOT/Microsoft/Windows/SMB:MSFT_SmbClientNetworkInterface 
CimInstanceProperties : {FriendlyName, InterfaceIndex, IpAddresses, LinkSpeed...} 
CimSystemProperties   : Microsoft.Management.Infrastructure.CimSystemProperties 

</dev:code><dev:remarks><maml:para>This example displays all of the information retrieved from the network interfaces used by the SMB client that match the link speed of 10 gigabits or more.</maml:para></dev:remarks><command:commandLines><command:commandLine><command:commandText /></command:commandLine></command:commandLines></command:example></command:examples><maml:relatedLinks><maml:navigationLink><maml:linkText>Online Version:</maml:linkText><maml:uri>http://go.microsoft.com/fwlink/?LinkId=289510</maml:uri></maml:navigationLink><maml:navigationLink><maml:linkText>Get-SmbServerNetworkInterface</maml:linkText><maml:uri /></maml:navigationLink></maml:relatedLinks></command:command>

</helpItems>

