﻿<?xml version = "1.0" encoding = "utf-8" ?>

<helpItems schema="maml">

<command:command xmlns:maml="http://schemas.microsoft.com/maml/2004/10" xmlns:command="http://schemas.microsoft.com/maml/dev/command/2004/10" xmlns:dev="http://schemas.microsoft.com/maml/dev/2004/10" xmlns:MSHelp="http://msdn.microsoft.com/mshelp"><command:details><command:name>Get-NetFirewallSetting</command:name><maml:description><maml:para>Retrieves the global firewall settings of the target computer.</maml:para></maml:description><maml:copyright><maml:para /></maml:copyright><command:verb>Get</command:verb><command:noun>NetFirewallSetting</command:noun><dev:version /></command:details><maml:description><maml:para>The Get-NetFirewallSetting cmdlet retrieves the global firewall settings of the target computer. The NetFirewallSetting object specifies properties that apply to the firewall and IPsec settings, no matter which network profile is currently in use. The global configurations include viewing the active profile, exemptions, specified certification validation levels, and user and computer authorization lists.</maml:para><maml:para>To view enforced settings, view the firewall settings from the ActiveStore policy store source.</maml:para></maml:description><command:syntax><command:syntaxItem><maml:name>Get-NetFirewallSetting</maml:name><command:parameter required="false" variableLength="false" globbing="false" pipelineInput="false" position="named" aliases=""><maml:name>All</maml:name><maml:description><maml:para>Indicates that all of the firewall settings within the specified policy store are retrieved.</maml:para></maml:description></command:parameter><command:parameter required="false" variableLength="false" globbing="false" pipelineInput="false" position="named" aliases=""><maml:name>AsJob</maml:name><maml:description><maml:para>Runs the cmdlet as a background job. Use this parameter to run commands that take a long time to complete. 
 The cmdlet immediately returns an object that represents the job and then displays the command prompt. You can continue to work in the session while the job completes. To manage the job, use the *-Job cmdlets. To get the job results, use the <maml:navigationLink><maml:linkText>Receive-Job</maml:linkText><maml:uri></maml:uri></maml:navigationLink> cmdlet. 
 For more information about Windows PowerShell® background jobs, see <maml:navigationLink><maml:linkText>about_Jobs</maml:linkText><maml:uri></maml:uri></maml:navigationLink>.</maml:para></maml:description></command:parameter><command:parameter required="false" variableLength="true" globbing="false" pipelineInput="false" position="named" aliases="Session"><maml:name>CimSession</maml:name><maml:description><maml:para>Runs the cmdlet in a remote session or on a remote computer. Enter a computer name or a session object, such as the output of a <maml:navigationLink><maml:linkText>New-CimSession</maml:linkText><maml:uri></maml:uri></maml:navigationLink> or <maml:navigationLink><maml:linkText>Get-CimSession</maml:linkText><maml:uri></maml:uri></maml:navigationLink> cmdlet. The default is the current session on the local computer.</maml:para></maml:description><command:parameterValue required="true" variableLength="true">CimSession[]</command:parameterValue></command:parameter><command:parameter required="false" variableLength="false" globbing="false" pipelineInput="false" position="named" aliases=""><maml:name>GPOSession</maml:name><maml:description><maml:para>Specifies the network GPO from which to retrieve the rules to be retrieved. 
                         
This parameter is used in the same way as the PolicyStore parameter. When modifying GPOs in Windows PowerShell®, each change to a GPO requires the entire GPO to be loaded, modified, and saved back. On a busy Domain Controller (DC), this can be a slow and resource-heavy operation. A GPO Session loads a domain GPO onto the local computer and makes all changes in a batch, before saving it back. This reduces the load on the DC and speeds up the Windows PowerShell cmdlets. To load a GPO Session, use the Open-NetGPO cmdlet. To save a GPO Session, use the Save-NetGPO cmdlet. </maml:para></maml:description><command:parameterValue required="true" variableLength="false">String</command:parameterValue></command:parameter><command:parameter required="false" variableLength="false" globbing="false" pipelineInput="false" position="named" aliases=""><maml:name>PolicyStore</maml:name><maml:description><maml:para>Specifies the policy store from which to retrieve the rules to be retrieved. 
                         
A policy store is a container for firewall and IPsec policy. 
The acceptable values for this parameter are: 
                         
 -- PersistentStore: Sometimes called static rules, this store contains the persistent policy for the local computer. This policy is not from GPOs, and has been created manually or programmatically (during application installation) on the computer. Rules created in this store are attached to the ActiveStore and activated on the computer immediately. 
                         
 -- ActiveStore: This store contains the currently active policy, which is the sum of all policy stores that apply to the computer. This is the resultant set of policy (RSOP) for the local computer (the sum of all GPOs that apply to the computer), and the local stores (the PersistentStore, the static Windows service hardening (WSH), and the configurable WSH). 
                         
 ---- GPOs are also policy stores. Computer GPOs can be specified as follows. 
                         
 ------ –PolicyStore hostname. 
                         
 ---- Active Directory GPOs can be specified as follows. 
                         
 ------ –PolicyStore domain.fqdn.com\GPO_Friendly_Name. 
                         
 ------ Such as the following. 
                         
 -------- -PolicyStore localhost
                         
 -------- -PolicyStore corp.contoso.com\FirewallPolicy
                         
 ---- Active Directory GPOs can be created using the New-GPO cmdlet or the Group Policy Management Console.
                         
                         
 -- RSOP: This read-only store contains the sum of all GPOs applied to the local computer. 
                         
 -- SystemDefaults: This read-only store contains the default state of firewall rules that ship with Windows Server® 2012. 
                         
 -- StaticServiceStore: This read-only store contains all the service restrictions that ship with Windows Server 2012. Optional and product-dependent features are considered part of Windows Server 2012 for the purposes of WFAS. 
                         
 -- ConfigurableServiceStore: This read-write store contains all the service restrictions that are added for third-party services. In addition, network isolation rules that are created for Windows Store application containers will appear in this policy store. 
                         
The default value is PersistentStore. 
Note: The Set-NetFirewallRule cmdlet cannot be used to add an object to a policy store. An object can only be added to a policy store at creation time with the Copy-NetFirewallRule cmdlet or with the New-NetFirewallRule cmdlet. </maml:para></maml:description><command:parameterValue required="true" variableLength="false">String</command:parameterValue></command:parameter><command:parameter required="false" variableLength="false" globbing="false" pipelineInput="false" position="named" aliases=""><maml:name>ThrottleLimit</maml:name><maml:description><maml:para>Specifies the maximum number of concurrent operations that can be established to run the cmdlet. If this parameter is omitted or a value of 0 is entered, then Windows PowerShell® calculates an optimum throttle limit for the cmdlet based on the number of CIM cmdlets that are running on the computer. The throttle limit applies only to the current cmdlet, not to the session or to the computer.</maml:para></maml:description><command:parameterValue required="true" variableLength="false">Int32</command:parameterValue></command:parameter></command:syntaxItem></command:syntax><command:parameters><command:parameter required="false" variableLength="false" globbing="false" pipelineInput="false" position="named" aliases=""><maml:name>All</maml:name><maml:description><maml:para>Indicates that all of the firewall settings within the specified policy store are retrieved.</maml:para></maml:description><command:parameterValue required="false" variableLength="false">SwitchParameter</command:parameterValue><dev:type><maml:name>SwitchParameter</maml:name><maml:uri /></dev:type><dev:defaultValue></dev:defaultValue></command:parameter><command:parameter required="false" variableLength="false" globbing="false" pipelineInput="false" position="named" aliases=""><maml:name>AsJob</maml:name><maml:description><maml:para>Runs the cmdlet as a background job. Use this parameter to run commands that take a long time to complete. 
 The cmdlet immediately returns an object that represents the job and then displays the command prompt. You can continue to work in the session while the job completes. To manage the job, use the *-Job cmdlets. To get the job results, use the <maml:navigationLink><maml:linkText>Receive-Job</maml:linkText><maml:uri></maml:uri></maml:navigationLink> cmdlet. 
 For more information about Windows PowerShell® background jobs, see <maml:navigationLink><maml:linkText>about_Jobs</maml:linkText><maml:uri></maml:uri></maml:navigationLink>.</maml:para></maml:description><command:parameterValue required="false" variableLength="false">SwitchParameter</command:parameterValue><dev:type><maml:name>SwitchParameter</maml:name><maml:uri /></dev:type><dev:defaultValue></dev:defaultValue></command:parameter><command:parameter required="false" variableLength="true" globbing="false" pipelineInput="false" position="named" aliases="Session"><maml:name>CimSession</maml:name><maml:description><maml:para>Runs the cmdlet in a remote session or on a remote computer. Enter a computer name or a session object, such as the output of a <maml:navigationLink><maml:linkText>New-CimSession</maml:linkText><maml:uri></maml:uri></maml:navigationLink> or <maml:navigationLink><maml:linkText>Get-CimSession</maml:linkText><maml:uri></maml:uri></maml:navigationLink> cmdlet. The default is the current session on the local computer.</maml:para></maml:description><command:parameterValue required="true" variableLength="true">CimSession[]</command:parameterValue><dev:type><maml:name>CimSession[]</maml:name><maml:uri /></dev:type><dev:defaultValue></dev:defaultValue></command:parameter><command:parameter required="false" variableLength="false" globbing="false" pipelineInput="false" position="named" aliases=""><maml:name>GPOSession</maml:name><maml:description><maml:para>Specifies the network GPO from which to retrieve the rules to be retrieved. 
                         
This parameter is used in the same way as the PolicyStore parameter. When modifying GPOs in Windows PowerShell®, each change to a GPO requires the entire GPO to be loaded, modified, and saved back. On a busy Domain Controller (DC), this can be a slow and resource-heavy operation. A GPO Session loads a domain GPO onto the local computer and makes all changes in a batch, before saving it back. This reduces the load on the DC and speeds up the Windows PowerShell cmdlets. To load a GPO Session, use the Open-NetGPO cmdlet. To save a GPO Session, use the Save-NetGPO cmdlet. </maml:para></maml:description><command:parameterValue required="true" variableLength="false">String</command:parameterValue><dev:type><maml:name>String</maml:name><maml:uri /></dev:type><dev:defaultValue></dev:defaultValue></command:parameter><command:parameter required="false" variableLength="false" globbing="false" pipelineInput="false" position="named" aliases=""><maml:name>PolicyStore</maml:name><maml:description><maml:para>Specifies the policy store from which to retrieve the rules to be retrieved. 
                         
A policy store is a container for firewall and IPsec policy. 
The acceptable values for this parameter are: 
                         
 -- PersistentStore: Sometimes called static rules, this store contains the persistent policy for the local computer. This policy is not from GPOs, and has been created manually or programmatically (during application installation) on the computer. Rules created in this store are attached to the ActiveStore and activated on the computer immediately. 
                         
 -- ActiveStore: This store contains the currently active policy, which is the sum of all policy stores that apply to the computer. This is the resultant set of policy (RSOP) for the local computer (the sum of all GPOs that apply to the computer), and the local stores (the PersistentStore, the static Windows service hardening (WSH), and the configurable WSH). 
                         
 ---- GPOs are also policy stores. Computer GPOs can be specified as follows. 
                         
 ------ –PolicyStore hostname. 
                         
 ---- Active Directory GPOs can be specified as follows. 
                         
 ------ –PolicyStore domain.fqdn.com\GPO_Friendly_Name. 
                         
 ------ Such as the following. 
                         
 -------- -PolicyStore localhost
                         
 -------- -PolicyStore corp.contoso.com\FirewallPolicy
                         
 ---- Active Directory GPOs can be created using the New-GPO cmdlet or the Group Policy Management Console.
                         
                         
 -- RSOP: This read-only store contains the sum of all GPOs applied to the local computer. 
                         
 -- SystemDefaults: This read-only store contains the default state of firewall rules that ship with Windows Server® 2012. 
                         
 -- StaticServiceStore: This read-only store contains all the service restrictions that ship with Windows Server 2012. Optional and product-dependent features are considered part of Windows Server 2012 for the purposes of WFAS. 
                         
 -- ConfigurableServiceStore: This read-write store contains all the service restrictions that are added for third-party services. In addition, network isolation rules that are created for Windows Store application containers will appear in this policy store. 
                         
The default value is PersistentStore. 
Note: The Set-NetFirewallRule cmdlet cannot be used to add an object to a policy store. An object can only be added to a policy store at creation time with the Copy-NetFirewallRule cmdlet or with the New-NetFirewallRule cmdlet. </maml:para></maml:description><command:parameterValue required="true" variableLength="false">String</command:parameterValue><dev:type><maml:name>String</maml:name><maml:uri /></dev:type><dev:defaultValue></dev:defaultValue></command:parameter><command:parameter required="false" variableLength="false" globbing="false" pipelineInput="false" position="named" aliases=""><maml:name>ThrottleLimit</maml:name><maml:description><maml:para>Specifies the maximum number of concurrent operations that can be established to run the cmdlet. If this parameter is omitted or a value of 0 is entered, then Windows PowerShell® calculates an optimum throttle limit for the cmdlet based on the number of CIM cmdlets that are running on the computer. The throttle limit applies only to the current cmdlet, not to the session or to the computer.</maml:para></maml:description><command:parameterValue required="true" variableLength="false">Int32</command:parameterValue><dev:type><maml:name>Int32</maml:name><maml:uri /></dev:type><dev:defaultValue></dev:defaultValue></command:parameter></command:parameters><command:inputTypes><command:inputType><dev:type><maml:name>None</maml:name><maml:uri></maml:uri><maml:description><maml:para /></maml:description></dev:type><maml:description><maml:para></maml:para></maml:description></command:inputType></command:inputTypes><command:returnValues><command:returnValue><dev:type><maml:name>Microsoft.Management.Infrastructure.CimInstance#root\StandardCimv2\NetFirewallSetting</maml:name><maml:uri></maml:uri><maml:description><maml:para /></maml:description></dev:type><maml:description><maml:para>The Microsoft.Management.Infrastructure.CimInstance object is a wrapper class that displays Windows Management Instrumentation (WMI) objects. The path after the pound sign (#) provides the namespace and class name for the underlying WMI object.</maml:para></maml:description></command:returnValue></command:returnValues><command:terminatingErrors /><command:nonTerminatingErrors /><command:examples><command:example><maml:title>EXAMPLE 1</maml:title><maml:introduction><maml:para></maml:para></maml:introduction><dev:code>PS C:\&gt;Get-NetFirewallSetting

</dev:code><dev:remarks><maml:para>This example gets the global firewall settings on the local computer.</maml:para></dev:remarks><command:commandLines><command:commandLine><command:commandText /></command:commandLine></command:commandLines></command:example><command:example><maml:title>EXAMPLE 2</maml:title><maml:introduction><maml:para></maml:para></maml:introduction><dev:code>PS C:\&gt;Get-NetFirewallSetting –PolicyStore corp.contoso.com/gpo_name | Set-NetFirewallSetting -Exemptions RouterDiscovery

</dev:code><dev:remarks><maml:para>This example modifies the global firewall settings of a particular GPO policy store. Running this cmdlet without specifying the policy store retrieves the persistent store.</maml:para></dev:remarks><command:commandLines><command:commandLine><command:commandText /></command:commandLine></command:commandLines></command:example></command:examples><maml:relatedLinks><maml:navigationLink><maml:linkText>Online Version:</maml:linkText><maml:uri>http://go.microsoft.com/fwlink/?LinkId=285414</maml:uri></maml:navigationLink><maml:navigationLink><maml:linkText>Copy-NetFirewallRule</maml:linkText><maml:uri /></maml:navigationLink><maml:navigationLink><maml:linkText>New-NetFirewallRule</maml:linkText><maml:uri /></maml:navigationLink><maml:navigationLink><maml:linkText>Open-NetGpo</maml:linkText><maml:uri /></maml:navigationLink><maml:navigationLink><maml:linkText>Save-NetGpo</maml:linkText><maml:uri /></maml:navigationLink><maml:navigationLink><maml:linkText>Set-NetFirewallSetting</maml:linkText><maml:uri /></maml:navigationLink><maml:navigationLink><maml:linkText>New-GPO</maml:linkText><maml:uri /></maml:navigationLink></maml:relatedLinks></command:command>

<command:command xmlns:maml="http://schemas.microsoft.com/maml/2004/10" xmlns:command="http://schemas.microsoft.com/maml/dev/command/2004/10" xmlns:dev="http://schemas.microsoft.com/maml/dev/2004/10" xmlns:MSHelp="http://msdn.microsoft.com/mshelp"><command:details><command:name>Set-NetFirewallSetting</command:name><maml:description><maml:para>Modifies the global firewall settings of the target computer.</maml:para></maml:description><maml:copyright><maml:para /></maml:copyright><command:verb>Set</command:verb><command:noun>NetFirewallSetting</command:noun><dev:version /></command:details><maml:description><maml:para>The Set-NetFirewallSetting cmdlet configures properties that apply to the firewall and IPsec settings, regardless of which network profile is currently in use. This cmdlet allows the administrator to specify global firewall behavior.</maml:para></maml:description><command:syntax><command:syntaxItem><maml:name>Set-NetFirewallSetting</maml:name><command:parameter required="false" variableLength="false" globbing="false" pipelineInput="false" position="named" aliases=""><maml:name>AllowIPsecThroughNAT</maml:name><maml:description><maml:para>Specifies that IPsec configures a security association (SA) when one or both computers involved are behind a network address translation (NAT) device. This setting indicates on which side NAT traversal should be attempted. The acceptable values for this parameter are:  None, Server, Both, or NotConfigured. 
                         
 -- None: Specifies that an SA cannot be negotiated if the server or client computer is behind a NAT device. 
                         
 -- Server: Specifies that an SA can be negotiated if only the server is on a private subnet behind a NAT device. 
                         
 -- Both: Specifies that an SA can be negotiated if the client or server or both of the computers are on private subnets behind one or more NAT devices. 
                         
 -- NotConfigured: Valid only when configuring a GPO. Removes the setting from the GPO, which results in the policy not changing the value on the computer when the policy is applied. 
                         
The default value is None. 
                         
When managing a GPO, the default setting is NotConfigured. </maml:para></maml:description><command:parameterValue required="true" variableLength="false">IPsecThroughNAT</command:parameterValue></command:parameter><command:parameter required="false" variableLength="false" globbing="false" pipelineInput="false" position="named" aliases=""><maml:name>AsJob</maml:name><maml:description><maml:para>Runs the cmdlet as a background job. Use this parameter to run commands that take a long time to complete. 
 The cmdlet immediately returns an object that represents the job and then displays the command prompt. You can continue to work in the session while the job completes. To manage the job, use the *-Job cmdlets. To get the job results, use the <maml:navigationLink><maml:linkText>Receive-Job</maml:linkText><maml:uri></maml:uri></maml:navigationLink> cmdlet. 
 For more information about Windows PowerShell® background jobs, see <maml:navigationLink><maml:linkText>about_Jobs</maml:linkText><maml:uri></maml:uri></maml:navigationLink>.</maml:para></maml:description></command:parameter><command:parameter required="false" variableLength="false" globbing="false" pipelineInput="false" position="named" aliases=""><maml:name>CertValidationLevel</maml:name><maml:description><maml:para>Specifies that IPsec checks the certificates used in authentication against a certificate revocation list (CRL), and how IPsec reacts to a certificate that is found to be on a CRL. 
The acceptable values for this parameter are:  None, AttemptCrlCheck, RequireCrlCheck, or NotConfigured. 
                         
 -- None: Specifies that IPsec does not perform any CRL checking. 
                         
 -- AttemptCrlCheck: Specifies that IPsec authentication fails only if the certificate is found to be revoked. 
                         
 -- RequireCrlCheck: Specifies that IPsec authentication fails if there is any error during CRL checking, including a failure to retrieve the CRL. 
                         
 -- NotConfigured: Valid only when configuring a GPO. Removes the setting from the GPO, which results in the policy not changing the value on the computer when the policy is applied. 
                         
The default value is None. 
                         
When managing a GPO, the default setting is NotConfigured. </maml:para></maml:description><command:parameterValue required="true" variableLength="false">CRLCheck</command:parameterValue></command:parameter><command:parameter required="false" variableLength="true" globbing="false" pipelineInput="false" position="named" aliases="Session"><maml:name>CimSession</maml:name><maml:description><maml:para>Runs the cmdlet in a remote session or on a remote computer. Enter a computer name or a session object, such as the output of a <maml:navigationLink><maml:linkText>New-CimSession</maml:linkText><maml:uri></maml:uri></maml:navigationLink> or <maml:navigationLink><maml:linkText>Get-CimSession</maml:linkText><maml:uri></maml:uri></maml:navigationLink> cmdlet. The default is the current session on the local computer.</maml:para></maml:description><command:parameterValue required="true" variableLength="true">CimSession[]</command:parameterValue></command:parameter><command:parameter required="false" variableLength="false" globbing="false" pipelineInput="false" position="named" aliases=""><maml:name>EnablePacketQueuing</maml:name><maml:description><maml:para>Specifies how the Windows Firewall with Advanced Security handles packet queuing. 
                         
This parameter enables inbound or forward packet queuing independently, allowing the computer is able to evenly distribute CPU load to multiple CPUs for site-to-site IPsec tunnel scenarios. The acceptable values for this parameter are:  None, Inbound, Forward, or NotConfigured. 
                         
 -- None: The firewall tracks the port numbers specified in PORT command requests and in the responses to PASV requests, and then allows the incoming FTP data traffic entering on the requested port number. 
                         
 -- Inbound: Inbound packet queuing is enabled. 
                         
 -- Forward: Forward packet queuing is enabled. 
                         
 -- NotConfigured: Valid only when configuring a GPO. Removes the setting from the GPO, which results in the policy not changing the value on the computer when the policy is applied. 
                         
The default value when managing a computer running Windows Server® 2012 is None. 
                         
When managing a Group Policy Object (GPO), the default setting is NotConfigured. </maml:para></maml:description><command:parameterValue required="true" variableLength="false">PacketQueuing</command:parameterValue></command:parameter><command:parameter required="false" variableLength="false" globbing="false" pipelineInput="false" position="named" aliases=""><maml:name>EnableStatefulFtp</maml:name><maml:description><maml:para>Configures how Windows Firewall with Advanced Security handles FTP traffic that uses an initial connection on one port to request a data connection on a different port. This affects both active and passive FTP. 
                         
If active FTP is used, then the client initiates a connection to the server on TCP port 21 and includes a PORT command that indicates to the FTP server the port number on which it should respond. A typical firewall on the client would block this new connection as unsolicited inbound traffic since the packets to the new port are not in response to a request from that port. 
                         
If passive FTP is used, then the client initiates a connection to the server on TCP port 21 and includes the PASV command. The server responds on TCP port 21 with a port number that the client must use for subsequent data transfer. The client then initiates a connection to the server on the specified port. A typical firewall on the FTP server would block this new incoming data connection as unsolicited inbound traffic since the packets received at the new port are not in response to a request from that port. 
                         
When this parameter is True, the firewall examines the PORT and PASV requests for these other port numbers and then allows the corresponding data connection to the port number that was requested. 
                         
 -- True: The firewall tracks the port numbers specified in PORT command requests and in the responses to PASV requests, and then allows the incoming FTP data traffic entering on the requested port number. 
                         
 -- False: The firewall does not track outgoing PORT commands or PASV responses, and so incoming data connections on the PORT or PASV requested port is blocked as an unsolicited incoming connection. 
                         
 - NotConfigured: Valid only when configuring a GPO. Removes the setting from the GPO, which results in the policy not changing the value on the computer when the policy is applied. 
                         
The default value is False. 
                         
The default value when managing a computer running Windows Vista® or Windows® 7 is True. 
                         
The default value when managing a computer running Windows Server® 2008 or Windows Server® 2008 R2 is False. 
                         
When managing a Group Policy Object (GPO), the default value is NotConfigured. </maml:para></maml:description><command:parameterValue required="true" variableLength="false">GpoBoolean</command:parameterValue></command:parameter><command:parameter required="false" variableLength="false" globbing="false" pipelineInput="false" position="named" aliases=""><maml:name>EnableStatefulPptp</maml:name><maml:description><maml:para>Configures how Windows Firewall with Advanced Security handles PPTP traffic. 
                         
If a connection is made through TCP port 1723 in Windows Vista, then Windows Firewall recognizes the connection as being established through PPTP. By default, Windows Firewall uses a stateful PPTP protocol analyzer to determine whether it can receive packets through the TCP port 1723 connection. Therefore, the stateful PPTP protocol analyzer may reject as not valid any traffic that uses a protocol other than PPTP. 
                         
 -- True: The firewall examines the packets from port 1723 and determines whether the traffic is valid PPTP traffic. 
                         
 -- False: The firewall does not examine the packets from port 1723 to determine whether the traffic is valid PPTP traffic. 
                         
 -- NotConfigured: Valid only when configuring a GPO. Removes the setting from the GPO, which results in the policy not changing the value on the computer when the policy is applied. 
                         
The default value is False. 
                         
When managing a GPO, the default value is NotConfigured. </maml:para></maml:description><command:parameterValue required="true" variableLength="false">GpoBoolean</command:parameterValue></command:parameter><command:parameter required="false" variableLength="false" globbing="false" pipelineInput="false" position="named" aliases=""><maml:name>Exemptions</maml:name><maml:description><maml:para>Specifies the protocols to be exempted from IPsec requirements. 
The acceptable values for this parameter are:  None, NeighborDiscovery, Icmp, RouterDiscovery, Dhcp, or NotConfigured. 
                         
 -- None: No protocols are exempted. 
                         
 -- NeighborDiscovery: Exempt IPv6 Neighbor Discovery protocol traffic. 
                         
 -- Icmp: Exempt ICMP, for both IPv4 and IPv6, protocol traffic. This option is available on computers that are running Windows 7 or Windows Server 2008 R2. 
                         
 -- RouterDiscovery: Exempt router discovery traffic. 
                         
 -- Dhcp: Exempt DHCP, for both IPv4 and IPv6, protocol traffic. This option is available on computers that are running Windows 7 or Windows Server 2008 R2. 
                         
The default value when managing a local computer that is running Windows 7 or Windows Server 2008 R2 is NeighborDiscovery,Dhcp. 
                         
The default value when managing a local computer that is running Windows Vista, Windows Server 2008, Windows XP®, or Windows Server® 2003 is NeighborDiscovery. 
                         
The default value when managing a GPO is NotConfigured. </maml:para></maml:description><command:parameterValue required="true" variableLength="false">TrafficExemption</command:parameterValue></command:parameter><command:parameter required="false" variableLength="false" globbing="false" pipelineInput="false" position="named" aliases=""><maml:name>GPOSession</maml:name><maml:description><maml:para>Specifies the network GPO from which to retrieve the rules to be modified. 
                         
This parameter is used in the same way as the PolicyStore parameter. When modifying GPOs in Windows PowerShell®, each change to a GPO requires the entire GPO to be loaded, modified, and saved back. On a busy Domain Controller (DC), this can be a slow and resource-heavy operation. A GPO Session loads a domain GPO onto the local computer and makes all changes in a batch, before saving it back. This reduces the load on the DC and speeds up the Windows PowerShell cmdlets. To load a GPO Session, use the Open-NetGPO cmdlet. To save a GPO Session, use the Save-NetGPO cmdlet. </maml:para></maml:description><command:parameterValue required="true" variableLength="false">String</command:parameterValue></command:parameter><command:parameter required="false" variableLength="false" globbing="false" pipelineInput="false" position="named" aliases=""><maml:name>KeyEncoding</maml:name><maml:description><maml:para>Specifies the type of key encoding to be used. 
The acceptable values for this parameter are:  UTF16 or UTF8. 
                         
The default value is UTF8. </maml:para></maml:description><command:parameterValue required="true" variableLength="false">KeyEncoding</command:parameterValue></command:parameter><command:parameter required="false" variableLength="false" globbing="false" pipelineInput="false" position="named" aliases=""><maml:name>MaxSAIdleTimeSeconds</maml:name><maml:description><maml:para>Specifies the number of minutes that a security association (SA) can stay idle before being deleted. 
                         
Once deleted, a new SA must be established before computers under the scope of the original SA can communicate again. 
The acceptable values for this parameter are:  300 through 3600 seconds, or NotConfigured. 
                         
 -- A non-zero value, including 300 through 3600, specifies the desired lifetime. 
                         
 -- NotConfigured: Valid only when configuring a GPO. Removes the setting from the GPO, which results in the policy not changing the value on the computer when the policy is applied. Note: This parameter value is case-sensitive and NotConfigured can only be specified using dot-notation. 
                         
The default value when managing a local computer is 300 seconds (5 minutes). 
                         
When managing a GPO, the default value is NotConfigured. </maml:para></maml:description><command:parameterValue required="true" variableLength="false">UInt32</command:parameterValue></command:parameter><command:parameter required="false" variableLength="false" globbing="false" pipelineInput="false" position="named" aliases=""><maml:name>PassThru</maml:name><maml:description><maml:para>Returns an object representing the item with which you are working. By default, this cmdlet does not generate any output.</maml:para></maml:description></command:parameter><command:parameter required="false" variableLength="false" globbing="false" pipelineInput="false" position="named" aliases=""><maml:name>PolicyStore</maml:name><maml:description><maml:para>Specifies the policy store from which to retrieve the rules to be modified. 
                         
A policy store is a container for firewall and IPsec policy. 
The acceptable values for this parameter are: 
                         
 -- PersistentStore: Sometimes called static rules, this store contains the persistent policy for the local computer. This policy is not from GPOs, and has been created manually or programmatically (during application installation) on the computer. Rules created in this store are attached to the ActiveStore and activated on the computer immediately. 
                         
 -- ActiveStore: This store contains the currently active policy, which is the sum of all policy stores that apply to the computer. This is the resultant set of policy (RSOP) for the local computer (the sum of all GPOs that apply to the computer), and the local stores (the PersistentStore, the static Windows service hardening (WSH), and the configurable WSH). 
                         
 ---- GPOs are also policy stores. Computer GPOs can be specified as follows. 
                         
 ------ –PolicyStore hostname. 
                         
 ---- Active Directory GPOs can be specified as follows. 
                         
 ------ –PolicyStore domain.fqdn.com\GPO_Friendly_Name. 
                         
 ------ Such as the following. 
                         
 -------- -PolicyStore localhost
                         
 -------- -PolicyStore corp.contoso.com\FirewallPolicy
                         
 ---- Active Directory GPOs can be created using the New-GPO cmdlet or the Group Policy Management Console. 
                         
 -- RSOP: This read-only store contains the sum of all GPOs applied to the local computer. 
                         
 -- SystemDefaults: This read-only store contains the default state of firewall rules that ship with Windows Server 2012. 
                         
 -- StaticServiceStore: This read-only store contains all the service restrictions that ship with Windows Server 2012. Optional and product-dependent features are considered part of Windows Server 2012 for the purposes of WFAS. 
                         
 -- ConfigurableServiceStore: This read-write store contains all the service restrictions that are added for third-party services. In addition, network isolation rules that are created for Windows Store application containers will appear in this policy store. 
                         
The default value is PersistentStore. 
Note: The Set-NetFirewallRule cmdlet cannot be used to add an object to a policy store. An object can only be added to a policy store at creation time with the Copy-NetFirewallRule cmdlet or with the New-NetFirewallRule cmdlet. </maml:para></maml:description><command:parameterValue required="true" variableLength="false">String</command:parameterValue></command:parameter><command:parameter required="false" variableLength="false" globbing="false" pipelineInput="false" position="named" aliases=""><maml:name>RemoteMachineTransportAuthorizationList</maml:name><maml:description><maml:para>Specifies the computer accounts that are authorized to establish transport connections to the local computer that match this rule. Authorization can override the per-rule basis and be done at the IPsec layer. The acceptable values for this parameter are: 
                         
 -- None: Specifies that access to the tunnel is not restricted based on computer account. 
                         
 -- &lt;SDDL string&gt;: A string that identifies accounts and the permissions granted or denied to those accounts. 
                         
This parameter value is valid on computers that are running Windows 7, Windows Server 2008 R2, and Windows Server 2012 only, and is ignored on earlier versions of Windows. </maml:para></maml:description><command:parameterValue required="true" variableLength="false">String</command:parameterValue></command:parameter><command:parameter required="false" variableLength="false" globbing="false" pipelineInput="false" position="named" aliases=""><maml:name>RemoteMachineTunnelAuthorizationList</maml:name><maml:description><maml:para>Specifies the computer accounts that are authorized to establish tunnel connections to the local computer that match this rule. Authorization can override the per-rule basis and be done at the IPsec layer. The acceptable values for this parameter are: 
                         
 -- None: Specifies that access to the tunnel is not restricted based on computer account. 
                         
 -- &lt;SDDL string&gt;: A string that identifies accounts and the permissions granted or denied to those accounts. 
                         
This parameter value is valid on computers that are running Windows 7, Windows Server 2008 R2, and Windows Server 2012 only, and is ignored on earlier versions of Windows. </maml:para></maml:description><command:parameterValue required="true" variableLength="false">String</command:parameterValue></command:parameter><command:parameter required="false" variableLength="false" globbing="false" pipelineInput="false" position="named" aliases=""><maml:name>RemoteUserTransportAuthorizationList</maml:name><maml:description><maml:para>Specifies the user accounts that are authorized to establish transport connections to the local computer that match this rule. Authorization can override the per-rule basis and be done at the IPsec layer. The acceptable values for this parameter are: 
                         
 -- None: Specifies that access to the tunnel is not restricted based on computer account. 
                         
 -- &lt;SDDL string&gt;: A string that identifies accounts and the permissions granted or denied to those accounts. 
                         
This parameter value is valid on computers that are running Windows 7, Windows Server 2008 R2, and Windows Server 2012 only, and is ignored on earlier versions of Windows. </maml:para></maml:description><command:parameterValue required="true" variableLength="false">String</command:parameterValue></command:parameter><command:parameter required="false" variableLength="false" globbing="false" pipelineInput="false" position="named" aliases=""><maml:name>RemoteUserTunnelAuthorizationList</maml:name><maml:description><maml:para>Specifies the user accounts that are authorized to establish tunnel connections to the local computer that match this rule. Authorization can override the per-rule basis and be done at the IPsec layer. The acceptable values for this parameter are: 
                         
 -- None: Specifies that access to the tunnel is not restricted based on computer account. 
                         
 -- &lt;SDDL string&gt;: A string that identifies accounts and the permissions granted or denied to those accounts. 
                         
This parameter value is valid on computers that are running Windows 7, Windows Server 2008 R2, and Windows Server 2012 only, and is ignored on earlier versions of Windows. </maml:para></maml:description><command:parameterValue required="true" variableLength="false">String</command:parameterValue></command:parameter><command:parameter required="false" variableLength="false" globbing="false" pipelineInput="false" position="named" aliases=""><maml:name>RequireFullAuthSupport</maml:name><maml:description><maml:para>Ignores key modules that do not support all of the authentication types present in a rule. If this parameter is set to True, then the behavior is the same as Windows Vista and Windows 7, that the key modules that do not support the entire authentication set will be ignored. If this parameter is set to False, then the keying modules will try with the subset of configured authentication types that are allowed. </maml:para></maml:description><command:parameterValue required="true" variableLength="false">GpoBoolean</command:parameterValue></command:parameter><command:parameter required="false" variableLength="false" globbing="false" pipelineInput="false" position="named" aliases=""><maml:name>ThrottleLimit</maml:name><maml:description><maml:para>Specifies the maximum number of concurrent operations that can be established to run the cmdlet. If this parameter is omitted or a value of 0 is entered, then Windows PowerShell® calculates an optimum throttle limit for the cmdlet based on the number of CIM cmdlets that are running on the computer. The throttle limit applies only to the current cmdlet, not to the session or to the computer.</maml:para></maml:description><command:parameterValue required="true" variableLength="false">Int32</command:parameterValue></command:parameter><command:parameter required="false" variableLength="true" globbing="false" pipelineInput="false" position="named"><maml:name>Confirm</maml:name><maml:description><maml:para>Prompts you for confirmation before running the cmdlet.</maml:para></maml:description></command:parameter><command:parameter required="false" variableLength="true" globbing="false" pipelineInput="false" position="named"><maml:name>WhatIf</maml:name><maml:description><maml:para>Shows what would happen if the cmdlet runs. The cmdlet is not run.</maml:para></maml:description></command:parameter></command:syntaxItem><command:syntaxItem><maml:name>Set-NetFirewallSetting</maml:name><command:parameter required="false" variableLength="false" globbing="false" pipelineInput="false" position="named" aliases=""><maml:name>AllowIPsecThroughNAT</maml:name><maml:description><maml:para>Specifies that IPsec configures a security association (SA) when one or both computers involved are behind a network address translation (NAT) device. This setting indicates on which side NAT traversal should be attempted. The acceptable values for this parameter are:  None, Server, Both, or NotConfigured. 
                         
 -- None: Specifies that an SA cannot be negotiated if the server or client computer is behind a NAT device. 
                         
 -- Server: Specifies that an SA can be negotiated if only the server is on a private subnet behind a NAT device. 
                         
 -- Both: Specifies that an SA can be negotiated if the client or server or both of the computers are on private subnets behind one or more NAT devices. 
                         
 -- NotConfigured: Valid only when configuring a GPO. Removes the setting from the GPO, which results in the policy not changing the value on the computer when the policy is applied. 
                         
The default value is None. 
                         
When managing a GPO, the default setting is NotConfigured. </maml:para></maml:description><command:parameterValue required="true" variableLength="false">IPsecThroughNAT</command:parameterValue></command:parameter><command:parameter required="false" variableLength="false" globbing="false" pipelineInput="false" position="named" aliases=""><maml:name>AsJob</maml:name><maml:description><maml:para>Runs the cmdlet as a background job. Use this parameter to run commands that take a long time to complete. 
 The cmdlet immediately returns an object that represents the job and then displays the command prompt. You can continue to work in the session while the job completes. To manage the job, use the *-Job cmdlets. To get the job results, use the <maml:navigationLink><maml:linkText>Receive-Job</maml:linkText><maml:uri></maml:uri></maml:navigationLink> cmdlet. 
 For more information about Windows PowerShell® background jobs, see <maml:navigationLink><maml:linkText>about_Jobs</maml:linkText><maml:uri></maml:uri></maml:navigationLink>.</maml:para></maml:description></command:parameter><command:parameter required="false" variableLength="false" globbing="false" pipelineInput="false" position="named" aliases=""><maml:name>CertValidationLevel</maml:name><maml:description><maml:para>Specifies that IPsec checks the certificates used in authentication against a certificate revocation list (CRL), and how IPsec reacts to a certificate that is found to be on a CRL. 
The acceptable values for this parameter are:  None, AttemptCrlCheck, RequireCrlCheck, or NotConfigured. 
                         
 -- None: Specifies that IPsec does not perform any CRL checking. 
                         
 -- AttemptCrlCheck: Specifies that IPsec authentication fails only if the certificate is found to be revoked. 
                         
 -- RequireCrlCheck: Specifies that IPsec authentication fails if there is any error during CRL checking, including a failure to retrieve the CRL. 
                         
 -- NotConfigured: Valid only when configuring a GPO. Removes the setting from the GPO, which results in the policy not changing the value on the computer when the policy is applied. 
                         
The default value is None. 
                         
When managing a GPO, the default setting is NotConfigured. </maml:para></maml:description><command:parameterValue required="true" variableLength="false">CRLCheck</command:parameterValue></command:parameter><command:parameter required="false" variableLength="true" globbing="false" pipelineInput="false" position="named" aliases="Session"><maml:name>CimSession</maml:name><maml:description><maml:para>Runs the cmdlet in a remote session or on a remote computer. Enter a computer name or a session object, such as the output of a <maml:navigationLink><maml:linkText>New-CimSession</maml:linkText><maml:uri></maml:uri></maml:navigationLink> or <maml:navigationLink><maml:linkText>Get-CimSession</maml:linkText><maml:uri></maml:uri></maml:navigationLink> cmdlet. The default is the current session on the local computer.</maml:para></maml:description><command:parameterValue required="true" variableLength="true">CimSession[]</command:parameterValue></command:parameter><command:parameter required="false" variableLength="false" globbing="false" pipelineInput="false" position="named" aliases=""><maml:name>EnablePacketQueuing</maml:name><maml:description><maml:para>Specifies how the Windows Firewall with Advanced Security handles packet queuing. 
                         
This parameter enables inbound or forward packet queuing independently, allowing the computer is able to evenly distribute CPU load to multiple CPUs for site-to-site IPsec tunnel scenarios. The acceptable values for this parameter are:  None, Inbound, Forward, or NotConfigured. 
                         
 -- None: The firewall tracks the port numbers specified in PORT command requests and in the responses to PASV requests, and then allows the incoming FTP data traffic entering on the requested port number. 
                         
 -- Inbound: Inbound packet queuing is enabled. 
                         
 -- Forward: Forward packet queuing is enabled. 
                         
 -- NotConfigured: Valid only when configuring a GPO. Removes the setting from the GPO, which results in the policy not changing the value on the computer when the policy is applied. 
                         
The default value when managing a computer running Windows Server® 2012 is None. 
                         
When managing a Group Policy Object (GPO), the default setting is NotConfigured. </maml:para></maml:description><command:parameterValue required="true" variableLength="false">PacketQueuing</command:parameterValue></command:parameter><command:parameter required="false" variableLength="false" globbing="false" pipelineInput="false" position="named" aliases=""><maml:name>EnableStatefulFtp</maml:name><maml:description><maml:para>Configures how Windows Firewall with Advanced Security handles FTP traffic that uses an initial connection on one port to request a data connection on a different port. This affects both active and passive FTP. 
                         
If active FTP is used, then the client initiates a connection to the server on TCP port 21 and includes a PORT command that indicates to the FTP server the port number on which it should respond. A typical firewall on the client would block this new connection as unsolicited inbound traffic since the packets to the new port are not in response to a request from that port. 
                         
If passive FTP is used, then the client initiates a connection to the server on TCP port 21 and includes the PASV command. The server responds on TCP port 21 with a port number that the client must use for subsequent data transfer. The client then initiates a connection to the server on the specified port. A typical firewall on the FTP server would block this new incoming data connection as unsolicited inbound traffic since the packets received at the new port are not in response to a request from that port. 
                         
When this parameter is True, the firewall examines the PORT and PASV requests for these other port numbers and then allows the corresponding data connection to the port number that was requested. 
                         
 -- True: The firewall tracks the port numbers specified in PORT command requests and in the responses to PASV requests, and then allows the incoming FTP data traffic entering on the requested port number. 
                         
 -- False: The firewall does not track outgoing PORT commands or PASV responses, and so incoming data connections on the PORT or PASV requested port is blocked as an unsolicited incoming connection. 
                         
 - NotConfigured: Valid only when configuring a GPO. Removes the setting from the GPO, which results in the policy not changing the value on the computer when the policy is applied. 
                         
The default value is False. 
                         
The default value when managing a computer running Windows Vista® or Windows® 7 is True. 
                         
The default value when managing a computer running Windows Server® 2008 or Windows Server® 2008 R2 is False. 
                         
When managing a Group Policy Object (GPO), the default value is NotConfigured. </maml:para></maml:description><command:parameterValue required="true" variableLength="false">GpoBoolean</command:parameterValue></command:parameter><command:parameter required="false" variableLength="false" globbing="false" pipelineInput="false" position="named" aliases=""><maml:name>EnableStatefulPptp</maml:name><maml:description><maml:para>Configures how Windows Firewall with Advanced Security handles PPTP traffic. 
                         
If a connection is made through TCP port 1723 in Windows Vista, then Windows Firewall recognizes the connection as being established through PPTP. By default, Windows Firewall uses a stateful PPTP protocol analyzer to determine whether it can receive packets through the TCP port 1723 connection. Therefore, the stateful PPTP protocol analyzer may reject as not valid any traffic that uses a protocol other than PPTP. 
                         
 -- True: The firewall examines the packets from port 1723 and determines whether the traffic is valid PPTP traffic. 
                         
 -- False: The firewall does not examine the packets from port 1723 to determine whether the traffic is valid PPTP traffic. 
                         
 -- NotConfigured: Valid only when configuring a GPO. Removes the setting from the GPO, which results in the policy not changing the value on the computer when the policy is applied. 
                         
The default value is False. 
                         
When managing a GPO, the default value is NotConfigured. </maml:para></maml:description><command:parameterValue required="true" variableLength="false">GpoBoolean</command:parameterValue></command:parameter><command:parameter required="false" variableLength="false" globbing="false" pipelineInput="false" position="named" aliases=""><maml:name>Exemptions</maml:name><maml:description><maml:para>Specifies the protocols to be exempted from IPsec requirements. 
The acceptable values for this parameter are:  None, NeighborDiscovery, Icmp, RouterDiscovery, Dhcp, or NotConfigured. 
                         
 -- None: No protocols are exempted. 
                         
 -- NeighborDiscovery: Exempt IPv6 Neighbor Discovery protocol traffic. 
                         
 -- Icmp: Exempt ICMP, for both IPv4 and IPv6, protocol traffic. This option is available on computers that are running Windows 7 or Windows Server 2008 R2. 
                         
 -- RouterDiscovery: Exempt router discovery traffic. 
                         
 -- Dhcp: Exempt DHCP, for both IPv4 and IPv6, protocol traffic. This option is available on computers that are running Windows 7 or Windows Server 2008 R2. 
                         
The default value when managing a local computer that is running Windows 7 or Windows Server 2008 R2 is NeighborDiscovery,Dhcp. 
                         
The default value when managing a local computer that is running Windows Vista, Windows Server 2008, Windows XP®, or Windows Server® 2003 is NeighborDiscovery. 
                         
The default value when managing a GPO is NotConfigured. </maml:para></maml:description><command:parameterValue required="true" variableLength="false">TrafficExemption</command:parameterValue></command:parameter><command:parameter required="false" variableLength="false" globbing="false" pipelineInput="false" position="named" aliases=""><maml:name>KeyEncoding</maml:name><maml:description><maml:para>Specifies the type of key encoding to be used. 
The acceptable values for this parameter are:  UTF16 or UTF8. 
                         
The default value is UTF8. </maml:para></maml:description><command:parameterValue required="true" variableLength="false">KeyEncoding</command:parameterValue></command:parameter><command:parameter required="false" variableLength="false" globbing="false" pipelineInput="false" position="named" aliases=""><maml:name>MaxSAIdleTimeSeconds</maml:name><maml:description><maml:para>Specifies the number of minutes that a security association (SA) can stay idle before being deleted. 
                         
Once deleted, a new SA must be established before computers under the scope of the original SA can communicate again. 
The acceptable values for this parameter are:  300 through 3600 seconds, or NotConfigured. 
                         
 -- A non-zero value, including 300 through 3600, specifies the desired lifetime. 
                         
 -- NotConfigured: Valid only when configuring a GPO. Removes the setting from the GPO, which results in the policy not changing the value on the computer when the policy is applied. Note: This parameter value is case-sensitive and NotConfigured can only be specified using dot-notation. 
                         
The default value when managing a local computer is 300 seconds (5 minutes). 
                         
When managing a GPO, the default value is NotConfigured. </maml:para></maml:description><command:parameterValue required="true" variableLength="false">UInt32</command:parameterValue></command:parameter><command:parameter required="false" variableLength="false" globbing="false" pipelineInput="false" position="named" aliases=""><maml:name>PassThru</maml:name><maml:description><maml:para>Returns an object representing the item with which you are working. By default, this cmdlet does not generate any output.</maml:para></maml:description></command:parameter><command:parameter required="false" variableLength="false" globbing="false" pipelineInput="false" position="named" aliases=""><maml:name>RemoteMachineTransportAuthorizationList</maml:name><maml:description><maml:para>Specifies the computer accounts that are authorized to establish transport connections to the local computer that match this rule. Authorization can override the per-rule basis and be done at the IPsec layer. The acceptable values for this parameter are: 
                         
 -- None: Specifies that access to the tunnel is not restricted based on computer account. 
                         
 -- &lt;SDDL string&gt;: A string that identifies accounts and the permissions granted or denied to those accounts. 
                         
This parameter value is valid on computers that are running Windows 7, Windows Server 2008 R2, and Windows Server 2012 only, and is ignored on earlier versions of Windows. </maml:para></maml:description><command:parameterValue required="true" variableLength="false">String</command:parameterValue></command:parameter><command:parameter required="false" variableLength="false" globbing="false" pipelineInput="false" position="named" aliases=""><maml:name>RemoteMachineTunnelAuthorizationList</maml:name><maml:description><maml:para>Specifies the computer accounts that are authorized to establish tunnel connections to the local computer that match this rule. Authorization can override the per-rule basis and be done at the IPsec layer. The acceptable values for this parameter are: 
                         
 -- None: Specifies that access to the tunnel is not restricted based on computer account. 
                         
 -- &lt;SDDL string&gt;: A string that identifies accounts and the permissions granted or denied to those accounts. 
                         
This parameter value is valid on computers that are running Windows 7, Windows Server 2008 R2, and Windows Server 2012 only, and is ignored on earlier versions of Windows. </maml:para></maml:description><command:parameterValue required="true" variableLength="false">String</command:parameterValue></command:parameter><command:parameter required="false" variableLength="false" globbing="false" pipelineInput="false" position="named" aliases=""><maml:name>RemoteUserTransportAuthorizationList</maml:name><maml:description><maml:para>Specifies the user accounts that are authorized to establish transport connections to the local computer that match this rule. Authorization can override the per-rule basis and be done at the IPsec layer. The acceptable values for this parameter are: 
                         
 -- None: Specifies that access to the tunnel is not restricted based on computer account. 
                         
 -- &lt;SDDL string&gt;: A string that identifies accounts and the permissions granted or denied to those accounts. 
                         
This parameter value is valid on computers that are running Windows 7, Windows Server 2008 R2, and Windows Server 2012 only, and is ignored on earlier versions of Windows. </maml:para></maml:description><command:parameterValue required="true" variableLength="false">String</command:parameterValue></command:parameter><command:parameter required="false" variableLength="false" globbing="false" pipelineInput="false" position="named" aliases=""><maml:name>RemoteUserTunnelAuthorizationList</maml:name><maml:description><maml:para>Specifies the user accounts that are authorized to establish tunnel connections to the local computer that match this rule. Authorization can override the per-rule basis and be done at the IPsec layer. The acceptable values for this parameter are: 
                         
 -- None: Specifies that access to the tunnel is not restricted based on computer account. 
                         
 -- &lt;SDDL string&gt;: A string that identifies accounts and the permissions granted or denied to those accounts. 
                         
This parameter value is valid on computers that are running Windows 7, Windows Server 2008 R2, and Windows Server 2012 only, and is ignored on earlier versions of Windows. </maml:para></maml:description><command:parameterValue required="true" variableLength="false">String</command:parameterValue></command:parameter><command:parameter required="false" variableLength="false" globbing="false" pipelineInput="false" position="named" aliases=""><maml:name>RequireFullAuthSupport</maml:name><maml:description><maml:para>Ignores key modules that do not support all of the authentication types present in a rule. If this parameter is set to True, then the behavior is the same as Windows Vista and Windows 7, that the key modules that do not support the entire authentication set will be ignored. If this parameter is set to False, then the keying modules will try with the subset of configured authentication types that are allowed. </maml:para></maml:description><command:parameterValue required="true" variableLength="false">GpoBoolean</command:parameterValue></command:parameter><command:parameter required="false" variableLength="false" globbing="false" pipelineInput="false" position="named" aliases=""><maml:name>ThrottleLimit</maml:name><maml:description><maml:para>Specifies the maximum number of concurrent operations that can be established to run the cmdlet. If this parameter is omitted or a value of 0 is entered, then Windows PowerShell® calculates an optimum throttle limit for the cmdlet based on the number of CIM cmdlets that are running on the computer. The throttle limit applies only to the current cmdlet, not to the session or to the computer.</maml:para></maml:description><command:parameterValue required="true" variableLength="false">Int32</command:parameterValue></command:parameter><command:parameter required="true" variableLength="true" globbing="false" pipelineInput="True (ByValue)" position="named" aliases=""><maml:name>InputObject</maml:name><maml:description><maml:para>Specifies the input to this cmdlet. You can use this parameter, or you can pipe the input to this cmdlet.</maml:para></maml:description><command:parameterValue required="true" variableLength="true">CimInstance[]</command:parameterValue></command:parameter><command:parameter required="false" variableLength="true" globbing="false" pipelineInput="false" position="named"><maml:name>Confirm</maml:name><maml:description><maml:para>Prompts you for confirmation before running the cmdlet.</maml:para></maml:description></command:parameter><command:parameter required="false" variableLength="true" globbing="false" pipelineInput="false" position="named"><maml:name>WhatIf</maml:name><maml:description><maml:para>Shows what would happen if the cmdlet runs. The cmdlet is not run.</maml:para></maml:description></command:parameter></command:syntaxItem></command:syntax><command:parameters><command:parameter required="false" variableLength="false" globbing="false" pipelineInput="false" position="named" aliases=""><maml:name>AllowIPsecThroughNAT</maml:name><maml:description><maml:para>Specifies that IPsec configures a security association (SA) when one or both computers involved are behind a network address translation (NAT) device. This setting indicates on which side NAT traversal should be attempted. The acceptable values for this parameter are:  None, Server, Both, or NotConfigured. 
                         
 -- None: Specifies that an SA cannot be negotiated if the server or client computer is behind a NAT device. 
                         
 -- Server: Specifies that an SA can be negotiated if only the server is on a private subnet behind a NAT device. 
                         
 -- Both: Specifies that an SA can be negotiated if the client or server or both of the computers are on private subnets behind one or more NAT devices. 
                         
 -- NotConfigured: Valid only when configuring a GPO. Removes the setting from the GPO, which results in the policy not changing the value on the computer when the policy is applied. 
                         
The default value is None. 
                         
When managing a GPO, the default setting is NotConfigured. </maml:para></maml:description><command:parameterValue required="true" variableLength="false">IPsecThroughNAT</command:parameterValue><dev:type><maml:name>IPsecThroughNAT</maml:name><maml:uri /></dev:type><dev:defaultValue></dev:defaultValue></command:parameter><command:parameter required="false" variableLength="false" globbing="false" pipelineInput="false" position="named" aliases=""><maml:name>AsJob</maml:name><maml:description><maml:para>Runs the cmdlet as a background job. Use this parameter to run commands that take a long time to complete. 
 The cmdlet immediately returns an object that represents the job and then displays the command prompt. You can continue to work in the session while the job completes. To manage the job, use the *-Job cmdlets. To get the job results, use the <maml:navigationLink><maml:linkText>Receive-Job</maml:linkText><maml:uri></maml:uri></maml:navigationLink> cmdlet. 
 For more information about Windows PowerShell® background jobs, see <maml:navigationLink><maml:linkText>about_Jobs</maml:linkText><maml:uri></maml:uri></maml:navigationLink>.</maml:para></maml:description><command:parameterValue required="false" variableLength="false">SwitchParameter</command:parameterValue><dev:type><maml:name>SwitchParameter</maml:name><maml:uri /></dev:type><dev:defaultValue></dev:defaultValue></command:parameter><command:parameter required="false" variableLength="false" globbing="false" pipelineInput="false" position="named" aliases=""><maml:name>CertValidationLevel</maml:name><maml:description><maml:para>Specifies that IPsec checks the certificates used in authentication against a certificate revocation list (CRL), and how IPsec reacts to a certificate that is found to be on a CRL. 
The acceptable values for this parameter are:  None, AttemptCrlCheck, RequireCrlCheck, or NotConfigured. 
                         
 -- None: Specifies that IPsec does not perform any CRL checking. 
                         
 -- AttemptCrlCheck: Specifies that IPsec authentication fails only if the certificate is found to be revoked. 
                         
 -- RequireCrlCheck: Specifies that IPsec authentication fails if there is any error during CRL checking, including a failure to retrieve the CRL. 
                         
 -- NotConfigured: Valid only when configuring a GPO. Removes the setting from the GPO, which results in the policy not changing the value on the computer when the policy is applied. 
                         
The default value is None. 
                         
When managing a GPO, the default setting is NotConfigured. </maml:para></maml:description><command:parameterValue required="true" variableLength="false">CRLCheck</command:parameterValue><dev:type><maml:name>CRLCheck</maml:name><maml:uri /></dev:type><dev:defaultValue></dev:defaultValue></command:parameter><command:parameter required="false" variableLength="true" globbing="false" pipelineInput="false" position="named" aliases="Session"><maml:name>CimSession</maml:name><maml:description><maml:para>Runs the cmdlet in a remote session or on a remote computer. Enter a computer name or a session object, such as the output of a <maml:navigationLink><maml:linkText>New-CimSession</maml:linkText><maml:uri></maml:uri></maml:navigationLink> or <maml:navigationLink><maml:linkText>Get-CimSession</maml:linkText><maml:uri></maml:uri></maml:navigationLink> cmdlet. The default is the current session on the local computer.</maml:para></maml:description><command:parameterValue required="true" variableLength="true">CimSession[]</command:parameterValue><dev:type><maml:name>CimSession[]</maml:name><maml:uri /></dev:type><dev:defaultValue></dev:defaultValue></command:parameter><command:parameter required="false" variableLength="false" globbing="false" pipelineInput="false" position="named" aliases=""><maml:name>EnablePacketQueuing</maml:name><maml:description><maml:para>Specifies how the Windows Firewall with Advanced Security handles packet queuing. 
                         
This parameter enables inbound or forward packet queuing independently, allowing the computer is able to evenly distribute CPU load to multiple CPUs for site-to-site IPsec tunnel scenarios. The acceptable values for this parameter are:  None, Inbound, Forward, or NotConfigured. 
                         
 -- None: The firewall tracks the port numbers specified in PORT command requests and in the responses to PASV requests, and then allows the incoming FTP data traffic entering on the requested port number. 
                         
 -- Inbound: Inbound packet queuing is enabled. 
                         
 -- Forward: Forward packet queuing is enabled. 
                         
 -- NotConfigured: Valid only when configuring a GPO. Removes the setting from the GPO, which results in the policy not changing the value on the computer when the policy is applied. 
                         
The default value when managing a computer running Windows Server® 2012 is None. 
                         
When managing a Group Policy Object (GPO), the default setting is NotConfigured. </maml:para></maml:description><command:parameterValue required="true" variableLength="false">PacketQueuing</command:parameterValue><dev:type><maml:name>PacketQueuing</maml:name><maml:uri /></dev:type><dev:defaultValue></dev:defaultValue></command:parameter><command:parameter required="false" variableLength="false" globbing="false" pipelineInput="false" position="named" aliases=""><maml:name>EnableStatefulFtp</maml:name><maml:description><maml:para>Configures how Windows Firewall with Advanced Security handles FTP traffic that uses an initial connection on one port to request a data connection on a different port. This affects both active and passive FTP. 
                         
If active FTP is used, then the client initiates a connection to the server on TCP port 21 and includes a PORT command that indicates to the FTP server the port number on which it should respond. A typical firewall on the client would block this new connection as unsolicited inbound traffic since the packets to the new port are not in response to a request from that port. 
                         
If passive FTP is used, then the client initiates a connection to the server on TCP port 21 and includes the PASV command. The server responds on TCP port 21 with a port number that the client must use for subsequent data transfer. The client then initiates a connection to the server on the specified port. A typical firewall on the FTP server would block this new incoming data connection as unsolicited inbound traffic since the packets received at the new port are not in response to a request from that port. 
                         
When this parameter is True, the firewall examines the PORT and PASV requests for these other port numbers and then allows the corresponding data connection to the port number that was requested. 
                         
 -- True: The firewall tracks the port numbers specified in PORT command requests and in the responses to PASV requests, and then allows the incoming FTP data traffic entering on the requested port number. 
                         
 -- False: The firewall does not track outgoing PORT commands or PASV responses, and so incoming data connections on the PORT or PASV requested port is blocked as an unsolicited incoming connection. 
                         
 - NotConfigured: Valid only when configuring a GPO. Removes the setting from the GPO, which results in the policy not changing the value on the computer when the policy is applied. 
                         
The default value is False. 
                         
The default value when managing a computer running Windows Vista® or Windows® 7 is True. 
                         
The default value when managing a computer running Windows Server® 2008 or Windows Server® 2008 R2 is False. 
                         
When managing a Group Policy Object (GPO), the default value is NotConfigured. </maml:para></maml:description><command:parameterValue required="true" variableLength="false">GpoBoolean</command:parameterValue><dev:type><maml:name>GpoBoolean</maml:name><maml:uri /></dev:type><dev:defaultValue></dev:defaultValue></command:parameter><command:parameter required="false" variableLength="false" globbing="false" pipelineInput="false" position="named" aliases=""><maml:name>EnableStatefulPptp</maml:name><maml:description><maml:para>Configures how Windows Firewall with Advanced Security handles PPTP traffic. 
                         
If a connection is made through TCP port 1723 in Windows Vista, then Windows Firewall recognizes the connection as being established through PPTP. By default, Windows Firewall uses a stateful PPTP protocol analyzer to determine whether it can receive packets through the TCP port 1723 connection. Therefore, the stateful PPTP protocol analyzer may reject as not valid any traffic that uses a protocol other than PPTP. 
                         
 -- True: The firewall examines the packets from port 1723 and determines whether the traffic is valid PPTP traffic. 
                         
 -- False: The firewall does not examine the packets from port 1723 to determine whether the traffic is valid PPTP traffic. 
                         
 -- NotConfigured: Valid only when configuring a GPO. Removes the setting from the GPO, which results in the policy not changing the value on the computer when the policy is applied. 
                         
The default value is False. 
                         
When managing a GPO, the default value is NotConfigured. </maml:para></maml:description><command:parameterValue required="true" variableLength="false">GpoBoolean</command:parameterValue><dev:type><maml:name>GpoBoolean</maml:name><maml:uri /></dev:type><dev:defaultValue></dev:defaultValue></command:parameter><command:parameter required="false" variableLength="false" globbing="false" pipelineInput="false" position="named" aliases=""><maml:name>Exemptions</maml:name><maml:description><maml:para>Specifies the protocols to be exempted from IPsec requirements. 
The acceptable values for this parameter are:  None, NeighborDiscovery, Icmp, RouterDiscovery, Dhcp, or NotConfigured. 
                         
 -- None: No protocols are exempted. 
                         
 -- NeighborDiscovery: Exempt IPv6 Neighbor Discovery protocol traffic. 
                         
 -- Icmp: Exempt ICMP, for both IPv4 and IPv6, protocol traffic. This option is available on computers that are running Windows 7 or Windows Server 2008 R2. 
                         
 -- RouterDiscovery: Exempt router discovery traffic. 
                         
 -- Dhcp: Exempt DHCP, for both IPv4 and IPv6, protocol traffic. This option is available on computers that are running Windows 7 or Windows Server 2008 R2. 
                         
The default value when managing a local computer that is running Windows 7 or Windows Server 2008 R2 is NeighborDiscovery,Dhcp. 
                         
The default value when managing a local computer that is running Windows Vista, Windows Server 2008, Windows XP®, or Windows Server® 2003 is NeighborDiscovery. 
                         
The default value when managing a GPO is NotConfigured. </maml:para></maml:description><command:parameterValue required="true" variableLength="false">TrafficExemption</command:parameterValue><dev:type><maml:name>TrafficExemption</maml:name><maml:uri /></dev:type><dev:defaultValue></dev:defaultValue></command:parameter><command:parameter required="false" variableLength="false" globbing="false" pipelineInput="false" position="named" aliases=""><maml:name>GPOSession</maml:name><maml:description><maml:para>Specifies the network GPO from which to retrieve the rules to be modified. 
                         
This parameter is used in the same way as the PolicyStore parameter. When modifying GPOs in Windows PowerShell®, each change to a GPO requires the entire GPO to be loaded, modified, and saved back. On a busy Domain Controller (DC), this can be a slow and resource-heavy operation. A GPO Session loads a domain GPO onto the local computer and makes all changes in a batch, before saving it back. This reduces the load on the DC and speeds up the Windows PowerShell cmdlets. To load a GPO Session, use the Open-NetGPO cmdlet. To save a GPO Session, use the Save-NetGPO cmdlet. </maml:para></maml:description><command:parameterValue required="true" variableLength="false">String</command:parameterValue><dev:type><maml:name>String</maml:name><maml:uri /></dev:type><dev:defaultValue></dev:defaultValue></command:parameter><command:parameter required="true" variableLength="true" globbing="false" pipelineInput="True (ByValue)" position="named" aliases=""><maml:name>InputObject</maml:name><maml:description><maml:para>Specifies the input to this cmdlet. You can use this parameter, or you can pipe the input to this cmdlet.</maml:para></maml:description><command:parameterValue required="true" variableLength="true">CimInstance[]</command:parameterValue><dev:type><maml:name>CimInstance[]</maml:name><maml:uri /></dev:type><dev:defaultValue></dev:defaultValue></command:parameter><command:parameter required="false" variableLength="false" globbing="false" pipelineInput="false" position="named" aliases=""><maml:name>KeyEncoding</maml:name><maml:description><maml:para>Specifies the type of key encoding to be used. 
The acceptable values for this parameter are:  UTF16 or UTF8. 
                         
The default value is UTF8. </maml:para></maml:description><command:parameterValue required="true" variableLength="false">KeyEncoding</command:parameterValue><dev:type><maml:name>KeyEncoding</maml:name><maml:uri /></dev:type><dev:defaultValue></dev:defaultValue></command:parameter><command:parameter required="false" variableLength="false" globbing="false" pipelineInput="false" position="named" aliases=""><maml:name>MaxSAIdleTimeSeconds</maml:name><maml:description><maml:para>Specifies the number of minutes that a security association (SA) can stay idle before being deleted. 
                         
Once deleted, a new SA must be established before computers under the scope of the original SA can communicate again. 
The acceptable values for this parameter are:  300 through 3600 seconds, or NotConfigured. 
                         
 -- A non-zero value, including 300 through 3600, specifies the desired lifetime. 
                         
 -- NotConfigured: Valid only when configuring a GPO. Removes the setting from the GPO, which results in the policy not changing the value on the computer when the policy is applied. Note: This parameter value is case-sensitive and NotConfigured can only be specified using dot-notation. 
                         
The default value when managing a local computer is 300 seconds (5 minutes). 
                         
When managing a GPO, the default value is NotConfigured. </maml:para></maml:description><command:parameterValue required="true" variableLength="false">UInt32</command:parameterValue><dev:type><maml:name>UInt32</maml:name><maml:uri /></dev:type><dev:defaultValue></dev:defaultValue></command:parameter><command:parameter required="false" variableLength="false" globbing="false" pipelineInput="false" position="named" aliases=""><maml:name>PassThru</maml:name><maml:description><maml:para>Returns an object representing the item with which you are working. By default, this cmdlet does not generate any output.</maml:para></maml:description><command:parameterValue required="false" variableLength="false">SwitchParameter</command:parameterValue><dev:type><maml:name>SwitchParameter</maml:name><maml:uri /></dev:type><dev:defaultValue></dev:defaultValue></command:parameter><command:parameter required="false" variableLength="false" globbing="false" pipelineInput="false" position="named" aliases=""><maml:name>PolicyStore</maml:name><maml:description><maml:para>Specifies the policy store from which to retrieve the rules to be modified. 
                         
A policy store is a container for firewall and IPsec policy. 
The acceptable values for this parameter are: 
                         
 -- PersistentStore: Sometimes called static rules, this store contains the persistent policy for the local computer. This policy is not from GPOs, and has been created manually or programmatically (during application installation) on the computer. Rules created in this store are attached to the ActiveStore and activated on the computer immediately. 
                         
 -- ActiveStore: This store contains the currently active policy, which is the sum of all policy stores that apply to the computer. This is the resultant set of policy (RSOP) for the local computer (the sum of all GPOs that apply to the computer), and the local stores (the PersistentStore, the static Windows service hardening (WSH), and the configurable WSH). 
                         
 ---- GPOs are also policy stores. Computer GPOs can be specified as follows. 
                         
 ------ –PolicyStore hostname. 
                         
 ---- Active Directory GPOs can be specified as follows. 
                         
 ------ –PolicyStore domain.fqdn.com\GPO_Friendly_Name. 
                         
 ------ Such as the following. 
                         
 -------- -PolicyStore localhost
                         
 -------- -PolicyStore corp.contoso.com\FirewallPolicy
                         
 ---- Active Directory GPOs can be created using the New-GPO cmdlet or the Group Policy Management Console. 
                         
 -- RSOP: This read-only store contains the sum of all GPOs applied to the local computer. 
                         
 -- SystemDefaults: This read-only store contains the default state of firewall rules that ship with Windows Server 2012. 
                         
 -- StaticServiceStore: This read-only store contains all the service restrictions that ship with Windows Server 2012. Optional and product-dependent features are considered part of Windows Server 2012 for the purposes of WFAS. 
                         
 -- ConfigurableServiceStore: This read-write store contains all the service restrictions that are added for third-party services. In addition, network isolation rules that are created for Windows Store application containers will appear in this policy store. 
                         
The default value is PersistentStore. 
Note: The Set-NetFirewallRule cmdlet cannot be used to add an object to a policy store. An object can only be added to a policy store at creation time with the Copy-NetFirewallRule cmdlet or with the New-NetFirewallRule cmdlet. </maml:para></maml:description><command:parameterValue required="true" variableLength="false">String</command:parameterValue><dev:type><maml:name>String</maml:name><maml:uri /></dev:type><dev:defaultValue></dev:defaultValue></command:parameter><command:parameter required="false" variableLength="false" globbing="false" pipelineInput="false" position="named" aliases=""><maml:name>RemoteMachineTransportAuthorizationList</maml:name><maml:description><maml:para>Specifies the computer accounts that are authorized to establish transport connections to the local computer that match this rule. Authorization can override the per-rule basis and be done at the IPsec layer. The acceptable values for this parameter are: 
                         
 -- None: Specifies that access to the tunnel is not restricted based on computer account. 
                         
 -- &lt;SDDL string&gt;: A string that identifies accounts and the permissions granted or denied to those accounts. 
                         
This parameter value is valid on computers that are running Windows 7, Windows Server 2008 R2, and Windows Server 2012 only, and is ignored on earlier versions of Windows. </maml:para></maml:description><command:parameterValue required="true" variableLength="false">String</command:parameterValue><dev:type><maml:name>String</maml:name><maml:uri /></dev:type><dev:defaultValue></dev:defaultValue></command:parameter><command:parameter required="false" variableLength="false" globbing="false" pipelineInput="false" position="named" aliases=""><maml:name>RemoteMachineTunnelAuthorizationList</maml:name><maml:description><maml:para>Specifies the computer accounts that are authorized to establish tunnel connections to the local computer that match this rule. Authorization can override the per-rule basis and be done at the IPsec layer. The acceptable values for this parameter are: 
                         
 -- None: Specifies that access to the tunnel is not restricted based on computer account. 
                         
 -- &lt;SDDL string&gt;: A string that identifies accounts and the permissions granted or denied to those accounts. 
                         
This parameter value is valid on computers that are running Windows 7, Windows Server 2008 R2, and Windows Server 2012 only, and is ignored on earlier versions of Windows. </maml:para></maml:description><command:parameterValue required="true" variableLength="false">String</command:parameterValue><dev:type><maml:name>String</maml:name><maml:uri /></dev:type><dev:defaultValue></dev:defaultValue></command:parameter><command:parameter required="false" variableLength="false" globbing="false" pipelineInput="false" position="named" aliases=""><maml:name>RemoteUserTransportAuthorizationList</maml:name><maml:description><maml:para>Specifies the user accounts that are authorized to establish transport connections to the local computer that match this rule. Authorization can override the per-rule basis and be done at the IPsec layer. The acceptable values for this parameter are: 
                         
 -- None: Specifies that access to the tunnel is not restricted based on computer account. 
                         
 -- &lt;SDDL string&gt;: A string that identifies accounts and the permissions granted or denied to those accounts. 
                         
This parameter value is valid on computers that are running Windows 7, Windows Server 2008 R2, and Windows Server 2012 only, and is ignored on earlier versions of Windows. </maml:para></maml:description><command:parameterValue required="true" variableLength="false">String</command:parameterValue><dev:type><maml:name>String</maml:name><maml:uri /></dev:type><dev:defaultValue></dev:defaultValue></command:parameter><command:parameter required="false" variableLength="false" globbing="false" pipelineInput="false" position="named" aliases=""><maml:name>RemoteUserTunnelAuthorizationList</maml:name><maml:description><maml:para>Specifies the user accounts that are authorized to establish tunnel connections to the local computer that match this rule. Authorization can override the per-rule basis and be done at the IPsec layer. The acceptable values for this parameter are: 
                         
 -- None: Specifies that access to the tunnel is not restricted based on computer account. 
                         
 -- &lt;SDDL string&gt;: A string that identifies accounts and the permissions granted or denied to those accounts. 
                         
This parameter value is valid on computers that are running Windows 7, Windows Server 2008 R2, and Windows Server 2012 only, and is ignored on earlier versions of Windows. </maml:para></maml:description><command:parameterValue required="true" variableLength="false">String</command:parameterValue><dev:type><maml:name>String</maml:name><maml:uri /></dev:type><dev:defaultValue></dev:defaultValue></command:parameter><command:parameter required="false" variableLength="false" globbing="false" pipelineInput="false" position="named" aliases=""><maml:name>RequireFullAuthSupport</maml:name><maml:description><maml:para>Ignores key modules that do not support all of the authentication types present in a rule. If this parameter is set to True, then the behavior is the same as Windows Vista and Windows 7, that the key modules that do not support the entire authentication set will be ignored. If this parameter is set to False, then the keying modules will try with the subset of configured authentication types that are allowed. </maml:para></maml:description><command:parameterValue required="true" variableLength="false">GpoBoolean</command:parameterValue><dev:type><maml:name>GpoBoolean</maml:name><maml:uri /></dev:type><dev:defaultValue></dev:defaultValue></command:parameter><command:parameter required="false" variableLength="false" globbing="false" pipelineInput="false" position="named" aliases=""><maml:name>ThrottleLimit</maml:name><maml:description><maml:para>Specifies the maximum number of concurrent operations that can be established to run the cmdlet. If this parameter is omitted or a value of 0 is entered, then Windows PowerShell® calculates an optimum throttle limit for the cmdlet based on the number of CIM cmdlets that are running on the computer. The throttle limit applies only to the current cmdlet, not to the session or to the computer.</maml:para></maml:description><command:parameterValue required="true" variableLength="false">Int32</command:parameterValue><dev:type><maml:name>Int32</maml:name><maml:uri /></dev:type><dev:defaultValue></dev:defaultValue></command:parameter><command:parameter required="false" variableLength="true" globbing="false" pipelineInput="false" position="named"><maml:name>Confirm</maml:name><maml:description><maml:para>Prompts you for confirmation before running the cmdlet.</maml:para></maml:description><command:parameterValue required="false" variableLength="false">SwitchParameter</command:parameterValue><dev:type><maml:name>SwitchParameter</maml:name><maml:uri /></dev:type><dev:defaultValue>false</dev:defaultValue></command:parameter><command:parameter required="false" variableLength="true" globbing="false" pipelineInput="false" position="named"><maml:name>WhatIf</maml:name><maml:description><maml:para>Shows what would happen if the cmdlet runs. The cmdlet is not run.</maml:para></maml:description><command:parameterValue required="false" variableLength="false">SwitchParameter</command:parameterValue><dev:type><maml:name>SwitchParameter</maml:name><maml:uri /></dev:type><dev:defaultValue>false</dev:defaultValue></command:parameter></command:parameters><command:inputTypes><command:inputType><dev:type><maml:name>Microsoft.Management.Infrastructure.CimInstance#root\StandardCimv2\NetFirewallSetting[]</maml:name><maml:uri></maml:uri><maml:description><maml:para /></maml:description></dev:type><maml:description><maml:para>The Microsoft.Management.Infrastructure.CimInstance object is a wrapper class that displays Windows Management Instrumentation (WMI) objects. The path after the pound sign (#) provides the namespace and class name for the underlying WMI object.</maml:para></maml:description></command:inputType></command:inputTypes><command:returnValues><command:returnValue><dev:type><maml:name>Microsoft.Management.Infrastructure.CimInstance#root\StandardCimv2\MSFT_NetServiceFilter[]</maml:name><maml:uri></maml:uri><maml:description><maml:para /></maml:description></dev:type><maml:description><maml:para>The Microsoft.Management.Infrastructure.CimInstance object is a wrapper class that displays Windows Management Instrumentation (WMI) objects. The path after the pound sign (#) provides the namespace and class name for the underlying WMI object.</maml:para></maml:description></command:returnValue></command:returnValues><command:terminatingErrors /><command:nonTerminatingErrors /><command:examples><command:example><maml:title>EXAMPLE 1</maml:title><maml:introduction><maml:para></maml:para></maml:introduction><dev:code>
PS C:\&gt;$nfSetting = Get-NetFirewallSetting –PolicyStore corp.contoso.com/gpo_name



PS C:\&gt;Set-NetFirewallSetting -Exemptions RouterDiscovery -InputObject $nfSetting


This cmdlet can be run using only the pipeline.
PS C:\&gt;Get-NetFirewallSetting –PolicyStore corp.contoso.com/gpo_name | Set-NetFirewallSetting -Exemptions RouterDiscovery

</dev:code><dev:remarks><maml:para>This example modifies the global firewall settings of a particular GPO policy store.</maml:para></dev:remarks><command:commandLines><command:commandLine><command:commandText /></command:commandLine></command:commandLines></command:example><command:example><maml:title>EXAMPLE 2</maml:title><maml:introduction><maml:para></maml:para></maml:introduction><dev:code>
PS C:\&gt;$computers = New-Object –Typename System.Security.Principal.NTAccount ("corp.contoso.com" "SecureMachineName1")



PS C:\&gt;$SIDofSecureComputerGroup = $computers.Translate([System.Security.Principal.SecurityIdentifier]).Value



PS C:\&gt;$SecureMachineGroupSDDL = "D:(A;;CC;;; $SIDofSecureComputerGroup)"



PS C:\&gt;$nfSetting = Get-NetFirewallSetting –PolicyStore corp.contoso.com/gpo_name



PS C:\&gt;Set-NetFirewallSetting –RemoteMachineTunnelAuthorizationList $SecureMachineGroupSDDL –InputObject $nfSetting


This cmdlet can be run using only the pipeline.
PS C:\&gt;Get-NetFirewallSetting –PolicyStore corp.contoso.com/gpo_name | Set-NetFirewallSetting –RemoteMachineTunnelAuthorizationList $SecureMachineGroupSDDL

</dev:code><dev:remarks><maml:para>This example allows authorization to override the per-rule basis and to be done at the IPsec layer in a GPO.</maml:para></dev:remarks><command:commandLines><command:commandLine><command:commandText /></command:commandLine></command:commandLines></command:example></command:examples><maml:relatedLinks><maml:navigationLink><maml:linkText>Online Version:</maml:linkText><maml:uri>http://go.microsoft.com/fwlink/?LinkId=288368</maml:uri></maml:navigationLink><maml:navigationLink><maml:linkText>Copy-NetIPsecRule</maml:linkText><maml:uri /></maml:navigationLink><maml:navigationLink><maml:linkText>Get-NetFirewallSetting</maml:linkText><maml:uri /></maml:navigationLink><maml:navigationLink><maml:linkText>New-NetIPsecRule</maml:linkText><maml:uri /></maml:navigationLink><maml:navigationLink><maml:linkText>Open-NetGPO</maml:linkText><maml:uri /></maml:navigationLink><maml:navigationLink><maml:linkText>Save-NetGPO</maml:linkText><maml:uri /></maml:navigationLink><maml:navigationLink><maml:linkText>Set-NetIPsecRule</maml:linkText><maml:uri /></maml:navigationLink><maml:navigationLink><maml:linkText>New-GPO</maml:linkText><maml:uri /></maml:navigationLink></maml:relatedLinks></command:command>

</helpItems>

