﻿<?xml version = "1.0" encoding = "utf-8" ?>

<helpItems schema="maml">

<command:command xmlns:maml="http://schemas.microsoft.com/maml/2004/10" xmlns:command="http://schemas.microsoft.com/maml/dev/command/2004/10" xmlns:dev="http://schemas.microsoft.com/maml/dev/2004/10" xmlns:MSHelp="http://msdn.microsoft.com/mshelp"><command:details><command:name>Get-WinAcceptLanguageFromLanguageListOptOut</command:name><maml:description><maml:para>Gets the HTTP Accept Language from the Language List opt-out setting for the current user account.</maml:para></maml:description><maml:copyright><maml:para /></maml:copyright><command:verb>Get</command:verb><command:noun>WinAcceptLanguageFromLanguageListOptOut</command:noun><dev:version /></command:details><maml:description><maml:para>The Get-WinAcceptLanguageFromLanguageListOptOut cmdlet gets the HTTP Accept Language from Language List opt-out setting for the current user account. By default, the HTTP Accept Language List is automatically generated from the current user account’s language list. </maml:para><maml:para>When set to TRUE, this setting deletes the current content of the HTTP Accept Language registry key and prevents changes to the language list from reestablishing the key. When set to FALSE, this setting reestablishes the HTTP Accept Language List that is based on the language list for the current user account.</maml:para></maml:description><command:syntax><command:syntaxItem><maml:name>Get-WinAcceptLanguageFromLanguageListOptOut</maml:name></command:syntaxItem></command:syntax><command:parameters></command:parameters><command:inputTypes></command:inputTypes><command:returnValues><command:returnValue><dev:type><maml:name>Boolean</maml:name><maml:uri></maml:uri><maml:description><maml:para /></maml:description></dev:type><maml:description><maml:para>A Boolean value that reports the status of the HTTP Accept Language from Language List opt-out setting for the current user account.</maml:para></maml:description></command:returnValue></command:returnValues><command:terminatingErrors /><command:nonTerminatingErrors /><command:examples><command:example><maml:title>Example 1</maml:title><maml:introduction><maml:para></maml:para></maml:introduction><dev:code>PS C:\&gt;Get-WinAcceptLanguageFromLanguageListOptOut
TRUE
</dev:code><dev:remarks><maml:para>This command returns the status of the HTTP Accept Language from Language List opt-out setting for the current user account.</maml:para></dev:remarks><command:commandLines><command:commandLine><command:commandText /></command:commandLine></command:commandLines></command:example></command:examples><maml:relatedLinks><maml:navigationLink><maml:linkText>Online Version:</maml:linkText><maml:uri>http://go.microsoft.com/fwlink/p/?linkid=287337</maml:uri></maml:navigationLink><maml:navigationLink><maml:linkText>Set-WinAcceptLanguageFromLanguageListOptOut</maml:linkText><maml:uri /></maml:navigationLink><maml:navigationLink><maml:linkText>Get-WinUserLanguageList</maml:linkText><maml:uri /></maml:navigationLink></maml:relatedLinks></command:command>

<command:command xmlns:maml="http://schemas.microsoft.com/maml/2004/10" xmlns:command="http://schemas.microsoft.com/maml/dev/command/2004/10" xmlns:dev="http://schemas.microsoft.com/maml/dev/2004/10" xmlns:MSHelp="http://msdn.microsoft.com/mshelp"><command:details><command:name>Get-WinCultureFromLanguageListOptOut</command:name><maml:description><maml:para>Gets the Culture (User Locale) from the language list opt-out setting for the current user account.</maml:para></maml:description><maml:copyright><maml:para /></maml:copyright><command:verb>Get</command:verb><command:noun>WinCultureFromLanguageListOptOut</command:noun><dev:version /></command:details><maml:description><maml:para>The Get-WinCultureFromLanguageListOptOut cmdlet gets the Culture (User Locale) override setting for the current user account. When set to TRUE, the Culture setting is not updated by changes to the Windows display language. When set the FALSE, the Culture setting can be reassigned to match the display language changes any time that the display language changes. The default setting is FALSE.</maml:para></maml:description><command:syntax><command:syntaxItem><maml:name>Get-WinCultureFromLanguageListOptOut</maml:name></command:syntaxItem></command:syntax><command:parameters></command:parameters><command:inputTypes><command:inputType><dev:type><maml:name></maml:name><maml:uri></maml:uri><maml:description><maml:para /></maml:description></dev:type><maml:description><maml:para></maml:para></maml:description></command:inputType></command:inputTypes><command:returnValues><command:returnValue><dev:type><maml:name>Boolean</maml:name><maml:uri></maml:uri><maml:description><maml:para /></maml:description></dev:type><maml:description><maml:para>A Boolean value that reports the status of this setting. </maml:para></maml:description></command:returnValue></command:returnValues><command:terminatingErrors /><command:nonTerminatingErrors /><command:examples><command:example><maml:title>Example 1</maml:title><maml:introduction><maml:para></maml:para></maml:introduction><dev:code>PS C:\&gt;Get-WinCultureFromLanguageListOptOut

</dev:code><dev:remarks><maml:para></maml:para></dev:remarks><command:commandLines><command:commandLine><command:commandText /></command:commandLine></command:commandLines></command:example></command:examples><maml:relatedLinks><maml:navigationLink><maml:linkText>Online Version:</maml:linkText><maml:uri>http://go.microsoft.com/fwlink/p/?linkid=287338</maml:uri></maml:navigationLink><maml:navigationLink><maml:linkText>Set-WinCultureFromLanguageListOptOut</maml:linkText><maml:uri /></maml:navigationLink></maml:relatedLinks></command:command>

<command:command xmlns:maml="http://schemas.microsoft.com/maml/2004/10" xmlns:command="http://schemas.microsoft.com/maml/dev/command/2004/10" xmlns:dev="http://schemas.microsoft.com/maml/dev/2004/10" xmlns:MSHelp="http://msdn.microsoft.com/mshelp"><command:details><command:name>Get-WinDefaultInputMethodOverride</command:name><maml:description><maml:para>Gets the default input method override setting for the current user account. </maml:para></maml:description><maml:copyright><maml:para /></maml:copyright><command:verb>Get</command:verb><command:noun>WinDefaultInputMethodOverride</command:noun><dev:version /></command:details><maml:description><maml:para>The Get-WinDefaultInputMethodOverride cmdlet retrieves the default input method override setting, which specifies a default input method for the current user account.  If no override setting is used, the input method is dynamically determined from the current user account's language list (see Get-WinUserLanguageList and  Set-WinUserLanguageList).</maml:para></maml:description><command:syntax><command:syntaxItem><maml:name>Get-WinDefaultInputMethodOverride</maml:name></command:syntaxItem></command:syntax><command:parameters></command:parameters><command:inputTypes></command:inputTypes><command:returnValues><command:returnValue><dev:type><maml:name>WinKeyboardObject</maml:name><maml:uri></maml:uri><maml:description><maml:para /></maml:description></dev:type><maml:description><maml:para>The Tablet Input Panel (TIP) string for the default input method override setting.</maml:para></maml:description></command:returnValue></command:returnValues><command:terminatingErrors /><command:nonTerminatingErrors /><command:examples><command:example><maml:title>Example 1</maml:title><maml:introduction><maml:para></maml:para></maml:introduction><dev:code>PS C:\&gt;Get-WinDefaultInputMethodOverride
InputMethodTip      Keyboard name

---------------     -------------

0409:00000409       English (United States) – US
</dev:code><dev:remarks><maml:para>This command returns and displays the default input method for the current user account.</maml:para></dev:remarks><command:commandLines><command:commandLine><command:commandText /></command:commandLine></command:commandLines></command:example></command:examples><maml:relatedLinks><maml:navigationLink><maml:linkText>Online Version:</maml:linkText><maml:uri>http://go.microsoft.com/fwlink/p/?linkid=287339</maml:uri></maml:navigationLink><maml:navigationLink><maml:linkText>Set-WinDefaultInputMethodOverride</maml:linkText><maml:uri /></maml:navigationLink></maml:relatedLinks></command:command>

<command:command xmlns:maml="http://schemas.microsoft.com/maml/2004/10" xmlns:command="http://schemas.microsoft.com/maml/dev/command/2004/10" xmlns:dev="http://schemas.microsoft.com/maml/dev/2004/10" xmlns:MSHelp="http://msdn.microsoft.com/mshelp"><command:details><command:name>Get-WinHomeLocation</command:name><maml:description><maml:para>Gets the Windows GeoID home location setting for the current user account.</maml:para></maml:description><maml:copyright><maml:para /></maml:copyright><command:verb>Get</command:verb><command:noun>WinHomeLocation</command:noun><dev:version /></command:details><maml:description><maml:para>The Get-WinHomeLocation cmdlet gets the value of the user GeoID setting and returns a .NET GeoID object. The Windows GeoID setting is a user setting that describes the home location (that is, the country or region) of the current user account. Applications that require the current user account’s home location, such as a driver for a television tuner application, can use this setting.</maml:para><maml:para>A table of GeoIDs is available at <maml:navigationLink><maml:linkText>Table of Geographical Locations</maml:linkText><maml:uri></maml:uri></maml:navigationLink>.</maml:para></maml:description><command:syntax><command:syntaxItem><maml:name>Get-WinHomeLocation</maml:name></command:syntaxItem></command:syntax><command:parameters></command:parameters><command:inputTypes></command:inputTypes><command:returnValues><command:returnValue><dev:type><maml:name>GeoID</maml:name><maml:uri></maml:uri><maml:description><maml:para /></maml:description></dev:type><maml:description><maml:para>A 32-bit signed number that uniquely identifies a geographical location.</maml:para></maml:description></command:returnValue></command:returnValues><command:terminatingErrors /><command:nonTerminatingErrors /><command:examples><command:example><maml:title>Example 1</maml:title><maml:introduction><maml:para></maml:para></maml:introduction><dev:code>PS C:\&gt;Get-WinHomeLocation
HomeLocation     Description

----             -----------

244              United States
</dev:code><dev:remarks><maml:para>This command returns the GeoID setting and its display name for the current user account.</maml:para></dev:remarks><command:commandLines><command:commandLine><command:commandText /></command:commandLine></command:commandLines></command:example></command:examples><maml:relatedLinks><maml:navigationLink><maml:linkText>Online Version:</maml:linkText><maml:uri>http://go.microsoft.com/fwlink/p/?linkid=287340</maml:uri></maml:navigationLink><maml:navigationLink><maml:linkText>RegionInfo.GeoId Property</maml:linkText><maml:uri></maml:uri></maml:navigationLink><maml:navigationLink><maml:linkText>Set-WinHomeLocation</maml:linkText><maml:uri /></maml:navigationLink></maml:relatedLinks></command:command>

<command:command xmlns:maml="http://schemas.microsoft.com/maml/2004/10" xmlns:command="http://schemas.microsoft.com/maml/dev/command/2004/10" xmlns:dev="http://schemas.microsoft.com/maml/dev/2004/10" xmlns:MSHelp="http://msdn.microsoft.com/mshelp"><command:details><command:name>Get-WinLanguageBarOption</command:name><maml:description><maml:para>Gets the language bar mode and language bar type for the current user account.</maml:para></maml:description><maml:copyright><maml:para /></maml:copyright><command:verb>Get</command:verb><command:noun>WinLanguageBarOption</command:noun><dev:version /></command:details><maml:description><maml:para>The Get-WinLanguageBarOption cmdlet gets the language bar type and mode by using a LanguageBar object. The values for the type and mode settings can be either true or false. The default value for each setting is false.</maml:para></maml:description><command:syntax><command:syntaxItem><maml:name>Get-WinLanguageBarOption</maml:name></command:syntaxItem></command:syntax><command:parameters></command:parameters><command:inputTypes></command:inputTypes><command:returnValues><command:returnValue><dev:type><maml:name>LanguageBar</maml:name><maml:uri></maml:uri><maml:description><maml:para /></maml:description></dev:type><maml:description><maml:para>A string that reports the language bar mode and type. Possible values are the following:</maml:para><maml:para>     -- IsLegacyLanguageBar. When this setting is set to true, the desktop language bar is used (where available). When this setting is set to false, the modem input switcher is used (recommended). </maml:para><maml:para>     -- IsLegacySwitchingMode. When this setting is set to true, the current input method (keyboard layout or input method editor (IME)) is selected for the current application only. When new applications start, the default input method is selected (see Get-WinDefaultInputMethodOverride). When this setting is set to false, the input method is selected for all applications and changes only when the user actively switches input methods (recommended).</maml:para></maml:description></command:returnValue></command:returnValues><command:terminatingErrors /><command:nonTerminatingErrors /><command:examples><command:example><maml:title>Example 1</maml:title><maml:introduction><maml:para></maml:para></maml:introduction><dev:code>PS C:\&gt;Get-WinLanguageBarOptions
IsLegacyLanguageBar    IsLegacySwitchingMode

-------------------    ---------------------

False                  False
</dev:code><dev:remarks><maml:para>This command returns the current settings for the language bar options for the current user account.</maml:para></dev:remarks><command:commandLines><command:commandLine><command:commandText /></command:commandLine></command:commandLines></command:example></command:examples><maml:relatedLinks><maml:navigationLink><maml:linkText>Online Version:</maml:linkText><maml:uri>http://go.microsoft.com/fwlink/p/?linkid=287341</maml:uri></maml:navigationLink><maml:navigationLink><maml:linkText>Set-WinLanguageBarOption</maml:linkText><maml:uri /></maml:navigationLink></maml:relatedLinks></command:command>

<command:command xmlns:maml="http://schemas.microsoft.com/maml/2004/10" xmlns:command="http://schemas.microsoft.com/maml/dev/command/2004/10" xmlns:dev="http://schemas.microsoft.com/maml/dev/2004/10" xmlns:MSHelp="http://msdn.microsoft.com/mshelp"><command:details><command:name>Get-WinSystemLocale</command:name><maml:description><maml:para>Gets the System-locale setting (that is, the language for non-Unicode programs) for the current computer.</maml:para></maml:description><maml:copyright><maml:para /></maml:copyright><command:verb>Get</command:verb><command:noun>WinSystemLocale</command:noun><dev:version /></command:details><maml:description><maml:para>The Get-WinSystemLocale cmdlet returns the current value of the System-locale setting. The System-locale setting determines which code pages (ANSI, DOS, and Macintosh) the system uses by default.</maml:para></maml:description><command:syntax><command:syntaxItem><maml:name>Get-WinSystemLocale</maml:name></command:syntaxItem></command:syntax><command:parameters></command:parameters><command:inputTypes></command:inputTypes><command:returnValues><command:returnValue><dev:type><maml:name>CultureInfo</maml:name><maml:uri></maml:uri><maml:description><maml:para /></maml:description></dev:type><maml:description><maml:para>An object that identifies the current computer's system locale. For more information about the CultureInfo object, see <maml:navigationLink><maml:linkText>CultureInfo Class</maml:linkText><maml:uri></maml:uri></maml:navigationLink>.</maml:para></maml:description></command:returnValue></command:returnValues><command:terminatingErrors /><command:nonTerminatingErrors /><command:examples><command:example><maml:title>Example 1</maml:title><maml:introduction><maml:para></maml:para></maml:introduction><dev:code>PS C:\&gt;GET-WinSystemLocale
LCID             Name             DisplayName
----             ----             -----------
1033             en-US            English (United States)
</dev:code><dev:remarks><maml:para>This command gets and displays the System-locale setting for the current computer.</maml:para></dev:remarks><command:commandLines><command:commandLine><command:commandText /></command:commandLine></command:commandLines></command:example></command:examples><maml:relatedLinks><maml:navigationLink><maml:linkText>Online Version:</maml:linkText><maml:uri>http://go.microsoft.com/fwlink/p/?linkid=287342</maml:uri></maml:navigationLink><maml:navigationLink><maml:linkText>Configurable Language and Cultural Settings</maml:linkText><maml:uri></maml:uri></maml:navigationLink><maml:navigationLink><maml:linkText>Set-WinSystemLocale</maml:linkText><maml:uri /></maml:navigationLink></maml:relatedLinks></command:command>

<command:command xmlns:maml="http://schemas.microsoft.com/maml/2004/10" xmlns:command="http://schemas.microsoft.com/maml/dev/command/2004/10" xmlns:dev="http://schemas.microsoft.com/maml/dev/2004/10" xmlns:MSHelp="http://msdn.microsoft.com/mshelp"><command:details><command:name>Get-WinUILanguageOverride</command:name><maml:description><maml:para>Gets the Windows user interface (UI) language override setting for the current user account.</maml:para></maml:description><maml:copyright><maml:para /></maml:copyright><command:verb>Get</command:verb><command:noun>WinUILanguageOverride</command:noun><dev:version /></command:details><maml:description><maml:para>The Get-WinUILanguageOverride cmdlet specifies that a user-preferred display language should be used for the Windows UI. If no override setting is used, the display language is dynamically determined from the user's language list (see Get-WinUserLanguageList and Set-WinUserLanguageList).</maml:para></maml:description><command:syntax><command:syntaxItem><maml:name>Get-WinUILanguageOverride</maml:name></command:syntaxItem></command:syntax><command:parameters></command:parameters><command:inputTypes></command:inputTypes><command:returnValues><command:returnValue><dev:type><maml:name>CultureInfo</maml:name><maml:uri></maml:uri><maml:description><maml:para /></maml:description></dev:type><maml:description><maml:para>An object that contains the Windows UI language override for the current user account. For more information about the CultureInfo object, see <maml:navigationLink><maml:linkText>CultureInfo Class</maml:linkText><maml:uri></maml:uri></maml:navigationLink>.</maml:para></maml:description></command:returnValue></command:returnValues><command:terminatingErrors /><command:nonTerminatingErrors /><command:examples><command:example><maml:title>Example 1</maml:title><maml:introduction><maml:para></maml:para></maml:introduction><dev:code>PS C:\&gt;Get-WinUILanguageOverride
LCID             Name             DisplayName                                                                        

----             ----             -----------                                                                        

1033             en-US            English (United States) 
</dev:code><dev:remarks><maml:para>This command gets and displays the UI language override setting for the current user account. If the Windows UI language override is not set for the current user account, this command returns a null value.</maml:para></dev:remarks><command:commandLines><command:commandLine><command:commandText /></command:commandLine></command:commandLines></command:example></command:examples><maml:relatedLinks><maml:navigationLink><maml:linkText>Online Version:</maml:linkText><maml:uri>http://go.microsoft.com/fwlink/p/?linkid=287343</maml:uri></maml:navigationLink><maml:navigationLink><maml:linkText>Set-WinUILanguageOverride</maml:linkText><maml:uri /></maml:navigationLink></maml:relatedLinks></command:command>

<command:command xmlns:maml="http://schemas.microsoft.com/maml/2004/10" xmlns:command="http://schemas.microsoft.com/maml/dev/command/2004/10" xmlns:dev="http://schemas.microsoft.com/maml/dev/2004/10" xmlns:MSHelp="http://msdn.microsoft.com/mshelp"><command:details><command:name>Get-WinUserLanguageList</command:name><maml:description><maml:para>Gets the language list for the current user account.</maml:para></maml:description><maml:copyright><maml:para /></maml:copyright><command:verb>Get</command:verb><command:noun>WinUserLanguageList</command:noun><dev:version /></command:details><maml:description><maml:para>The Get-WinUserLanguageList cmdlet returns the current user language settings. These settings include input method, spelling setting, text prediction setting, and handwriting input mode. For more information, see <maml:navigationLink><maml:linkText>CultureInfo Class</maml:linkText><maml:uri></maml:uri></maml:navigationLink> and <maml:navigationLink><maml:linkText>Configurable Language and Cultural Settings</maml:linkText><maml:uri></maml:uri></maml:navigationLink>.</maml:para></maml:description><command:syntax><command:syntaxItem><maml:name>Get-WinUserLanguageList</maml:name></command:syntaxItem></command:syntax><command:parameters></command:parameters><command:inputTypes></command:inputTypes><command:returnValues><command:returnValue><dev:type><maml:name>List&lt;WinUserLanguage&gt;</maml:name><maml:uri></maml:uri><maml:description><maml:para /></maml:description></dev:type><maml:description><maml:para>A list of WinUserLanguage objects that contain one or more languages and associated properties from the current user account’s language list. For information about the Generic.List object, see <maml:navigationLink><maml:linkText>List(Of T) Class</maml:linkText><maml:uri></maml:uri></maml:navigationLink>.</maml:para><maml:para>The generic list object supports the following methods:</maml:para><maml:para>     --Add(“BCP-47”)</maml:para><maml:para>     --Insert(index, “BCP-47”)</maml:para><maml:para>     --Remove(Index)</maml:para><maml:para>The output language object contains the following properties: </maml:para><maml:para>     --BCP-47 (READ). A standard language tag that is used to identify languages. For more information, see the <maml:navigationLink><maml:linkText>Internet Engineering Task Force (IETF) BCP 47 RFC</maml:linkText><maml:uri></maml:uri></maml:navigationLink>.</maml:para><maml:para>     --Autonym (LP database) (READ). The name of the language in the language itself.</maml:para><maml:para>     --English name (LP database) (READ). The name of the language in English.</maml:para><maml:para>     --Localized name (LP database) (READ). The name of the language in the current Windows display language.</maml:para><maml:para>     --Script (LP database) (READ). The writing system of the language.</maml:para><maml:para>     --Input methods (READ/WRITE). A list of input method Tablet Input Panel (TIP) strings that are enabled for this language. The enabled Input methods are listed in the format Language ID: Keyboard layout ID.</maml:para><maml:para>     --Handwriting recognition input mode (READ/WRITE). This value is either 0 (freehand) or 1 (write each character separately).</maml:para></maml:description></command:returnValue></command:returnValues><command:terminatingErrors /><command:nonTerminatingErrors /><command:examples><command:example><maml:title>Example 1</maml:title><maml:introduction><maml:para></maml:para></maml:introduction><dev:code>PS C:\&gt;Get-WinUserLanguageList
LanguageTag     : en-US

Autonym         : English (United States) 

EnglishName     : English (United States) 

LocalizedName   : English (United States) 

ScriptName      : Latin

InputMethodTip  : {0409:00000409}

Handwriting     : False 

LanguageTag     : fr-FR

Autonym         : français (France) 

EnglishName     : French (France) 

LocalizedName   : French (France) 

ScriptName      : Latin

InputMethodTip  : {040c:0000040c}

Handwriting     : False
</dev:code><dev:remarks><maml:para>This cmdlet returns the current user account's language list together with BCP-47 tags and the corresponding display name.</maml:para></dev:remarks><command:commandLines><command:commandLine><command:commandText /></command:commandLine></command:commandLines></command:example><command:example><maml:title>Example 2</maml:title><maml:introduction><maml:para></maml:para></maml:introduction><dev:code>PS C:\&gt;(Get-WinUserLanguageList)[0].InputMethodTip
0409:00000409

0409:00010409
</dev:code><dev:remarks><maml:para>This cmdlet returns the list of currently enabled input methods as a TIP string.</maml:para></dev:remarks><command:commandLines><command:commandLine><command:commandText /></command:commandLine></command:commandLines></command:example><command:example><maml:title>Example 3</maml:title><maml:introduction><maml:para></maml:para></maml:introduction><dev:code>PS C:\&gt;(Get-WinUserLanguageList)[0].autonym
English (United States)
</dev:code><dev:remarks><maml:para>This cmdlet returns the autonym property of the first item in the user's language list.</maml:para></dev:remarks><command:commandLines><command:commandLine><command:commandText /></command:commandLine></command:commandLines></command:example></command:examples><maml:relatedLinks><maml:navigationLink><maml:linkText>Online Version:</maml:linkText><maml:uri>http://go.microsoft.com/fwlink/p/?linkid=287344</maml:uri></maml:navigationLink><maml:navigationLink><maml:linkText>New-WinUserLanguageList</maml:linkText><maml:uri /></maml:navigationLink><maml:navigationLink><maml:linkText>Set-WinUserLanguageList</maml:linkText><maml:uri /></maml:navigationLink></maml:relatedLinks></command:command>

<command:command xmlns:maml="http://schemas.microsoft.com/maml/2004/10" xmlns:command="http://schemas.microsoft.com/maml/dev/command/2004/10" xmlns:dev="http://schemas.microsoft.com/maml/dev/2004/10" xmlns:MSHelp="http://msdn.microsoft.com/mshelp"><command:details><command:name>New-WinUserLanguageList</command:name><maml:description><maml:para>Instantiates a new language list object.</maml:para></maml:description><maml:copyright><maml:para /></maml:copyright><command:verb>New</command:verb><command:noun>WinUserLanguageList</command:noun><dev:version /></command:details><maml:description><maml:para>The New-WinUserLanguageList cmdlet creates a new user language list object. The object settings include input method, spelling setting, text prediction setting, and handwriting input mode. For more information, see <maml:navigationLink><maml:linkText>CultureInfo Class</maml:linkText><maml:uri></maml:uri></maml:navigationLink> and <maml:navigationLink><maml:linkText>Configurable Language and Cultural Settings</maml:linkText><maml:uri></maml:uri></maml:navigationLink>.</maml:para></maml:description><command:syntax><command:syntaxItem><maml:name>New-WinUserLanguageList</maml:name><command:parameter required="true" variableLength="false" globbing="false" pipelineInput="false" position="1" aliases=""><maml:name>Language</maml:name><maml:description><maml:para></maml:para></maml:description><command:parameterValue required="true" variableLength="false">String</command:parameterValue></command:parameter></command:syntaxItem></command:syntax><command:parameters><command:parameter required="true" variableLength="false" globbing="false" pipelineInput="false" position="1" aliases=""><maml:name>Language</maml:name><maml:description><maml:para></maml:para></maml:description><command:parameterValue required="true" variableLength="false">String</command:parameterValue><dev:type><maml:name>String</maml:name><maml:uri /></dev:type><dev:defaultValue></dev:defaultValue></command:parameter></command:parameters><command:inputTypes></command:inputTypes><command:returnValues><command:returnValue><dev:type><maml:name>List&lt;WinUserLanguage&gt;</maml:name><maml:uri></maml:uri><maml:description><maml:para /></maml:description></dev:type><maml:description><maml:para>A list of WinUserLanguage objects that contain one or more languages and associated properties from the current user account’s language list. For more information about the Generic.List object, see <maml:navigationLink><maml:linkText>System.Collections.Generic.List(Of T)</maml:linkText><maml:uri></maml:uri></maml:navigationLink>.</maml:para><maml:para>The generic list object supports the following methods:</maml:para><maml:para>     Add(“BCP-47”)</maml:para><maml:para>     Insert(index, “BCP-47”)</maml:para><maml:para>     Remove(Index)</maml:para><maml:para>The LanguageList is a list of language objects in the current user account's list. The language list object contains the following methods:</maml:para><maml:para>     Add(“BCP-47”)</maml:para><maml:para>     Insert(BCP-47, index)</maml:para><maml:para>     Remove(BCP-47)</maml:para><maml:para>     Remove(Index)</maml:para><maml:para>The language list object contains the following properties:</maml:para><maml:para>     BCP-47 (READ). A standard language tag that is used to identify languages. For more information, see the <maml:navigationLink><maml:linkText>Internet Engineering Task Force (IETF) BCP 47 RFC</maml:linkText><maml:uri></maml:uri></maml:navigationLink>.</maml:para><maml:para>     Autonym (LP database) (READ). The name of the language in the language itself.</maml:para><maml:para>     English name (LP database) (READ). The name of the language in English.</maml:para><maml:para>     Localized name (LP database) (READ). The name of the language in the current Windows display language.</maml:para><maml:para>     Script (LP database) (READ). The writing system of the language.</maml:para><maml:para>     Input methods (READ/WRITE). A list of input method Tablet Input Panel (TIP) strings that are enabled for this language. The enabled input methods are listed in the format Language ID: Keyboard layout ID.</maml:para><maml:para>     Handwriting recognition input mode (READ/WRITE). This value is either 0 (freehand) or 1 (write each character separately).</maml:para></maml:description></command:returnValue></command:returnValues><command:terminatingErrors /><command:nonTerminatingErrors /><command:examples><command:example><maml:title>Example 1</maml:title><maml:introduction><maml:para></maml:para></maml:introduction><dev:code>PS C:\&gt; $1 = New-WinUserLanguageList en-US
PS C:\&gt; $1.Add("fr-FR")
PS C:\&gt; Set-WinUserLanguageList $1
</dev:code><dev:remarks><maml:para>This command creates and sets a new user language list that contains English (United States) and French (France).</maml:para></dev:remarks><command:commandLines><command:commandLine><command:commandText /></command:commandLine></command:commandLines></command:example></command:examples><maml:relatedLinks><maml:navigationLink><maml:linkText>Online Version:</maml:linkText><maml:uri>http://go.microsoft.com/fwlink/p/?linkid=287345</maml:uri></maml:navigationLink><maml:navigationLink><maml:linkText>Get-WinUserLanguageList</maml:linkText><maml:uri /></maml:navigationLink><maml:navigationLink><maml:linkText>Set-WinUserLanguageList</maml:linkText><maml:uri /></maml:navigationLink></maml:relatedLinks></command:command>

<command:command xmlns:maml="http://schemas.microsoft.com/maml/2004/10" xmlns:command="http://schemas.microsoft.com/maml/dev/command/2004/10" xmlns:dev="http://schemas.microsoft.com/maml/dev/2004/10" xmlns:MSHelp="http://msdn.microsoft.com/mshelp"><command:details><command:name>Set-Culture</command:name><maml:description><maml:para>Sets the user culture for the current user account.</maml:para></maml:description><maml:copyright><maml:para /></maml:copyright><command:verb>Set</command:verb><command:noun>Culture</command:noun><dev:version /></command:details><maml:description><maml:para>The Set-Culture cmdlet sets a specific culture (also known as a locale for unmanaged code development) for the current user account. The information includes the names for the culture, the writing system, the calendar, and formatting for dates and sort strings. For more information, see <maml:navigationLink><maml:linkText>CultureInfo Class</maml:linkText><maml:uri></maml:uri></maml:navigationLink> and <maml:navigationLink><maml:linkText>Configurable Language and Cultural Settings</maml:linkText><maml:uri></maml:uri></maml:navigationLink>.</maml:para></maml:description><command:syntax><command:syntaxItem><maml:name>Set-Culture</maml:name><command:parameter required="true" variableLength="false" globbing="false" pipelineInput="true (ByValue)" position="1" aliases=""><maml:name>CultureInfo</maml:name><maml:description><maml:para></maml:para></maml:description><command:parameterValue required="true" variableLength="false">CultureInfo</command:parameterValue></command:parameter></command:syntaxItem></command:syntax><command:parameters><command:parameter required="true" variableLength="false" globbing="false" pipelineInput="true (ByValue)" position="1" aliases=""><maml:name>CultureInfo</maml:name><maml:description><maml:para></maml:para></maml:description><command:parameterValue required="true" variableLength="false">CultureInfo</command:parameterValue><dev:type><maml:name>CultureInfo</maml:name><maml:uri /></dev:type><dev:defaultValue></dev:defaultValue></command:parameter></command:parameters><command:inputTypes></command:inputTypes><command:returnValues></command:returnValues><command:terminatingErrors /><command:nonTerminatingErrors /><command:examples><command:example><maml:title>Example 1</maml:title><maml:introduction><maml:para></maml:para></maml:introduction><dev:code>PS C:\&gt;Set-Culture de-DE
</dev:code><dev:remarks><maml:para>This command sets the culture for the current user account to German (Germany).</maml:para></dev:remarks><command:commandLines><command:commandLine><command:commandText /></command:commandLine></command:commandLines></command:example></command:examples><maml:relatedLinks><maml:navigationLink><maml:linkText>Online Version:</maml:linkText><maml:uri>http://go.microsoft.com/fwlink/p/?linkid=287346</maml:uri></maml:navigationLink><maml:navigationLink><maml:linkText>GetCulture Class</maml:linkText><maml:uri></maml:uri></maml:navigationLink></maml:relatedLinks></command:command>

<command:command xmlns:maml="http://schemas.microsoft.com/maml/2004/10" xmlns:command="http://schemas.microsoft.com/maml/dev/command/2004/10" xmlns:dev="http://schemas.microsoft.com/maml/dev/2004/10" xmlns:MSHelp="http://msdn.microsoft.com/mshelp"><command:details><command:name>Set-WinAcceptLanguageFromLanguageListOptOut</command:name><maml:description><maml:para>Sets the HTTP Accept Language from the Language List opt-out setting for the current user account.</maml:para></maml:description><maml:copyright><maml:para /></maml:copyright><command:verb>Set</command:verb><command:noun>WinAcceptLanguageFromLanguageListOptOut</command:noun><dev:version /></command:details><maml:description><maml:para>By default, the HTTP Accept Language List is automatically generated from the current user account’s language list. You can use the Set-WinAcceptLanguageFromLanguageListOptOut cmdlet to set the HTTP Accept Language from Language List opt-out value.  When set to TRUE, this setting deletes the current content of the HTTP Accept Language registry key and prevents changes to the language list from reestablishing the key. When set to FALSE, this setting reestablishes the HTTP Accept Language List based on the language list for the current user account.</maml:para></maml:description><command:syntax><command:syntaxItem><maml:name>Set-WinAcceptLanguageFromLanguageListOptOut</maml:name><command:parameter required="true" variableLength="false" globbing="false" pipelineInput="false" position="1" aliases=""><maml:name>OptOut</maml:name><maml:description><maml:para></maml:para></maml:description><command:parameterValue required="true" variableLength="false">Boolean</command:parameterValue></command:parameter></command:syntaxItem></command:syntax><command:parameters><command:parameter required="true" variableLength="false" globbing="false" pipelineInput="false" position="1" aliases=""><maml:name>OptOut</maml:name><maml:description><maml:para></maml:para></maml:description><command:parameterValue required="true" variableLength="false">Boolean</command:parameterValue><dev:type><maml:name>Boolean</maml:name><maml:uri /></dev:type><dev:defaultValue></dev:defaultValue></command:parameter></command:parameters><command:inputTypes><command:inputType><dev:type><maml:name></maml:name><maml:uri></maml:uri><maml:description><maml:para /></maml:description></dev:type><maml:description><maml:para></maml:para></maml:description></command:inputType></command:inputTypes><command:returnValues><command:returnValue><dev:type><maml:name></maml:name><maml:uri></maml:uri><maml:description><maml:para /></maml:description></dev:type><maml:description><maml:para></maml:para></maml:description></command:returnValue></command:returnValues><command:terminatingErrors /><command:nonTerminatingErrors /><command:examples><command:example><maml:title>Example 1</maml:title><maml:introduction><maml:para></maml:para></maml:introduction><dev:code>PS C:\&gt; Set-WinAcceptLanguageFromLanguageListOptOut 1
</dev:code><dev:remarks><maml:para>This cmdlet deletes the current content of the HTTP Accept Language registry key and blocks updates to the key based on changes to the user’s language list.</maml:para></dev:remarks><command:commandLines><command:commandLine><command:commandText /></command:commandLine></command:commandLines></command:example></command:examples><maml:relatedLinks><maml:navigationLink><maml:linkText>Online Version:</maml:linkText><maml:uri>http://go.microsoft.com/fwlink/p/?linkid=287347</maml:uri></maml:navigationLink><maml:navigationLink><maml:linkText>Get-WinAcceptLanguageFromLanguageListOptOut</maml:linkText><maml:uri /></maml:navigationLink></maml:relatedLinks></command:command>

<command:command xmlns:maml="http://schemas.microsoft.com/maml/2004/10" xmlns:command="http://schemas.microsoft.com/maml/dev/command/2004/10" xmlns:dev="http://schemas.microsoft.com/maml/dev/2004/10" xmlns:MSHelp="http://msdn.microsoft.com/mshelp"><command:details><command:name>Set-WinCultureFromLanguageListOptOut</command:name><maml:description><maml:para>Sets the Culture (User Locale) from language list opt out setting for the current user account.</maml:para></maml:description><maml:copyright><maml:para /></maml:copyright><command:verb>Set</command:verb><command:noun>WinCultureFromLanguageListOptOut</command:noun><dev:version /></command:details><maml:description><maml:para>The Set-WinCultureFromLanguageListOptOut cmdlet gets the Culture (User Locale) opt-out setting for the current user account. Setting this option to TRUE disables the action of dynamically setting the Culture (User Locale) for the current user based on changes to the Windows display language. Setting this option to FALSE activates the dynamic setting behavior. The default setting is FALSE.</maml:para></maml:description><command:syntax><command:syntaxItem><maml:name>Set-WinCultureFromLanguageListOptOut</maml:name><command:parameter required="true" variableLength="false" globbing="false" pipelineInput="false" position="1" aliases=""><maml:name>OptOut</maml:name><maml:description><maml:para></maml:para></maml:description><command:parameterValue required="true" variableLength="false">Boolean</command:parameterValue></command:parameter></command:syntaxItem></command:syntax><command:parameters><command:parameter required="true" variableLength="false" globbing="false" pipelineInput="false" position="1" aliases=""><maml:name>OptOut</maml:name><maml:description><maml:para></maml:para></maml:description><command:parameterValue required="true" variableLength="false">Boolean</command:parameterValue><dev:type><maml:name>Boolean</maml:name><maml:uri /></dev:type><dev:defaultValue></dev:defaultValue></command:parameter></command:parameters><command:inputTypes><command:inputType><dev:type><maml:name></maml:name><maml:uri></maml:uri><maml:description><maml:para /></maml:description></dev:type><maml:description><maml:para></maml:para></maml:description></command:inputType></command:inputTypes><command:returnValues><command:returnValue><dev:type><maml:name></maml:name><maml:uri></maml:uri><maml:description><maml:para /></maml:description></dev:type><maml:description><maml:para></maml:para></maml:description></command:returnValue></command:returnValues><command:terminatingErrors /><command:nonTerminatingErrors /><command:examples><command:example><maml:title>Example 1</maml:title><maml:introduction><maml:para></maml:para></maml:introduction><dev:code>PS C:\&gt;Set-WinCultureFromLanguageListOptOut 1

</dev:code><dev:remarks><maml:para>This cmdlet blocks the dynamic setting behavior.</maml:para></dev:remarks><command:commandLines><command:commandLine><command:commandText /></command:commandLine></command:commandLines></command:example></command:examples><maml:relatedLinks><maml:navigationLink><maml:linkText>Online Version:</maml:linkText><maml:uri>http://go.microsoft.com/fwlink/p/?linkid=287348</maml:uri></maml:navigationLink><maml:navigationLink><maml:linkText>Get-WinCultureFromLanguageListOptOut</maml:linkText><maml:uri /></maml:navigationLink></maml:relatedLinks></command:command>

<command:command xmlns:maml="http://schemas.microsoft.com/maml/2004/10" xmlns:command="http://schemas.microsoft.com/maml/dev/command/2004/10" xmlns:dev="http://schemas.microsoft.com/maml/dev/2004/10" xmlns:MSHelp="http://msdn.microsoft.com/mshelp"><command:details><command:name>Set-WinDefaultInputMethodOverride</command:name><maml:description><maml:para>Sets the default input method override for the current user account.</maml:para></maml:description><maml:copyright><maml:para /></maml:copyright><command:verb>Set</command:verb><command:noun>WinDefaultInputMethodOverride</command:noun><dev:version /></command:details><maml:description><maml:para>The Get-WinLanguageBarOption cmdlet retrieves the default input method override setting, which specifies a default input method for the current user account.  If no override setting is used, the input method is dynamically determined from the current user account's language list (see Get-WinUserLanguageList and Set-WinUserLanguageList). </maml:para></maml:description><command:syntax><command:syntaxItem><maml:name>Set-WinDefaultInputMethodOverride</maml:name><command:parameter required="false" variableLength="false" globbing="false" pipelineInput="true (ByValue)" position="1" aliases=""><maml:name>InputTip</maml:name><maml:description><maml:para></maml:para></maml:description><command:parameterValue required="true" variableLength="false">String</command:parameterValue></command:parameter></command:syntaxItem></command:syntax><command:parameters><command:parameter required="false" variableLength="false" globbing="false" pipelineInput="true (ByValue)" position="1" aliases=""><maml:name>InputTip</maml:name><maml:description><maml:para></maml:para></maml:description><command:parameterValue required="true" variableLength="false">String</command:parameterValue><dev:type><maml:name>String</maml:name><maml:uri /></dev:type><dev:defaultValue></dev:defaultValue></command:parameter></command:parameters><command:inputTypes><command:inputType><dev:type><maml:name>InputTIP</maml:name><maml:uri></maml:uri><maml:description><maml:para /></maml:description></dev:type><maml:description><maml:para>A string that consists of a locale ID and a keyboard language ID (KLID).</maml:para></maml:description></command:inputType></command:inputTypes><command:returnValues></command:returnValues><command:terminatingErrors /><command:nonTerminatingErrors /><command:examples><command:example><maml:title>Example 1</maml:title><maml:introduction><maml:para></maml:para></maml:introduction><dev:code>PS C:\&gt;Set-WinDefaultInputMethodOverride "0409:00000409"

</dev:code><dev:remarks><maml:para>This command sets the default input method override to English (United States) – US.</maml:para></dev:remarks><command:commandLines><command:commandLine><command:commandText /></command:commandLine></command:commandLines></command:example></command:examples><maml:relatedLinks><maml:navigationLink><maml:linkText>Online Version:</maml:linkText><maml:uri>http://go.microsoft.com/fwlink/p/?linkid=287349</maml:uri></maml:navigationLink><maml:navigationLink><maml:linkText>Get-WinDefaultInputMethodOverride</maml:linkText><maml:uri /></maml:navigationLink></maml:relatedLinks></command:command>

<command:command xmlns:maml="http://schemas.microsoft.com/maml/2004/10" xmlns:command="http://schemas.microsoft.com/maml/dev/command/2004/10" xmlns:dev="http://schemas.microsoft.com/maml/dev/2004/10" xmlns:MSHelp="http://msdn.microsoft.com/mshelp"><command:details><command:name>Set-WinHomeLocation</command:name><maml:description><maml:para>Sets the home location setting for the current user account.</maml:para></maml:description><maml:copyright><maml:para /></maml:copyright><command:verb>Set</command:verb><command:noun>WinHomeLocation</command:noun><dev:version /></command:details><maml:description><maml:para>The Set-WinHomeLocation cmdlet sets the value of the user GeoID object. The Windows GeoID setting is a user setting that describes the home location (that is, the country or region) of the current user account. Applications that require the current user account’s home location, such as a driver for a television tuner application, can use this setting.</maml:para><maml:para>A table of GeoIDs is available at <maml:navigationLink><maml:linkText>Table of Geographical Locations</maml:linkText><maml:uri></maml:uri></maml:navigationLink>.</maml:para></maml:description><command:syntax><command:syntaxItem><maml:name>Set-WinHomeLocation</maml:name><command:parameter required="true" variableLength="false" globbing="false" pipelineInput="true (ByValue)" position="1" aliases=""><maml:name>GeoID</maml:name><maml:description><maml:para>A 32-bit signed number that uniquely identifies a geographical location. </maml:para></maml:description><command:parameterValue required="true" variableLength="false">Int32</command:parameterValue></command:parameter></command:syntaxItem></command:syntax><command:parameters><command:parameter required="true" variableLength="false" globbing="false" pipelineInput="true (ByValue)" position="1" aliases=""><maml:name>GeoID</maml:name><maml:description><maml:para>A 32-bit signed number that uniquely identifies a geographical location. </maml:para></maml:description><command:parameterValue required="true" variableLength="false">Int32</command:parameterValue><dev:type><maml:name>Int32</maml:name><maml:uri /></dev:type><dev:defaultValue></dev:defaultValue></command:parameter></command:parameters><command:inputTypes></command:inputTypes><command:returnValues></command:returnValues><command:terminatingErrors /><command:nonTerminatingErrors /><command:examples><command:example><maml:title>Example 1</maml:title><maml:introduction><maml:para></maml:para></maml:introduction><dev:code>PS C:\&gt;Set-WinHomeLocation 0xF4
</dev:code><dev:remarks><maml:para>This command sets the home location for the current user account to 0xF4 (hex) (United States).</maml:para></dev:remarks><command:commandLines><command:commandLine><command:commandText /></command:commandLine></command:commandLines></command:example></command:examples><maml:relatedLinks><maml:navigationLink><maml:linkText>Online Version:</maml:linkText><maml:uri>http://go.microsoft.com/fwlink/p/?linkid=287350</maml:uri></maml:navigationLink><maml:navigationLink><maml:linkText>RegionInfo.GeoId Property</maml:linkText><maml:uri></maml:uri></maml:navigationLink><maml:navigationLink><maml:linkText>Get-WinHomeLocation</maml:linkText><maml:uri /></maml:navigationLink></maml:relatedLinks></command:command>

<command:command xmlns:maml="http://schemas.microsoft.com/maml/2004/10" xmlns:command="http://schemas.microsoft.com/maml/dev/command/2004/10" xmlns:dev="http://schemas.microsoft.com/maml/dev/2004/10" xmlns:MSHelp="http://msdn.microsoft.com/mshelp"><command:details><command:name>Set-WinLanguageBarOption</command:name><maml:description><maml:para>Sets the language bar type and mode for the current user account.</maml:para></maml:description><maml:copyright><maml:para /></maml:copyright><command:verb>Set</command:verb><command:noun>WinLanguageBarOption</command:noun><dev:version /></command:details><maml:description><maml:para>The Set-WinLanguageBarOption cmdlet sets the language bar type and mode by using a LanguageBar object. The values for the type and mode settings can be either true or false. The default value for each setting is false.</maml:para></maml:description><command:syntax><command:syntaxItem><maml:name>Set-WinLanguageBarOption</maml:name><command:parameter required="false" variableLength="false" globbing="false" pipelineInput="false" position="named" aliases=""><maml:name>UseLegacyLanguageBar</maml:name><maml:description><maml:para>When used with this cmdlet, this parameter sets the language bar mode to the legacy setting. When this parameter is not used with the cmdlet, the language bar mode is set to the default setting.</maml:para></maml:description></command:parameter><command:parameter required="false" variableLength="false" globbing="false" pipelineInput="false" position="named" aliases=""><maml:name>UseLegacySwitchMode</maml:name><maml:description><maml:para>When used with this cmdlet, this parameter sets the language bar switch mode to the legacy or per-thread setting. When this parameter is not used with the cmdlet, the language bar switch mode is set to the default or per-user setting.</maml:para></maml:description></command:parameter></command:syntaxItem></command:syntax><command:parameters><command:parameter required="false" variableLength="false" globbing="false" pipelineInput="false" position="named" aliases=""><maml:name>UseLegacyLanguageBar</maml:name><maml:description><maml:para>When used with this cmdlet, this parameter sets the language bar mode to the legacy setting. When this parameter is not used with the cmdlet, the language bar mode is set to the default setting.</maml:para></maml:description><command:parameterValue required="false" variableLength="false">SwitchParameter</command:parameterValue><dev:type><maml:name>SwitchParameter</maml:name><maml:uri /></dev:type><dev:defaultValue></dev:defaultValue></command:parameter><command:parameter required="false" variableLength="false" globbing="false" pipelineInput="false" position="named" aliases=""><maml:name>UseLegacySwitchMode</maml:name><maml:description><maml:para>When used with this cmdlet, this parameter sets the language bar switch mode to the legacy or per-thread setting. When this parameter is not used with the cmdlet, the language bar switch mode is set to the default or per-user setting.</maml:para></maml:description><command:parameterValue required="false" variableLength="false">SwitchParameter</command:parameterValue><dev:type><maml:name>SwitchParameter</maml:name><maml:uri /></dev:type><dev:defaultValue></dev:defaultValue></command:parameter></command:parameters><command:inputTypes></command:inputTypes><command:returnValues></command:returnValues><command:terminatingErrors /><command:nonTerminatingErrors /><command:examples><command:example><maml:title>Example 1</maml:title><maml:introduction><maml:para></maml:para></maml:introduction><dev:code>PS C:\&gt;Set-WinLanguageBarOptions -UseLegacySwitchMode -UseLegacyLanguageBar
</dev:code><dev:remarks><maml:para>This command sets the language bar mode to the legacy setting and the language bar type to the per-thread setting.</maml:para></dev:remarks><command:commandLines><command:commandLine><command:commandText /></command:commandLine></command:commandLines></command:example><command:example><maml:title>Example 2</maml:title><maml:introduction><maml:para></maml:para></maml:introduction><dev:code>PS C:\&gt;Set-WinLanguageBarOptions
</dev:code><dev:remarks><maml:para>This command sets the language bar mode and the language bar type to the default setting.</maml:para></dev:remarks><command:commandLines><command:commandLine><command:commandText /></command:commandLine></command:commandLines></command:example></command:examples><maml:relatedLinks><maml:navigationLink><maml:linkText>Online Version:</maml:linkText><maml:uri>http://go.microsoft.com/fwlink/p/?linkid=287351</maml:uri></maml:navigationLink><maml:navigationLink><maml:linkText>Get-WinLanguageBarOption</maml:linkText><maml:uri /></maml:navigationLink></maml:relatedLinks></command:command>

<command:command xmlns:maml="http://schemas.microsoft.com/maml/2004/10" xmlns:command="http://schemas.microsoft.com/maml/dev/command/2004/10" xmlns:dev="http://schemas.microsoft.com/maml/dev/2004/10" xmlns:MSHelp="http://msdn.microsoft.com/mshelp"><command:details><command:name>Set-WinSystemLocale</command:name><maml:description><maml:para>Sets the system locale (the language for non-Unicode programs) for the current computer.</maml:para></maml:description><maml:copyright><maml:para /></maml:copyright><command:verb>Set</command:verb><command:noun>WinSystemLocale</command:noun><dev:version /></command:details><maml:description><maml:para>The System-locale setting determines which code pages (ANSI, DOS, and Macintosh) the system uses by default. If you change the System-locale setting, the necessary bitmap font files are installed to support legacy applications in the selected language. Note that because this is a system setting, this can only be changed by a user with Administrator permissions, and changes do not take effect until the computer is restarted.</maml:para></maml:description><command:syntax><command:syntaxItem><maml:name>Set-WinSystemLocale</maml:name><command:parameter required="true" variableLength="false" globbing="false" pipelineInput="true (ByValue)" position="1" aliases=""><maml:name>SystemLocale</maml:name><maml:description><maml:para></maml:para></maml:description><command:parameterValue required="true" variableLength="false">CultureInfo</command:parameterValue></command:parameter></command:syntaxItem></command:syntax><command:parameters><command:parameter required="true" variableLength="false" globbing="false" pipelineInput="true (ByValue)" position="1" aliases=""><maml:name>SystemLocale</maml:name><maml:description><maml:para></maml:para></maml:description><command:parameterValue required="true" variableLength="false">CultureInfo</command:parameterValue><dev:type><maml:name>CultureInfo</maml:name><maml:uri /></dev:type><dev:defaultValue></dev:defaultValue></command:parameter></command:parameters><command:inputTypes><command:inputType><dev:type><maml:name>CultureInfo</maml:name><maml:uri></maml:uri><maml:description><maml:para /></maml:description></dev:type><maml:description><maml:para>An object that contains a BCP-47 tag to specify the system locale for the current computer. For more information about the CultureInfo object, see <maml:navigationLink><maml:linkText>CultureInfo Class</maml:linkText><maml:uri></maml:uri></maml:navigationLink>.</maml:para></maml:description></command:inputType></command:inputTypes><command:returnValues></command:returnValues><command:terminatingErrors /><command:nonTerminatingErrors /><command:examples><command:example><maml:title>Example 1</maml:title><maml:introduction><maml:para></maml:para></maml:introduction><dev:code>PS C:\&gt;Set-WinSystemLocale ja-JP
</dev:code><dev:remarks><maml:para>This command sets the system locale to Japanese (Japan).</maml:para></dev:remarks><command:commandLines><command:commandLine><command:commandText /></command:commandLine></command:commandLines></command:example></command:examples><maml:relatedLinks><maml:navigationLink><maml:linkText>Online Version:</maml:linkText><maml:uri>http://go.microsoft.com/fwlink/p/?linkid=287352</maml:uri></maml:navigationLink><maml:navigationLink><maml:linkText>Configurable Language and Cultural Settings</maml:linkText><maml:uri></maml:uri></maml:navigationLink><maml:navigationLink><maml:linkText>Get-WinSystemLocale</maml:linkText><maml:uri /></maml:navigationLink></maml:relatedLinks></command:command>

<command:command xmlns:maml="http://schemas.microsoft.com/maml/2004/10" xmlns:command="http://schemas.microsoft.com/maml/dev/command/2004/10" xmlns:dev="http://schemas.microsoft.com/maml/dev/2004/10" xmlns:MSHelp="http://msdn.microsoft.com/mshelp"><command:details><command:name>Set-WinUILanguageOverride</command:name><maml:description><maml:para>Sets the Windows user interface (UI) language override setting for the current user account.</maml:para></maml:description><maml:copyright><maml:para /></maml:copyright><command:verb>Set</command:verb><command:noun>WinUILanguageOverride</command:noun><dev:version /></command:details><maml:description><maml:para>The Set-WINUILanguageOverride cmdlet sets a user-preferred display language to be used for the Windows UI. If no override setting is used, the display language is dynamically determined from the user's language list (see Get-WinUserLanguageList and Set-WinUserLanguageList).</maml:para></maml:description><command:syntax><command:syntaxItem><maml:name>Set-WinUILanguageOverride</maml:name><command:parameter required="false" variableLength="false" globbing="false" pipelineInput="true (ByValue)" position="1" aliases=""><maml:name>Language</maml:name><maml:description><maml:para></maml:para></maml:description><command:parameterValue required="true" variableLength="false">CultureInfo</command:parameterValue></command:parameter></command:syntaxItem></command:syntax><command:parameters><command:parameter required="false" variableLength="false" globbing="false" pipelineInput="true (ByValue)" position="1" aliases=""><maml:name>Language</maml:name><maml:description><maml:para></maml:para></maml:description><command:parameterValue required="true" variableLength="false">CultureInfo</command:parameterValue><dev:type><maml:name>CultureInfo</maml:name><maml:uri /></dev:type><dev:defaultValue></dev:defaultValue></command:parameter></command:parameters><command:inputTypes><command:inputType><dev:type><maml:name>CultureInfo</maml:name><maml:uri></maml:uri><maml:description><maml:para /></maml:description></dev:type><maml:description><maml:para>An object that contains the Windows UI language override for the current user account. For more information about the CultureInfo object, see <maml:navigationLink><maml:linkText>CultureInfo Class</maml:linkText><maml:uri></maml:uri></maml:navigationLink>.</maml:para></maml:description></command:inputType></command:inputTypes><command:returnValues></command:returnValues><command:terminatingErrors /><command:nonTerminatingErrors /><command:examples><command:example><maml:title>Example 1</maml:title><maml:introduction><maml:para></maml:para></maml:introduction><dev:code>PS C:\&gt;Set-WinUILanguageOverride de-DE
</dev:code><dev:remarks><maml:para>This command sets the Windows UI language override to German (Germany) for the current user account.</maml:para></dev:remarks><command:commandLines><command:commandLine><command:commandText /></command:commandLine></command:commandLines></command:example><command:example><maml:title>Example 2</maml:title><maml:introduction><maml:para></maml:para></maml:introduction><dev:code>PS C:\&gt;Set-WinUILanguageOverride
</dev:code><dev:remarks><maml:para>This command sets the Windows UI language override to null for the current user account.</maml:para></dev:remarks><command:commandLines><command:commandLine><command:commandText /></command:commandLine></command:commandLines></command:example></command:examples><maml:relatedLinks><maml:navigationLink><maml:linkText>Online Version:</maml:linkText><maml:uri>http://go.microsoft.com/fwlink/p/?linkid=287353</maml:uri></maml:navigationLink><maml:navigationLink><maml:linkText>Get-WinUILanguageOverride</maml:linkText><maml:uri /></maml:navigationLink></maml:relatedLinks></command:command>

<command:command xmlns:maml="http://schemas.microsoft.com/maml/2004/10" xmlns:command="http://schemas.microsoft.com/maml/dev/command/2004/10" xmlns:dev="http://schemas.microsoft.com/maml/dev/2004/10" xmlns:MSHelp="http://msdn.microsoft.com/mshelp"><command:details><command:name>Set-WinUserLanguageList</command:name><maml:description><maml:para>Sets the language list and associated properties for the current user account.</maml:para></maml:description><maml:copyright><maml:para /></maml:copyright><command:verb>Set</command:verb><command:noun>WinUserLanguageList</command:noun><dev:version /></command:details><maml:description><maml:para>The Set-WinUserLanguageList cmdlet sets the current user language settings. These settings include input method, spelling setting, text prediction setting, and handwriting input mode. For more information, see <maml:navigationLink><maml:linkText>CultureInfo Class</maml:linkText><maml:uri></maml:uri></maml:navigationLink> and <maml:navigationLink><maml:linkText>Configurable Language and Cultural Settings</maml:linkText><maml:uri></maml:uri></maml:navigationLink>.</maml:para></maml:description><command:syntax><command:syntaxItem><maml:name>Set-WinUserLanguageList</maml:name><command:parameter required="true" variableLength="false" globbing="false" pipelineInput="true (ByValue)" position="1" aliases=""><maml:name>LanguageList</maml:name><maml:description><maml:para></maml:para></maml:description><command:parameterValue required="true" variableLength="false">List&lt;WinUserLanguage&gt;</command:parameterValue></command:parameter><command:parameter required="false" variableLength="false" globbing="false" pipelineInput="false" position="named" aliases=""><maml:name>Force</maml:name><maml:description><maml:para></maml:para></maml:description></command:parameter><command:parameter required="false" variableLength="true" globbing="false" pipelineInput="false" position="named"><maml:name>Confirm</maml:name><maml:description><maml:para>Prompts you for confirmation before running the cmdlet.</maml:para></maml:description></command:parameter><command:parameter required="false" variableLength="true" globbing="false" pipelineInput="false" position="named"><maml:name>WhatIf</maml:name><maml:description><maml:para>Shows what would happen if the cmdlet runs. The cmdlet is not run.</maml:para></maml:description></command:parameter></command:syntaxItem></command:syntax><command:parameters><command:parameter required="false" variableLength="false" globbing="false" pipelineInput="false" position="named" aliases=""><maml:name>Force</maml:name><maml:description><maml:para></maml:para></maml:description><command:parameterValue required="false" variableLength="false">SwitchParameter</command:parameterValue><dev:type><maml:name>SwitchParameter</maml:name><maml:uri /></dev:type><dev:defaultValue></dev:defaultValue></command:parameter><command:parameter required="true" variableLength="false" globbing="false" pipelineInput="true (ByValue)" position="1" aliases=""><maml:name>LanguageList</maml:name><maml:description><maml:para></maml:para></maml:description><command:parameterValue required="true" variableLength="false">List&lt;WinUserLanguage&gt;</command:parameterValue><dev:type><maml:name>List&lt;WinUserLanguage&gt;</maml:name><maml:uri /></dev:type><dev:defaultValue></dev:defaultValue></command:parameter><command:parameter required="false" variableLength="true" globbing="false" pipelineInput="false" position="named"><maml:name>Confirm</maml:name><maml:description><maml:para>Prompts you for confirmation before running the cmdlet.</maml:para></maml:description><command:parameterValue required="false" variableLength="false">SwitchParameter</command:parameterValue><dev:type><maml:name>SwitchParameter</maml:name><maml:uri /></dev:type><dev:defaultValue>false</dev:defaultValue></command:parameter><command:parameter required="false" variableLength="true" globbing="false" pipelineInput="false" position="named"><maml:name>WhatIf</maml:name><maml:description><maml:para>Shows what would happen if the cmdlet runs. The cmdlet is not run.</maml:para></maml:description><command:parameterValue required="false" variableLength="false">SwitchParameter</command:parameterValue><dev:type><maml:name>SwitchParameter</maml:name><maml:uri /></dev:type><dev:defaultValue>false</dev:defaultValue></command:parameter></command:parameters><command:inputTypes><command:inputType><dev:type><maml:name>List&lt;WinUserLanguage&gt;</maml:name><maml:uri></maml:uri><maml:description><maml:para /></maml:description></dev:type><maml:description><maml:para>List&lt;WinUserLanguage&gt; is a list of WinUserLanguage objects that contain one or more languages and associated properties from the current user account’s language list.  The language object contains the following properties:</maml:para><maml:para>     --BCP-47 (READ). A standard language tag that is used to identify languages. For more information, see the <maml:navigationLink><maml:linkText>Internet Engineering Task Force (IETF) BCP 47 RFC</maml:linkText><maml:uri></maml:uri></maml:navigationLink>.</maml:para><maml:para>     --Autonym (LP database) (READ). The name of the language in the language itself.</maml:para><maml:para>     --English name (LP database) (READ). The name of the language in English.</maml:para><maml:para>     --Localized name (LP database) (READ). The name of the language in the current Windows display language.</maml:para><maml:para>     --Script (LP database) (READ). The writing system of the language.</maml:para><maml:para>     --Input methods (READ/WRITE). A list of input method Tablet Input Panel (TIP) strings that are enabled for this language. The enabled input methods are listed in the format Language ID: Keyboard layout ID.</maml:para><maml:para>     --Handwriting recognition input mode (READ/WRITE). This value is either 0 (freehand) or 1 (write each character separately).</maml:para></maml:description></command:inputType></command:inputTypes><command:returnValues></command:returnValues><command:terminatingErrors /><command:nonTerminatingErrors /><command:examples><command:example><maml:title>Example 1</maml:title><maml:introduction><maml:para></maml:para></maml:introduction><dev:code>PS C:\&gt; $OldList = Get-WinUserLanguageList
PS C:\&gt; $OldList.Add("fr-FR")
PS C:\&gt; Set-WinUserLanguageList $OldList
</dev:code><dev:remarks><maml:para>This command adds the language French (France) to the user's language list.</maml:para></dev:remarks><command:commandLines><command:commandLine><command:commandText /></command:commandLine></command:commandLines></command:example><command:example><maml:title>Example 2</maml:title><maml:introduction><maml:para></maml:para></maml:introduction><dev:code>PS C:\&gt;$1 = New-WinUserLanguageList en-US
PS C:\&gt;$1[0].Handwriting = 1
PS C:\&gt; Set-WinUserLanguageList $1
</dev:code><dev:remarks><maml:para>This command changes the handwriting setting for the language English (United States) in the user’s language list to ON (write each character separately).</maml:para></dev:remarks><command:commandLines><command:commandLine><command:commandText /></command:commandLine></command:commandLines></command:example></command:examples><maml:relatedLinks><maml:navigationLink><maml:linkText>Online Version:</maml:linkText><maml:uri>http://go.microsoft.com/fwlink/p/?linkid=287354</maml:uri></maml:navigationLink><maml:navigationLink><maml:linkText>Get-WinUserLanguageList</maml:linkText><maml:uri /></maml:navigationLink><maml:navigationLink><maml:linkText>New-WinUserLanguageList</maml:linkText><maml:uri /></maml:navigationLink></maml:relatedLinks></command:command>

</helpItems>

